jugador,equipo,equipo_durante_el_periodo_seleccionado,posicion_especifica,edad,valor_de_mercado,vencimiento_contrato,partidos_jugados,minutos,goles,xg,asistencias,xa,duelos/90,"duelos_ganados,_%",pais_de_nacimiento,pasaporte,pie,altura,peso,en_prestamo,acciones_defensivas_realizadas/90,duelos_defensivos/90,"duelos_defensivos_ganados,_%",duelos_aereos_en_los_90,"duelos_aereos_ganados,_%",entradas/90,posesion_conquistada_despues_de_una_entrada,tiros_interceptados/90,interceptaciones/90,posesion_conquistada_despues_de_una_interceptacion,faltas/90,tarjetas_amarillas,tarjetas_amarillas/90,tarjetas_rojas,tarjetas_rojas/90,acciones_de_ataque_exitosas/90,goles/90,goles_(excepto_los_penaltis),"goles,_excepto_los_penaltis/90",xg/90,goles_de_cabeza,goles_de_cabeza/90,remates,remates/90,"tiros_a_la_porteria,_%","goles_hechos,_%",centros/90,"precision_centros,_%",centros_desde_la_banda_izquierda/90,"precision_centros_desde_la_banda_izquierda,_%",centros_desde_la_banda_derecha/90,"precision_centros_desde_la_banda_derecha,_%",centros_al_area_pequena/90,regates/90,"regates_realizados,_%",duelos_atacantes/90,"duelos_atacantes_ganados,_%",toques_en_el_area_de_penalti/90,carreras_en_progresion/90,aceleraciones/90,pases_recibidos_/90,pases_largos_recibidos/90,faltas_recibidas/90,pases/90,"precision_pases,_%",pases_hacia_adelante/90,"precision_pases_hacia_adelante,_%",pases_hacia_atras/90,"precision_pases_hacia_atras,_%",pases_laterales/90,"precision_pases_laterales,_%",pases_cortos_/_medios_/90,"precision_pases_cortos_/_medios,_%",pases_largos/90,"precision_pases_largos,_%","longitud_media_pases,_m","longitud_media_pases_largos,_m",xa/90,asistencias/90.1,second_assists/90,third_assists/90,desmarques/90,"precision_desmarques,_%",jugadas_claves/90,pases_en_el_ultimo_tercio/90,"precision_pases_en_el_ultimo_tercio,_%",pases_al_area_de_penalti/90,"pases_hacia_el_area_pequena,_%",pases_en_profundidad/90,"precision_pases_en_profundidad,_%",ataque_en_profundidad/90,centros_desde_el_ultimo_tercio/90,pases_progresivos/90,"precision_pases_progresivos,_%",goles_recibidos,goles_recibidos/90,remates_en_contra,remates_en_contra/90,porterias_imbatidas_en_los_90,"paradas,_%",xg_en_contra,xg_en_contra/90,goles_evitados,goles_evitados/90,pases_hacia_atras_recibidos_del_arquero/90,salidas/90,tiros_libres/90,tiros_libres_directos/90,"tiros_libres_directos,_%",corneres/90,penaltis_a_favor,"penaltis_realizados,_%",Understat,Country,Code,logo_team,categoria
D. Hernández Pereira,América de Cali,América de Cali,CF,16.0,0,,1,4,0,0.0,0,0.0,,,Colombia,Colombia,,0,0,no,,,,,,,0.0,,,0.0,,0,,0,,,,0,,,0,,0,,,0.0,,,,,,,,,,,,,,,,,,,,,,,,,,,,,,12.89,0.0,,,,,,,,,,,,,,,,,,0,,0,,0,0.0,0.0,,,,,,,,,,0,0.0,América de Cali,Colombia,AME,COL_AME,Forwards
J. Valoyes,Alianza,Alianza,AMF,16.0,0,,1,4,1,0.38,0,0.0,,,Colombia,Colombia,unknown,0,0,no,,,,,,,0.0,,,0.0,,0,,0,,,,1,,,0,,2,,,50.0,,,,,,,,,,,,,,,,,,,,,,,,,,,,,,0.0,0.0,,,,,,,,,,,,,,,,,,0,,0,,0,0.0,0.0,,,,,,,,,,0,0.0,Alianza,Colombia,ALV,COL_ALV,Attacking Midfield
J. Arenas,Santa Fe,Santa Fe,RCMF,19.0,0,,1,4,0,0.0,0,0.0,,,Colombia,Colombia,unknown,0,0,no,,,,,,,0.0,,,0.0,,0,,0,,,,0,,,0,,0,,,0.0,,,,,,,,,,,,,,,,,,,,,,,,,,,,,,20.27,0.0,,,,,,,,,,,,,,,,,,0,,0,,0,0.0,0.0,,,,,,,,,,0,0.0,Santa Fe,Colombia,STF,COL_STF,Midfield
G. Arrieta,Unión Magdalena,Unión Magdalena,CF,19.0,0,,1,5,0,0.0,0,0.0,,,Colombia,Colombia,,0,0,no,,,,,,,0.0,,,0.0,,0,,0,,,,0,,,0,,0,,,0.0,,,,,,,,,,,,,,,,,,,,,,,,,,,,,,12.14,0.0,,,,,,,,,,,,,,,,,,0,,0,,0,0.0,0.0,,,,,,,,,,0,0.0,Unión Magdalena,Colombia,UMG,COL_UMG,Forwards
J. Valencia,Alianza,Alianza,CF,22.0,0,,1,9,0,0.0,0,0.0,,,Colombia,Colombia,unknown,185,0,no,,,,,,,0.0,,,0.0,,0,,0,,,,0,,,0,,0,,,0.0,,,,,,,,,,,,,,,,,,,,,,,,,,,,,,19.31,0.0,,,,,,,,,,,,,,,,,,0,,0,,0,0.0,0.0,,,,,,,,,,0,0.0,Alianza,Colombia,ALV,COL_ALV,Forwards
B. Correa,Patriotas Boyacá,Patriotas Boyacá,RCMF,32.0,200000,,2,10,0,0.0,0,0.0,,,Colombia,Colombia,izquierdo,170,65,no,,,,,,,0.0,,,30.0,,0,,0,,,,0,,,0,,0,,,0.0,,,,,,,,,,,,,,,,,,,,,,,,,,,,,,0.0,0.0,,,,,,,,,,,,,,,,,,0,,0,,0,0.0,0.0,,,,,,,,,,0,0.0,Patriotas Boyacá,Colombia,PAT,COL_PAT,Midfield
Á. Mora,Santa Fe,Santa Fe,CF,17.0,0,,1,12,0,0.0,0,0.0,,,Colombia,Colombia,,0,0,no,,,,,,,0.0,,,0.0,,0,,0,,,,0,,,0,,0,,,0.0,,,,,,,,,,,,,,,,,,,,,,,,,,,,,,14.54,0.0,,,,,,,,,,,,,,,,,,0,,0,,0,0.0,0.0,,,,,,,,,,0,0.0,Santa Fe,Colombia,STF,COL_STF,Forwards
N. Valencia,Boyacá Chicó,Boyacá Chicó,LDMF,24.0,0,,1,12,0,0.0,0,0.0,,,Colombia,Colombia,derecho,180,0,no,,,,,,,0.0,,,0.0,,0,,0,,,,0,,,0,,0,,,0.0,,,,,,,,,,,,,,,,,,,,,,,,,,,,,,15.38,0.0,,,,,,,,,,,,,,,,,,0,,0,,0,0.0,0.0,,,,,,,,,,0,0.0,Boyacá Chicó,Colombia,BYC,COL_BYC,Defensive Midfield
J. Sanchez,América de Cali,América de Cali,RAMF,21.0,0,,1,13,0,0.0,0,0.0,,,Colombia,Colombia,unknown,0,0,no,,,,,,,30.0,,,0.0,,1,,0,,,,0,,,0,,0,,,0.0,,,,,,,,,,,,,,,,,,,,,,,,,,,,,,21.83,0.0,,,,,,,,,,,,,,,,,,0,,0,,0,0.0,0.0,,,,,,,,,,0,0.0,América de Cali,Colombia,AME,COL_AME,Attacking Midfield
S. Quiñones Betancourt,América de Cali,América de Cali,RWB,,0,,1,13,0,0.0,0,0.0,,,,,,0,0,no,,,,,,,0.0,,,30.0,,0,,0,,,,0,,,0,,0,,,0.0,,,,,,,,,,,,,,,,,,,,,,,,,,,,,,17.71,0.0,,,,,,,,,,,,,,,,,,0,,0,,0,0.0,0.0,,,,,,,,,,0,0.0,América de Cali,Colombia,AME,COL_AME,Defenders
J. Zea Lucumí,Santa Fe,Santa Fe,LWF,19.0,0,,1,14,0,0.0,0,0.0,,,Colombia,Colombia,,0,0,no,,,,,,,0.0,,,0.0,,0,,0,,,,0,,,0,,0,,,0.0,,,,,,,,,,,,,,,,,,,,,,,,,,,,,,0.0,0.0,,,,,,,,,,,,,,,,,,0,,0,,0,0.0,0.0,,,,,,,,,,0,0.0,Santa Fe,Colombia,STF,COL_STF,Wingers
O. Surmay Vasquez,Unión Magdalena,Unión Magdalena,RCMF,,0,,1,16,0,0.02,0,0.0,,,,,,0,0,no,,,,,,,0.0,,,0.0,,0,,0,,,,0,,,0,,1,,,0.0,,,,,,,,,,,,,,,,,,,,,,,,,,,,,,0.0,0.0,,,,,,,,,,,,,,,,,,0,,0,,0,0.0,0.0,,,,,,,,,,0,0.0,Unión Magdalena,Colombia,UMG,COL_UMG,Midfield
L. Monzón,Junior,Junior,AMF,23.0,800000,2025-12-31,1,16,0,0.0,0,0.0,,,Brazil,"Brazil, Uruguay",izquierdo,185,78,si,,,,,,,0.0,,,7.5,,0,,0,,,,0,,,0,,0,,,0.0,,,,,,,,,,,,,,,,,,,,,,,,,,,,,,8.49,0.0,,,,,,,,,,,,,,,,,,0,,0,,0,0.0,0.0,,,,,,,,,,0,0.0,Junior,Colombia,JNR,COL_JNR,Attacking Midfield
J. Muñoz,Once Caldas,Once Caldas,GK,20.0,0,,1,16,0,0.0,0,0.0,,,Colombia,Colombia,unknown,0,0,no,,,,,,,0.0,,,0.0,,0,,0,,,,0,,,0,,0,,,0.0,,,,,,,,,,,,,,,,,,,,,,,,,,,,,,51.77,51.77,,,,,,,,,,,,,,,,,,2,,3,,0,33.33,1.48,,-0.52,,,,,,,,0,0.0,Once Caldas,Colombia,ONC,COL_ONC,Goalkeepers
C. Charris,Patriotas Boyacá,Patriotas Boyacá,RAMF,24.0,200000,,2,16,0,0.0,0,0.0,,,Colombia,Colombia,derecho,0,0,no,,,,,,,0.0,,,7.5,,0,,0,,,,0,,,0,,0,,,0.0,,,,,,,,,,,,,,,,,,,,,,,,,,,,,,18.43,13.15,,,,,,,,,,,,,,,,,,0,,0,,0,0.0,0.0,,,,,,,,,,0,0.0,Patriotas Boyacá,Colombia,PAT,COL_PAT,Attacking Midfield
Y. Moreno,Tolima,Tolima,RAMF,,0,,1,17,0,0.1,0,0.0,,,,,,0,0,no,,,,,,,0.0,,,0.0,,0,,0,,,,0,,,0,,1,,,0.0,,,,,,,,,,,,,,,,,,,,,,,,,,,,,,9.75,0.0,,,,,,,,,,,,,,,,,,0,,0,,0,0.0,0.0,,,,,,,,,,0,0.0,Tolima,Colombia,TOL,COL_TOL,Attacking Midfield
Y. Parra,Tolima,Tolima,RW,,0,,1,17,0,0.0,0,0.0,,,,,,0,0,no,,,,,,,0.0,,,0.0,,0,,0,,,,0,,,0,,0,,,0.0,,,,,,,,,,,,,,,,,,,,,,,,,,,,,,36.42,0.0,,,,,,,,,,,,,,,,,,0,,0,,0,0.0,0.0,,,,,,,,,,0,0.0,Tolima,Colombia,TOL,COL_TOL,Wingers
D. Estupinan,Medellín,Medellín,LWB,19.0,0,,1,17,0,0.0,0,0.0,,,Colombia,Colombia,,0,0,no,,,,,,,0.0,,,0.0,,0,,0,,,,0,,,0,,0,,,0.0,,,,,,,,,,,,,,,,,,,,,,,,,,,,,,18.09,0.0,,,,,,,,,,,,,,,,,,0,,0,,0,0.0,0.0,,,,,,,,,,0,0.0,Medellín,Colombia,MDL,COL_MDL,Defenders
C. Alfonso Cabarcas Torreglosa,Boyacá Chicó,Boyacá Chicó,AMF,19.0,0,,1,19,0,0.06,0,0.0,,,Colombia,Colombia,,0,0,no,,,,,,,0.0,,,0.0,,0,,0,,,,0,,,0,,1,,,0.0,,,,,,,,,,,,,,,,,,,,,,,,,,,,,,20.71,32.11,,,,,,,,,,,,,,,,,,0,,0,,0,0.0,0.0,,,,,,,,,,0,0.0,Boyacá Chicó,Colombia,BYC,COL_BYC,Attacking Midfield
C. Zambrano,Boyacá Chicó,Boyacá Chicó,RCMF,19.0,0,,1,21,0,0.0,0,0.0,,,Colombia,Colombia,,0,0,no,,,,,,,0.0,,,0.0,,0,,0,,,,0,,,0,,0,,,0.0,,,,,,,,,,,,,,,,,,,,,,,,,,,,,,0.0,0.0,,,,,,,,,,,,,,,,,,0,,0,,0,0.0,0.0,,,,,,,,,,0,0.0,Boyacá Chicó,Colombia,BYC,COL_BYC,Midfield
S. Buelvas,Deportivo Pasto,Deportivo Pasto,RWB,,0,,1,21,0,0.0,0,0.0,,,,,,0,0,no,,,,,,,0.0,,,5.0,,0,,0,,,,0,,,0,,0,,,0.0,,,,,,,,,,,,,,,,,,,,,,,,,,,,,,19.86,0.0,,,,,,,,,,,,,,,,,,0,,0,,0,0.0,0.0,,,,,,,,,,0,0.0,Deportivo Pasto,Colombia,PAS,COL_PAS,Defenders
F. Charales,Águilas Doradas,Águilas Doradas,LWF,21.0,0,,2,24,0,0.12,0,0.0,,,Colombia,Colombia,derecho,175,69,no,,,,,,,0.0,,,0.0,,0,,0,,,,0,,,0,,1,,,0.0,,,,,,,,,,,,,,,,,,,,,,,,,,,,,,17.09,0.0,,,,,,,,,,,,,,,,,,0,,0,,0,0.0,0.0,,,,,,,,,,0,0.0,Águilas Doradas,Colombia,AGD,COL_AGD,Wingers
J. D. Campos,Santa Fe,Santa Fe,LCMF,,0,,1,26,0,0.0,0,0.0,,,Colombia,Colombia,,0,0,no,,,,,,,0.0,,,0.0,,0,,0,,,,0,,,0,,0,,,0.0,,,,,,,,,,,,,,,,,,,,,,,,,,,,,,13.89,0.0,,,,,,,,,,,,,,,,,,0,,0,,0,0.0,0.0,,,,,,,,,,0,0.0,Santa Fe,Colombia,STF,COL_STF,Midfield
S. Acuña,Junior,Junior,CF,26.0,250000,,2,26,0,0.0,0,0.0,,,Colombia,Colombia,derecho,180,0,no,,,,,,,0.0,,,0.0,,0,,0,,,,0,,,0,,0,,,0.0,,,,,,,,,,,,,,,,,,,,,,,,,,,,,,10.97,0.0,,,,,,,,,,,,,,,,,,0,,0,,0,0.0,0.0,,,,,,,,,,0,0.0,Junior,Colombia,JNR,COL_JNR,Forwards
J. Santamaria Gaona,La Equidad,La Equidad,RCMF,20.0,0,,1,27,0,0.04,0,0.0,,,Colombia,Colombia,,0,0,no,,,,,,,0.0,,,0.0,,0,,0,,,,0,,,0,,2,,,0.0,,,,,,,,,,,,,,,,,,,,,,,,,,,,,,10.72,19.95,,,,,,,,,,,,,,,,,,0,,0,,0,0.0,0.0,,,,,,,,,,0,0.0,La Equidad,Colombia,EQU,COL_EQU,Midfield
J. Ramírez,Deportivo Pereira,Deportivo Pereira,LWF,19.0,0,,1,28,0,0.03,0,0.0,,,Colombia,Colombia,,0,0,no,,,,,,,0.0,,,6.0,,0,,0,,,,0,,,0,,1,,,0.0,,,,,,,,,,,,,,,,,,,,,,,,,,,,,,13.7,0.0,,,,,,,,,,,,,,,,,,0,,0,,0,0.0,0.0,,,,,,,,,,0,0.0,Deportivo Pereira,Colombia,PER,COL_PER,Wingers
L. Villa,Alianza,Alianza,CF,,0,,1,28,0,0.0,0,0.0,,,,,,0,0,no,,,,,,,5.0,,,0.0,,1,,0,,,,0,,,0,,0,,,0.0,,,,,,,,,,,,,,,,,,,,,,,,,,,,,,34.96,25.53,,,,,,,,,,,,,,,,,,0,,0,,0,0.0,0.0,,,,,,,,,,0,0.0,Alianza,Colombia,ALV,COL_ALV,Forwards
D. Sinisterra,Deportivo Pereira,Deportivo Pereira,RW,21.0,0,,2,29,0,0.0,0,0.0,,,Colombia,Colombia,izquierdo,177,75,no,,,,,,,0.0,,,5.0,,1,,0,,,,0,,,0,,0,,,0.0,,,,,,,,,,,,,,,,,,,,,,,,,,,,,,11.31,0.0,,,,,,,,,,,,,,,,,,0,,0,,0,0.0,0.0,,,,,,,,,,0,0.0,Deportivo Pereira,Colombia,PER,COL_PER,Wingers
K. Villada,Once Caldas,Once Caldas,RCMF,17.0,0,,2,29,0,0.02,0,0.0,,,Colombia,Colombia,,0,0,no,,,,,,,6.0,,,0.0,,0,,1,,,,0,,,0,,1,,,0.0,,,,,,,,,,,,,,,,,,,,,,,,,,,,,,17.95,0.0,,,,,,,,,,,,,,,,,,0,,0,,0,0.0,0.0,,,,,,,,,,0,0.0,Once Caldas,Colombia,ONC,COL_ONC,Midfield
K. Reyes,Tolima,Tolima,LB,,0,,1,31,0,0.0,0,0.0,,,,,,0,0,no,,,,,,,0.0,,,3.75,,0,,0,,,,0,,,0,,0,,,0.0,,,,,,,,,,,,,,,,,,,,,,,,,,,,,,19.93,36.85,,,,,,,,,,,,,,,,,,0,,0,,0,0.0,0.0,,,,,,,,,,0,0.0,Tolima,Colombia,TOL,COL_TOL,Defenders
H. Goyes Cortés,Deportivo Pasto,Deportivo Pasto,LWB,19.0,0,,1,31,0,0.0,0,0.0,,,Colombia,Colombia,,0,0,no,,,,,,,0.0,,,0.0,,0,,0,,,,0,,,0,,0,,,0.0,,,,,,,,,,,,,,,,,,,,,,,,,,,,,,12.36,0.0,,,,,,,,,,,,,,,,,,0,,0,,0,0.0,0.0,,,,,,,,,,0,0.0,Deportivo Pasto,Colombia,PAS,COL_PAS,Defenders
Juan Potes,Envigado,Envigado,LCMF,17.0,0,,2,32,0,0.0,0,0.0,,,Colombia,Colombia,,0,0,no,,,,,,,10.0,,,5.0,,1,,0,,,,0,,,0,,0,,,0.0,,,,,,,,,,,,,,,,,,,,,,,,,,,,,,10.6,0.0,,,,,,,,,,,,,,,,,,0,,0,,0,0.0,0.0,,,,,,,,,,0,0.0,Envigado,Colombia,ENV,COL_ENV,Midfield
M. Agámez,Junior,Junior,RDMF,16.0,0,,2,35,0,0.0,0,0.0,,,Colombia,Colombia,unknown,0,0,no,,,,,,,5.0,,,10.0,,2,,0,,,,0,,,0,,0,,,0.0,,,,,,,,,,,,,,,,,,,,,,,,,,,,,,15.1,7.8,,,,,,,,,,,,,,,,,,0,,0,,0,0.0,0.0,,,,,,,,,,0,0.0,Junior,Colombia,JNR,COL_JNR,Defensive Midfield
D. Pena Zabaleta,La Equidad,La Equidad,LW,21.0,0,,3,35,0,0.06,0,0.0,,,Colombia,Colombia,,0,0,no,,,,,,,0.0,,,10.0,,0,,0,,,,0,,,0,,1,,,0.0,,,,,,,,,,,,,,,,,,,,,,,,,,,,,,18.89,29.01,,,,,,,,,,,,,,,,,,0,,0,,0,0.0,0.0,,,,,,,,,,0,0.0,La Equidad,Colombia,EQU,COL_EQU,Wingers
S. Cubides,Once Caldas,Once Caldas,LAMF,25.0,50000,2025-12-31,2,36,0,0.07,0,0.0,,,Colombia,Colombia,derecho,194,83,no,,,,,,,0.0,,,0.0,,0,,0,,,,0,,,0,,3,,,0.0,,,,,,,,,,,,,,,,,,,,,,,,,,,,,,14.96,0.0,,,,,,,,,,,,,,,,,,0,,0,,0,0.0,0.0,,,,,,,,,,0,0.0,Once Caldas,Colombia,ONC,COL_ONC,Attacking Midfield
J. Marcelin,Boyacá Chicó,Boyacá Chicó,LW,24.0,300000,,1,40,0,0.0,0,0.0,,,Colombia,Colombia,izquierdo,164,70,no,,,,,,,0.0,,,3.33,,0,,0,,,,0,,,0,,0,,,0.0,,,,,,,,,,,,,,,,,,,,,,,,,,,,,,18.45,22.27,,,,,,,,,,,,,,,,,,0,,0,,0,0.0,0.0,,,,,,,,,,0,0.0,Boyacá Chicó,Colombia,BYC,COL_BYC,Wingers
N. Aragón,Deportivo Pereira,Deportivo Pereira,GK,26.0,0,,1,47,0,0.0,0,0.0,,,Colombia,Colombia,unknown,0,0,no,,,,,,,0.0,,,2.31,,0,,0,,,,0,,,0,,0,,,0.0,,,,,,,,,,,,,,,,,,,,,,,,,,,,,,44.18,55.15,,,,,,,,,,,,,,,,,,0,,2,,0,100.0,0.57,,0.57,,,,,,,,0,0.0,Deportivo Pereira,Colombia,PER,COL_PER,Goalkeepers
D. Cortés Goyes,Millonarios,Millonarios,CB,17.0,0,,1,47,0,0.19,0,0.0,,,Colombia,Colombia,,0,0,no,,,,,,,2.31,,,2.31,,0,,0,,,,0,,,0,,1,,,0.0,,,,,,,,,,,,,,,,,,,,,,,,,,,,,,20.33,43.22,,,,,,,,,,,,,,,,,,0,,0,,0,0.0,0.0,,,,,,,,,,0,0.0,Millonarios,Colombia,MIL,COL_MIL,Defenders
Neto Volpi,Tolima,Tolima,GK,33.0,600000,,1,47,0,0.0,0,0.0,,,Brazil,Brazil,derecho,189,93,no,,,,,,,0.0,,,0.0,,0,,0,,,,0,,,0,,0,,,0.0,,,,,,,,,,,,,,,,,,,,,,,,,,,,,,33.51,48.25,,,,,,,,,,,,,,,,,,0,,1,,0,100.0,0.0,,0.0,,,,,,,,0,0.0,Tolima,Colombia,TOL,COL_TOL,Goalkeepers
M. Gómez,Patriotas Boyacá,Patriotas Boyacá,AMF,30.0,0,,4,48,0,0.32,0,0.03,,,Colombia,Colombia,izquierdo,186,72,no,,,,,,,0.0,,,0.0,,0,,0,,,,0,,,0,,1,,,0.0,,,,,,,,,,,,,,,,,,,,,,,,,,,,,,13.82,0.0,,,,,,,,,,,,,,,,,,0,,0,,0,0.0,0.0,,,,,,,,,,0,0.0,Patriotas Boyacá,Colombia,PAT,COL_PAT,Attacking Midfield
C. Bogotá,Llaneros,Llaneros,LAMF,23.0,0,,1,48,0,0.01,0,0.0,,,Colombia,Colombia,unknown,0,0,no,,,,,,,0.0,,,0.0,,0,,0,,,,0,,,0,,1,,,0.0,,,,,,,,,,,,,,,,,,,,,,,,,,,,,,16.83,36.36,,,,,,,,,,,,,,,,,,0,,0,,0,0.0,0.0,,,,,,,,,,0,0.0,Llaneros,Colombia,LNR,COL_LNR,Attacking Midfield
K. Cuellar,Deportivo Cali,Deportivo Cali,RW,21.0,0,,2,48,0,0.21,0,0.02,,,Colombia,Colombia,,184,67,no,,,,,,,0.0,,,22.5,,0,,0,,,,0,,,0,,1,,,0.0,,,,,,,,,,,,,,,,,,,,,,,,,,,,,,16.94,0.0,,,,,,,,,,,,,,,,,,0,,0,,0,0.0,0.0,,,,,,,,,,0,0.0,Deportivo Cali,Colombia,CAL,COL_CAL,Wingers
J. Díaz,Deportivo Pereira,Deportivo Pereira,RWF,25.0,0,,3,49,0,0.0,0,0.0,,,Colombia,Colombia,derecho,172,65,no,,,,,,,4.62,,,4.62,,1,,0,,,,0,,,0,,0,,,0.0,,,,,,,,,,,,,,,,,,,,,,,,,,,,,,15.13,0.0,,,,,,,,,,,,,,,,,,0,,0,,0,0.0,0.0,,,,,,,,,,0,0.0,Deportivo Pereira,Colombia,PER,COL_PER,Wingers
J. Montoya,Deportivo Cali,Deportivo Cali,RW,19.0,0,,2,49,0,0.0,0,0.21,,,Colombia,Colombia,derecho,163,65,no,,,,,,,0.0,,,12.0,,1,,0,,,,0,,,0,,0,,,0.0,,,,,,,,,,,,,,,,,,,,,,,,,,,,,,24.8,19.56,,,,,,,,,,,,,,,,,,0,,0,,0,0.0,0.0,,,,,,,,,,0,0.0,Deportivo Cali,Colombia,CAL,COL_CAL,Wingers
R. Julio,La Equidad,La Equidad,RB,20.0,0,,3,50,0,0.06,0,0.0,,,Colombia,Colombia,unknown,0,0,no,,,,,,,6.0,,,15.0,,0,,0,,,,0,,,0,,2,,,0.0,,,,,,,,,,,,,,,,,,,,,,,,,,,,,,9.83,0.0,,,,,,,,,,,,,,,,,,0,,0,,0,0.0,0.0,,,,,,,,,,0,0.0,La Equidad,Colombia,EQU,COL_EQU,Defenders
J. Hernández,La Equidad,La Equidad,LB,,0,,1,51,0,0.0,0,0.0,,,Colombia,Colombia,,0,0,no,,,,,,,2.31,,,2.31,,0,,0,,,,0,,,0,,0,,,0.0,,,,,,,,,,,,,,,,,,,,,,,,,,,,,,16.13,38.95,,,,,,,,,,,,,,,,,,0,,0,,0,0.0,0.0,,,,,,,,,,0,0.0,La Equidad,Colombia,EQU,COL_EQU,Defenders
C. Villegas Gonzalez,Alianza,Alianza,RCMF,,0,,2,51,0,0.08,0,0.01,,,,,,0,0,no,,,,,,,0.0,,,0.0,,0,,0,,,,0,,,0,,1,,,0.0,,,,,,,,,,,,,,,,,,,,,,,,,,,,,,18.0,0.0,,,,,,,,,,,,,,,,,,0,,0,,0,0.0,0.0,,,,,,,,,,0,0.0,Alianza,Colombia,ALV,COL_ALV,Midfield
L. Berdugo,Junior,Junior,AMF,23.0,450000,,2,55,0,0.0,0,0.0,,,Colombia,Colombia,izquierdo,176,69,no,,,,,,,0.0,,,3.33,,0,,0,,,,0,,,0,,0,,,0.0,,,,,,,,,,,,,,,,,,,,,,,,,,,,,,21.18,32.03,,,,,,,,,,,,,,,,,,0,,0,,0,0.0,0.0,,,,,,,,,,0,0.0,Junior,Colombia,JNR,COL_JNR,Attacking Midfield
M. Caicedo,América de Cali,América de Cali,LCB,21.0,0,,1,55,0,0.0,0,0.0,,,Colombia,Colombia,,0,0,no,,,,,,,0.0,,,8.57,,0,,0,,,,0,,,0,,0,,,0.0,,,,,,,,,,,,,,,,,,,,,,,,,,,,,,23.37,58.08,,,,,,,,,,,,,,,,,,0,,0,,0,0.0,0.0,,,,,,,,,,0,0.0,América de Cali,Colombia,AME,COL_AME,Defenders
W. Asprilla,Santa Fe,Santa Fe,GK,26.0,200000,,1,55,0,0.0,0,0.0,,,Colombia,Colombia,derecho,185,79,no,,,,,,,0.0,,,0.0,,0,,1,,,,0,,,0,,0,,,0.0,,,,,,,,,,,,,,,,,,,,,,,,,,,,,,25.25,31.12,,,,,,,,,,,,,,,,,,0,,2,,0,100.0,0.36,,0.36,,,,,,,,0,0.0,Santa Fe,Colombia,STF,COL_STF,Goalkeepers
E. Garcia,Boyacá Chicó,Boyacá Chicó,RB,,0,,3,57,0,0.0,0,0.01,,,United States,United States,,187,80,no,,,,,,,0.0,,,7.5,,0,,0,,,,0,,,0,,0,,,0.0,,,,,,,,,,,,,,,,,,,,,,,,,,,,,,18.49,35.08,,,,,,,,,,,,,,,,,,0,,0,,0,0.0,0.0,,,,,,,,,,0,0.0,Boyacá Chicó,Colombia,BYC,COL_BYC,Defenders
J. Campaña,Deportivo Pasto,Deportivo Pasto,RCMF,22.0,350000,,4,58,0,0.16,0,0.04,,,Colombia,Colombia,derecho,170,66,no,,,,,,,2.73,,,2.73,,0,,0,,,,0,,,0,,2,,,0.0,,,,,,,,,,,,,,,,,,,,,,,,,,,,,,13.26,0.0,,,,,,,,,,,,,,,,,,0,,0,,0,0.0,0.0,,,,,,,,,,0,0.0,Deportivo Pasto,Colombia,PAS,COL_PAS,Midfield
J. Solís,Fortaleza,Fortaleza,AMF,26.0,0,2025-12-31,2,58,0,0.0,0,0.0,,,Colombia,Colombia,derecho,171,67,no,,,,,,,0.0,,,5.45,,0,,0,,,,0,,,0,,0,,,0.0,,,,,,,,,,,,,,,,,,,,,,,,,,,,,,17.16,11.59,,,,,,,,,,,,,,,,,,0,,0,,0,0.0,0.0,,,,,,,,,,0,0.0,Fortaleza,Colombia,FOZ,COL_FOZ,Attacking Midfield
J. Peñaloza,Unión Magdalena,Unión Magdalena,RCB,17.0,0,,3,65,0,0.0,0,0.0,,,Colombia,Colombia,,0,0,no,,,,,,,0.0,,,11.43,,1,,0,,,,0,,,0,,0,,,0.0,,,,,,,,,,,,,,,,,,,,,,,,,,,,,,29.29,32.3,,,,,,,,,,,,,,,,,,0,,0,,0,0.0,0.0,,,,,,,,,,0,0.0,Unión Magdalena,Colombia,UMG,COL_UMG,Defenders
C. Guzmán Caicedo,Tolima,Tolima,RB,19.0,0,,1,68,0,0.05,0,0.0,,,Colombia,Colombia,,165,0,no,,,,,,,0.0,,,1.2,,1,,0,,,,0,,,0,,1,,,0.0,,,,,,,,,,,,,,,,,,,,,,,,,,,,,,17.66,0.0,,,,,,,,,,,,,,,,,,0,,0,,0,0.0,0.0,,,,,,,,,,0,0.0,Tolima,Colombia,TOL,COL_TOL,Defenders
A. Roa,América de Cali,América de Cali,AMF,32.0,300000,,2,69,0,0.21,0,0.0,,,Colombia,Colombia,derecho,175,67,no,,,,,,,0.0,,,0.0,,0,,0,,,,0,,,0,,3,,,0.0,,,,,,,,,,,,,,,,,,,,,,,,,,,,,,13.72,0.0,,,,,,,,,,,,,,,,,,0,,0,,0,0.0,0.0,,,,,,,,,,0,0.0,América de Cali,Colombia,AME,COL_AME,Attacking Midfield
J. Obando,Atlético Nacional,Atlético Nacional,CF,18.0,0,,5,70,0,0.16,0,0.0,,,Colombia,Colombia,derecho,0,0,no,,,,,,,0.0,,,3.0,,1,,0,,,,0,,,0,,2,,,0.0,,,,,,,,,,,,,,,,,,,,,,,,,,,,,,16.4,11.72,,,,,,,,,,,,,,,,,,0,,0,,0,0.0,0.0,,,,,,,,,,0,0.0,Atlético Nacional,Colombia,NAC,COL_NAC,Forwards
Y. Arboleda,Deportivo Pasto,Deportivo Pasto,LW,28.0,175000,,3,71,0,0.02,0,0.0,,,Colombia,Colombia,derecho,178,65,no,,,,,,,4.62,,,6.92,,0,,0,,,,0,,,0,,1,,,0.0,,,,,,,,,,,,,,,,,,,,,,,,,,,,,,11.71,0.0,,,,,,,,,,,,,,,,,,0,,0,,0,0.0,0.0,,,,,,,,,,0,0.0,Deportivo Pasto,Colombia,PAS,COL_PAS,Wingers
M. García,Llaneros,Llaneros,LB,22.0,0,,1,72,0,0.0,0,0.0,,,Colombia,Colombia,,0,0,no,,,,,,,0.0,,,4.74,,1,,0,,,,0,,,0,,0,,,0.0,,,,,,,,,,,,,,,,,,,,,,,,,,,,,,15.73,9.7,,,,,,,,,,,,,,,,,,0,,0,,0,0.0,0.0,,,,,,,,,,0,0.0,Llaneros,Colombia,LNR,COL_LNR,Defenders
J. Palacio,Águilas Doradas,Águilas Doradas,RAMF,21.0,0,,1,73,0,0.11,0,0.6,,,Colombia,Colombia,,174,77,no,,,,,,,0.0,,,0.0,,0,,0,,,,0,,,0,,2,,,0.0,,,,,,,,,,,,,,,,,,,,,,,,,,,,,,34.62,53.05,,,,,,,,,,,,,,,,,,0,,0,,0,0.0,0.0,,,,,,,,,,0,0.0,Águilas Doradas,Colombia,AGD,COL_AGD,Attacking Midfield
C. Arboleda,Envigado,Envigado,RB,39.0,50000,,2,73,0,0.08,0,0.16,,,Colombia,Colombia,derecho,169,60,no,,,,,,,0.0,,,5.29,,0,,0,,,,0,,,0,,1,,,0.0,,,,,,,,,,,,,,,,,,,,,,,,,,,,,,21.59,18.6,,,,,,,,,,,,,,,,,,0,,0,,0,0.0,0.0,,,,,,,,,,0,0.0,Envigado,Colombia,ENV,COL_ENV,Defenders
S. Chacón,Envigado,Envigado,CF,16.0,0,,3,74,0,0.0,0,0.0,,,Colombia,Colombia,,186,82,no,,,,,,,0.0,,,5.45,,1,,0,,,,0,,,0,,0,,,0.0,,,,,,,,,,,,,,,,,,,,,,,,,,,,,,15.21,0.0,,,,,,,,,,,,,,,,,,0,,0,,0,0.0,0.0,,,,,,,,,,0,0.0,Envigado,Colombia,ENV,COL_ENV,Forwards
J. Cataño Vahos,Envigado,Envigado,RDMF,17.0,0,,2,77,0,0.0,0,0.03,,,Colombia,Colombia,,173,65,no,,,,,,,3.75,,,3.75,,0,,0,,,,0,,,0,,0,,,0.0,,,,,,,,,,,,,,,,,,,,,,,,,,,,,,9.25,20.4,,,,,,,,,,,,,,,,,,0,,0,,0,0.0,0.0,,,,,,,,,,0,0.0,Envigado,Colombia,ENV,COL_ENV,Defensive Midfield
S. Urrea,Deportivo Pereira,Deportivo Pereira,CB,23.0,0,,4,79,0,0.0,0,0.0,,,Colombia,Colombia,unknown,0,0,si,,,,,,,0.0,,,12.0,,0,,0,,,,0,,,0,,0,,,0.0,,,,,,,,,,,,,,,,,,,,,,,,,,,,,,17.77,13.97,,,,,,,,,,,,,,,,,,0,,0,,0,0.0,0.0,,,,,,,,,,0,0.0,Deportivo Pereira,Colombia,PER,COL_PER,Defenders
F. Navarro,Unión Magdalena,Unión Magdalena,LW,25.0,0,,3,82,0,0.04,0,0.4,,,Colombia,Colombia,derecho,172,72,no,,,,,,,3.75,,,3.75,,1,,0,,,,0,,,0,,2,,,0.0,,,,,,,,,,,,,,,,,,,,,,,,,,,,,,17.61,34.92,,,,,,,,,,,,,,,,,,0,,0,,0,0.0,0.0,,,,,,,,,,0,0.0,Unión Magdalena,Colombia,UMG,COL_UMG,Wingers
V. Reyes Clavijo,Tolima,Tolima,RCMF,18.0,0,,3,82,0,0.0,0,0.0,,,Colombia,Colombia,,174,69,no,,,,,,,7.14,,,0.0,,1,,0,,,,0,,,0,,0,,,0.0,,,,,,,,,,,,,,,,,,,,,,,,,,,,,,15.32,19.68,,,,,,,,,,,,,,,,,,0,,0,,0,0.0,0.0,,,,,,,,,,0,0.0,Tolima,Colombia,TOL,COL_TOL,Midfield
J. Pinto,Unión Magdalena,Unión Magdalena,LWF,19.0,0,,3,85,0,0.12,0,0.0,,,Colombia,Colombia,,0,0,no,,,,,,,0.0,,,0.0,,0,,0,,,,0,,,0,,2,,,0.0,,,,,,,,,,,,,,,,,,,,,,,,,,,,,,17.45,29.35,,,,,,,,,,,,,,,,,,0,,0,,0,0.0,0.0,,,,,,,,,,0,0.0,Unión Magdalena,Colombia,UMG,COL_UMG,Wingers
J. Díaz,Junior,Junior,LAMF,21.0,150000,,4,85,0,0.0,0,0.1,,,Colombia,Colombia,izquierdo,173,66,no,,,,,,,1.88,,,5.63,,0,,0,,,,0,,,0,,0,,,0.0,,,,,,,,,,,,,,,,,,,,,,,,,,,,,,16.11,15.44,,,,,,,,,,,,,,,,,,0,,0,,0,0.0,0.0,,,,,,,,,,0,0.0,Junior,Colombia,JNR,COL_JNR,Attacking Midfield
C. Cañozales,Millonarios,Millonarios,AMF,26.0,600000,,3,85,0,0.1,0,0.0,,,Colombia,Colombia,derecho,186,75,no,,,,,,,0.0,,,3.75,,0,,0,,,,0,,,0,,3,,,0.0,,,,,,,,,,,,,,,,,,,,,,,,,,,,,,15.11,9.95,,,,,,,,,,,,,,,,,,0,,0,,0,0.0,0.0,,,,,,,,,,0,0.0,Millonarios,Colombia,MIL,COL_MIL,Attacking Midfield
A. Ariza,Fortaleza,Fortaleza,LCB,27.0,350000,,1,86,0,0.0,0,0.0,,,Colombia,Colombia,,0,0,no,,,,,,,0.0,,,6.92,,0,,0,,,,0,,,0,,0,,,0.0,,,,,,,,,,,,,,,,,,,,,,,,,,,,,,21.11,41.23,,,,,,,,,,,,,,,,,,0,,0,,0,0.0,0.0,,,,,,,,,,0,0.0,Fortaleza,Colombia,FOZ,COL_FOZ,Defenders
I. Venecia,Deportivo Cali,Deportivo Cali,LCB,18.0,0,,3,90,0,0.0,0,0.0,,,Colombia,Colombia,,194,82,no,,,,,,,0.0,,,5.22,,0,,0,,,,0,,,0,,0,,,0.0,,,,,,,,,,,,,,,,,,,,,,,,,,,,,,14.69,7.0,,,,,,,,,,,,,,,,,,0,,0,,0,0.0,0.0,,,,,,,,,,0,0.0,Deportivo Cali,Colombia,CAL,COL_CAL,Defenders
F. Mosquera,Deportivo Pereira,Deportivo Pereira,GK,26.0,0,,1,93,0,0.0,0,0.0,,,Colombia,Colombia,,0,0,no,,,,,,,0.0,,,2.0,,0,,0,,,,0,,,0,,0,,,0.0,,,,,,,,,,,,,,,,,,,,,,,,,,,,,,18.89,39.99,,,,,,,,,,,,,,,,,,3,,9,,0,66.67,4.25,,1.25,,,,,,,,0,0.0,Deportivo Pereira,Colombia,PER,COL_PER,Goalkeepers
J. Pérez,Alianza,Alianza,LW,25.0,0,,3,93,0,0.0,0,0.0,,,Colombia,Colombia,izquierdo,181,69,no,,,,,,,0.0,,,0.0,,1,,0,,,,0,,,0,,0,,,0.0,,,,,,,,,,,,,,,,,,,,,,,,,,,,,,18.32,23.01,,,,,,,,,,,,,,,,,,0,,0,,0,0.0,0.0,,,,,,,,,,0,0.0,Alianza,Colombia,ALV,COL_ALV,Wingers
M. Palacios,Santa Fe,Santa Fe,LW,18.0,0,,3,94,0,0.16,0,0.07,,,Colombia,Colombia,,0,0,no,,,,,,,0.0,,,5.22,,0,,0,,,,0,,,0,,1,,,0.0,,,,,,,,,,,,,,,,,,,,,,,,,,,,,,20.06,32.1,,,,,,,,,,,,,,,,,,0,,0,,0,0.0,0.0,,,,,,,,,,0,0.0,Santa Fe,Colombia,STF,COL_STF,Wingers
M. García,Fortaleza,Fortaleza,GK,21.0,0,,1,97,0,0.0,0,0.0,,,Colombia,Colombia,unknown,0,0,no,,,,,,,0.0,,,0.0,,0,,0,,,,0,,,0,,0,,,0.0,,,,,,,,,,,,,,,,,,,,,,,,,,,,,,30.0,62.68,,,,,,,,,,,,,,,,,,1,,4,,0,75.0,0.83,,-0.17,,,,,,,,0,0.0,Fortaleza,Colombia,FOZ,COL_FOZ,Goalkeepers
L. Quintero,América de Cali,América de Cali,GK,27.0,50000,,1,99,0,0.0,0,0.0,,,Colombia,Colombia,,186,65,no,,,,,,,0.0,,,0.0,,0,,0,,,,0,,,0,,0,,,0.0,,,,,,,,,,,,,,,,,,,,,,,,,,,,,,38.03,43.46,,,,,,,,,,,,,,,,,,3,,7,,0,57.14,3.14,,0.14,,,,,,,,0,0.0,América de Cali,Colombia,AME,COL_AME,Goalkeepers
E. Cabeza,Fortaleza,Fortaleza,RCB,22.0,200000,,1,99,0,0.0,0,0.0,,,Ecuador,Ecuador,,0,0,no,,,,,,,0.0,,,4.29,,0,,0,,,,0,,,0,,0,,,0.0,,,,,,,,,,,,,,,,,,,,,,,,,,,,,,19.16,39.91,,,,,,,,,,,,,,,,,,0,,0,,0,0.0,0.0,,,,,,,,,,0,0.0,Fortaleza,Colombia,FOZ,COL_FOZ,Defenders
L. Mina,Alianza,Alianza,RB,20.0,0,,1,99,0,0.2,0,0.15,,,Colombia,Colombia,,0,0,no,,,,,,,0.0,,,1.36,,0,,0,,,,0,,,0,,2,,,0.0,,,,,,,,,,,,,,,,,,,,,,,,,,,,,,25.7,46.32,,,,,,,,,,,,,,,,,,0,,0,,0,0.0,0.0,,,,,,,,,,0,0.0,Alianza,Colombia,ALV,COL_ALV,Defenders
D. Castillo,Millonarios,Millonarios,RDMF,,0,,1,100,0,0.08,0,0.1,,,,,,0,0,no,,,,,,,0.0,,,4.0,,0,,0,,,,0,,,0,,3,,,0.0,,,,,,,,,,,,,,,,,,,,,,,,,,,,,,17.31,44.05,,,,,,,,,,,,,,,,,,0,,0,,0,0.0,0.0,,,,,,,,,,0,0.0,Millonarios,Colombia,MIL,COL_MIL,Defensive Midfield
M. Espíndola,Deportivo Cali,Deportivo Cali,GK,27.0,50000,,1,102,0,0.0,0,0.0,,,Colombia,Colombia,,182,73,no,,,,,,,0.0,,,2.73,,0,,0,,,,0,,,0,,0,,,0.0,,,,,,,,,,,,,,,,,,,,,,,,,,,,,,29.9,53.93,,,,,,,,,,,,,,,,,,0,,7,,1,100.0,1.66,,1.66,,,,,,,,0,0.0,Deportivo Cali,Colombia,CAL,COL_CAL,Goalkeepers
K. Rendón,Deportivo Pasto,Deportivo Pasto,RCMF,32.0,100000,,6,103,1,0.11,1,0.52,,,Colombia,Colombia,derecho,180,74,no,,,,,,,0.0,,,3.75,,0,,0,,,,1,,,0,,4,,,25.0,,,,,,,,,,,,,,,,,,,,,,,,,,,,,,10.72,8.4,,,,,,,,,,,,,,,,,,0,,0,,0,0.0,0.0,,,,,,,,,,0,0.0,Deportivo Pasto,Colombia,PAS,COL_PAS,Midfield
A. Dieppa,Boyacá Chicó,Boyacá Chicó,LB,24.0,0,,5,103,0,0.45,0,0.17,,,Colombia,Colombia,,0,0,no,,,,,,,0.0,,,1.58,,0,,0,,,,0,,,0,,1,,,0.0,,,,,,,,,,,,,,,,,,,,,,,,,,,,,,12.57,13.36,,,,,,,,,,,,,,,,,,0,,0,,0,0.0,0.0,,,,,,,,,,0,0.0,Boyacá Chicó,Colombia,BYC,COL_BYC,Defenders
K. Mantilla,Medellín,Medellín,CB,21.0,0,2027-12-31,2,105,0,0.0,0,0.0,,,Colombia,Colombia,derecho,191,81,si,,,,,,,1.5,,,4.5,,0,,0,,,,0,,,0,,0,,,0.0,,,,,,,,,,,,,,,,,,,,,,,,,,,,,,19.83,44.73,,,,,,,,,,,,,,,,,,0,,0,,0,0.0,0.0,,,,,,,,,,0,0.0,Medellín,Colombia,MDL,COL_MDL,Defenders
L. Segura,Boyacá Chicó,Boyacá Chicó,RW,21.0,0,,3,105,0,0.0,0,0.06,,,Colombia,Colombia,,0,0,no,,,,,,,0.0,,,1.0,,0,,0,,,,0,,,0,,0,,,0.0,,,,,,,,,,,,,,,,,,,,,,,,,,,,,,17.32,18.84,,,,,,,,,,,,,,,,,,0,,0,,0,0.0,0.0,,,,,,,,,,0,0.0,Boyacá Chicó,Colombia,BYC,COL_BYC,Wingers
Bruno Sávio,Millonarios,Millonarios,RCMF,31.0,650000,,3,108,0,0.0,0,0.3,,,Brazil,Brazil,derecho,184,70,no,,,,,,,0.0,,,1.88,,2,,0,,,,0,,,0,,0,,,0.0,,,,,,,,,,,,,,,,,,,,,,,,,,,,,,16.73,7.03,,,,,,,,,,,,,,,,,,0,,0,,0,0.0,0.0,,,,,,,,,,0,0.0,Millonarios,Colombia,MIL,COL_MIL,Midfield
S. Mosquera Espinosa,Millonarios,Millonarios,LW,18.0,0,,5,109,0,0.03,0,0.0,,,Colombia,Colombia,,0,0,no,,,,,,,0.0,,,0.0,,0,,0,,,,0,,,0,,3,,,0.0,,,,,,,,,,,,,,,,,,,,,,,,,,,,,,15.06,0.0,,,,,,,,,,,,,,,,,,0,,0,,0,0.0,0.0,,,,,,,,,,0,0.0,Millonarios,Colombia,MIL,COL_MIL,Wingers
H. Reina,Llaneros,Llaneros,AMF,34.0,100000,,5,117,2,0.42,0,0.0,,,Colombia,Colombia,derecho,177,70,no,,,,,,,0.0,,,3.33,,1,,0,,,,2,,,1,,3,,,66.667,,,,,,,,,,,,,,,,,,,,,,,,,,,,,,11.77,0.0,,,,,,,,,,,,,,,,,,0,,0,,0,0.0,0.0,,,,,,,,,,0,0.0,Llaneros,Colombia,LNR,COL_LNR,Attacking Midfield
F. González,La Equidad,La Equidad,RW,21.0,0,2025-12-31,3,117,0,0.0,1,0.18,,,Uruguay,Uruguay,derecho,165,60,si,,,,,,,0.0,,,5.38,,0,,0,,,,0,,,0,,0,,,0.0,,,,,,,,,,,,,,,,,,,,,,,,,,,,,,16.72,15.4,,,,,,,,,,,,,,,,,,0,,0,,0,0.0,0.0,,,,,,,,,,0,0.0,La Equidad,Colombia,EQU,COL_EQU,Wingers
Y. Valencia,Once Caldas,Once Caldas,LW,21.0,0,,3,117,0,0.12,0,0.0,,,Colombia,Colombia,derecho,0,0,no,,,,,,,1.07,,,1.07,,1,,0,,,,0,,,0,,2,,,0.0,,,,,,,,,,,,,,,,,,,,,,,,,,,,,,18.03,38.72,,,,,,,,,,,,,,,,,,0,,0,,0,0.0,0.0,,,,,,,,,,0,0.0,Once Caldas,Colombia,ONC,COL_ONC,Wingers
K. Salazar,Fortaleza,Fortaleza,AMF,29.0,250000,,4,117,0,0.38,0,0.01,,,Colombia,Colombia,derecho,170,68,no,,,,,,,0.0,,,1.5,,0,,0,,,,0,,,0,,3,,,0.0,,,,,,,,,,,,,,,,,,,,,,,,,,,,,,16.85,13.53,,,,,,,,,,,,,,,,,,0,,0,,0,0.0,0.0,,,,,,,,,,0,0.0,Fortaleza,Colombia,FOZ,COL_FOZ,Attacking Midfield
J. Valencia,La Equidad,La Equidad,CF,21.0,0,,6,122,0,0.18,2,0.12,,,Colombia,Colombia,,178,76,no,,,,,,,0.0,,,2.31,,0,,0,,,,0,,,0,,2,,,0.0,,,,,,,,,,,,,,,,,,,,,,,,,,,,,,14.13,0.0,,,,,,,,,,,,,,,,,,0,,0,,0,0.0,0.0,,,,,,,,,,0,0.0,La Equidad,Colombia,EQU,COL_EQU,Forwards
G. Jiménez,Alianza,Alianza,CF,24.0,0,,5,125,0,0.57,1,0.33,,,Colombia,Colombia,,0,0,no,,,,,,,1.58,,,3.16,,1,,0,,,,0,,,0,,2,,,0.0,,,,,,,,,,,,,,,,,,,,,,,,,,,,,,15.96,14.1,,,,,,,,,,,,,,,,,,0,,0,,0,0.0,0.0,,,,,,,,,,0,0.0,Alianza,Colombia,ALV,COL_ALV,Forwards
J. Avalo,Águilas Doradas,Águilas Doradas,AMF,23.0,0,,6,128,0,0.05,0,0.0,,,Colombia,Colombia,derecho,175,70,no,,,,,,,0.0,,,3.21,,0,,0,,,,0,,,0,,2,,,0.0,,,,,,,,,,,,,,,,,,,,,,,,,,,,,,14.7,10.67,,,,,,,,,,,,,,,,,,0,,0,,0,0.0,0.0,,,,,,,,,,0,0.0,Águilas Doradas,Colombia,AGD,COL_AGD,Attacking Midfield
L. Robledo,Envigado,Envigado,LAMF,22.0,250000,2025-06-30,4,132,0,0.06,0,0.0,,,Colombia,Colombia,,168,0,si,,,,,,,0.0,,,4.09,,0,,0,,,,0,,,0,,2,,,0.0,,,,,,,,,,,,,,,,,,,,,,,,,,,,,,15.36,6.01,,,,,,,,,,,,,,,,,,0,,0,,0,0.0,0.0,,,,,,,,,,0,0.0,Envigado,Colombia,ENV,COL_ENV,Attacking Midfield
J. Negrete,Boyacá Chicó,Boyacá Chicó,RDMF,,0,,5,132,0,0.0,0,0.02,,,Colombia,Colombia,,0,0,no,,,,,,,0.0,,,9.68,,0,,0,,,,0,,,0,,1,,,0.0,,,,,,,,,,,,,,,,,,,,,,,,,,,,,,19.8,19.77,,,,,,,,,,,,,,,,,,0,,0,,0,0.0,0.0,,,,,,,,,,0,0.0,Boyacá Chicó,Colombia,BYC,COL_BYC,Defensive Midfield
S. Moreno,Patriotas Boyacá,Patriotas Boyacá,LW,23.0,0,,5,133,0,0.33,0,0.0,,,Colombia,Colombia,,0,0,no,,,,,,,0.0,,,2.9,,2,,0,,,,0,,,0,,3,,,0.0,,,,,,,,,,,,,,,,,,,,,,,,,,,,,,14.28,13.52,,,,,,,,,,,,,,,,,,0,,0,,0,0.0,0.0,,,,,,,,,,0,0.0,Patriotas Boyacá,Colombia,PAT,COL_PAT,Wingers
Y. García,La Equidad,La Equidad,RW,,0,,2,137,0,0.01,0,0.0,,,Colombia,Colombia,,0,0,no,,,,,,,0.0,,,0.0,,1,,0,,,,0,,,0,,1,,,0.0,,,,,,,,,,,,,,,,,,,,,,,,,,,,,,10.78,4.2,,,,,,,,,,,,,,,,,,0,,0,,0,0.0,0.0,,,,,,,,,,0,0.0,La Equidad,Colombia,EQU,COL_EQU,Wingers
G. Cabezas Minota,Deportivo Pasto,Deportivo Pasto,LCMF,,0,,2,137,0,0.0,0,0.0,,,Colombia,Colombia,,0,0,no,,,,,,,0.77,,,5.38,,2,,0,,,,0,,,0,,0,,,0.0,,,,,,,,,,,,,,,,,,,,,,,,,,,,,,19.94,41.38,,,,,,,,,,,,,,,,,,0,,0,,0,0.0,0.0,,,,,,,,,,0,0.0,Deportivo Pasto,Colombia,PAS,COL_PAS,Midfield
J. Velásquez,Fortaleza,Fortaleza,RAMF,30.0,300000,,3,140,1,0.23,0,0.11,,,Colombia,Colombia,derecho,174,72,no,,,,,,,0.91,,,0.91,,1,,0,,,,1,,,0,,2,,,50.0,,,,,,,,,,,,,,,,,,,,,,,,,,,,,,18.39,7.99,,,,,,,,,,,,,,,,,,0,,0,,0,0.0,0.0,,,,,,,,,,0,0.0,Fortaleza,Colombia,FOZ,COL_FOZ,Attacking Midfield
S. Acosta,Deportivo Pereira,Deportivo Pereira,LWF,30.0,300000,2026-06-30,4,146,0,0.07,0,0.0,,,Colombia,Colombia,izquierdo,180,78,no,,,,,,,0.0,,,2.14,,0,,0,,,,0,,,0,,1,,,0.0,,,,,,,,,,,,,,,,,,,,,,,,,,,,,,18.99,13.45,,,,,,,,,,,,,,,,,,0,,0,,0,0.0,0.0,,,,,,,,,,0,0.0,Deportivo Pereira,Colombia,PER,COL_PER,Wingers
J. Romaña,Santa Fe,Santa Fe,GK,21.0,0,,2,147,0,0.0,0,0.0,,,Colombia,Colombia,,0,0,no,,,,,,,0.0,,,2.25,,0,,0,,,,0,,,0,,0,,,0.0,,,,,,,,,,,,,,,,,,,,,,,,,,,,,,46.26,58.79,,,,,,,,,,,,,,,,,,8,,14,,0,42.86,3.2,,-4.8,,,,,,,,0,0.0,Santa Fe,Colombia,STF,COL_STF,Goalkeepers
B. Correa,América de Cali,América de Cali,RB,21.0,0,,3,147,0,0.0,0,0.3,,,Colombia,Colombia,,0,0,no,,,,,,,0.0,,,0.94,,0,,0,,,,0,,,0,,0,,,0.0,,,,,,,,,,,,,,,,,,,,,,,,,,,,,,16.68,37.01,,,,,,,,,,,,,,,,,,0,,0,,0,0.0,0.0,,,,,,,,,,0,0.0,América de Cali,Colombia,AME,COL_AME,Defenders
C. Baquero Solís,Boyacá Chicó,Boyacá Chicó,CF,25.0,0,,4,149,0,0.18,0,0.11,,,Colombia,Colombia,unknown,0,0,no,,,,,,,0.0,,,3.0,,1,,0,,,,0,,,0,,3,,,0.0,,,,,,,,,,,,,,,,,,,,,,,,,,,,,,10.97,0.0,,,,,,,,,,,,,,,,,,0,,0,,0,0.0,0.0,,,,,,,,,,0,0.0,Boyacá Chicó,Colombia,BYC,COL_BYC,Forwards
J. Hernández,Millonarios,Millonarios,LB,19.0,0,2026-12-31,2,153,0,0.02,0,0.04,,,Colombia,Colombia,izquierdo,0,0,no,,,,,,,1.88,,,3.75,,0,,0,,,,0,,,0,,1,,,0.0,,,,,,,,,,,,,,,,,,,,,,,,,,,,,,18.73,48.09,,,,,,,,,,,,,,,,,,0,,0,,0,0.0,0.0,,,,,,,,,,0,0.0,Millonarios,Colombia,MIL,COL_MIL,Defenders
K. Salazar,Boyacá Chicó,Boyacá Chicó,DMF,26.0,0,,4,154,0,0.0,0,0.0,,,Colombia,Colombia,,0,0,no,,,,,,,0.0,,,1.67,,2,,0,,,,0,,,0,,1,,,0.0,,,,,,,,,,,,,,,,,,,,,,,,,,,,,,17.3,18.67,,,,,,,,,,,,,,,,,,0,,0,,0,0.0,0.0,,,,,,,,,,0,0.0,Boyacá Chicó,Colombia,BYC,COL_BYC,Defensive Midfield
A. Valencia,Boyacá Chicó,Boyacá Chicó,LB,22.0,0,2026-09-15,3,158,0,0.0,0,0.0,,,Colombia,Colombia,unknown,0,0,no,,,,,,,0.0,,,7.5,,0,,0,,,,0,,,0,,0,,,0.0,,,,,,,,,,,,,,,,,,,,,,,,,,,,,,11.86,20.93,,,,,,,,,,,,,,,,,,0,,0,,0,0.0,0.0,,,,,,,,,,0,0.0,Boyacá Chicó,Colombia,BYC,COL_BYC,Defenders
B. Larregui,Tolima,Tolima,CF,24.0,0,,5,161,0,0.0,0,0.16,,,Uruguay,Uruguay,unknown,182,0,si,,,,,,,0.88,,,2.65,,0,,0,,,,0,,,0,,0,,,0.0,,,,,,,,,,,,,,,,,,,,,,,,,,,,,,13.19,4.93,,,,,,,,,,,,,,,,,,0,,0,,0,0.0,0.0,,,,,,,,,,0,0.0,Tolima,Colombia,TOL,COL_TOL,Forwards
A. Valencia,Boyacá Chicó,Boyacá Chicó,LW,22.0,0,,4,166,0,0.11,0,0.0,,,Colombia,Colombia,,0,0,no,,,,,,,0.0,,,2.2,,0,,0,,,,0,,,0,,2,,,0.0,,,,,,,,,,,,,,,,,,,,,,,,,,,,,,16.11,3.77,,,,,,,,,,,,,,,,,,0,,0,,0,0.0,0.0,,,,,,,,,,0,0.0,Boyacá Chicó,Colombia,BYC,COL_BYC,Wingers
D. Contreras,Jaguares de Córdoba,Jaguares de Córdoba,CF,21.0,0,,6,167,0,0.29,0,0.0,,,Colombia,Colombia,,0,0,no,,,,,,,0.0,,,0.65,,0,,0,,,,0,,,0,,4,,,0.0,,,,,,,,,,,,,,,,,,,,,,,,,,,,,,18.41,6.87,,,,,,,,,,,,,,,,,,0,,0,,0,0.0,0.0,,,,,,,,,,0,0.0,Jaguares de Córdoba,Colombia,JAG,COL_JAG,Forwards
N. Rengifo,Deportivo Pereira,Deportivo Pereira,RCMF,20.0,0,,5,172,0,0.0,0,0.0,,,Colombia,Colombia,,0,0,no,,,,,,,1.5,,,3.75,,0,,0,,,,0,,,0,,1,,,0.0,,,,,,,,,,,,,,,,,,,,,,,,,,,,,,40.68,31.44,,,,,,,,,,,,,,,,,,0,,0,,0,0.0,0.0,,,,,,,,,,0,0.0,Deportivo Pereira,Colombia,PER,COL_PER,Midfield
J. Cardona,Santa Fe,Santa Fe,AMF,30.0,200000,,7,172,0,0.48,0,0.08,,,Colombia,Colombia,derecho,170,64,no,,,,,,,0.0,,,7.27,,1,,0,,,,0,,,0,,2,,,0.0,,,,,,,,,,,,,,,,,,,,,,,,,,,,,,14.24,24.61,,,,,,,,,,,,,,,,,,0,,0,,0,0.0,0.0,,,,,,,,,,0,0.0,Santa Fe,Colombia,STF,COL_STF,Attacking Midfield
E. Lastre,Unión Magdalena,Unión Magdalena,RAMF,26.0,300000,,7,172,0,0.51,0,0.31,,,Ecuador,Ecuador,derecho,177,73,no,,,,,,,0.91,,,3.64,,1,,0,,,,0,,,0,,3,,,0.0,,,,,,,,,,,,,,,,,,,,,,,,,,,,,,13.92,5.11,,,,,,,,,,,,,,,,,,0,,0,,0,0.0,0.0,,,,,,,,,,0,0.0,Unión Magdalena,Colombia,UMG,COL_UMG,Attacking Midfield
J. Sosa,Santa Fe,Santa Fe,LB,23.0,1500000,2026-06-30,2,173,0,0.0,0,0.0,,,Uruguay,"Uruguay, Italy",izquierdo,189,76,si,,,,,,,0.0,,,3.85,,0,,0,,,,0,,,0,,0,,,0.0,,,,,,,,,,,,,,,,,,,,,,,,,,,,,,20.17,32.02,,,,,,,,,,,,,,,,,,0,,0,,0,0.0,0.0,,,,,,,,,,0,0.0,Santa Fe,Colombia,STF,COL_STF,Defenders
J. Quejada Mena,Envigado,Envigado,LB,18.0,0,,4,174,0,0.03,0,0.0,,,Colombia,Colombia,,0,0,no,,,,,,,0.65,,,11.09,,1,,0,,,,0,,,0,,1,,,0.0,,,,,,,,,,,,,,,,,,,,,,,,,,,,,,17.02,35.32,,,,,,,,,,,,,,,,,,0,,0,,0,0.0,0.0,,,,,,,,,,0,0.0,Envigado,Colombia,ENV,COL_ENV,Defenders
N. Moreno,Atlético Bucaramanga,Atlético Bucaramanga,LW,28.0,450000,,4,175,0,0.41,1,0.39,,,Colombia,Colombia,derecho,175,70,no,,,,,,,2.05,,,3.41,,0,,0,,,,0,,,0,,2,,,0.0,,,,,,,,,,,,,,,,,,,,,,,,,,,,,,15.49,8.64,,,,,,,,,,,,,,,,,,0,,0,,0,0.0,0.0,,,,,,,,,,0,0.0,Atlético Bucaramanga,Colombia,BUC,COL_BUC,Wingers
J. Aristizábal,Patriotas Boyacá,Patriotas Boyacá,LCMF,24.0,0,,6,175,0,0.0,0,0.04,,,Colombia,Colombia,,172,65,no,,,,,,,0.0,,,4.17,,0,,0,,,,0,,,0,,0,,,0.0,,,,,,,,,,,,,,,,,,,,,,,,,,,,,,15.52,12.65,,,,,,,,,,,,,,,,,,0,,0,,0,0.0,0.0,,,,,,,,,,0,0.0,Patriotas Boyacá,Colombia,PAT,COL_PAT,Midfield
L. Landazuri Cuenu,Atlético Nacional,Atlético Nacional,RCMF,19.0,0,,4,177,0,0.3,0,0.14,,,Colombia,Colombia,unknown,0,0,no,,,,,,,0.0,,,4.0,,1,,0,,,,0,,,0,,4,,,0.0,,,,,,,,,,,,,,,,,,,,,,,,,,,,,,17.09,26.27,,,,,,,,,,,,,,,,,,0,,0,,0,0.0,0.0,,,,,,,,,,0,0.0,Atlético Nacional,Colombia,NAC,COL_NAC,Midfield
D. Andrade,Jaguares de Córdoba,Jaguares de Córdoba,LB,34.0,200000,,4,178,0,0.0,0,0.0,,,Colombia,Colombia,izquierdo,168,70,no,,,,,,,1.67,,,2.5,,2,,0,,,,0,,,0,,0,,,0.0,,,,,,,,,,,,,,,,,,,,,,,,,,,,,,14.56,30.55,,,,,,,,,,,,,,,,,,0,,0,,0,0.0,0.0,,,,,,,,,,0,0.0,Jaguares de Córdoba,Colombia,JAG,COL_JAG,Defenders
J. Parra,Alianza,Alianza,LAMF,20.0,0,,8,179,1,0.4,0,0.0,,,Colombia,Colombia,derecho,0,0,no,,,,,,,1.07,,,2.14,,3,,0,,,,1,,,0,,2,,,50.0,,,,,,,,,,,,,,,,,,,,,,,,,,,,,,18.06,12.38,,,,,,,,,,,,,,,,,,0,,0,,0,0.0,0.0,,,,,,,,,,0,0.0,Alianza,Colombia,ALV,COL_ALV,Attacking Midfield
J. Fuentes,Tolima,Tolima,CF,20.0,0,,7,182,1,0.39,0,0.0,,,Colombia,Colombia,unknown,0,0,no,,,,,,,0.0,,,5.0,,0,,0,,,,1,,,0,,5,,,20.0,,,,,,,,,,,,,,,,,,,,,,,,,,,,,,16.72,0.0,,,,,,,,,,,,,,,,,,0,,0,,0,0.0,0.0,,,,,,,,,,0,0.0,Tolima,Colombia,TOL,COL_TOL,Forwards
J. Canchimbo,Junior,Junior,RAMF,20.0,0,,9,183,1,0.07,0,0.25,,,Colombia,Colombia,,177,0,no,,,,,,,0.0,,,3.53,,0,,0,,,,1,,,0,,2,,,50.0,,,,,,,,,,,,,,,,,,,,,,,,,,,,,,9.91,0.0,,,,,,,,,,,,,,,,,,0,,0,,0,0.0,0.0,,,,,,,,,,0,0.0,Junior,Colombia,JNR,COL_JNR,Attacking Midfield
J. Osorio Cabrales,Alianza,Alianza,CF,18.0,0,,5,185,0,0.5,0,0.0,,,Colombia,Colombia,,0,0,no,,,,,,,1.43,,,2.14,,0,,0,,,,0,,,0,,3,,,0.0,,,,,,,,,,,,,,,,,,,,,,,,,,,,,,18.15,9.82,,,,,,,,,,,,,,,,,,0,,0,,0,0.0,0.0,,,,,,,,,,0,0.0,Alianza,Colombia,ALV,COL_ALV,Forwards
A. Álvarez,Deportivo Pereira,Deportivo Pereira,CF,21.0,0,,7,187,0,0.13,0,0.02,,,Colombia,Colombia,,0,0,no,,,,,,,0.0,,,1.46,,0,,0,,,,0,,,0,,1,,,0.0,,,,,,,,,,,,,,,,,,,,,,,,,,,,,,21.29,8.79,,,,,,,,,,,,,,,,,,0,,0,,0,0.0,0.0,,,,,,,,,,0,0.0,Deportivo Pereira,Colombia,PER,COL_PER,Forwards
J. Palacios,América de Cali,América de Cali,LW,20.0,0,,4,187,1,0.26,0,0.07,,,Colombia,Colombia,unknown,0,0,no,,,,,,,0.73,,,4.39,,1,,0,,,,1,,,0,,4,,,25.0,,,,,,,,,,,,,,,,,,,,,,,,,,,,,,16.3,31.78,,,,,,,,,,,,,,,,,,0,,0,,0,0.0,0.0,,,,,,,,,,0,0.0,América de Cali,Colombia,AME,COL_AME,Wingers
K. Gonzalez,América de Cali,América de Cali,RCMF,19.0,0,,4,191,0,0.3,0,0.0,,,Colombia,Colombia,unknown,0,0,si,,,,,,,0.0,,,0.68,,0,,0,,,,0,,,0,,3,,,0.0,,,,,,,,,,,,,,,,,,,,,,,,,,,,,,13.37,13.81,,,,,,,,,,,,,,,,,,0,,0,,0,0.0,0.0,,,,,,,,,,0,0.0,América de Cali,Colombia,AME,COL_AME,Midfield
B. Sánchez,Deportivo Pasto,Deportivo Pasto,RCMF,22.0,150000,,5,192,0,0.0,0,0.0,,,Colombia,Colombia,,0,0,no,,,,,,,0.49,,,2.46,,2,,1,,,,0,,,0,,0,,,0.0,,,,,,,,,,,,,,,,,,,,,,,,,,,,,,19.41,14.14,,,,,,,,,,,,,,,,,,0,,0,,0,0.0,0.0,,,,,,,,,,0,0.0,Deportivo Pasto,Colombia,PAS,COL_PAS,Midfield
B. Cuero Angulo,Millonarios,Millonarios,RW,21.0,0,,7,193,0,0.0,0,0.02,,,Colombia,Colombia,,0,0,no,,,,,,,0.0,,,3.95,,0,,0,,,,0,,,0,,0,,,0.0,,,,,,,,,,,,,,,,,,,,,,,,,,,,,,15.82,5.88,,,,,,,,,,,,,,,,,,0,,0,,0,0.0,0.0,,,,,,,,,,0,0.0,Millonarios,Colombia,MIL,COL_MIL,Wingers
K. Díaz Reguerto,Unión Magdalena,Unión Magdalena,CF,21.0,0,,9,198,0,0.55,1,0.05,,,Colombia,Colombia,,0,0,no,,,,,,,0.81,,,0.81,,1,,0,,,,0,,,0,,4,,,0.0,,,,,,,,,,,,,,,,,,,,,,,,,,,,,,15.09,6.85,,,,,,,,,,,,,,,,,,0,,0,,0,0.0,0.0,,,,,,,,,,0,0.0,Unión Magdalena,Colombia,UMG,COL_UMG,Forwards
R. Romaña,Llaneros,Llaneros,GK,28.0,50000,,2,198,0,0.0,0,0.0,,,Colombia,Colombia,derecho,180,74,no,,,,,,,0.0,,,3.41,,0,,0,,,,0,,,0,,0,,,0.0,,,,,,,,,,,,,,,,,,,,,,,,,,,,,,28.16,46.62,,,,,,,,,,,,,,,,,,2,,8,,0,75.0,3.44,,1.44,,,,,,,,0,0.0,Llaneros,Colombia,LNR,COL_LNR,Goalkeepers
H. Acevedo,Llaneros,Llaneros,GK,27.0,150000,,2,199,0,0.0,0,0.0,,,Colombia,Colombia,derecho,185,81,no,,,,,,,0.0,,,3.24,,0,,0,,,,0,,,0,,0,,,0.0,,,,,,,,,,,,,,,,,,,,,,,,,,,,,,23.48,38.5,,,,,,,,,,,,,,,,,,3,,5,,0,40.0,3.13,,0.13,,,,,,,,0,0.0,Llaneros,Colombia,LNR,COL_LNR,Goalkeepers
A. Fontana,Águilas Doradas,Águilas Doradas,CF,28.0,250000,,6,200,0,0.54,0,0.36,,,Argentina,Argentina,derecho,176,72,no,,,,,,,0.0,,,0.0,,2,,0,,,,0,,,0,,6,,,0.0,,,,,,,,,,,,,,,,,,,,,,,,,,,,,,11.46,3.68,,,,,,,,,,,,,,,,,,0,,0,,0,0.0,0.0,,,,,,,,,,0,0.0,Águilas Doradas,Colombia,AGD,COL_AGD,Forwards
R. España,Envigado,Envigado,RAMF,21.0,0,,6,200,0,0.14,0,0.0,,,Colombia,Colombia,derecho,178,68,no,,,,,,,0.0,,,4.62,,0,,0,,,,0,,,0,,1,,,0.0,,,,,,,,,,,,,,,,,,,,,,,,,,,,,,14.72,12.82,,,,,,,,,,,,,,,,,,0,,0,,0,0.0,0.0,,,,,,,,,,0,0.0,Envigado,Colombia,ENV,COL_ENV,Attacking Midfield
J. Mayorga,Llaneros,Llaneros,RW,19.0,0,,7,201,1,0.5,0,0.25,,,Colombia,Colombia,,0,0,no,,,,,,,0.75,,,1.5,,0,,0,,,,1,,,0,,3,,,33.333,,,,,,,,,,,,,,,,,,,,,,,,,,,,,,13.83,0.0,,,,,,,,,,,,,,,,,,0,,0,,0,0.0,0.0,,,,,,,,,,0,0.0,Llaneros,Colombia,LNR,COL_LNR,Wingers
G. Gómez,Unión Magdalena,Unión Magdalena,GK,28.0,50000,,2,201,0,0.0,0,0.0,,,Colombia,Colombia,,184,74,no,,,,,,,0.0,,,2.0,,0,,0,,,,0,,,0,,0,,,0.0,,,,,,,,,,,,,,,,,,,,,,,,,,,,,,30.02,51.79,,,,,,,,,,,,,,,,,,5,,9,,0,44.44,1.78,,-3.22,,,,,,,,0,0.0,Unión Magdalena,Colombia,UMG,COL_UMG,Goalkeepers
Luis Vásquez,Atlético Bucaramanga,Atlético Bucaramanga,GK,29.0,250000,,2,201,0,0.0,0,0.0,,,Colombia,Colombia,derecho,187,80,si,,,,,,,0.0,,,2.31,,0,,0,,,,0,,,0,,0,,,0.0,,,,,,,,,,,,,,,,,,,,,,,,,,,,,,28.63,55.93,,,,,,,,,,,,,,,,,,1,,7,,1,85.71,1.36,,0.36,,,,,,,,0,0.0,Atlético Bucaramanga,Colombia,BUC,COL_BUC,Goalkeepers
S. Tamayo,Santa Fe,Santa Fe,RB,22.0,0,,5,203,0,0.26,0,0.0,,,Colombia,Colombia,unknown,165,65,no,,,,,,,0.68,,,4.77,,0,,0,,,,0,,,0,,2,,,0.0,,,,,,,,,,,,,,,,,,,,,,,,,,,,,,19.07,28.4,,,,,,,,,,,,,,,,,,0,,0,,0,0.0,0.0,,,,,,,,,,0,0.0,Santa Fe,Colombia,STF,COL_STF,Defenders
H. Vergara,Boyacá Chicó,Boyacá Chicó,CF,26.0,125000,,3,204,0,0.46,0,0.0,,,Colombia,Colombia,izquierdo,184,0,no,,,,,,,0.0,,,2.55,,1,,0,,,,0,,,0,,4,,,0.0,,,,,,,,,,,,,,,,,,,,,,,,,,,,,,17.06,0.0,,,,,,,,,,,,,,,,,,0,,0,,0,0.0,0.0,,,,,,,,,,0,0.0,Boyacá Chicó,Colombia,BYC,COL_BYC,Forwards
Ó. Cabezas,Llaneros,Llaneros,LB,28.0,200000,,2,204,0,0.0,0,0.0,,,Colombia,Colombia,izquierdo,180,79,no,,,,,,,0.0,,,3.75,,0,,0,,,,0,,,0,,0,,,0.0,,,,,,,,,,,,,,,,,,,,,,,,,,,,,,16.98,18.54,,,,,,,,,,,,,,,,,,0,,0,,0,0.0,0.0,,,,,,,,,,0,0.0,Llaneros,Colombia,LNR,COL_LNR,Defenders
L. Angulo,Envigado,Envigado,LCMF,23.0,250000,,5,214,0,0.05,0,0.0,,,Colombia,Colombia,,181,0,no,,,,,,,0.59,,,8.82,,1,,0,,,,0,,,0,,1,,,0.0,,,,,,,,,,,,,,,,,,,,,,,,,,,,,,18.15,31.59,,,,,,,,,,,,,,,,,,0,,0,,0,0.0,0.0,,,,,,,,,,0,0.0,Envigado,Colombia,ENV,COL_ENV,Midfield
J. Obregón,Águilas Doradas,Águilas Doradas,CF,28.0,500000,,5,215,1,0.95,0,0.09,,,Colombia,Colombia,derecho,182,80,no,,,,,,,1.2,,,1.8,,0,,0,,,,1,,,0,,3,,,33.333,,,,,,,,,,,,,,,,,,,,,,,,,,,,,,13.64,17.6,,,,,,,,,,,,,,,,,,0,,0,,0,0.0,0.0,,,,,,,,,,0,0.0,Águilas Doradas,Colombia,AGD,COL_AGD,Forwards
W. Ordóñez,Deportivo Pasto,Deportivo Pasto,RW,21.0,0,,8,217,1,0.25,0,0.14,,,Colombia,Colombia,izquierdo,168,0,no,,,,,,,1.33,,,6.0,,0,,0,,,,1,,,0,,7,,,14.286,,,,,,,,,,,,,,,,,,,,,,,,,,,,,,20.77,18.58,,,,,,,,,,,,,,,,,,0,,0,,0,0.0,0.0,,,,,,,,,,0,0.0,Deportivo Pasto,Colombia,PAS,COL_PAS,Wingers
A. Artunduaga,Atlético Bucaramanga,Atlético Bucaramanga,LB,28.0,250000,,4,218,0,0.0,0,0.0,,,Colombia,Colombia,izquierdo,175,72,no,,,,,,,2.54,,,7.12,,0,,0,,,,0,,,0,,0,,,0.0,,,,,,,,,,,,,,,,,,,,,,,,,,,,,,17.84,8.43,,,,,,,,,,,,,,,,,,0,,0,,0,0.0,0.0,,,,,,,,,,0,0.0,Atlético Bucaramanga,Colombia,BUC,COL_BUC,Defenders
J. Cabal,Deportivo Cali,Deportivo Cali,CF,21.0,0,,7,219,1,0.47,0,0.03,,,Colombia,Colombia,derecho,0,0,no,,,,,,,0.0,,,2.73,,0,,0,,,,1,,,0,,2,,,50.0,,,,,,,,,,,,,,,,,,,,,,,,,,,,,,16.48,0.0,,,,,,,,,,,,,,,,,,0,,0,,0,0.0,0.0,,,,,,,,,,0,0.0,Deportivo Cali,Colombia,CAL,COL_CAL,Forwards
J. Viveros,Jaguares de Córdoba,Jaguares de Córdoba,LAMF,33.0,300000,,3,221,0,0.03,0,0.04,,,Colombia,Colombia,derecho,176,70,no,,,,,,,1.13,,,3.4,,0,,0,,,,0,,,0,,2,,,0.0,,,,,,,,,,,,,,,,,,,,,,,,,,,,,,19.85,35.58,,,,,,,,,,,,,,,,,,0,,0,,0,0.0,0.0,,,,,,,,,,0,0.0,Jaguares de Córdoba,Colombia,JAG,COL_JAG,Attacking Midfield
D. Castro Schmalbach,La Equidad,La Equidad,RCMF,19.0,0,,5,227,0,0.0,0,0.0,,,Colombia,Colombia,,0,0,no,,,,,,,1.82,,,4.55,,1,,0,,,,0,,,0,,0,,,0.0,,,,,,,,,,,,,,,,,,,,,,,,,,,,,,20.82,41.08,,,,,,,,,,,,,,,,,,0,,0,,0,0.0,0.0,,,,,,,,,,0,0.0,La Equidad,Colombia,EQU,COL_EQU,Midfield
B. Palacios,Boyacá Chicó,Boyacá Chicó,LCB,27.0,0,,3,227,0,0.04,0,0.0,,,Colombia,Colombia,izquierdo,194,87,no,,,,,,,0.61,,,9.18,,1,,0,,,,0,,,0,,2,,,0.0,,,,,,,,,,,,,,,,,,,,,,,,,,,,,,24.63,40.91,,,,,,,,,,,,,,,,,,0,,0,,0,0.0,0.0,,,,,,,,,,0,0.0,Boyacá Chicó,Colombia,BYC,COL_BYC,Defenders
D. Céter,Jaguares de Córdoba,Jaguares de Córdoba,CF,27.0,225000,,6,228,1,1.11,0,0.1,,,Colombia,Colombia,derecho,187,81,no,,,,,,,0.0,,,0.65,,0,,0,,,,1,,,0,,6,,,16.667,,,,,,,,,,,,,,,,,,,,,,,,,,,,,,14.17,8.76,,,,,,,,,,,,,,,,,,0,,0,,0,0.0,0.0,,,,,,,,,,0,0.0,Jaguares de Córdoba,Colombia,JAG,COL_JAG,Forwards
G. Medina,Atlético Bucaramanga,Atlético Bucaramanga,CF,,0,,7,228,3,0.96,0,0.3,,,Colombia,Colombia,,0,0,no,,,,,,,0.0,,,2.54,,1,,0,,,,3,,,0,,4,,,75.0,,,,,,,,,,,,,,,,,,,,,,,,,,,,,,11.05,0.0,,,,,,,,,,,,,,,,,,0,,0,,0,0.0,0.0,,,,,,,,,,0,0.0,Atlético Bucaramanga,Colombia,BUC,COL_BUC,Forwards
J. Lloreda,Deportes Quindío,Deportes Quindío,CF,31.0,300000,,4,250,0,0.13,0,0.0,,,Colombia,Colombia,derecho,178,73,no,,,,,,,0.0,,,1.58,,1,,0,,,,0,,,0,,2,,,0.0,,,,,,,,,,,,,,,,,,,,,,,,,,,,,,18.02,9.77,,,,,,,,,,,,,,,,,,0,,0,,0,0.0,0.0,,,,,,,,,,0,0.0,Deportes Quindío,Colombia,QUI,COL_QUI,Forwards
M. Torres,Alianza,Alianza,LW,40.0,0,,5,252,0,0.17,0,0.01,,,Colombia,Colombia,derecho,175,72,no,,,,,,,1.55,,,1.03,,1,,0,,,,0,,,0,,2,,,0.0,,,,,,,,,,,,,,,,,,,,,,,,,,,,,,13.92,5.49,,,,,,,,,,,,,,,,,,0,,0,,0,0.0,0.0,,,,,,,,,,0,0.0,Alianza,Colombia,ALV,COL_ALV,Wingers
J. Rodríguez,Deportes Quindío,Deportes Quindío,LAMF,29.0,100000,,5,257,0,0.64,0,0.0,,,Colombia,Colombia,derecho,180,71,no,,,,,,,0.0,,,1.91,,0,,0,,,,0,,,0,,9,,,0.0,,,,,,,,,,,,,,,,,,,,,,,,,,,,,,19.91,22.49,,,,,,,,,,,,,,,,,,0,,0,,0,0.0,0.0,,,,,,,,,,0,0.0,Deportes Quindío,Colombia,QUI,COL_QUI,Attacking Midfield
J. Aponza,Deportivo Cali,Deportivo Cali,LW,19.0,0,,6,271,0,0.75,0,0.32,,,Colombia,Colombia,,0,0,si,,,,,,,0.0,,,5.88,,0,,0,,,,0,,,0,,8,,,0.0,,,,,,,,,,,,,,,,,,,,,,,,,,,,,,16.95,16.15,,,,,,,,,,,,,,,,,,0,,0,,0,0.0,0.0,,,,,,,,,,0,0.0,Deportivo Cali,Colombia,CAL,COL_CAL,Wingers
Eric Larrama Camblong,Unión Magdalena,Unión Magdalena,LAMF,25.0,0,,5,272,1,0.1,0,0.18,,,Uruguay,Uruguay,izquierdo,184,74,no,,,,,,,2.07,,,2.59,,0,,0,,,,1,,,0,,4,,,25.0,,,,,,,,,,,,,,,,,,,,,,,,,,,,,,16.84,7.62,,,,,,,,,,,,,,,,,,0,,0,,0,0.0,0.0,,,,,,,,,,0,0.0,Unión Magdalena,Colombia,UMG,COL_UMG,Attacking Midfield
P. Preciado,Deportivo Pasto,Deportivo Pasto,CF,20.0,0,,7,278,1,0.62,0,0.07,,,Colombia,Colombia,,0,0,no,,,,,,,0.5,,,1.5,,2,,0,,,,1,,,0,,6,,,16.667,,,,,,,,,,,,,,,,,,,,,,,,,,,,,,15.84,5.75,,,,,,,,,,,,,,,,,,0,,0,,0,0.0,0.0,,,,,,,,,,0,0.0,Deportivo Pasto,Colombia,PAS,COL_PAS,Forwards
S. Bello,Patriotas Boyacá,Patriotas Boyacá,RB,20.0,0,2025-12-31,7,280,0,0.02,0,0.06,,,Colombia,Colombia,unknown,184,75,no,,,,,,,0.88,,,5.74,,0,,0,,,,0,,,0,,1,,,0.0,,,,,,,,,,,,,,,,,,,,,,,,,,,,,,14.79,30.44,,,,,,,,,,,,,,,,,,0,,0,,0,0.0,0.0,,,,,,,,,,0,0.0,Patriotas Boyacá,Colombia,PAT,COL_PAT,Defenders
D. Pino,Jaguares de Córdoba,Jaguares de Córdoba,LCMF,30.0,250000,,7,287,0,0.04,0,0.06,,,Colombia,Colombia,derecho,173,67,no,,,,,,,0.91,,,3.64,,2,,0,,,,0,,,0,,1,,,0.0,,,,,,,,,,,,,,,,,,,,,,,,,,,,,,14.54,11.82,,,,,,,,,,,,,,,,,,0,,0,,0,0.0,0.0,,,,,,,,,,0,0.0,Jaguares de Córdoba,Colombia,JAG,COL_JAG,Midfield
C. Iguaran,Unión Magdalena,Unión Magdalena,CF,20.0,0,,5,291,1,0.9,1,0.3,,,Colombia,Colombia,,0,0,no,,,,,,,0.38,,,3.04,,0,,0,,,,1,,,0,,5,,,20.0,,,,,,,,,,,,,,,,,,,,,,,,,,,,,,15.73,21.48,,,,,,,,,,,,,,,,,,0,,0,,0,0.0,0.0,,,,,,,,,,0,0.0,Unión Magdalena,Colombia,UMG,COL_UMG,Forwards
S. Noreña,Envigado,Envigado,LCB,27.0,300000,,3,292,0,0.0,0,0.08,,,Colombia,Colombia,derecho,182,74,no,,,,,,,0.0,,,7.29,,1,,0,,,,0,,,0,,0,,,0.0,,,,,,,,,,,,,,,,,,,,,,,,,,,,,,22.35,36.15,,,,,,,,,,,,,,,,,,0,,0,,0,0.0,0.0,,,,,,,,,,0,0.0,Envigado,Colombia,ENV,COL_ENV,Defenders
F. Mimbacas,Deportivo Cali,Deportivo Cali,CF,23.0,0,2028-06-30,8,293,2,1.1,0,0.0,,,Uruguay,Uruguay,izquierdo,195,0,si,,,,,,,0.0,,,2.22,,2,,0,,,,1,,,0,,3,,,66.667,,,,,,,,,,,,,,,,,,,,,,,,,,,,,,13.43,8.76,,,,,,,,,,,,,,,,,,0,,0,,0,0.0,0.0,,,,,,,,,,1,100.0,Deportivo Cali,Colombia,CAL,COL_CAL,Forwards
C. Uribe,Atlético Nacional,Atlético Nacional,RB,17.0,0,,6,293,0,0.03,0,0.0,,,Colombia,Colombia,unknown,0,0,no,,,,,,,0.48,,,6.77,,0,,0,,,,0,,,0,,1,,,0.0,,,,,,,,,,,,,,,,,,,,,,,,,,,,,,19.6,27.32,,,,,,,,,,,,,,,,,,0,,0,,0,0.0,0.0,,,,,,,,,,0,0.0,Atlético Nacional,Colombia,NAC,COL_NAC,Defenders
M. Balanta Viveros,Santa Fe,Santa Fe,LAMF,17.0,0,,9,295,0,0.33,0,0.42,,,Colombia,Colombia,,0,0,no,,,,,,,0.48,,,4.35,,2,,0,,,,0,,,0,,9,,,0.0,,,,,,,,,,,,,,,,,,,,,,,,,,,,,,16.15,11.62,,,,,,,,,,,,,,,,,,0,,0,,0,0.0,0.0,,,,,,,,,,0,0.0,Santa Fe,Colombia,STF,COL_STF,Attacking Midfield
L. Gómez,Envigado,Envigado,LDMF,21.0,0,,11,295,0,0.11,0,0.0,,,Colombia,Colombia,izquierdo,185,74,no,,,,,,,0.0,,,6.1,,1,,1,,,,0,,,0,,1,,,0.0,,,,,,,,,,,,,,,,,,,,,,,,,,,,,,15.63,10.38,,,,,,,,,,,,,,,,,,0,,0,,0,0.0,0.0,,,,,,,,,,0,0.0,Envigado,Colombia,ENV,COL_ENV,Defensive Midfield
A. Muñoz,Boyacá Chicó,Boyacá Chicó,RB,21.0,0,,3,297,0,0.02,0,0.0,,,Venezuela,Venezuela,derecho,0,0,no,,,,,,,0.37,,,5.93,,1,,0,,,,0,,,0,,1,,,0.0,,,,,,,,,,,,,,,,,,,,,,,,,,,,,,21.33,29.74,,,,,,,,,,,,,,,,,,0,,0,,0,0.0,0.0,,,,,,,,,,0,0.0,Boyacá Chicó,Colombia,BYC,COL_BYC,Defenders
J. Altamiranda Arrieta,Jaguares de Córdoba,Jaguares de Córdoba,RB,25.0,0,,4,300,0,0.0,0,0.23,,,Colombia,Colombia,derecho,180,72,no,,,,,,,0.95,,,8.57,,0,,0,,,,0,,,0,,1,,,0.0,,,,,,,,,,,,,,,,,,,,,,,,,,,,,,25.62,34.53,,,,,,,,,,,,,,,,,,0,,0,,0,0.0,0.0,,,,,,,,,,0,0.0,Jaguares de Córdoba,Colombia,JAG,COL_JAG,Defenders
F. López,Tolima,Tolima,CF,32.0,400000,2025-06-30,8,304,1,1.54,0,0.09,,,Uruguay,Uruguay,derecho,172,71,no,,,,,,,0.0,,,3.5,,0,,0,,,,1,,,0,,10,,,10.0,,,,,,,,,,,,,,,,,,,,,,,,,,,,,,15.96,12.32,,,,,,,,,,,,,,,,,,0,,0,,0,0.0,0.0,,,,,,,,,,0,0.0,Tolima,Colombia,TOL,COL_TOL,Forwards
K. Salazar,Patriotas Boyacá,Patriotas Boyacá,DMF,27.0,300000,,6,311,0,0.1,0,0.0,,,Colombia,Colombia,derecho,178,73,no,,,,,,,1.32,,,11.03,,1,,0,,,,0,,,0,,3,,,0.0,,,,,,,,,,,,,,,,,,,,,,,,,,,,,,20.18,38.13,,,,,,,,,,,,,,,,,,0,,0,,0,0.0,0.0,,,,,,,,,,0,0.0,Patriotas Boyacá,Colombia,PAT,COL_PAT,Defensive Midfield
T. Soto,Envigado,Envigado,AMF,20.0,0,,10,312,0,0.25,0,0.16,,,Colombia,Colombia,unknown,178,68,no,,,,,,,1.09,,,2.73,,0,,0,,,,0,,,0,,9,,,0.0,,,,,,,,,,,,,,,,,,,,,,,,,,,,,,13.4,14.06,,,,,,,,,,,,,,,,,,0,,0,,0,0.0,0.0,,,,,,,,,,0,0.0,Envigado,Colombia,ENV,COL_ENV,Attacking Midfield
A. Palacios,Envigado,Envigado,LW,21.0,0,,10,315,0,0.03,0,0.24,,,Colombia,Colombia,,0,0,no,,,,,,,0.0,,,3.39,,0,,0,,,,0,,,0,,2,,,0.0,,,,,,,,,,,,,,,,,,,,,,,,,,,,,,17.27,15.89,,,,,,,,,,,,,,,,,,0,,0,,0,0.0,0.0,,,,,,,,,,0,0.0,Envigado,Colombia,ENV,COL_ENV,Wingers
N. Orozco,Envigado,Envigado,AMF,20.0,0,,15,318,0,0.06,0,0.23,,,Colombia,Colombia,,0,0,no,,,,,,,1.22,,,0.61,,2,,0,,,,0,,,0,,3,,,0.0,,,,,,,,,,,,,,,,,,,,,,,,,,,,,,15.72,8.48,,,,,,,,,,,,,,,,,,0,,0,,0,0.0,0.0,,,,,,,,,,0,0.0,Envigado,Colombia,ENV,COL_ENV,Attacking Midfield
C. Meli,Santa Fe,Santa Fe,CF,33.0,500000,2026-12-31,7,318,0,0.0,0,0.16,,,Argentina,Argentina,derecho,174,79,no,,,,,,,1.18,,,3.16,,1,,1,,,,0,,,0,,2,,,0.0,,,,,,,,,,,,,,,,,,,,,,,,,,,,,,18.48,30.81,,,,,,,,,,,,,,,,,,0,,0,,0,0.0,0.0,,,,,,,,,,0,0.0,Santa Fe,Colombia,STF,COL_STF,Forwards
D. Quiñones,La Equidad,La Equidad,DMF,24.0,300000,2025-12-31,7,321,0,0.03,0,0.0,,,Colombia,Colombia,derecho,176,69,no,,,,,,,1.62,,,8.51,,0,,0,,,,0,,,0,,2,,,0.0,,,,,,,,,,,,,,,,,,,,,,,,,,,,,,22.44,42.9,,,,,,,,,,,,,,,,,,0,,0,,0,0.0,0.0,,,,,,,,,,0,0.0,La Equidad,Colombia,EQU,COL_EQU,Defensive Midfield
C. Gaitán,Boyacá Chicó,Boyacá Chicó,RCMF,35.0,25000,,6,322,0,0.06,0,0.01,,,Argentina,"Argentina, Italy",derecho,173,69,no,,,,,,,0.33,,,3.3,,3,,0,,,,0,,,0,,1,,,0.0,,,,,,,,,,,,,,,,,,,,,,,,,,,,,,17.88,24.29,,,,,,,,,,,,,,,,,,0,,0,,0,0.0,0.0,,,,,,,,,,0,0.0,Boyacá Chicó,Colombia,BYC,COL_BYC,Midfield
J. Rivaldo,Águilas Doradas,Águilas Doradas,CF,21.0,0,,6,322,3,2.11,0,0.02,,,Colombia,Colombia,,189,0,si,,,,,,,0.0,,,1.36,,2,,0,,,,3,,,0,,12,,,25.0,,,,,,,,,,,,,,,,,,,,,,,,,,,,,,13.19,0.0,,,,,,,,,,,,,,,,,,0,,0,,0,0.0,0.0,,,,,,,,,,0,0.0,Águilas Doradas,Colombia,AGD,COL_AGD,Forwards
C. Cantillo,Junior,Junior,LB,22.0,150000,,8,324,0,0.39,1,0.03,,,Colombia,Colombia,izquierdo,176,73,no,,,,,,,0.97,,,5.81,,0,,0,,,,0,,,0,,5,,,0.0,,,,,,,,,,,,,,,,,,,,,,,,,,,,,,15.22,15.58,,,,,,,,,,,,,,,,,,0,,0,,0,0.0,0.0,,,,,,,,,,0,0.0,Junior,Colombia,JNR,COL_JNR,Defenders
Y. Congo,Unión Magdalena,Unión Magdalena,RDMF,27.0,300000,,9,324,0,0.36,0,0.0,,,Colombia,Colombia,derecho,176,74,no,,,,,,,0.0,,,2.53,,1,,0,,,,0,,,0,,6,,,0.0,,,,,,,,,,,,,,,,,,,,,,,,,,,,,,16.14,19.14,,,,,,,,,,,,,,,,,,0,,0,,0,0.0,0.0,,,,,,,,,,0,0.0,Unión Magdalena,Colombia,UMG,COL_UMG,Defensive Midfield
S. Viveros del Castillo,Millonarios,Millonarios,RDMF,20.0,0,,5,326,1,0.5,1,0.14,,,Colombia,Colombia,unknown,0,0,no,,,,,,,0.68,,,5.11,,0,,0,,,,1,,,0,,8,,,12.5,,,,,,,,,,,,,,,,,,,,,,,,,,,,,,19.15,31.6,,,,,,,,,,,,,,,,,,0,,0,,0,0.0,0.0,,,,,,,,,,0,0.0,Millonarios,Colombia,MIL,COL_MIL,Defensive Midfield
R. Caicedo,Atlético Nacional,Atlético Nacional,LCB,19.0,0,,4,331,0,0.0,0,0.0,,,Colombia,Colombia,unknown,0,0,no,,,,,,,0.0,,,7.27,,1,,0,,,,0,,,0,,1,,,0.0,,,,,,,,,,,,,,,,,,,,,,,,,,,,,,23.61,42.62,,,,,,,,,,,,,,,,,,0,,0,,0,0.0,0.0,,,,,,,,,,0,0.0,Atlético Nacional,Colombia,NAC,COL_NAC,Defenders
F. Batista,Atlético Nacional,Atlético Nacional,CF,26.0,0,2026-12-31,8,331,3,1.95,0,0.22,,,Uruguay,Uruguay,derecho,182,75,no,,,,,,,0.0,,,2.14,,0,,0,,,,2,,,0,,7,,,42.857,,,,,,,,,,,,,,,,,,,,,,,,,,,,,,12.69,3.36,,,,,,,,,,,,,,,,,,0,,0,,0,0.0,0.0,,,,,,,,,,1,100.0,Atlético Nacional,Colombia,NAC,COL_NAC,Forwards
E. Arízalas,Deportivo Pereira,Deportivo Pereira,RAMF,23.0,0,2026-06-30,6,335,0,0.19,0,0.0,,,Colombia,Colombia,,0,0,no,,,,,,,0.39,,,5.06,,1,,0,,,,0,,,0,,4,,,0.0,,,,,,,,,,,,,,,,,,,,,,,,,,,,,,18.44,15.53,,,,,,,,,,,,,,,,,,0,,0,,0,0.0,0.0,,,,,,,,,,0,0.0,Deportivo Pereira,Colombia,PER,COL_PER,Attacking Midfield
M. Arteaga,Once Caldas,Once Caldas,AMF,26.0,200000,,9,338,0,0.15,0,0.57,,,Colombia,Colombia,derecho,167,0,no,,,,,,,1.23,,,4.11,,2,,0,,,,0,,,0,,2,,,0.0,,,,,,,,,,,,,,,,,,,,,,,,,,,,,,18.76,18.43,,,,,,,,,,,,,,,,,,0,,0,,0,0.0,0.0,,,,,,,,,,0,0.0,Once Caldas,Colombia,ONC,COL_ONC,Attacking Midfield
D. Valencia,Envigado,Envigado,RAMF,26.0,300000,,6,346,0,0.0,0,0.3,,,Colombia,Colombia,izquierdo,0,0,no,,,,,,,0.0,,,4.34,,1,,0,,,,0,,,0,,0,,,0.0,,,,,,,,,,,,,,,,,,,,,,,,,,,,,,15.39,16.6,,,,,,,,,,,,,,,,,,0,,0,,0,0.0,0.0,,,,,,,,,,0,0.0,Envigado,Colombia,ENV,COL_ENV,Attacking Midfield
J. Blanco,Atlético Bucaramanga,Atlético Bucaramanga,CF,33.0,600000,,7,348,0,2.1,0,0.0,,,Colombia,Colombia,derecho,181,69,no,,,,,,,1.15,,,1.73,,1,,0,,,,0,,,0,,9,,,0.0,,,,,,,,,,,,,,,,,,,,,,,,,,,,,,15.76,3.02,,,,,,,,,,,,,,,,,,0,,0,,0,0.0,0.0,,,,,,,,,,0,0.0,Atlético Bucaramanga,Colombia,BUC,COL_BUC,Forwards
Y. Martínez,Boyacá Chicó,Boyacá Chicó,LB,24.0,50000,,4,349,0,0.03,0,0.27,,,Colombia,Colombia,derecho,173,66,no,,,,,,,1.4,,,8.02,,0,,0,,,,0,,,0,,1,,,0.0,,,,,,,,,,,,,,,,,,,,,,,,,,,,,,22.34,35.74,,,,,,,,,,,,,,,,,,0,,0,,0,0.0,0.0,,,,,,,,,,0,0.0,Boyacá Chicó,Colombia,BYC,COL_BYC,Defenders
J. Moreno,Deportivo Cali,Deportivo Cali,CF,21.0,0,,8,349,0,0.17,0,0.09,,,Colombia,Colombia,unknown,0,0,no,,,,,,,0.8,,,2.4,,3,,0,,,,0,,,0,,7,,,0.0,,,,,,,,,,,,,,,,,,,,,,,,,,,,,,15.38,0.0,,,,,,,,,,,,,,,,,,0,,0,,0,0.0,0.0,,,,,,,,,,0,0.0,Deportivo Cali,Colombia,CAL,COL_CAL,Forwards
J. Mera,Tolima,Tolima,RCB,23.0,0,2027-06-30,6,356,0,0.0,0,0.0,,,Colombia,Colombia,derecho,185,82,no,,,,,,,0.0,,,7.19,,0,,0,,,,0,,,0,,0,,,0.0,,,,,,,,,,,,,,,,,,,,,,,,,,,,,,15.81,23.26,,,,,,,,,,,,,,,,,,0,,0,,0,0.0,0.0,,,,,,,,,,0,0.0,Tolima,Colombia,TOL,COL_TOL,Defenders
S. Cárdenas,Atlético Bucaramanga,Atlético Bucaramanga,AMF,35.0,200000,,9,368,0,0.21,1,0.42,,,Colombia,Colombia,izquierdo,168,68,no,,,,,,,0.0,,,1.15,,0,,0,,,,0,,,0,,5,,,0.0,,,,,,,,,,,,,,,,,,,,,,,,,,,,,,15.4,22.26,,,,,,,,,,,,,,,,,,0,,0,,0,0.0,0.0,,,,,,,,,,0,0.0,Atlético Bucaramanga,Colombia,BUC,COL_BUC,Attacking Midfield
M. Torres,Alianza,Alianza,LW,22.0,200000,,9,379,0,0.13,0,0.11,,,Colombia,Colombia,derecho,176,69,no,,,,,,,0.42,,,0.85,,0,,0,,,,0,,,0,,2,,,0.0,,,,,,,,,,,,,,,,,,,,,,,,,,,,,,12.44,6.03,,,,,,,,,,,,,,,,,,0,,0,,0,0.0,0.0,,,,,,,,,,0,0.0,Alianza,Colombia,ALV,COL_ALV,Wingers
K. Lenis,Jaguares de Córdoba,Jaguares de Córdoba,LW,24.0,0,,5,393,0,0.21,0,0.72,,,Panama,Panama,derecho,170,67,no,,,,,,,0.0,,,3.67,,0,,0,,,,0,,,0,,9,,,0.0,,,,,,,,,,,,,,,,,,,,,,,,,,,,,,14.66,18.97,,,,,,,,,,,,,,,,,,0,,0,,0,0.0,0.0,,,,,,,,,,0,0.0,Jaguares de Córdoba,Colombia,JAG,COL_JAG,Wingers
E. Orejuela,Boyacá Chicó,Boyacá Chicó,GK,24.0,50000,,4,400,0,0.0,0,0.0,0.23,100.0,Colombia,Colombia,izquierdo,186,78,no,1.58,0.0,0.0,0.23,100.0,0.0,0.0,0.0,1.58,2.28,0.0,1,0.23,0,0.0,0.0,0.0,0,0.0,0.0,0,0.0,0,0.0,0.0,0.0,0.0,0.0,0.0,0.0,0.0,0.0,0.0,0.0,0.0,0.0,0.0,0.0,0.0,0.0,4.73,0.23,0.23,9.68,79.07,6.75,70.0,0.0,0.0,2.7,100.0,5.4,100.0,4.28,52.63,36.44,53.86,0.0,0.0,0.0,0.0,0.0,0.0,0.0,2.48,36.36,0.9,0.0,0.68,0.0,0.0,0.0,2.7,75.0,7,1.58,13,2.93,1,46.15,5.41,1.22,-1.59,-0.358,0.0,0.45,,,,0.0,0,0.0,Boyacá Chicó,Colombia,BYC,COL_BYC,Goalkeepers
D. Palomeque,Unión Magdalena,Unión Magdalena,RCB,31.0,0,,4,400,0,0.0,0,0.0,15.75,62.86,Colombia,Colombia,unknown,183,0,no,10.35,6.75,80.0,4.05,44.44,0.23,0.28,0.9,4.73,5.89,1.58,3,0.68,0,0.0,0.23,0.0,0,0.0,0.0,0,0.0,0,0.0,0.0,0.0,0.0,0.0,0.0,0.0,0.0,0.0,0.0,0.23,100.0,1.8,50.0,0.23,0.23,0.0,18.68,0.23,1.13,32.4,83.33,13.27,67.8,1.58,85.71,14.63,96.92,27.9,87.9,4.5,55.0,19.11,35.62,0.0,0.0,0.0,0.0,0.0,0.0,0.0,2.03,66.67,0.0,0.0,0.0,0.0,0.0,0.0,4.73,33.33,0,,0,,0,0.0,0.0,0.0,,,0.45,,0.0,0.0,0.0,0.0,0,0.0,Unión Magdalena,Colombia,UMG,COL_UMG,Defenders
Jeferson Rivas,Deportivo Pasto,Deportivo Pasto,CF,28.0,150000,,9,401,1,0.71,0,0.05,14.14,25.4,Colombia,Colombia,derecho,181,77,no,2.24,3.59,37.5,2.69,16.67,0.0,0.0,0.0,0.9,1.12,0.67,0,0.0,0,0.0,0.9,0.22,1,0.22,0.16,0,0.0,6,1.35,33.33,16.667,0.0,0.0,0.0,0.0,0.0,0.0,0.0,1.12,40.0,4.94,27.27,0.67,0.45,0.0,9.88,1.57,0.67,13.02,77.59,1.8,50.0,5.61,88.0,4.26,73.68,13.02,77.59,0.0,0.0,16.97,0.0,0.01,0.45,0.0,0.0,0.0,0.0,0.22,1.57,71.43,0.67,66.67,0.0,0.0,0.22,0.0,1.35,50.0,0,,0,,0,0.0,0.0,0.0,,,0.0,,0.0,0.0,0.0,0.0,0,0.0,Deportivo Pasto,Colombia,PAS,COL_PAS,Forwards
D. Borrero,América de Cali,América de Cali,LAMF,23.0,3000000,,8,403,1,1.1,0,0.84,13.18,47.46,Colombia,Colombia,derecho,179,72,no,3.8,3.35,80.0,0.89,0.0,0.0,0.0,0.0,1.12,1.69,0.45,0,0.0,0,0.0,4.02,0.22,1,0.22,0.25,0,0.0,10,2.23,20.0,10.0,3.13,42.86,2.68,50.0,0.45,0.0,0.45,3.8,58.82,7.59,35.29,2.9,1.79,0.89,32.61,3.35,1.34,42.43,78.42,12.06,57.41,10.27,93.48,10.94,77.55,34.84,85.26,4.47,50.0,18.81,28.29,0.19,1.34,0.0,0.22,0.22,0.0,0.45,7.15,53.13,4.24,36.84,1.12,0.0,0.89,1.12,6.48,79.31,0,,0,,0,0.0,0.0,0.0,,,0.0,,0.0,0.0,0.0,1.56,0,0.0,América de Cali,Colombia,AME,COL_AME,Attacking Midfield
I. Arboleda,Millonarios,Millonarios,GK,29.0,800000,,5,411,0,0.0,0,0.0,0.22,0.0,Colombia,Colombia,derecho,185,80,no,0.88,0.0,0.0,0.22,0.0,0.0,0.0,0.0,0.88,1.48,0.0,0,0.0,0,0.0,0.0,0.0,0,0.0,0.0,0,0.0,0,0.0,0.0,0.0,0.0,0.0,0.0,0.0,0.0,0.0,0.0,0.0,0.0,0.0,0.0,0.0,0.0,0.0,3.5,0.22,0.0,9.64,86.36,5.47,76.0,0.0,0.0,4.16,100.0,7.01,100.0,2.63,50.0,22.95,27.56,0.0,0.0,0.0,0.0,0.0,0.0,0.0,0.22,0.0,0.22,0.0,0.22,0.0,0.0,0.0,2.19,50.0,8,1.75,24,5.26,0,66.67,6.41,1.4,-1.59,-0.348,0.0,1.31,,,,0.0,0,0.0,Millonarios,Colombia,MIL,COL_MIL,Goalkeepers
K. López,Deportivo Pasto,Deportivo Pasto,GK,22.0,0,,4,412,0,0.0,0,0.0,0.22,100.0,Colombia,Colombia,unknown,0,0,no,1.31,0.0,0.0,0.22,100.0,0.0,0.0,0.0,1.31,1.75,0.0,0,0.0,0,0.0,0.0,0.0,0,0.0,0.0,0,0.0,0,0.0,0.0,0.0,0.0,0.0,0.0,0.0,0.0,0.0,0.0,0.0,0.0,0.0,0.0,0.0,0.0,0.0,3.71,0.0,0.22,8.3,92.11,5.02,86.96,0.0,0.0,3.06,100.0,5.24,100.0,3.06,78.57,38.8,52.09,0.0,0.0,0.0,0.0,0.0,0.0,0.0,1.53,71.43,0.0,0.0,0.0,0.0,0.0,0.0,2.4,90.91,3,0.66,12,2.62,2,75.0,1.87,0.41,-1.13,-0.247,0.0,0.66,,,,0.0,0,0.0,Deportivo Pasto,Colombia,PAS,COL_PAS,Goalkeepers
E. Mosquera,Millonarios,Millonarios,LW,24.0,400000,2026-12-31,8,415,0,0.63,0,0.74,19.08,37.5,Colombia,Colombia,derecho,172,68,si,3.04,3.9,55.56,0.65,66.67,0.22,0.38,0.0,0.65,1.15,1.52,2,0.43,0,0.0,4.77,0.0,0,0.0,0.14,0,0.0,7,1.52,14.29,0.0,3.9,33.33,3.04,35.71,0.87,25.0,0.0,5.64,53.85,13.45,33.87,2.39,4.77,0.87,28.84,2.39,1.52,31.88,80.95,4.34,65.0,9.98,97.83,8.24,73.68,27.54,88.19,0.43,50.0,16.51,8.3,0.16,1.3,0.22,0.0,0.22,100.0,1.08,2.17,80.0,3.04,50.0,0.43,50.0,1.08,1.3,3.47,81.25,0,,0,,0,0.0,0.0,0.0,,,0.0,,0.0,0.0,0.0,0.87,0,0.0,Millonarios,Colombia,MIL,COL_MIL,Wingers
J. Murillo,América de Cali,América de Cali,LWF,29.0,0,,8,417,0,0.44,0,0.46,18.35,56.47,Venezuela,Venezuela,derecho,170,70,no,5.18,4.32,70.0,1.73,50.0,0.0,0.0,0.0,2.16,3.26,1.29,1,0.22,0,0.0,3.67,0.0,0,0.0,0.09,0,0.0,5,1.08,20.0,0.0,1.73,50.0,0.65,66.67,1.08,40.0,0.22,3.88,55.56,9.93,56.52,3.45,3.02,0.22,17.27,2.37,2.16,22.23,81.55,4.96,69.57,4.53,100.0,6.69,80.65,19.86,84.78,0.65,66.67,16.06,8.38,0.1,1.73,0.0,0.0,0.65,66.67,0.86,1.51,71.43,2.16,80.0,0.65,66.67,2.37,0.86,3.02,92.86,0,,0,,0,0.0,0.0,0.0,,,0.0,,0.0,0.0,0.0,0.0,0,0.0,América de Cali,Colombia,AME,COL_AME,Wingers
M. Ramírez,Águilas Doradas,Águilas Doradas,LAMF,26.0,175000,2025-12-31,7,419,0,0.46,2,0.83,19.98,49.46,Argentina,Argentina,derecho,175,72,si,8.38,7.52,62.86,1.93,66.67,0.64,0.93,0.0,3.01,4.33,1.5,0,0.0,0,0.0,1.72,0.0,0,0.0,0.1,0,0.0,10,2.15,20.0,0.0,2.36,18.18,1.29,33.33,0.86,0.0,0.43,2.79,30.77,7.52,34.29,0.86,2.15,0.0,15.68,2.36,1.93,19.98,69.89,6.01,67.86,4.51,85.71,5.58,57.69,15.47,79.17,2.79,46.15,20.09,33.91,0.18,0.64,0.0,0.0,0.0,0.0,0.43,3.65,76.47,3.01,35.71,0.43,50.0,0.64,0.43,4.08,84.21,0,,0,,0,0.0,0.0,0.0,,,0.0,,1.07,0.43,0.0,0.64,0,0.0,Águilas Doradas,Colombia,AGD,COL_AGD,Attacking Midfield
G. de Amores,Millonarios,Millonarios,GK,30.0,500000,2025-12-31,5,421,0,0.0,0,0.0,0.64,66.67,Uruguay,"Uruguay, Italy",derecho,190,76,no,0.86,0.43,50.0,0.21,100.0,0.0,0.0,0.0,0.64,0.89,0.0,2,0.43,0,0.0,0.0,0.0,0,0.0,0.0,0,0.0,0,0.0,0.0,0.0,0.0,0.0,0.0,0.0,0.0,0.0,0.0,0.0,0.0,0.0,0.0,0.0,0.0,0.0,7.05,0.0,0.21,11.97,85.71,6.84,75.0,0.0,0.0,4.7,100.0,8.12,97.37,3.85,61.11,30.82,50.71,0.0,0.0,0.0,0.0,0.0,0.0,0.0,0.64,33.33,0.0,0.0,0.0,0.0,0.0,0.0,3.42,75.0,9,1.92,16,3.42,1,43.75,5.02,1.07,-3.98,-0.851,0.0,1.28,,,,0.0,0,0.0,Millonarios,Colombia,MIL,COL_MIL,Goalkeepers
J. Arango,Deportes Quindío,Deportes Quindío,AMF,27.0,250000,,11,424,0,0.37,0,0.9,13.37,41.27,Colombia,Colombia,derecho,170,60,no,3.61,3.18,46.67,0.21,0.0,0.85,1.4,0.0,1.27,2.09,0.64,0,0.0,0,0.0,2.33,0.0,0,0.0,0.08,0,0.0,5,1.06,0.0,0.0,1.91,66.67,0.42,50.0,1.49,71.43,0.21,3.61,29.41,8.92,45.24,0.85,1.91,0.0,32.48,0.42,1.91,42.03,87.37,13.16,79.03,4.88,100.0,17.41,91.46,34.17,90.68,5.94,75.0,18.08,20.98,0.19,1.91,0.0,0.21,0.85,0.0,1.27,10.4,79.59,4.67,59.09,3.18,53.33,1.7,1.27,6.79,96.88,0,,0,,0,0.0,0.0,0.0,,,0.0,,1.91,0.0,0.0,3.4,0,0.0,Deportes Quindío,Colombia,QUI,COL_QUI,Attacking Midfield
J. Bolívar,La Equidad,La Equidad,CF,23.0,300000,2028-06-30,8,425,1,0.73,0,0.14,19.91,35.11,Venezuela,Venezuela,derecho,176,74,si,4.02,1.48,100.0,7.41,34.29,0.0,0.0,0.21,2.54,2.93,0.42,1,0.21,0,0.0,0.85,0.21,1,0.21,0.15,0,0.0,6,1.27,16.67,16.667,1.06,20.0,0.42,50.0,0.64,0.0,0.21,1.69,25.0,8.89,28.57,2.12,1.06,0.0,10.8,2.12,1.48,18.21,63.95,3.18,46.67,4.66,86.36,4.66,40.91,16.73,68.35,0.42,0.0,12.47,14.17,0.03,0.42,0.21,0.0,0.0,0.0,0.42,1.91,44.44,1.91,11.11,0.21,0.0,0.64,0.0,2.33,36.36,0,,0,,0,0.0,0.0,0.0,,,0.0,,0.0,0.0,0.0,0.21,0,0.0,La Equidad,Colombia,EQU,COL_EQU,Forwards
M. Mónaco,La Equidad,La Equidad,RW,23.0,0,2025-12-31,10,428,2,0.33,1,0.32,15.77,41.33,Argentina,Argentina,izquierdo,179,67,no,5.89,5.68,70.37,1.47,28.57,0.63,0.78,0.0,1.26,1.57,1.05,1,0.21,0,0.0,1.68,0.42,2,0.42,0.07,0,0.0,7,1.47,42.86,28.571,0.84,0.0,0.21,0.0,0.63,0.0,0.0,1.68,37.5,6.52,25.81,1.05,0.42,0.21,15.14,0.21,1.05,16.82,73.75,5.68,62.96,3.15,80.0,4.84,69.57,14.72,80.0,1.26,50.0,16.97,8.37,0.07,0.63,0.0,0.0,0.63,66.67,0.42,2.52,83.33,1.05,20.0,0.84,50.0,0.42,0.0,3.15,86.67,0,,0,,0,0.0,0.0,0.0,,,0.0,,0.0,0.0,0.0,0.0,0,0.0,La Equidad,Colombia,EQU,COL_EQU,Wingers
R. Valencia,Boyacá Chicó,Boyacá Chicó,RW,24.0,0,,9,431,1,0.41,1,0.36,15.66,41.33,Colombia,Colombia,derecho,180,0,no,3.97,3.34,62.5,1.67,50.0,0.0,0.0,0.0,1.88,2.76,0.21,1,0.21,0,0.0,3.55,0.21,1,0.21,0.09,0,0.0,9,1.88,33.33,11.111,1.88,55.56,0.42,0.0,1.46,71.43,0.0,4.39,42.86,9.4,35.56,1.04,1.46,0.42,10.44,0.84,1.67,14.41,68.12,1.88,77.78,4.59,81.82,5.01,45.83,11.28,72.22,1.25,50.0,20.57,17.23,0.08,0.63,0.0,0.0,0.0,0.0,0.0,1.25,33.33,1.88,66.67,0.21,0.0,0.0,1.04,2.51,75.0,0,,0,,0,0.0,0.0,0.0,,,0.0,,0.63,0.21,0.0,0.84,0,0.0,Boyacá Chicó,Colombia,BYC,COL_BYC,Wingers
C. Haydar,Atlético Nacional,Atlético Nacional,LCB,24.0,800000,,5,432,0,0.09,0,0.01,8.54,56.1,Colombia,Colombia,izquierdo,183,76,si,6.46,2.92,57.14,2.08,60.0,0.0,0.0,0.83,4.79,7.04,0.42,1,0.21,0,0.0,0.63,0.0,0,0.0,0.02,0,0.0,1,0.21,0.0,0.0,0.63,0.0,0.63,0.0,0.0,0.0,0.42,0.83,50.0,3.13,53.33,0.21,1.25,0.0,32.5,0.42,0.83,45.21,85.71,19.38,78.49,3.33,93.75,17.29,92.77,38.75,93.01,5.83,46.43,20.99,44.22,0.0,0.21,0.0,0.0,0.21,100.0,0.0,6.67,68.75,2.29,36.36,0.83,50.0,1.04,0.0,9.79,74.47,0,,0,,0,0.0,0.0,0.0,,,1.46,,0.42,0.0,0.0,0.0,0,0.0,Atlético Nacional,Colombia,NAC,COL_NAC,Defenders
J. Alemán,Unión Magdalena,Unión Magdalena,RW,23.0,0,,13,435,0,0.18,1,0.96,17.38,45.24,Colombia,Colombia,,0,0,no,4.97,3.52,58.82,4.76,56.52,0.41,0.57,0.21,2.48,3.43,1.03,1,0.21,0,0.0,1.45,0.0,0,0.0,0.04,0,0.0,2,0.41,0.0,0.0,2.48,16.67,0.0,0.0,2.48,16.67,0.21,2.48,41.67,7.24,31.43,2.9,1.45,0.0,17.38,3.52,1.45,25.45,73.17,4.97,58.33,5.79,96.43,8.48,65.85,21.31,82.52,1.86,33.33,17.2,17.12,0.2,0.83,0.0,0.0,0.0,0.0,0.41,2.07,50.0,2.07,20.0,0.21,100.0,0.83,0.41,3.93,68.42,0,,0,,0,0.0,0.0,0.0,,,0.0,,0.0,0.0,0.0,0.0,0,0.0,Unión Magdalena,Colombia,UMG,COL_UMG,Wingers
J. Valencia,Deportivo Pasto,Deportivo Pasto,LCMF,26.0,250000,,9,436,0,0.01,0,0.0,14.24,50.72,Colombia,Colombia,derecho,185,79,no,4.95,4.33,57.14,3.92,52.63,0.21,0.25,0.62,2.27,2.73,1.24,1,0.21,0,0.0,0.62,0.0,0,0.0,0.0,0,0.0,4,0.83,0.0,0.0,0.41,50.0,0.21,100.0,0.21,0.0,0.21,1.03,40.0,3.92,47.37,0.0,0.41,0.0,18.78,0.21,1.03,27.45,88.72,10.53,82.35,2.68,92.31,10.73,90.38,23.94,93.1,3.1,60.0,18.11,36.25,0.0,0.0,0.0,0.0,0.21,0.0,0.0,4.54,77.27,0.83,50.0,0.21,100.0,0.41,0.0,6.81,81.82,0,,0,,0,0.0,0.0,0.0,,,0.0,,0.0,0.0,0.0,0.0,0,0.0,Deportivo Pasto,Colombia,PAS,COL_PAS,Midfield
R. Castillo,Deportivo Pereira,Deportivo Pereira,CF,33.0,300000,2025-12-31,9,438,1,1.38,1,0.07,17.47,41.18,Honduras,Honduras,derecho,183,76,no,2.47,1.85,55.56,5.34,46.15,0.0,0.0,0.0,1.44,2.02,1.23,1,0.21,0,0.0,0.41,0.21,1,0.21,0.28,0,0.0,9,1.85,11.11,11.111,0.0,0.0,0.0,0.0,0.0,0.0,0.0,0.62,33.33,6.78,45.45,1.64,0.21,0.0,6.78,1.64,2.05,10.89,77.36,1.23,66.67,3.29,81.25,3.7,77.78,10.07,81.63,0.82,25.0,14.9,11.12,0.01,0.21,0.0,0.0,0.0,0.0,0.41,0.62,66.67,0.62,66.67,0.0,0.0,0.21,0.0,0.62,66.67,0,,0,,0,0.0,0.0,0.0,,,0.0,,0.0,0.0,0.0,0.0,0,0.0,Deportivo Pereira,Colombia,PER,COL_PER,Forwards
T. Molina,Santa Fe,Santa Fe,LDMF,21.0,0,,9,448,0,0.04,0,0.0,17.68,57.95,Colombia,Colombia,unknown,0,0,no,9.04,8.84,70.45,1.0,60.0,0.2,0.28,0.8,2.61,3.61,2.01,1,0.2,0,0.0,0.8,0.0,0,0.0,0.01,0,0.0,4,0.8,25.0,0.0,0.0,0.0,0.0,0.0,0.0,0.0,0.0,1.41,42.86,6.43,43.75,0.0,0.2,0.0,15.67,0.0,2.01,23.91,84.87,6.43,75.0,2.21,100.0,13.26,87.88,22.5,88.39,1.41,28.57,13.86,18.0,0.0,0.0,0.0,0.0,0.0,0.0,0.0,2.61,69.23,0.2,0.0,0.2,0.0,0.0,0.0,3.21,56.25,0,,0,,0,0.0,0.0,0.0,,,0.2,,0.2,0.0,0.0,0.0,0,0.0,Santa Fe,Colombia,STF,COL_STF,Defensive Midfield
G. Ritacco,Deportivo Pasto,Deportivo Pasto,AMF,32.0,300000,,12,448,0,0.31,2,0.29,19.08,32.63,Argentina,Argentina,derecho,175,0,no,6.23,5.63,57.14,0.8,0.0,0.8,1.14,0.0,2.21,3.14,1.81,1,0.2,0,0.0,1.41,0.0,0,0.0,0.06,0,0.0,6,1.21,0.0,0.0,0.6,33.33,0.4,50.0,0.2,0.0,0.4,2.21,36.36,9.64,25.0,1.0,2.61,0.6,27.12,1.0,2.01,31.54,76.43,9.04,55.56,6.63,96.97,9.84,83.67,28.33,80.14,2.61,46.15,15.27,20.2,0.06,0.8,0.2,0.0,0.8,50.0,0.2,5.83,62.07,1.61,25.0,0.6,33.33,0.4,0.2,3.62,66.67,0,,0,,0,0.0,0.0,0.0,,,0.2,,1.0,0.0,0.0,3.21,0,0.0,Deportivo Pasto,Colombia,PAS,COL_PAS,Attacking Midfield
B. Churi,Llaneros,Llaneros,RAMF,20.0,0,,11,455,0,0.73,0,0.47,18.4,30.11,Colombia,Colombia,,0,0,no,3.56,3.76,57.89,1.78,22.22,0.0,0.0,0.0,1.38,2.23,1.19,0,0.0,0,0.0,3.16,0.0,0,0.0,0.14,0,0.0,4,0.79,0.0,0.0,3.16,37.5,0.0,0.0,3.16,37.5,0.4,4.95,40.0,11.47,24.14,2.77,2.77,0.4,12.86,2.57,0.79,18.4,80.65,3.16,68.75,4.55,100.0,6.73,76.47,14.64,93.24,0.59,0.0,17.07,8.3,0.09,0.79,0.0,0.0,0.0,0.0,0.59,0.4,50.0,2.77,50.0,0.0,0.0,1.38,1.19,3.36,76.47,0,,0,,0,0.0,0.0,0.0,,,0.0,,0.0,0.0,0.0,0.0,0,0.0,Llaneros,Colombia,LNR,COL_LNR,Attacking Midfield
T. Salazar,Águilas Doradas,Águilas Doradas,AMF,25.0,50000,,16,471,0,0.2,1,0.23,14.14,35.14,Colombia,Colombia,derecho,180,67,no,6.31,6.11,46.88,1.72,44.44,1.53,2.29,0.0,1.91,2.86,2.87,3,0.57,0,0.0,0.57,0.0,0,0.0,0.04,0,0.0,4,0.76,50.0,0.0,1.34,14.29,0.19,0.0,1.15,16.67,0.19,0.0,0.0,3.25,17.65,0.96,0.19,0.0,23.5,1.34,0.38,28.47,81.88,9.36,75.51,4.59,95.83,9.36,87.76,24.08,86.51,3.25,70.59,15.93,17.44,0.04,0.96,0.0,0.0,0.19,0.0,0.19,4.39,82.61,2.68,42.86,0.57,66.67,0.96,0.19,4.39,86.96,0,,0,,0,0.0,0.0,0.0,,,0.0,,0.76,0.0,0.0,0.0,0,0.0,Águilas Doradas,Colombia,AGD,COL_AGD,Attacking Midfield
O. Aragón,Unión Magdalena,Unión Magdalena,CF,28.0,200000,,11,475,0,1.48,0,0.0,24.44,34.88,Colombia,Colombia,derecho,180,72,no,6.06,5.31,71.43,7.77,14.63,0.19,0.25,0.19,2.08,2.7,1.14,1,0.19,0,0.0,1.52,0.0,0,0.0,0.28,0,0.0,11,2.08,54.55,0.0,0.38,0.0,0.0,0.0,0.38,0.0,0.0,1.14,33.33,8.15,27.91,2.27,0.76,0.19,10.23,1.52,1.14,13.83,78.08,2.08,63.64,4.74,100.0,4.93,61.54,13.07,81.16,0.38,50.0,15.28,5.39,0.0,0.0,0.0,0.0,0.0,0.0,0.19,1.33,42.86,0.95,20.0,0.0,0.0,0.0,0.0,1.14,66.67,0,,0,,0,0.0,0.0,0.0,,,0.0,,0.0,0.0,0.0,0.0,0,0.0,Unión Magdalena,Colombia,UMG,COL_UMG,Forwards
J. Salas,Fortaleza,Fortaleza,LW,21.0,0,,13,476,0,0.7,0,0.64,24.39,37.98,Colombia,Colombia,,0,0,no,5.11,5.29,60.71,2.08,27.27,0.0,0.0,0.0,1.89,3.61,1.51,1,0.19,0,0.0,3.59,0.0,0,0.0,0.13,0,0.0,6,1.13,33.33,0.0,3.03,18.75,2.84,13.33,0.19,100.0,0.38,4.54,58.33,14.75,35.9,2.65,3.97,0.19,14.75,1.7,1.7,19.85,74.29,3.03,62.5,4.73,96.0,7.37,64.1,16.83,84.27,0.19,0.0,12.93,4.5,0.12,1.32,0.0,0.0,0.0,0.0,0.57,1.51,75.0,3.03,37.5,0.0,0.0,0.76,0.57,1.89,90.0,0,,0,,0,0.0,0.0,0.0,,,0.0,,0.0,0.0,0.0,0.19,0,0.0,Fortaleza,Colombia,FOZ,COL_FOZ,Wingers
H. Dorrego,Once Caldas,Once Caldas,AMF,32.0,350000,,8,477,0,0.45,1,0.48,13.4,36.62,Uruguay,Uruguay,derecho,177,73,no,2.83,4.34,47.83,1.89,30.0,0.38,0.53,0.0,0.38,0.53,0.94,2,0.38,0,0.0,2.83,0.0,0,0.0,0.08,0,0.0,12,2.26,66.67,0.0,0.38,100.0,0.19,100.0,0.19,100.0,0.0,1.51,62.5,5.28,32.14,1.32,1.51,0.0,18.3,1.13,0.75,24.15,85.16,7.36,66.67,5.28,96.43,8.87,91.49,20.57,87.16,3.21,70.59,20.33,36.31,0.09,0.57,0.0,0.0,0.0,0.0,0.19,5.09,70.37,1.32,42.86,0.75,25.0,0.57,0.19,5.09,81.48,0,,0,,0,0.0,0.0,0.0,,,0.0,,1.51,0.75,75.0,2.45,0,0.0,Once Caldas,Colombia,ONC,COL_ONC,Attacking Midfield
A. Torralvo,La Equidad,La Equidad,LB,31.0,350000,,13,482,0,0.08,1,0.17,5.98,62.5,Colombia,Colombia,izquierdo,169,67,no,3.92,1.49,100.0,1.12,50.0,0.37,0.59,0.19,2.05,3.24,0.0,1,0.19,0,0.0,1.31,0.0,0,0.0,0.02,0,0.0,3,0.56,0.0,0.0,2.05,45.45,2.05,45.45,0.0,0.0,0.19,0.56,66.67,1.87,50.0,0.19,0.93,0.0,20.35,1.87,0.75,27.26,81.51,7.47,67.5,5.23,96.43,8.59,82.61,22.41,90.0,2.8,40.0,14.23,15.96,0.03,0.75,0.0,0.0,0.0,0.0,0.37,5.23,64.29,2.24,41.67,0.75,0.0,0.0,0.93,4.85,76.92,0,,0,,0,0.0,0.0,0.0,,,0.37,,0.37,0.0,0.0,0.93,0,0.0,La Equidad,Colombia,EQU,COL_EQU,Defenders
J. Araujo,Envigado,Envigado,LAMF,23.0,0,2025-12-31,16,491,1,0.16,1,0.34,18.51,43.56,Colombia,Colombia,derecho,172,64,si,4.95,4.77,57.69,1.83,30.0,0.37,0.6,0.0,1.83,3.0,1.1,1,0.18,0,0.0,2.2,0.18,1,0.18,0.03,1,0.18,3,0.55,66.67,33.333,1.1,33.33,0.37,0.0,0.73,50.0,0.0,3.67,40.0,10.08,32.73,1.83,2.2,0.73,10.26,1.28,1.83,13.2,79.17,2.75,66.67,3.85,100.0,3.85,71.43,11.91,84.62,0.18,0.0,16.35,2.71,0.06,0.55,0.0,0.0,0.0,0.0,0.37,0.55,66.67,1.1,50.0,0.0,0.0,0.18,0.37,1.65,77.78,0,,0,,0,0.0,0.0,0.0,,,0.0,,0.0,0.0,0.0,0.18,0,0.0,Envigado,Colombia,ENV,COL_ENV,Attacking Midfield
A. Montaño,Once Caldas,Once Caldas,DMF,24.0,300000,,15,494,0,0.0,0,0.02,12.57,53.62,Colombia,Colombia,derecho,183,79,no,8.02,7.11,71.79,1.46,25.0,0.18,0.26,0.0,2.73,3.91,1.28,1,0.18,0,0.0,0.55,0.0,0,0.0,0.0,0,0.0,0,0.0,0.0,0.0,0.18,0.0,0.0,0.0,0.18,0.0,0.0,1.09,50.0,2.91,37.5,0.18,0.36,0.18,11.84,0.0,0.18,20.4,78.57,8.38,67.39,2.37,84.62,7.29,92.5,18.04,84.85,2.19,33.33,16.0,20.56,0.0,0.36,0.0,0.0,0.18,0.0,0.0,3.1,70.59,0.0,0.0,0.0,0.0,0.0,0.0,2.91,50.0,0,,0,,0,0.0,0.0,0.0,,,0.18,,0.0,0.0,0.0,0.0,0,0.0,Once Caldas,Colombia,ONC,COL_ONC,Defensive Midfield
J. Espitia,Patriotas Boyacá,Patriotas Boyacá,GK,25.0,350000,,5,494,0,0.0,0,0.0,1.46,62.5,Colombia,Colombia,derecho,187,79,si,2.19,0.18,100.0,0.91,60.0,0.0,0.0,0.0,2.0,2.8,0.0,1,0.18,0,0.0,0.0,0.0,0,0.0,0.0,0,0.0,0,0.0,0.0,0.0,0.0,0.0,0.0,0.0,0.0,0.0,0.0,0.0,0.0,0.18,100.0,0.0,0.0,0.0,3.28,0.0,0.36,9.84,81.48,5.28,68.97,0.0,0.0,4.37,95.83,6.74,94.59,3.1,52.94,35.83,52.93,0.0,0.0,0.0,0.0,0.0,0.0,0.0,0.55,33.33,0.0,0.0,0.0,0.0,0.0,0.0,2.91,62.5,6,1.09,16,2.91,1,62.5,5.2,0.95,-0.8,-0.146,0.0,1.28,,,,0.0,0,0.0,Patriotas Boyacá,Colombia,PAT,COL_PAT,Goalkeepers
Y. Gómez,La Equidad,La Equidad,GK,26.0,350000,,5,494,0,0.0,0,0.0,0.36,100.0,Colombia,Colombia,derecho,189,97,si,0.91,0.18,100.0,0.18,100.0,0.0,0.0,0.0,0.73,0.86,0.0,0,0.0,0,0.0,0.0,0.0,0,0.0,0.0,0,0.0,0,0.0,0.0,0.0,0.0,0.0,0.0,0.0,0.0,0.0,0.0,0.0,0.0,0.0,0.0,0.0,0.0,0.0,4.37,0.18,0.18,9.66,83.02,5.83,75.0,0.0,0.0,2.91,100.0,6.92,94.74,2.73,53.33,33.44,61.62,0.0,0.0,0.0,0.0,0.0,0.0,0.0,2.0,36.36,0.0,0.0,0.36,0.0,0.18,0.0,2.0,72.73,7,1.28,15,2.73,0,53.33,5.06,0.92,-1.94,-0.353,0.0,2.0,,,,0.0,0,0.0,La Equidad,Colombia,EQU,COL_EQU,Goalkeepers
J. Bauza,Atlético Nacional,Atlético Nacional,AMF,29.0,850000,,6,496,1,0.78,2,1.01,14.33,51.9,Argentina,Argentina,derecho,177,71,si,2.9,2.54,57.14,1.63,44.44,0.54,1.08,0.0,0.91,1.81,0.73,0,0.0,0,0.0,3.99,0.18,1,0.18,0.14,0,0.0,8,1.45,50.0,12.5,3.45,26.32,0.54,33.33,2.9,25.0,0.73,3.45,68.42,8.53,57.45,2.54,2.9,0.73,22.32,1.63,2.18,26.85,78.38,5.63,77.42,5.99,90.91,9.25,66.67,22.86,86.51,0.54,66.67,15.93,7.87,0.18,1.45,0.18,0.0,0.18,0.0,0.73,1.63,77.78,3.81,42.86,0.36,0.0,0.91,0.73,2.9,87.5,0,,0,,0,0.0,0.0,0.0,,,0.0,,0.18,0.0,0.0,0.36,0,0.0,Atlético Nacional,Colombia,NAC,COL_NAC,Attacking Midfield
C. Santander,Fortaleza,Fortaleza,GK,22.0,0,,5,498,0,0.0,0,0.0,0.54,100.0,Colombia,Colombia,derecho,188,84,si,1.63,0.0,0.0,0.54,100.0,0.0,0.0,0.0,1.63,2.62,0.0,0,0.0,0,0.0,0.0,0.0,0,0.0,0.0,0,0.0,0,0.0,0.0,0.0,0.0,0.0,0.0,0.0,0.0,0.0,0.0,0.0,0.0,0.0,0.0,0.0,0.0,0.0,10.3,0.36,0.0,17.71,91.84,13.37,89.19,0.0,0.0,4.34,100.0,11.57,100.0,6.14,76.47,31.34,49.85,0.0,0.0,0.0,0.0,0.0,0.0,0.0,1.08,66.67,0.18,0.0,0.18,100.0,0.0,0.0,5.78,87.5,6,1.08,17,3.07,2,64.71,3.36,0.61,-2.64,-0.477,0.0,0.72,,,,0.0,0,0.0,Fortaleza,Colombia,FOZ,COL_FOZ,Goalkeepers
Yilson Mosquera,Jaguares de Córdoba,Jaguares de Córdoba,LCB,23.0,0,,7,506,1,0.4,0,0.0,9.6,66.67,Colombia,Colombia,derecho,0,0,no,7.65,4.09,78.26,4.09,56.52,0.0,0.0,0.53,4.45,6.7,0.71,1,0.18,0,0.0,0.53,0.18,1,0.18,0.07,0,0.0,6,1.07,33.33,16.667,0.18,0.0,0.18,0.0,0.0,0.0,0.0,0.18,100.0,0.53,33.33,0.53,0.36,0.0,20.45,0.53,0.36,30.77,82.66,15.83,73.03,1.78,90.0,11.03,95.16,26.86,88.08,3.74,47.62,23.44,35.65,0.0,0.0,0.0,0.0,0.0,0.0,0.0,3.74,57.14,0.18,100.0,0.0,0.0,0.18,0.0,7.29,73.17,0,,0,,0,0.0,0.0,0.0,,,0.89,,0.0,0.0,0.0,0.0,0,0.0,Jaguares de Córdoba,Colombia,JAG,COL_JAG,Defenders
F. Salas,Boyacá Chicó,Boyacá Chicó,RCB,27.0,0,,8,515,1,0.48,0,0.0,13.28,57.89,Dominican Republic,Dominican Republic,unknown,0,0,no,9.79,5.77,72.73,3.67,47.62,0.52,0.64,0.17,5.07,6.21,1.75,2,0.35,1,0.17,0.7,0.17,1,0.17,0.08,0,0.0,2,0.35,50.0,50.0,0.0,0.0,0.0,0.0,0.0,0.0,0.0,0.7,75.0,2.45,28.57,0.52,0.35,0.0,19.22,0.35,0.52,31.81,80.22,17.13,71.43,1.57,100.0,10.31,93.22,27.61,84.18,4.19,54.17,16.96,32.72,0.0,0.0,0.0,0.0,0.0,0.0,0.0,4.02,69.57,0.35,50.0,0.35,50.0,0.0,0.0,7.34,52.38,0,,0,,0,0.0,0.0,0.0,,,0.87,,0.0,0.0,0.0,0.0,0,0.0,Boyacá Chicó,Colombia,BYC,COL_BYC,Defenders
A. Amaya,Fortaleza,Fortaleza,RW,24.0,350000,,13,519,0,1.7,0,0.02,17.17,51.52,Colombia,Colombia,izquierdo,170,65,no,4.68,4.86,67.86,2.6,66.67,0.0,0.0,0.0,1.39,2.12,0.69,2,0.35,0,0.0,1.73,0.0,0,0.0,0.29,0,0.0,10,1.73,10.0,0.0,0.52,0.0,0.17,0.0,0.35,0.0,0.17,2.6,60.0,8.32,41.67,2.08,1.04,0.17,12.83,0.52,2.6,18.38,73.58,3.99,56.52,4.86,85.71,5.55,71.88,16.3,77.66,1.56,55.56,16.84,19.06,0.0,0.17,0.17,0.0,0.0,0.0,0.0,1.39,50.0,1.04,0.0,0.0,0.0,0.0,0.0,2.77,62.5,0,,0,,0,0.0,0.0,0.0,,,0.17,,0.17,0.17,0.0,0.17,0,0.0,Fortaleza,Colombia,FOZ,COL_FOZ,Wingers
J. Cabezas,Millonarios,Millonarios,AMF,22.0,700000,2029-06-30,7,531,0,1.21,0,0.59,19.66,43.97,Colombia,Colombia,izquierdo,185,77,si,4.58,3.56,85.71,3.39,35.0,0.0,0.0,0.0,1.53,2.52,1.02,1,0.17,0,0.0,3.39,0.0,0,0.0,0.2,0,0.0,14,2.37,50.0,0.0,1.86,27.27,1.19,42.86,0.68,0.0,1.02,3.56,47.62,11.53,36.76,1.19,2.03,0.51,15.25,1.36,1.86,18.81,68.47,4.24,52.0,2.88,88.24,7.46,72.73,15.59,75.0,1.36,50.0,18.51,29.77,0.1,0.85,0.34,0.17,0.0,0.0,0.34,2.71,68.75,2.37,35.71,0.0,0.0,0.51,0.51,2.54,80.0,0,,0,,0,0.0,0.0,0.0,,,0.0,,0.0,0.0,0.0,0.0,0,0.0,Millonarios,Colombia,MIL,COL_MIL,Attacking Midfield
F. Aguilar,Deportivo Cali,Deportivo Cali,RCB,32.0,350000,,10,534,0,0.25,0,0.05,12.81,69.74,Colombia,Colombia,derecho,190,82,no,8.93,4.89,72.41,4.89,72.41,0.17,0.25,1.18,5.22,7.88,0.67,3,0.51,0,0.0,0.17,0.0,0,0.0,0.04,0,0.0,2,0.34,0.0,0.0,0.0,0.0,0.0,0.0,0.0,0.0,0.0,0.17,100.0,1.18,57.14,1.18,1.85,0.0,19.55,0.17,0.84,33.71,86.5,13.15,74.36,3.37,95.0,13.31,98.73,30.67,90.11,3.03,50.0,16.05,26.01,0.01,0.17,0.0,0.0,0.0,0.0,0.17,4.04,62.5,0.0,0.0,0.0,0.0,0.17,0.0,6.57,74.36,0,,0,,0,0.0,0.0,0.0,,,2.02,,0.0,0.0,0.0,0.0,0,0.0,Deportivo Cali,Colombia,CAL,COL_CAL,Defenders
J. Moreno,La Equidad,La Equidad,RB,24.0,0,2026-12-31,9,535,1,0.34,0,0.06,13.63,46.91,Colombia,Colombia,derecho,184,73,no,9.25,6.06,58.33,2.86,47.06,1.18,1.62,0.17,4.54,6.23,0.84,1,0.17,0,0.0,1.68,0.17,1,0.17,0.06,0,0.0,7,1.18,57.14,14.286,1.35,25.0,0.0,0.0,1.35,25.0,0.17,1.68,40.0,2.86,35.29,0.67,0.34,0.5,19.01,1.51,0.5,27.25,74.69,11.94,60.56,4.04,100.0,7.4,79.55,19.85,86.44,6.06,47.22,23.12,37.17,0.01,0.17,0.0,0.0,0.0,0.0,0.17,6.9,53.66,2.52,20.0,0.17,0.0,0.17,0.34,5.89,85.71,0,,0,,0,0.0,0.0,0.0,,,1.35,,1.51,0.17,100.0,0.84,0,0.0,La Equidad,Colombia,EQU,COL_EQU,Defenders
F. Villa,Deportivo Pasto,Deportivo Pasto,RCB,20.0,0,,8,536,0,0.0,0,0.13,15.62,52.69,Colombia,Colombia,,0,0,no,8.23,9.57,54.39,1.18,57.14,0.0,0.0,0.0,3.02,4.32,2.18,4,0.67,0,0.0,0.84,0.0,0,0.0,0.0,0,0.0,0,0.0,0.0,0.0,0.84,20.0,0.0,0.0,0.84,20.0,0.0,0.67,75.0,3.36,45.0,0.17,0.67,0.17,13.94,0.5,0.5,26.53,82.91,11.75,74.29,3.19,100.0,7.39,93.18,22.84,89.71,2.85,47.06,19.16,35.33,0.02,0.17,0.0,0.0,0.17,100.0,0.17,2.85,70.59,1.01,50.0,0.17,100.0,0.5,0.17,4.7,67.86,0,,0,,0,0.0,0.0,0.0,,,0.0,,0.0,0.0,0.0,0.0,0,0.0,Deportivo Pasto,Colombia,PAS,COL_PAS,Defenders
L. Paz,América de Cali,América de Cali,DMF,37.0,200000,,11,539,0,0.02,0,0.0,11.86,49.3,Colombia,Colombia,derecho,175,70,no,6.85,4.84,65.52,2.17,30.77,1.5,1.94,0.5,2.17,2.81,0.5,1,0.17,0,0.0,0.0,0.0,0,0.0,0.0,0,0.0,2,0.33,0.0,0.0,0.0,0.0,0.0,0.0,0.0,0.0,0.0,0.0,0.0,1.5,22.22,0.0,0.17,0.0,17.2,0.17,0.67,24.88,86.58,7.01,66.67,3.34,100.0,10.35,95.16,21.87,90.84,3.01,55.56,16.38,19.23,0.0,0.0,0.0,0.0,0.0,0.0,0.0,3.51,76.19,0.0,0.0,0.0,0.0,0.0,0.0,4.17,72.0,0,,0,,0,0.0,0.0,0.0,,,0.5,,0.0,0.0,0.0,0.0,0,0.0,América de Cali,Colombia,AME,COL_AME,Defensive Midfield
E. Bodencer,Llaneros,Llaneros,CF,25.0,200000,2025-12-31,11,540,0,1.43,0,0.01,27.5,27.88,Argentina,Argentina,derecho,183,80,no,4.5,5.17,54.84,4.83,24.14,0.17,0.25,0.0,1.5,2.23,1.67,2,0.33,0,0.0,0.67,0.0,0,0.0,0.24,0,0.0,10,1.67,10.0,0.0,0.33,0.0,0.0,0.0,0.33,0.0,0.0,1.5,33.33,12.17,15.07,2.33,0.67,0.0,9.0,1.67,0.67,13.5,77.78,2.0,58.33,5.17,96.77,3.0,77.78,12.67,80.26,0.5,66.67,15.19,7.39,0.0,0.17,0.0,0.0,0.0,0.0,0.0,0.33,50.0,0.33,0.0,0.0,0.0,0.17,0.0,0.83,80.0,0,,0,,0,0.0,0.0,0.0,,,0.0,,0.17,0.17,0.0,0.0,0,0.0,Llaneros,Colombia,LNR,COL_LNR,Forwards
F. Charrupí,Atlético Bucaramanga,Atlético Bucaramanga,LCMF,24.0,250000,,14,540,0,0.38,0,0.49,20.67,49.19,Colombia,Colombia,derecho,182,74,no,9.67,8.17,63.27,2.5,40.0,0.5,0.76,0.0,4.0,6.1,2.33,2,0.33,1,0.17,1.33,0.0,0,0.0,0.06,0,0.0,5,0.83,80.0,0.0,0.33,0.0,0.17,0.0,0.17,0.0,0.0,2.33,28.57,8.17,32.65,0.83,1.67,0.17,27.17,0.67,0.83,37.5,83.11,13.33,75.0,6.17,91.89,11.5,88.41,35.5,86.38,1.67,30.0,15.01,19.11,0.08,0.67,0.0,0.0,0.0,0.0,0.17,4.17,68.0,0.83,60.0,0.33,0.0,0.67,0.0,5.83,57.14,0,,0,,0,0.0,0.0,0.0,,,0.83,,0.0,0.0,0.0,0.17,0,0.0,Atlético Bucaramanga,Colombia,BUC,COL_BUC,Midfield
B. Benítez,Llaneros,Llaneros,LCMF,29.0,175000,,12,543,0,0.84,0,0.51,18.9,51.75,Argentina,Argentina,derecho,175,73,no,9.28,8.12,65.31,1.66,30.0,0.5,0.69,0.0,3.48,4.81,1.66,4,0.66,0,0.0,1.16,0.0,0,0.0,0.14,0,0.0,10,1.66,30.0,0.0,0.17,0.0,0.0,0.0,0.17,0.0,0.0,1.33,50.0,6.8,39.02,0.5,0.66,0.33,22.54,0.83,2.15,30.66,86.49,7.46,73.33,6.3,97.37,11.27,88.24,27.51,89.16,2.98,66.67,20.03,26.84,0.08,0.5,0.17,0.0,0.0,0.0,0.17,5.47,75.76,1.33,37.5,0.0,0.0,0.33,0.0,3.98,75.0,0,,0,,0,0.0,0.0,0.0,,,0.17,,1.33,0.17,0.0,0.5,0,0.0,Llaneros,Colombia,LNR,COL_LNR,Midfield
C. Vergara,Alianza,Alianza,CF,25.0,0,,11,551,2,1.54,1,0.74,19.6,25.83,Colombia,Colombia,unknown,184,82,no,1.63,2.29,28.57,4.41,44.44,0.0,0.0,0.33,0.98,1.46,1.14,0,0.0,1,0.16,1.14,0.33,2,0.33,0.25,1,0.16,13,2.12,30.77,15.385,0.0,0.0,0.0,0.0,0.0,0.0,0.0,0.82,60.0,9.64,15.25,2.45,0.65,0.33,5.55,0.49,0.65,9.64,79.66,1.14,57.14,3.27,85.0,2.45,93.33,9.15,82.14,0.49,33.33,14.06,7.75,0.12,0.82,0.0,0.0,0.0,0.0,0.49,0.65,50.0,0.49,66.67,0.0,0.0,0.33,0.0,0.49,66.67,0,,0,,0,0.0,0.0,0.0,,,0.0,,0.16,0.16,0.0,0.0,0,0.0,Alianza,Colombia,ALV,COL_ALV,Forwards
C. Blanco,Águilas Doradas,Águilas Doradas,LB,26.0,350000,,11,553,0,0.02,0,0.28,13.35,58.54,Colombia,Colombia,izquierdo,175,70,no,10.09,7.65,68.09,1.79,63.64,0.49,0.76,0.16,4.39,6.81,1.14,1,0.16,0,0.0,1.46,0.0,0,0.0,0.0,0,0.0,3,0.49,0.0,0.0,3.09,10.53,2.93,11.11,0.16,0.0,0.33,1.3,75.0,3.09,42.11,0.81,1.3,0.0,21.97,3.91,0.81,31.41,72.02,10.9,64.18,4.72,96.55,10.42,68.75,24.41,85.33,3.91,37.5,20.89,25.0,0.05,1.14,0.0,0.0,0.33,50.0,0.16,4.72,62.07,3.58,18.18,0.65,25.0,0.65,0.33,7.49,71.74,0,,0,,0,0.0,0.0,0.0,,,0.49,,0.81,0.0,0.0,1.14,0,0.0,Águilas Doradas,Colombia,AGD,COL_AGD,Defenders
S. Martín Díaz,Millonarios,Millonarios,RB,19.0,0,,6,554,0,0.04,1,0.45,10.07,62.9,Colombia,Colombia,,0,0,no,5.69,4.87,63.33,1.46,55.56,0.0,0.0,0.0,2.6,3.58,0.65,0,0.0,0,0.0,0.97,0.0,0,0.0,0.01,0,0.0,2,0.32,0.0,0.0,1.79,45.45,0.0,0.0,1.79,45.45,0.32,0.16,100.0,3.09,63.16,0.0,1.3,0.0,16.73,0.32,1.14,26.16,82.61,10.4,76.56,4.22,96.15,6.17,84.21,22.58,90.65,1.95,25.0,19.22,38.24,0.07,0.81,0.0,0.0,0.0,0.0,0.16,3.41,71.43,1.14,57.14,0.0,0.0,0.16,0.49,4.55,71.43,0,,0,,0,0.0,0.0,0.0,,,0.97,,0.0,0.0,0.0,0.0,0,0.0,Millonarios,Colombia,MIL,COL_MIL,Defenders
R. Mejía,Once Caldas,Once Caldas,LDMF,24.0,0,,7,558,0,0.04,0,0.12,15.81,59.18,Colombia,Colombia,izquierdo,173,69,no,10.97,7.26,60.0,1.45,55.56,2.26,3.44,0.81,4.35,6.64,1.45,4,0.65,0,0.0,0.81,0.0,0,0.0,0.01,0,0.0,5,0.81,20.0,0.0,0.16,0.0,0.16,0.0,0.0,0.0,0.0,1.13,57.14,4.84,63.33,0.0,0.65,0.0,32.58,0.0,1.94,44.19,92.34,14.68,89.01,7.1,93.18,13.71,94.12,39.35,93.85,4.68,82.76,16.93,33.77,0.02,0.65,0.0,0.0,0.0,0.0,0.16,5.65,94.29,0.65,50.0,0.0,0.0,0.32,0.0,6.45,77.5,0,,0,,0,0.0,0.0,0.0,,,0.48,,0.16,0.0,0.0,0.0,0,0.0,Once Caldas,Colombia,ONC,COL_ONC,Defensive Midfield
R. Benítez,Águilas Doradas,Águilas Doradas,CF,20.0,0,2027-06-30,20,563,0,0.88,0,0.23,18.38,37.39,Colombia,Colombia,derecho,173,65,no,7.03,5.44,67.65,2.88,16.67,0.16,0.26,0.16,3.2,5.26,1.44,1,0.16,0,0.0,1.6,0.0,0,0.0,0.14,0,0.0,9,1.44,44.44,0.0,1.12,42.86,1.12,42.86,0.0,0.0,0.16,2.72,17.65,8.63,24.07,3.68,1.28,0.0,14.87,1.44,1.6,18.54,71.55,4.96,54.84,3.84,100.0,4.64,72.41,16.79,73.33,0.64,75.0,9.66,5.64,0.04,0.8,0.0,0.0,0.16,0.0,0.16,2.4,40.0,1.76,27.27,0.16,0.0,0.64,0.48,2.08,92.31,0,,0,,0,0.0,0.0,0.0,,,0.0,,0.0,0.0,0.0,0.0,0,0.0,Águilas Doradas,Colombia,AGD,COL_AGD,Forwards
E. Moreno,Deportivo Pereira,Deportivo Pereira,LCMF,31.0,400000,,9,564,0,0.41,1,0.64,12.13,36.84,Colombia,Colombia,izquierdo,176,68,no,6.54,5.9,45.95,1.76,36.36,0.32,0.47,0.8,3.51,5.12,2.55,3,0.48,0,0.0,0.64,0.0,0,0.0,0.07,0,0.0,7,1.12,0.0,0.0,0.32,0.0,0.32,0.0,0.0,0.0,0.0,0.8,60.0,3.03,31.58,0.64,0.32,0.0,28.24,0.32,0.32,36.06,87.61,10.85,83.82,3.83,100.0,15.0,90.43,32.23,92.57,3.51,50.0,19.44,30.5,0.1,0.48,0.0,0.16,0.16,100.0,0.16,6.7,78.57,1.44,22.22,0.64,25.0,0.16,0.0,5.9,83.78,0,,0,,0,0.0,0.0,0.0,,,0.16,,0.0,0.0,0.0,0.16,0,0.0,Deportivo Pereira,Colombia,PER,COL_PER,Midfield
D. Caicedo,Junior,Junior,LAMF,25.0,2400000,2025-12-31,13,567,0,0.35,1,1.14,16.83,42.45,Colombia,Colombia,derecho,166,65,no,4.44,4.29,62.96,1.75,36.36,0.0,0.0,0.0,1.75,3.0,0.79,1,0.16,0,0.0,1.59,0.0,0,0.0,0.06,0,0.0,6,0.95,0.0,0.0,2.54,12.5,2.06,7.69,0.48,33.33,0.16,4.29,29.63,8.89,32.14,2.86,2.7,0.32,21.27,1.75,0.95,26.35,77.71,5.4,76.47,7.94,92.0,7.94,74.0,21.9,86.96,2.06,53.85,20.02,18.33,0.18,1.75,0.0,0.0,0.32,0.0,0.16,1.27,62.5,2.54,25.0,0.63,0.0,0.63,0.63,3.02,63.16,0,,0,,0,0.0,0.0,0.0,,,0.0,,1.11,0.0,0.0,3.17,0,0.0,Junior,Colombia,JNR,COL_JNR,Attacking Midfield
G. Peña,Deportivo Pereira,Deportivo Pereira,CF,24.0,200000,,16,568,2,3.05,0,0.07,23.45,34.46,Colombia,Colombia,derecho,190,68,no,3.33,2.69,58.82,8.24,40.38,0.0,0.0,0.32,1.74,2.58,2.54,0,0.0,0,0.0,0.95,0.32,2,0.32,0.48,0,0.0,14,2.22,28.57,14.286,0.48,0.0,0.0,0.0,0.48,0.0,0.0,1.74,18.18,7.61,27.08,3.17,0.63,0.32,6.65,1.9,1.58,9.03,80.7,1.58,70.0,2.69,76.47,2.54,93.75,8.56,85.19,0.0,0.0,11.67,0.0,0.01,0.16,0.0,0.0,0.0,0.0,0.16,0.32,100.0,0.16,0.0,0.0,0.0,0.48,0.0,0.48,100.0,0,,0,,0,0.0,0.0,0.0,,,0.0,,0.0,0.0,0.0,0.0,0,0.0,Deportivo Pereira,Colombia,PER,COL_PER,Forwards
J. Mena,Deportivo Pereira,Deportivo Pereira,RW,19.0,0,,12,569,0,0.72,0,0.17,16.92,38.32,Colombia,Colombia,,0,0,no,5.69,5.22,54.55,2.69,5.88,0.0,0.0,0.0,2.85,4.54,0.63,0,0.0,0,0.0,1.74,0.0,0,0.0,0.11,0,0.0,11,1.74,45.45,0.0,2.37,6.67,0.0,0.0,2.37,6.67,0.32,1.42,55.56,6.49,41.46,2.06,2.06,0.16,14.87,0.95,0.95,20.4,67.44,4.9,38.71,4.75,96.67,4.75,73.33,17.08,75.93,0.95,66.67,17.52,10.9,0.03,0.32,0.0,0.0,0.16,0.0,0.16,2.06,61.54,1.74,27.27,0.16,0.0,0.16,0.16,3.01,57.89,0,,0,,0,0.0,0.0,0.0,,,0.16,,0.0,0.0,0.0,0.16,0,0.0,Deportivo Pereira,Colombia,PER,COL_PER,Wingers
O. Vega Herrera,Llaneros,Llaneros,RCB,25.0,0,,7,570,0,0.17,0,0.0,9.63,60.66,Colombia,Colombia,,0,0,no,8.53,3.63,73.91,1.89,50.0,1.26,2.05,0.95,4.58,7.44,0.32,3,0.47,0,0.0,0.32,0.0,0,0.0,0.03,0,0.0,1,0.16,0.0,0.0,0.0,0.0,0.0,0.0,0.0,0.0,0.0,0.47,66.67,1.74,45.45,0.32,0.95,0.0,31.42,1.11,0.63,45.32,86.06,18.79,76.47,3.63,91.3,18.16,94.78,39.95,90.91,5.37,50.0,21.5,41.22,0.0,0.0,0.0,0.0,0.0,0.0,0.0,5.21,66.67,0.16,0.0,0.16,0.0,0.0,0.0,9.32,66.1,0,,0,,0,0.0,0.0,0.0,,,2.53,,0.0,0.0,0.0,0.0,0,0.0,Llaneros,Colombia,LNR,COL_LNR,Defenders
C. Cortes,Llaneros,Llaneros,CF,23.0,400000,,12,578,1,2.06,0,0.38,20.87,35.07,Colombia,Colombia,derecho,186,0,si,2.02,2.65,41.18,6.7,37.21,0.0,0.0,0.0,0.93,1.2,0.62,0,0.0,0,0.0,1.4,0.16,1,0.16,0.32,1,0.16,10,1.56,60.0,10.0,0.31,0.0,0.0,0.0,0.31,0.0,0.0,1.25,37.5,9.97,31.25,2.34,0.62,0.0,8.25,1.09,2.02,11.52,78.38,1.56,80.0,3.89,96.0,4.2,70.37,10.74,81.16,0.62,50.0,20.89,15.92,0.06,0.47,0.0,0.0,0.0,0.0,0.16,0.93,50.0,0.47,33.33,0.0,0.0,0.16,0.0,0.0,0.0,0,,0,,0,0.0,0.0,0.0,,,0.47,,0.0,0.0,0.0,0.0,0,0.0,Llaneros,Colombia,LNR,COL_LNR,Forwards
J. Vásquez,Llaneros,Llaneros,LB,25.0,0,,7,591,0,0.04,0,0.16,14.77,51.55,Colombia,Colombia,izquierdo,180,0,no,7.92,6.55,55.81,3.5,47.83,0.46,0.63,0.15,3.81,5.28,1.37,2,0.3,0,0.0,0.91,0.0,0,0.0,0.01,0,0.0,1,0.15,0.0,0.0,1.07,14.29,1.07,14.29,0.0,0.0,0.0,0.76,80.0,3.2,47.62,0.15,0.76,0.46,20.56,1.22,0.61,30.46,76.0,11.88,66.67,5.48,100.0,8.53,69.64,24.21,85.53,5.18,44.12,20.66,34.66,0.02,0.15,0.15,0.0,0.15,100.0,0.0,5.48,47.22,1.37,22.22,0.3,50.0,0.15,0.3,5.48,61.11,0,,0,,0,0.0,0.0,0.0,,,0.76,,0.0,0.0,0.0,0.0,0,0.0,Llaneros,Colombia,LNR,COL_LNR,Defenders
M. Moreno,Atlético Nacional,Atlético Nacional,RAMF,29.0,850000,2026-06-30,8,591,1,1.71,0,0.98,21.02,48.55,Colombia,Colombia,derecho,173,66,no,4.57,3.96,61.54,1.37,11.11,0.0,0.0,0.0,2.13,4.24,1.52,1,0.15,0,0.0,7.16,0.15,1,0.15,0.26,0,0.0,16,2.44,50.0,6.25,5.18,17.65,1.68,18.18,3.5,17.39,0.3,6.55,76.74,14.31,50.0,4.87,2.59,0.0,26.8,2.28,1.98,32.74,77.21,6.7,79.55,9.14,93.33,9.9,66.15,27.11,88.76,0.76,40.0,18.75,10.87,0.15,1.68,0.0,0.15,0.0,0.0,0.3,2.13,71.43,4.87,59.38,0.0,0.0,1.83,0.76,4.26,89.29,0,,0,,0,0.0,0.0,0.0,,,0.15,,0.3,0.15,0.0,2.59,0,0.0,Atlético Nacional,Colombia,NAC,COL_NAC,Attacking Midfield
R. Vanegas,Deportivo Pasto,Deportivo Pasto,CF,32.0,50000,,20,596,0,0.5,1,0.59,16.76,44.14,Colombia,Colombia,derecho,176,72,no,4.38,3.47,69.57,2.27,20.0,0.15,0.23,0.0,1.81,2.77,0.91,4,0.6,1,0.15,3.62,0.0,0,0.0,0.08,0,0.0,7,1.06,28.57,0.0,3.17,28.57,1.81,33.33,1.36,22.22,0.3,3.93,57.69,9.06,40.0,1.66,1.96,0.6,11.93,1.51,1.66,17.67,63.25,3.32,59.09,4.68,74.19,5.74,63.16,13.74,70.33,1.21,50.0,16.86,13.74,0.09,0.6,0.15,0.0,0.15,100.0,0.3,0.91,83.33,1.81,41.67,0.15,100.0,0.45,0.6,2.57,64.71,0,,0,,0,0.0,0.0,0.0,,,0.0,,0.76,0.45,66.67,0.91,0,0.0,Deportivo Pasto,Colombia,PAS,COL_PAS,Forwards
C. Torres,Envigado,Envigado,RAMF,22.0,450000,,9,597,2,0.78,0,0.21,23.67,40.76,Colombia,Colombia,,0,0,no,6.03,6.33,47.62,1.66,27.27,0.15,0.23,0.15,2.86,4.42,2.26,3,0.45,0,0.0,3.02,0.3,2,0.3,0.12,0,0.0,8,1.21,25.0,25.0,1.96,38.46,0.15,0.0,1.81,41.67,0.15,4.97,39.39,13.87,38.04,1.21,1.51,0.15,11.01,1.66,3.17,15.53,75.73,3.17,71.43,4.07,96.3,5.28,71.43,12.96,82.56,0.9,50.0,18.69,17.56,0.03,0.6,0.0,0.0,0.15,0.0,0.3,0.75,60.0,2.56,58.82,0.15,0.0,0.75,0.9,2.71,88.89,0,,0,,0,0.0,0.0,0.0,,,0.0,,0.0,0.0,0.0,0.6,0,0.0,Envigado,Colombia,ENV,COL_ENV,Attacking Midfield
J. Méndez,Deportivo Pasto,Deportivo Pasto,LCMF,21.0,0,,9,598,1,0.91,0,0.32,14.0,47.31,Colombia,Colombia,izquierdo,0,0,no,5.42,5.72,55.26,2.41,25.0,0.15,0.24,0.0,2.11,3.36,1.05,2,0.3,0,0.0,1.05,0.15,1,0.15,0.14,0,0.0,7,1.05,42.86,14.286,0.45,33.33,0.3,50.0,0.15,0.0,0.0,0.6,50.0,3.61,41.67,0.75,1.35,0.3,27.24,0.6,1.35,37.63,88.4,12.19,79.01,6.77,95.56,13.24,90.91,33.71,90.18,3.46,78.26,16.41,26.71,0.05,1.05,0.3,0.0,0.3,50.0,0.0,5.42,88.89,1.35,44.44,0.45,33.33,0.45,0.15,5.42,80.56,0,,0,,0,0.0,0.0,0.0,,,0.45,,0.6,0.0,0.0,0.45,0,0.0,Deportivo Pasto,Colombia,PAS,COL_PAS,Midfield
Y. Moreno,Santa Fe,Santa Fe,LAMF,30.0,1300000,,14,601,0,0.18,0,0.83,24.71,48.48,Colombia,Colombia,izquierdo,184,75,no,6.44,3.59,58.33,1.35,33.33,0.3,0.49,0.15,4.04,6.59,0.75,1,0.15,0,0.0,2.4,0.0,0,0.0,0.03,0,0.0,7,1.05,28.57,0.0,0.9,33.33,0.75,20.0,0.15,100.0,0.0,3.59,50.0,16.92,44.25,0.6,1.8,0.0,31.9,1.05,2.4,45.52,86.18,11.53,71.43,8.24,96.36,16.17,87.96,40.13,91.42,4.64,48.39,16.89,23.44,0.12,1.5,0.0,0.15,0.0,0.0,0.3,7.79,75.0,2.25,80.0,0.15,100.0,1.2,0.3,7.19,70.83,0,,0,,0,0.0,0.0,0.0,,,0.0,,0.9,0.15,0.0,0.9,0,0.0,Santa Fe,Colombia,STF,COL_STF,Attacking Midfield
H. Arango,Águilas Doradas,Águilas Doradas,GK,22.0,0,,6,603,0,0.0,0,0.0,1.04,85.71,Colombia,Colombia,derecho,0,0,no,1.79,0.15,0.0,0.3,100.0,0.0,0.0,0.0,1.79,3.5,0.0,0,0.0,0,0.0,0.3,0.0,0,0.0,0.0,0,0.0,0,0.0,0.0,0.0,0.0,0.0,0.0,0.0,0.0,0.0,0.0,0.3,100.0,0.45,100.0,0.0,0.0,0.0,5.52,0.15,0.3,11.34,81.58,6.87,76.09,0.0,0.0,3.73,100.0,7.01,93.62,4.18,64.29,34.8,47.09,0.0,0.0,0.0,0.0,0.0,0.0,0.0,1.79,41.67,0.0,0.0,0.0,0.0,0.0,0.0,3.43,60.87,13,1.94,33,4.93,0,60.61,10.98,1.64,-2.02,-0.301,0.0,1.34,,,,0.0,0,0.0,Águilas Doradas,Colombia,AGD,COL_AGD,Goalkeepers
A. Rentería,Jaguares de Córdoba,Jaguares de Córdoba,CF,32.0,400000,,10,610,2,1.07,0,0.07,13.43,36.26,Colombia,"Colombia, Mexico",derecho,179,82,no,1.33,1.18,50.0,4.43,36.67,0.15,0.21,0.0,0.59,0.85,0.89,2,0.3,0,0.0,2.21,0.3,2,0.3,0.16,0,0.0,9,1.33,66.67,22.222,0.44,33.33,0.15,100.0,0.3,0.0,0.0,1.92,61.54,5.16,31.43,2.21,1.62,0.0,10.18,2.21,1.03,14.02,83.16,2.21,80.0,4.72,90.63,4.28,86.21,13.28,84.44,0.3,100.0,14.65,3.79,0.01,0.44,0.0,0.15,0.0,0.0,0.15,1.33,88.89,0.74,40.0,0.0,0.0,0.15,0.0,1.03,71.43,0,,0,,0,0.0,0.0,0.0,,,0.0,,0.0,0.0,0.0,0.0,0,0.0,Jaguares de Córdoba,Colombia,JAG,COL_JAG,Forwards
J. Martínez,Deportivo Cali,Deportivo Cali,AMF,23.0,0,,7,611,3,0.8,2,1.33,14.88,49.5,Colombia,Colombia,izquierdo,166,70,si,3.09,3.39,56.52,0.29,0.0,0.15,0.24,0.0,1.03,1.68,0.74,1,0.15,0,0.0,4.12,0.44,3,0.44,0.12,0,0.0,20,2.95,35.0,15.0,1.62,36.36,1.03,57.14,0.59,0.0,0.29,3.39,73.91,9.72,48.48,1.91,2.8,0.44,29.46,0.88,1.47,37.56,87.45,8.69,79.66,7.36,98.0,14.44,89.8,34.17,89.66,2.06,78.57,16.76,38.06,0.2,1.91,0.0,0.0,0.29,0.0,0.74,5.01,88.24,2.21,60.0,0.44,33.33,1.03,0.59,5.16,91.43,0,,0,,0,0.0,0.0,0.0,,,0.0,,1.91,0.59,50.0,3.54,0,0.0,Deportivo Cali,Colombia,CAL,COL_CAL,Attacking Midfield
D. Sánchez,Boyacá Chicó,Boyacá Chicó,LB,32.0,150000,,8,615,0,0.19,0,0.21,13.46,46.74,Colombia,Colombia,izquierdo,182,80,no,7.02,4.98,61.76,3.51,66.67,0.0,0.0,0.15,3.95,5.23,2.05,4,0.59,0,0.0,0.73,0.0,0,0.0,0.03,0,0.0,3,0.44,0.0,0.0,1.61,45.45,1.61,45.45,0.0,0.0,0.0,0.29,0.0,2.2,6.67,0.0,0.59,0.0,13.61,1.32,0.29,22.54,77.27,10.83,68.92,3.37,95.65,4.68,75.0,17.12,86.32,3.95,51.85,19.66,31.33,0.03,0.44,0.15,0.0,0.0,0.0,0.0,3.66,68.0,1.02,57.14,0.29,0.0,0.0,0.59,6.29,72.09,0,,0,,0,0.0,0.0,0.0,,,0.44,,1.76,0.15,0.0,0.73,0,0.0,Boyacá Chicó,Colombia,BYC,COL_BYC,Defenders
A. Oliveros,Águilas Doradas,Águilas Doradas,LCMF,24.0,450000,2025-12-31,13,616,0,0.51,1,1.21,11.4,44.87,Colombia,Colombia,derecho,175,65,no,5.7,2.78,68.42,1.75,41.67,0.58,0.94,0.0,3.21,5.2,0.73,2,0.29,0,0.0,0.73,0.0,0,0.0,0.07,0,0.0,8,1.17,0.0,0.0,0.88,66.67,0.44,66.67,0.44,66.67,0.15,0.73,20.0,5.7,35.9,0.44,1.17,0.15,33.17,0.29,1.31,43.25,88.18,13.0,74.16,7.89,100.0,16.36,91.96,35.21,92.95,7.16,67.35,20.75,28.12,0.18,1.9,0.0,0.0,0.0,0.0,0.29,10.23,77.14,2.48,58.82,0.44,33.33,0.88,0.58,8.33,84.21,0,,0,,0,0.0,0.0,0.0,,,0.0,,3.07,0.44,0.0,2.78,0,0.0,Águilas Doradas,Colombia,AGD,COL_AGD,Midfield
A. Serna,Medellín,Medellín,LCMF,27.0,350000,,15,616,1,0.52,0,0.21,17.68,54.55,Colombia,Colombia,,0,0,no,5.26,5.7,61.54,3.21,59.09,0.0,0.0,0.15,1.75,3.4,1.61,1,0.15,0,0.0,1.61,0.15,1,0.15,0.08,0,0.0,7,1.02,42.86,14.286,0.29,50.0,0.15,0.0,0.15,100.0,0.0,1.75,58.33,7.6,48.08,0.58,2.48,0.58,25.86,0.44,1.61,37.4,91.02,6.43,72.73,9.79,98.51,14.46,93.94,34.92,93.31,2.19,60.0,16.61,20.97,0.03,0.88,0.0,0.0,0.0,0.0,0.15,4.09,75.0,1.17,62.5,0.29,0.0,0.15,0.15,2.92,70.0,0,,0,,0,0.0,0.0,0.0,,,0.44,,0.0,0.0,0.0,0.29,0,0.0,Medellín,Colombia,MDL,COL_MDL,Midfield
M. Puerta,Águilas Doradas,Águilas Doradas,RB,28.0,800000,2026-12-31,10,621,0,0.38,0,0.25,14.2,43.88,Colombia,Colombia,derecho,172,72,no,8.12,7.54,59.62,2.03,14.29,0.43,0.73,0.0,3.19,5.32,2.46,2,0.29,2,0.29,1.45,0.0,0,0.0,0.06,0,0.0,6,0.87,16.67,0.0,2.61,38.89,0.0,0.0,2.46,35.29,0.14,0.72,40.0,1.74,33.33,2.17,0.29,0.0,19.28,1.88,0.14,24.49,75.15,9.13,68.25,3.91,88.89,5.65,76.92,19.13,84.09,2.75,47.37,19.06,22.06,0.04,0.43,0.0,0.0,0.0,0.0,0.0,3.33,73.91,1.45,60.0,0.14,0.0,0.58,1.16,4.93,70.59,0,,0,,0,0.0,0.0,0.0,,,0.0,,0.0,0.0,0.0,0.0,0,0.0,Águilas Doradas,Colombia,AGD,COL_AGD,Defenders
L. Orejuela,Deportivo Cali,Deportivo Cali,RB,30.0,800000,,10,626,0,0.05,0,0.0,19.55,44.85,Colombia,Colombia,derecho,178,76,no,8.48,7.48,65.38,3.16,27.27,0.0,0.0,0.14,3.59,5.14,2.01,2,0.29,0,0.0,1.44,0.0,0,0.0,0.01,0,0.0,3,0.43,0.0,0.0,1.58,9.09,0.72,0.0,0.86,16.67,0.29,2.3,56.25,6.18,37.21,0.72,1.15,0.0,15.24,0.72,0.86,24.44,73.53,9.78,69.12,3.59,92.0,5.89,65.85,21.42,79.19,1.44,60.0,14.39,20.76,0.0,0.0,0.0,0.0,0.29,0.0,0.0,2.73,68.42,2.01,21.43,0.43,0.0,0.43,0.43,4.17,55.17,0,,0,,0,0.0,0.0,0.0,,,0.14,,0.0,0.0,0.0,0.0,0,0.0,Deportivo Cali,Colombia,CAL,COL_CAL,Defenders
F. Berrio Roqueme,Envigado,Envigado,RAMF,18.0,0,,13,628,2,0.72,0,0.24,26.8,36.9,Colombia,Colombia,,0,0,no,6.59,6.59,52.17,7.6,45.28,0.14,0.2,0.0,3.01,4.14,2.72,2,0.29,2,0.29,1.58,0.29,2,0.29,0.1,2,0.29,8,1.15,50.0,25.0,1.29,33.33,0.0,0.0,1.29,33.33,0.0,2.58,22.22,8.74,18.03,2.01,0.86,0.0,8.31,1.15,1.0,14.47,62.38,4.59,43.75,4.3,96.67,3.58,44.0,12.04,69.05,1.15,25.0,14.11,15.71,0.03,0.29,0.0,0.0,0.0,0.0,0.14,1.58,36.36,1.58,27.27,0.0,0.0,0.29,0.14,1.86,53.85,0,,0,,0,0.0,0.0,0.0,,,0.0,,0.0,0.0,0.0,0.0,0,0.0,Envigado,Colombia,ENV,COL_ENV,Attacking Midfield
Ó. Barreto,Unión Magdalena,Unión Magdalena,RCMF,32.0,300000,,12,629,0,1.04,0,0.57,14.74,44.66,Colombia,Colombia,derecho,175,68,no,4.86,5.29,37.84,2.0,21.43,1.0,1.45,0.29,1.86,2.69,1.43,4,0.57,0,0.0,2.29,0.0,0,0.0,0.15,0,0.0,16,2.29,25.0,0.0,0.72,80.0,0.29,100.0,0.43,66.67,0.0,1.72,66.67,5.29,54.05,1.29,1.57,0.43,29.62,1.29,2.29,39.92,84.23,12.45,71.26,5.87,87.8,14.31,90.0,34.48,89.63,4.72,45.45,19.36,30.36,0.08,1.14,0.0,0.0,0.29,0.0,0.43,6.72,72.34,3.15,45.45,1.29,33.33,1.29,0.57,7.3,82.35,0,,0,,0,0.0,0.0,0.0,,,0.0,,0.0,0.0,0.0,1.29,0,0.0,Unión Magdalena,Colombia,UMG,COL_UMG,Midfield
L. Mosquera,Deportivo Pereira,Deportivo Pereira,AMF,23.0,0,,20,632,2,1.2,0,0.4,12.25,41.86,Colombia,Colombia,izquierdo,174,68,si,4.56,4.84,50.0,1.71,16.67,0.14,0.21,0.28,1.99,2.92,1.57,2,0.28,0,0.0,2.14,0.28,2,0.28,0.17,0,0.0,13,1.85,46.15,15.385,0.57,100.0,0.57,100.0,0.0,0.0,0.0,0.43,100.0,3.99,50.0,0.85,1.0,0.43,17.94,1.42,0.71,23.78,78.44,4.98,60.0,5.98,97.62,7.97,80.36,21.65,80.26,1.57,45.45,16.83,17.25,0.06,0.43,0.14,0.0,0.43,66.67,0.14,2.42,52.94,1.57,45.45,0.71,60.0,0.57,0.43,4.84,58.82,0,,0,,0,0.0,0.0,0.0,,,0.0,,0.0,0.0,0.0,1.0,0,0.0,Deportivo Pereira,Colombia,PER,COL_PER,Attacking Midfield
J. Bazan,Deportivo Pereira,Deportivo Pereira,LCB,19.0,0,,11,636,0,0.59,0,0.0,11.18,60.76,Colombia,Colombia,,183,0,no,8.49,4.1,68.97,4.39,61.29,0.14,0.18,1.13,5.52,7.01,0.85,2,0.28,1,0.14,0.14,0.0,0,0.0,0.08,0,0.0,3,0.42,33.33,0.0,0.0,0.0,0.0,0.0,0.0,0.0,0.0,0.14,0.0,1.13,50.0,0.28,0.42,0.0,12.88,0.14,0.42,21.93,78.06,9.76,66.67,0.71,100.0,9.2,87.69,18.54,84.73,3.4,41.67,22.87,32.46,0.0,0.0,0.0,0.0,0.0,0.0,0.0,2.69,42.11,0.14,0.0,0.28,0.0,0.0,0.0,4.95,45.71,0,,0,,0,0.0,0.0,0.0,,,0.57,,0.0,0.0,0.0,0.0,0,0.0,Deportivo Pereira,Colombia,PER,COL_PER,Defenders
J. Bocanegra,Boyacá Chicó,Boyacá Chicó,RCMF,26.0,450000,,10,639,3,1.43,1,0.65,17.46,44.35,Colombia,Colombia,izquierdo,176,74,no,6.62,5.07,77.78,1.83,15.38,0.42,0.63,0.14,2.25,3.33,0.28,2,0.28,0,0.0,1.97,0.42,2,0.28,0.2,0,0.0,18,2.54,38.89,16.667,1.27,22.22,0.56,50.0,0.7,0.0,0.14,1.97,35.71,8.87,31.75,0.7,1.55,0.0,23.94,0.99,1.97,30.28,84.19,8.73,67.74,6.9,95.92,6.48,84.78,26.48,91.49,2.68,36.84,16.58,29.11,0.09,1.27,0.0,0.0,0.0,0.0,0.14,4.79,67.65,1.55,45.45,0.0,0.0,0.85,0.0,4.08,86.21,0,,0,,0,0.0,0.0,0.0,,,0.14,,3.1,1.13,37.5,1.83,1,100.0,Boyacá Chicó,Colombia,BYC,COL_BYC,Midfield
J. Graterol,América de Cali,América de Cali,GK,28.0,800000,2025-12-31,7,642,0,0.0,0,0.0,0.84,66.67,Venezuela,Venezuela,derecho,182,73,no,1.12,0.0,0.0,0.7,80.0,0.0,0.0,0.0,1.12,1.8,0.0,1,0.14,0,0.0,0.0,0.0,0,0.0,0.0,0,0.0,0,0.0,0.0,0.0,0.0,0.0,0.0,0.0,0.0,0.0,0.0,0.0,0.0,0.0,0.0,0.0,0.0,0.0,11.5,0.14,0.14,17.8,92.91,11.07,89.87,0.0,0.0,6.31,100.0,13.18,97.87,4.49,81.25,28.99,39.66,0.0,0.0,0.0,0.14,0.0,0.0,0.0,0.7,80.0,0.0,0.0,0.0,0.0,0.0,0.0,3.93,82.14,3,0.42,15,2.1,3,80.0,2.95,0.41,-0.05,-0.007,0.0,1.68,,,,0.0,0,0.0,América de Cali,Colombia,AME,COL_AME,Goalkeepers
J. Wallens,Alianza,Alianza,GK,33.0,100000,,7,646,0,0.0,0,0.0,0.42,100.0,Colombia,Colombia,derecho,190,75,no,1.25,0.0,0.0,0.42,100.0,0.0,0.0,0.0,1.25,1.73,0.0,0,0.0,0,0.0,0.0,0.0,0,0.0,0.0,0,0.0,0,0.0,0.0,0.0,0.0,0.0,0.0,0.0,0.0,0.0,0.0,0.0,0.0,0.0,0.0,0.0,0.0,0.0,5.29,0.0,0.14,10.45,86.67,5.99,79.07,0.0,0.0,3.9,96.43,6.83,97.96,3.62,65.38,33.24,52.37,0.0,0.0,0.0,0.0,0.0,0.0,0.0,0.84,50.0,0.0,0.0,0.0,0.0,0.0,0.0,2.79,80.0,5,0.7,25,3.48,4,80.0,5.84,0.81,0.84,0.117,0.0,1.67,,,,0.0,0,0.0,Alianza,Colombia,ALV,COL_ALV,Goalkeepers
M. Gonzalez,Tolima,Tolima,LAMF,21.0,0,,11,647,1,1.21,1,0.55,22.4,44.72,Colombia,Colombia,unknown,0,0,si,7.51,6.26,60.0,3.76,22.22,0.56,0.82,0.14,3.2,4.69,1.53,1,0.14,0,0.0,3.48,0.14,1,0.14,0.17,0,0.0,18,2.5,38.89,5.556,1.81,15.38,1.67,16.67,0.14,0.0,0.14,3.2,69.57,9.74,47.14,4.73,3.62,0.28,24.06,2.92,1.67,30.6,80.0,7.09,70.59,8.35,90.0,6.54,78.72,27.96,84.58,0.83,66.67,17.26,11.42,0.08,0.83,0.14,0.14,0.14,0.0,0.28,2.09,73.33,1.81,38.46,0.14,0.0,1.11,0.28,2.78,85.0,0,,0,,0,0.0,0.0,0.0,,,0.0,,0.0,0.0,0.0,0.28,0,0.0,Tolima,Colombia,TOL,COL_TOL,Attacking Midfield
D. Copete,La Equidad,La Equidad,DMF,24.0,0,,16,656,0,0.13,0,0.0,20.44,59.73,Colombia,Colombia,derecho,192,67,si,11.52,10.56,68.83,2.88,52.38,1.1,1.42,0.55,3.16,4.08,2.74,6,0.82,2,0.27,0.96,0.0,0,0.0,0.02,0,0.0,2,0.27,50.0,0.0,0.14,0.0,0.14,0.0,0.0,0.0,0.14,1.23,66.67,4.39,50.0,0.27,0.55,0.14,17.42,0.14,2.06,25.38,83.24,8.64,73.02,3.84,100.0,7.96,87.93,22.5,85.37,2.74,70.0,16.78,21.02,0.0,0.0,0.0,0.14,0.0,0.0,0.0,5.08,67.57,0.14,0.0,0.14,100.0,0.0,0.0,4.53,72.73,0,,0,,0,0.0,0.0,0.0,,,0.27,,0.0,0.0,0.0,0.0,0,0.0,La Equidad,Colombia,EQU,COL_EQU,Defensive Midfield
K. Toscano Bassa,Atlético Nacional,Atlético Nacional,RDMF,21.0,0,,19,657,0,0.13,0,0.1,17.12,53.6,Colombia,Colombia,unknown,180,75,no,9.18,8.22,68.33,1.23,55.56,0.27,0.46,0.41,3.29,5.5,1.64,1,0.14,1,0.14,0.96,0.0,0,0.0,0.02,0,0.0,5,0.68,60.0,0.0,0.14,100.0,0.0,0.0,0.14,100.0,0.14,1.23,33.33,4.79,37.14,0.14,0.41,0.14,16.71,0.41,0.82,25.07,89.62,6.71,81.63,3.97,89.66,10.27,96.0,24.38,89.89,0.55,75.0,13.66,4.32,0.01,0.41,0.0,0.0,0.14,0.0,0.0,2.74,100.0,0.55,25.0,0.14,0.0,0.0,0.14,3.42,68.0,0,,0,,0,0.0,0.0,0.0,,,0.41,,0.0,0.0,0.0,0.0,0,0.0,Atlético Nacional,Colombia,NAC,COL_NAC,Defensive Midfield
F. Molina,Unión Magdalena,Unión Magdalena,RCB,21.0,0,,9,660,1,0.05,0,0.05,10.23,58.67,Venezuela,Venezuela,,0,0,no,8.18,5.86,58.14,2.45,55.56,1.09,1.28,0.68,3.68,4.33,0.55,1,0.14,0,0.0,0.55,0.14,1,0.14,0.01,0,0.0,3,0.41,33.33,33.333,0.41,66.67,0.0,0.0,0.41,66.67,0.0,0.14,100.0,1.09,62.5,0.0,0.41,0.0,11.05,0.14,0.68,19.77,78.62,9.41,68.12,0.68,80.0,8.18,88.33,15.95,84.62,3.41,52.0,21.4,33.36,0.01,0.14,0.0,0.0,0.0,0.0,0.0,3.55,65.38,0.68,60.0,0.0,0.0,0.14,0.14,4.5,69.7,0,,0,,0,0.0,0.0,0.0,,,0.41,,0.0,0.0,0.0,0.0,0,0.0,Unión Magdalena,Colombia,UMG,COL_UMG,Defenders
D. Ortíz,Unión Magdalena,Unión Magdalena,LCB,22.0,0,,11,670,0,0.04,0,0.01,10.75,48.75,Colombia,Colombia,,0,0,no,9.13,6.58,55.1,1.34,40.0,0.13,0.17,0.81,5.37,6.98,1.75,4,0.54,1,0.13,0.13,0.0,0,0.0,0.01,0,0.0,2,0.27,0.0,0.0,0.4,33.33,0.4,33.33,0.0,0.0,0.0,0.0,0.0,0.81,33.33,0.13,0.54,0.0,14.51,0.4,0.27,24.45,78.02,12.9,66.67,1.61,91.67,7.12,94.34,19.21,86.01,4.84,50.0,21.03,33.09,0.0,0.13,0.0,0.0,0.0,0.0,0.0,2.55,36.84,1.07,25.0,0.27,0.0,0.13,0.13,6.45,56.25,0,,0,,0,0.0,0.0,0.0,,,0.0,,0.0,0.0,0.0,0.0,0,0.0,Unión Magdalena,Colombia,UMG,COL_UMG,Defenders
D. Dawson,Envigado,Envigado,LAMF,19.0,0,,18,678,0,1.5,1,0.55,23.63,52.81,Panama,Panama,,173,0,no,9.56,7.3,78.18,1.33,50.0,0.4,0.56,0.0,3.45,4.81,0.8,2,0.27,1,0.13,1.99,0.0,0,0.0,0.2,0,0.0,16,2.12,31.25,0.0,0.53,0.0,0.13,0.0,0.4,0.0,0.13,2.52,52.63,11.95,44.44,1.33,2.26,0.27,12.74,1.73,1.99,17.92,74.81,4.38,48.48,4.12,100.0,7.17,77.78,16.06,80.99,1.33,30.0,14.67,12.82,0.07,0.93,0.0,0.0,0.13,0.0,0.27,2.12,43.75,1.59,50.0,0.4,0.0,0.8,0.0,2.65,70.0,0,,0,,0,0.0,0.0,0.0,,,0.13,,0.0,0.0,0.0,0.0,0,0.0,Envigado,Colombia,ENV,COL_ENV,Attacking Midfield
J. Quiceno,Boyacá Chicó,Boyacá Chicó,LB,21.0,0,,11,682,0,0.15,1,0.23,17.42,53.79,Colombia,Colombia,,0,0,no,8.45,7.79,71.19,2.64,50.0,0.0,0.0,0.13,2.9,4.46,0.4,0,0.0,1,0.13,0.92,0.0,0,0.0,0.02,0,0.0,7,0.92,28.57,0.0,0.92,28.57,0.92,28.57,0.0,0.0,0.0,0.92,42.86,5.94,33.33,0.26,1.72,0.13,19.13,1.32,1.06,29.82,79.2,10.95,67.47,7.13,94.44,7.39,85.71,25.47,83.42,3.43,61.54,19.71,34.91,0.03,0.4,0.0,0.0,0.0,0.0,0.13,4.75,72.22,1.58,66.67,0.26,100.0,0.66,0.26,6.6,74.0,0,,0,,0,0.0,0.0,0.0,,,0.92,,0.26,0.13,0.0,0.0,0,0.0,Boyacá Chicó,Colombia,BYC,COL_BYC,Defenders
E. Londoño,Envigado,Envigado,LB,19.0,0,,7,686,0,0.0,0,0.25,13.12,53.0,Colombia,Colombia,,0,0,no,8.66,6.69,56.86,1.97,66.67,0.39,0.62,0.26,4.46,7.03,1.31,3,0.39,0,0.0,1.44,0.0,0,0.0,0.0,0,0.0,2,0.26,0.0,0.0,1.44,36.36,1.44,36.36,0.0,0.0,0.13,1.31,70.0,3.02,47.83,0.39,0.39,0.0,16.79,0.39,0.13,25.58,74.87,10.5,60.0,3.54,96.3,6.69,80.39,20.34,85.16,3.94,36.67,21.15,41.44,0.03,0.52,0.0,0.0,0.0,0.0,0.13,3.54,48.15,1.31,20.0,0.13,0.0,0.13,0.52,5.38,51.22,0,,0,,0,0.0,0.0,0.0,,,0.13,,0.26,0.0,0.0,0.13,0,0.0,Envigado,Colombia,ENV,COL_ENV,Defenders
J. Parra,Once Caldas,Once Caldas,GK,25.0,800000,2026-12-31,7,686,0,0.0,0,0.0,0.66,100.0,Colombia,Colombia,derecho,184,71,si,1.05,0.13,100.0,0.26,100.0,0.0,0.0,0.0,0.92,1.25,0.0,2,0.26,0,0.0,0.13,0.0,0,0.0,0.0,0,0.0,0,0.0,0.0,0.0,0.0,0.0,0.0,0.0,0.0,0.0,0.0,0.13,100.0,0.26,100.0,0.0,0.0,0.0,11.68,0.52,0.13,20.6,75.8,12.46,62.11,0.0,0.0,7.87,96.67,11.41,97.7,9.18,48.57,36.9,53.56,0.0,0.0,0.0,0.0,0.0,0.0,0.0,4.59,45.71,0.26,0.0,0.13,0.0,0.0,0.0,6.03,67.39,11,1.44,44,5.77,3,75.0,12.01,1.58,1.01,0.133,0.0,0.52,,,,0.0,0,0.0,Once Caldas,Colombia,ONC,COL_ONC,Goalkeepers
J. Pérez,Alianza,Alianza,AMF,37.0,50000,,12,690,1,1.07,0,0.45,11.22,45.35,Colombia,Colombia,derecho,174,0,no,2.74,2.87,54.55,2.09,37.5,0.26,0.38,0.13,0.91,1.34,0.52,1,0.13,1,0.13,1.83,0.13,1,0.13,0.14,0,0.0,14,1.83,35.71,7.143,0.65,20.0,0.39,33.33,0.26,0.0,0.26,1.57,50.0,5.22,40.0,1.04,1.04,0.13,30.26,1.83,1.3,38.09,81.85,13.04,69.0,7.96,96.72,11.35,85.06,33.39,87.89,4.04,41.94,18.52,33.1,0.06,1.04,0.13,0.0,0.39,66.67,0.13,8.61,74.24,2.74,33.33,1.3,50.0,0.78,0.0,6.0,95.65,0,,0,,0,0.0,0.0,0.0,,,0.0,,2.22,0.13,100.0,2.48,0,0.0,Alianza,Colombia,ALV,COL_ALV,Attacking Midfield
K. Cortés,Boyacá Chicó,Boyacá Chicó,LDMF,22.0,0,,10,695,0,0.2,0,0.04,17.48,48.15,Colombia,Colombia,derecho,175,60,no,7.38,7.77,63.33,0.78,16.67,0.65,0.94,0.13,1.81,2.64,1.29,3,0.39,0,0.0,1.04,0.0,0,0.0,0.03,0,0.0,7,0.91,14.29,0.0,0.13,0.0,0.13,0.0,0.0,0.0,0.0,1.68,46.15,7.38,40.35,0.13,1.94,0.13,31.08,0.26,1.17,41.83,86.07,12.04,76.34,2.33,88.89,18.13,92.86,37.94,87.71,3.76,72.41,17.47,39.74,0.01,0.26,0.0,0.13,0.13,100.0,0.0,7.51,77.59,0.65,20.0,0.13,100.0,0.52,0.0,5.96,78.26,0,,0,,0,0.0,0.0,0.0,,,0.0,,0.26,0.0,0.0,0.0,0,0.0,Boyacá Chicó,Colombia,BYC,COL_BYC,Defensive Midfield
Y. González,Jaguares de Córdoba,Jaguares de Córdoba,LCB,35.0,100000,,11,700,0,0.95,1,0.29,11.44,57.3,Colombia,"Colombia, Equatorial Guinea",derecho,178,80,no,7.97,5.01,61.54,4.24,51.52,0.0,0.0,0.26,4.89,6.44,0.77,0,0.0,0,0.0,0.39,0.0,0,0.0,0.12,0,0.0,3,0.39,66.67,0.0,0.26,50.0,0.0,0.0,0.26,50.0,0.13,0.13,0.0,0.9,57.14,0.64,0.13,0.0,25.59,0.26,0.26,36.77,88.46,16.59,81.4,1.29,90.0,16.59,95.35,30.86,93.33,5.66,63.64,22.08,35.14,0.04,0.13,0.0,0.0,0.0,0.0,0.13,3.21,72.0,0.39,0.0,0.13,0.0,0.0,0.26,7.97,77.42,0,,0,,0,0.0,0.0,0.0,,,0.77,,0.0,0.0,0.0,0.0,0,0.0,Jaguares de Córdoba,Colombia,JAG,COL_JAG,Defenders
A. Tovar,Envigado,Envigado,GK,19.0,0,,7,701,0,0.0,0,0.0,1.67,69.23,Colombia,Colombia,izquierdo,180,80,no,0.51,0.51,50.0,0.9,100.0,0.0,0.0,0.0,0.26,0.4,0.13,1,0.13,0,0.0,0.0,0.0,0,0.0,0.0,0,0.0,0,0.0,0.0,0.0,0.0,0.0,0.0,0.0,0.0,0.0,0.0,0.0,0.0,0.26,0.0,0.0,0.0,0.0,6.29,0.13,0.13,10.14,86.08,5.91,78.26,0.0,0.0,3.85,96.67,6.03,100.0,4.11,65.63,35.5,54.42,0.0,0.0,0.0,0.0,0.0,0.0,0.0,1.93,53.33,0.13,0.0,0.0,0.0,0.0,0.0,3.08,83.33,10,1.28,22,2.82,1,54.55,7.14,0.92,-2.86,-0.367,0.0,2.31,,,,0.0,0,0.0,Envigado,Colombia,ENV,COL_ENV,Goalkeepers
J. Pimentel,Boyacá Chicó,Boyacá Chicó,CF,23.0,150000,,19,702,0,1.03,0,0.34,15.51,42.15,Colombia,Colombia,derecho,176,68,no,2.82,4.36,50.0,1.54,41.67,0.13,0.2,0.13,0.51,0.79,0.9,1,0.13,0,0.0,1.54,0.0,0,0.0,0.13,0,0.0,10,1.28,30.0,0.0,1.03,37.5,0.51,0.0,0.51,75.0,0.0,1.28,60.0,7.44,41.38,1.03,1.28,0.0,20.0,1.41,2.82,20.9,80.98,5.64,68.18,5.64,93.18,6.15,81.25,19.1,83.89,0.9,71.43,16.39,12.72,0.04,0.9,0.0,0.0,0.13,0.0,0.0,2.82,68.18,1.54,41.67,0.26,0.0,0.64,0.26,3.33,57.69,0,,0,,0,0.0,0.0,0.0,,,0.13,,0.51,0.13,0.0,0.77,0,0.0,Boyacá Chicó,Colombia,BYC,COL_BYC,Forwards
Y. Rodallega,Medellín,Medellín,LWB,24.0,650000,,16,703,0,0.05,0,1.35,12.16,47.37,Colombia,Colombia,izquierdo,178,73,si,5.5,5.38,61.9,2.69,47.62,0.13,0.21,0.0,2.05,3.29,0.64,1,0.13,0,0.0,2.56,0.0,0,0.0,0.01,0,0.0,2,0.26,0.0,0.0,4.61,50.0,4.61,50.0,0.0,0.0,0.38,0.77,33.33,3.2,28.0,1.92,0.51,0.13,21.64,2.94,0.38,25.73,70.65,5.38,61.9,5.25,87.8,9.86,72.73,20.23,76.58,1.79,57.14,18.59,26.33,0.17,1.41,0.0,0.0,0.0,0.0,0.64,1.41,63.64,3.84,56.67,0.13,0.0,0.77,2.05,5.5,69.77,0,,0,,0,0.0,0.0,0.0,,,0.26,,0.0,0.0,0.0,0.0,0,0.0,Medellín,Colombia,MDL,COL_MDL,Defenders
G. Ramírez,Tolima,Tolima,CF,35.0,200000,,16,706,3,2.36,1,1.05,15.3,40.83,Paraguay,"Paraguay, Mexico",derecho,181,74,no,4.21,3.06,54.17,4.33,38.24,0.13,0.23,0.51,2.42,4.29,1.15,3,0.38,0,0.0,2.17,0.38,3,0.38,0.3,1,0.13,18,2.29,61.11,16.667,1.02,25.0,0.13,0.0,0.89,28.57,0.13,1.02,50.0,5.74,37.78,3.19,0.25,0.0,13.13,2.04,1.15,19.63,80.52,3.7,79.31,4.72,91.89,5.61,79.55,17.46,83.21,1.15,88.89,21.01,14.33,0.13,0.38,0.13,0.0,0.0,0.0,0.25,2.04,81.25,0.51,50.0,0.25,100.0,0.76,0.25,2.55,80.0,0,,0,,0,0.0,0.0,0.0,,,0.0,,0.0,0.0,0.0,0.0,0,0.0,Tolima,Colombia,TOL,COL_TOL,Forwards
J. Jordán Riascos,Boyacá Chicó,Boyacá Chicó,LB,24.0,0,,9,710,0,0.48,0,0.25,22.31,50.57,Colombia,Colombia,,0,0,si,7.99,7.23,71.93,0.63,40.0,0.13,0.21,0.0,2.66,4.38,0.76,0,0.0,0,0.0,3.42,0.0,0,0.0,0.06,0,0.0,12,1.52,16.67,0.0,3.93,22.58,3.68,24.14,0.13,0.0,1.27,4.18,54.55,12.42,37.76,1.01,1.9,0.13,20.66,1.39,1.27,31.31,71.26,7.23,61.4,5.96,87.23,10.01,69.62,25.48,83.08,2.28,27.78,18.44,42.34,0.03,0.51,0.0,0.0,0.0,0.0,0.13,4.56,58.33,3.3,23.08,0.25,0.0,0.38,0.38,4.69,59.46,0,,0,,0,0.0,0.0,0.0,,,0.0,,0.13,0.13,0.0,0.13,0,0.0,Boyacá Chicó,Colombia,BYC,COL_BYC,Defenders
S. Londoño,Envigado,Envigado,CF,17.0,0,,18,712,1,0.98,0,0.06,19.21,32.89,Colombia,Colombia,unknown,0,0,no,5.18,4.93,53.85,3.16,28.0,0.0,0.0,0.0,2.53,3.92,2.4,5,0.63,0,0.0,0.51,0.13,1,0.13,0.12,0,0.0,4,0.51,50.0,25.0,0.38,0.0,0.0,0.0,0.38,0.0,0.0,1.26,20.0,8.09,21.88,1.9,1.14,0.13,7.46,1.77,1.14,13.78,74.31,3.79,70.0,4.3,76.47,2.53,90.0,12.89,79.41,0.51,0.0,19.42,11.14,0.01,0.25,0.0,0.0,0.0,0.0,0.0,0.76,33.33,0.51,75.0,0.0,0.0,0.38,0.0,0.63,80.0,0,,0,,0,0.0,0.0,0.0,,,0.51,,0.0,0.0,0.0,0.0,0,0.0,Envigado,Colombia,ENV,COL_ENV,Forwards
D. Mosquera,Llaneros,Llaneros,RCMF,27.0,300000,,12,723,0,0.06,1,0.09,16.56,56.39,Colombia,Colombia,derecho,183,0,no,10.08,8.09,66.15,0.87,71.43,0.75,0.97,0.0,3.98,5.19,1.49,1,0.12,0,0.0,1.24,0.0,0,0.0,0.01,0,0.0,3,0.37,0.0,0.0,1.0,25.0,0.0,0.0,1.0,25.0,0.12,1.49,66.67,6.1,44.9,0.5,1.87,0.37,27.76,0.75,1.12,38.96,82.75,14.19,73.68,5.85,95.74,13.07,84.76,34.73,87.1,3.36,51.85,18.21,22.98,0.01,0.5,0.12,0.0,0.37,0.0,0.12,6.97,71.43,1.74,42.86,0.62,0.0,0.5,0.25,6.72,85.19,0,,0,,0,0.0,0.0,0.0,,,0.5,,0.0,0.0,0.0,0.0,0,0.0,Llaneros,Colombia,LNR,COL_LNR,Midfield
S. Salazar,Boyacá Chicó,Boyacá Chicó,RCMF,29.0,200000,,10,729,0,0.05,0,0.0,10.74,45.98,Colombia,Colombia,derecho,180,79,no,8.27,5.8,53.19,0.74,33.33,0.62,0.87,0.62,4.57,6.42,0.99,0,0.0,0,0.0,0.49,0.0,0,0.0,0.01,0,0.0,2,0.25,50.0,0.0,0.12,0.0,0.0,0.0,0.12,0.0,0.0,0.86,28.57,2.96,33.33,0.0,0.25,0.0,19.14,0.12,0.86,29.01,87.66,8.15,77.27,4.07,100.0,11.23,93.41,26.67,91.2,2.22,50.0,15.91,16.65,0.0,0.0,0.0,0.0,0.12,100.0,0.0,3.09,68.0,0.37,0.0,0.25,50.0,0.0,0.0,3.33,70.37,0,,0,,0,0.0,0.0,0.0,,,0.49,,0.0,0.0,0.0,0.0,0,0.0,Boyacá Chicó,Colombia,BYC,COL_BYC,Midfield
S. Colón,Boyacá Chicó,Boyacá Chicó,CF,27.0,0,,23,734,1,2.07,1,0.49,21.7,28.81,Colombia,Colombia,derecho,177,72,no,3.43,2.57,61.9,5.4,22.73,0.0,0.0,0.12,1.84,3.13,2.45,3,0.37,0,0.0,0.98,0.12,1,0.12,0.25,0,0.0,14,1.72,35.71,7.143,0.12,0.0,0.0,0.0,0.12,0.0,0.0,0.98,37.5,8.95,23.29,2.57,0.37,0.0,11.4,1.72,1.72,14.71,81.67,2.94,70.83,5.03,85.37,2.7,77.27,14.1,83.48,0.49,50.0,12.88,4.71,0.06,0.61,0.0,0.0,0.0,0.0,0.12,1.23,100.0,0.61,40.0,0.12,0.0,0.74,0.0,0.37,100.0,0,,0,,0,0.0,0.0,0.0,,,0.0,,0.0,0.0,0.0,0.0,0,0.0,Boyacá Chicó,Colombia,BYC,COL_BYC,Forwards
C. Lucumí,Alianza,Alianza,CF,25.0,350000,,14,735,5,4.23,0,0.6,15.55,39.37,Colombia,Colombia,derecho,186,81,no,1.22,0.61,20.0,7.35,50.0,0.0,0.0,0.0,1.1,1.66,0.61,2,0.24,0,0.0,2.33,0.61,4,0.49,0.52,3,0.37,27,3.31,44.44,18.519,0.49,25.0,0.0,0.0,0.49,25.0,0.0,1.71,42.86,6.12,34.0,4.29,0.61,0.0,10.65,1.47,0.73,12.61,77.67,3.55,65.52,3.06,96.0,2.45,70.0,11.88,81.44,0.24,0.0,12.64,6.58,0.07,0.98,0.0,0.0,0.0,0.0,0.37,1.22,50.0,0.86,57.14,0.12,0.0,1.1,0.12,1.59,76.92,0,,0,,0,0.0,0.0,0.0,,,0.0,,0.12,0.12,0.0,0.0,1,100.0,Alianza,Colombia,ALV,COL_ALV,Forwards
M. Pérez,Deportivo Pereira,Deportivo Pereira,CF,35.0,250000,,24,743,2,1.67,1,0.5,11.51,43.16,Colombia,Colombia,derecho,182,76,no,0.97,1.09,44.44,5.57,50.0,0.0,0.0,0.0,0.48,0.85,0.48,4,0.48,0,0.0,1.09,0.24,2,0.24,0.2,1,0.12,17,2.06,35.29,11.765,0.61,40.0,0.12,100.0,0.24,50.0,0.24,0.36,33.33,2.66,27.27,4.24,0.24,0.0,9.08,1.09,0.61,10.9,77.78,1.94,62.5,3.39,100.0,3.03,60.0,10.05,79.52,0.24,100.0,12.54,1.83,0.06,0.36,0.0,0.0,0.0,0.0,0.24,0.61,80.0,0.97,37.5,0.0,0.0,0.85,0.12,1.33,72.73,0,,0,,0,0.0,0.0,0.0,,,0.12,,0.24,0.24,0.0,0.0,0,0.0,Deportivo Pereira,Colombia,PER,COL_PER,Forwards
A. Peñaranda,Atlético Bucaramanga,Atlético Bucaramanga,CF,27.0,200000,2026-05-31,18,749,1,2.15,2,1.35,26.44,37.73,Venezuela,"Venezuela, Spain",derecho,186,83,si,2.88,3.85,37.5,2.4,25.0,0.24,0.39,0.0,1.2,1.97,1.92,1,0.12,0,0.0,4.69,0.12,0,0.0,0.26,0,0.0,16,1.92,25.0,6.25,1.44,33.33,0.48,0.0,0.96,50.0,0.24,7.45,50.0,17.54,39.04,4.09,3.48,1.2,15.26,1.56,2.52,21.51,80.45,4.69,76.92,6.73,89.29,5.53,80.43,19.95,83.73,0.12,100.0,15.62,1.99,0.16,0.72,0.24,0.0,0.12,0.0,0.36,2.16,83.33,0.72,50.0,0.0,0.0,0.84,0.48,3.48,68.97,0,,0,,0,0.0,0.0,0.0,,,0.0,,0.36,0.0,0.0,0.36,1,100.0,Atlético Bucaramanga,Colombia,BUC,COL_BUC,Forwards
H. Loboa Diaz,Medellín,Medellín,LCMF,19.0,0,,13,761,0,0.07,0,0.04,17.03,56.94,Colombia,Colombia,unknown,0,0,no,8.4,8.52,69.44,1.18,40.0,0.12,0.17,0.12,2.37,3.49,1.06,3,0.35,0,0.0,0.83,0.0,0,0.0,0.01,0,0.0,3,0.35,0.0,0.0,0.35,66.67,0.12,100.0,0.24,50.0,0.0,1.06,55.56,5.32,44.44,0.0,0.83,0.0,33.47,0.24,1.42,44.11,90.88,11.24,80.0,5.8,89.8,17.86,96.69,41.63,92.9,2.13,55.56,18.11,22.41,0.0,0.24,0.0,0.0,0.0,0.0,0.0,4.85,90.24,0.35,33.33,0.0,0.0,0.0,0.24,4.38,59.46,0,,0,,0,0.0,0.0,0.0,,,0.35,,0.0,0.0,0.0,0.0,0,0.0,Medellín,Colombia,MDL,COL_MDL,Midfield
J. Giraldo,Unión Magdalena,Unión Magdalena,LCMF,28.0,200000,,18,771,0,0.33,0,0.27,14.01,50.83,Colombia,Colombia,izquierdo,173,70,no,9.22,7.12,60.66,1.28,72.73,0.35,0.46,0.58,4.55,6.03,1.87,2,0.23,0,0.0,0.35,0.0,0,0.0,0.04,0,0.0,5,0.58,40.0,0.0,0.23,0.0,0.12,0.0,0.12,0.0,0.12,0.35,33.33,4.44,34.21,0.23,0.47,0.0,23.11,0.0,1.05,35.72,86.93,11.67,80.0,5.95,94.12,11.67,87.0,31.98,91.24,3.62,51.61,17.79,28.87,0.03,0.35,0.0,0.0,0.0,0.0,0.23,6.07,84.62,0.58,20.0,0.47,50.0,0.23,0.0,7.0,73.33,0,,0,,0,0.0,0.0,0.0,,,0.0,,0.12,0.0,0.0,0.0,0,0.0,Unión Magdalena,Colombia,UMG,COL_UMG,Midfield
J. Torres,Tolima,Tolima,CF,21.0,0,2025-12-31,16,775,0,1.27,1,1.26,16.72,47.92,Colombia,Colombia,derecho,170,65,si,5.46,4.53,66.67,1.39,8.33,0.46,0.73,0.0,1.97,3.09,1.28,2,0.23,0,0.0,2.9,0.0,0,0.0,0.15,0,0.0,23,2.67,34.78,0.0,0.46,50.0,0.12,100.0,0.35,33.33,0.12,3.25,50.0,8.59,47.3,2.21,2.79,0.23,35.42,1.28,1.74,43.78,85.94,12.31,75.47,7.66,96.97,15.68,93.33,40.18,88.44,3.14,59.26,17.05,26.21,0.15,1.63,0.0,0.0,0.46,25.0,0.46,6.97,76.67,2.79,75.0,1.16,30.0,2.21,0.23,6.04,88.46,0,,0,,0,0.0,0.0,0.0,,,0.35,,0.58,0.23,0.0,1.39,0,0.0,Tolima,Colombia,TOL,COL_TOL,Forwards
J. Medranda,Deportivo Pereira,Deportivo Pereira,LCB,23.0,150000,,8,777,1,0.8,1,0.43,10.19,67.05,Colombia,Colombia,izquierdo,186,78,no,7.3,3.47,76.67,2.9,60.0,0.0,0.0,0.46,4.63,6.38,0.58,3,0.35,0,0.0,0.58,0.12,1,0.12,0.09,0,0.0,5,0.58,20.0,20.0,0.12,100.0,0.12,100.0,0.0,0.0,0.0,0.35,100.0,1.51,46.15,0.69,0.69,0.0,20.62,0.23,0.23,33.01,80.0,14.59,67.46,2.08,88.89,12.97,89.29,26.87,88.79,6.02,40.38,23.11,45.85,0.05,0.12,0.0,0.0,0.0,0.0,0.12,4.52,51.28,0.35,33.33,0.58,20.0,0.0,0.12,7.07,55.74,0,,0,,0,0.0,0.0,0.0,,,1.39,,0.0,0.0,0.0,0.0,0,0.0,Deportivo Pereira,Colombia,PER,COL_PER,Defenders
A. Ibargüen,Once Caldas,Once Caldas,AMF,33.0,450000,,10,779,0,1.3,0,0.16,14.56,50.79,Colombia,Colombia,derecho,175,67,no,4.39,3.58,77.42,2.08,33.33,0.0,0.0,0.12,1.62,2.47,0.58,0,0.0,1,0.12,2.31,0.0,0,0.0,0.15,0,0.0,11,1.27,18.18,0.0,1.5,30.77,0.35,33.33,1.04,33.33,0.12,2.31,65.0,7.86,41.18,2.2,1.04,0.0,25.65,1.27,1.39,34.31,87.54,9.82,82.35,6.35,94.55,10.4,88.89,30.5,91.67,2.43,66.67,16.69,39.62,0.02,0.81,0.0,0.0,0.12,100.0,0.0,5.08,86.36,2.77,62.5,0.46,25.0,1.27,0.35,4.74,90.24,0,,0,,0,0.0,0.0,0.0,,,0.12,,0.35,0.0,0.0,0.92,0,0.0,Once Caldas,Colombia,ONC,COL_ONC,Attacking Midfield
J. Bernal,Deportivo Pasto,Deportivo Pasto,RWB,23.0,0,,14,780,0,0.41,0,0.66,20.65,45.81,Panama,Panama,unknown,180,0,no,6.58,5.65,65.31,1.73,40.0,0.46,0.61,0.0,2.42,3.2,0.69,1,0.12,0,0.0,3.46,0.0,0,0.0,0.05,0,0.0,10,1.15,30.0,0.0,2.65,34.78,0.92,37.5,1.73,33.33,0.69,4.27,51.35,10.15,40.91,0.81,1.85,0.23,16.62,2.88,2.19,21.92,71.05,6.0,53.85,4.73,92.68,7.38,73.44,17.54,78.95,1.85,43.75,18.49,27.77,0.08,0.58,0.0,0.0,0.12,0.0,0.12,1.96,64.71,2.19,31.58,0.0,0.0,0.23,0.69,4.62,57.5,0,,0,,0,0.0,0.0,0.0,,,0.0,,0.92,0.23,50.0,0.46,0,0.0,Deportivo Pasto,Colombia,PAS,COL_PAS,Defenders
C. Esparragoza,Junior,Junior,RDMF,26.0,450000,,13,785,0,0.44,0,0.03,13.99,54.1,Colombia,Colombia,derecho,179,71,no,8.83,8.48,55.41,1.26,45.45,0.23,0.39,0.0,3.9,6.62,1.61,3,0.34,0,0.0,1.49,0.0,0,0.0,0.05,0,0.0,9,1.03,55.56,0.0,0.57,40.0,0.46,50.0,0.11,0.0,0.0,0.92,75.0,2.87,48.0,0.69,0.11,0.0,41.27,0.34,1.03,54.69,86.58,20.18,77.27,6.31,94.55,18.0,92.36,48.84,89.67,5.39,61.7,19.27,38.53,0.0,0.34,0.0,0.0,0.0,0.0,0.11,7.91,72.46,1.49,30.77,0.23,0.0,0.57,0.11,9.06,78.48,0,,0,,0,0.0,0.0,0.0,,,0.23,,0.0,0.0,0.0,0.0,0,0.0,Junior,Colombia,JNR,COL_JNR,Defensive Midfield
Marcus Vinicius,Medellín,Medellín,CF,28.0,800000,2027-06-30,22,787,2,2.67,1,0.47,18.87,43.64,Brazil,Brazil,derecho,188,82,no,4.69,4.12,69.44,1.94,11.76,0.0,0.0,0.0,1.83,2.98,1.6,0,0.0,0,0.0,2.97,0.23,2,0.23,0.31,1,0.11,23,2.63,30.43,8.696,1.14,10.0,0.57,0.0,0.57,20.0,0.0,3.32,62.07,10.18,42.7,1.6,2.4,0.11,23.56,1.72,2.29,28.48,78.71,7.32,65.63,5.49,93.75,9.15,75.0,25.5,86.1,1.83,18.75,17.78,14.95,0.05,0.91,0.0,0.0,0.0,0.0,0.34,4.0,57.14,2.17,42.11,0.8,28.57,0.91,0.11,3.32,72.41,0,,0,,0,0.0,0.0,0.0,,,0.11,,0.57,0.23,0.0,2.63,0,0.0,Medellín,Colombia,MDL,COL_MDL,Forwards
J. Ojeda,Boyacá Chicó,Boyacá Chicó,LCB,27.0,75000,,9,787,0,0.4,0,0.06,8.46,52.7,Paraguay,Paraguay,derecho,188,78,no,6.18,4.57,60.0,2.74,45.83,0.0,0.0,0.91,3.43,4.84,0.57,3,0.34,0,0.0,0.23,0.0,0,0.0,0.05,0,0.0,3,0.34,66.67,0.0,0.0,0.0,0.0,0.0,0.0,0.0,0.0,0.0,0.0,0.23,50.0,0.23,0.57,0.0,14.75,0.11,0.23,25.04,84.93,11.78,75.73,0.69,100.0,11.32,95.96,20.81,92.86,4.23,45.95,23.66,40.09,0.01,0.11,0.11,0.0,0.0,0.0,0.0,2.74,54.17,0.23,0.0,0.0,0.0,0.0,0.0,4.35,63.16,0,,0,,0,0.0,0.0,0.0,,,0.46,,0.0,0.0,0.0,0.0,0,0.0,Boyacá Chicó,Colombia,BYC,COL_BYC,Defenders
J. Montoya,Envigado,Envigado,GK,26.0,200000,,8,808,0,0.0,0,0.0,0.78,100.0,Colombia,Colombia,,0,0,si,1.45,0.0,0.0,0.56,100.0,0.0,0.0,0.0,1.45,1.86,0.0,2,0.22,0,0.0,0.0,0.0,0,0.0,0.0,0,0.0,0,0.0,0.0,0.0,0.0,0.0,0.0,0.0,0.0,0.0,0.0,0.0,0.0,0.22,100.0,0.0,0.0,0.0,7.02,0.11,0.22,15.37,76.81,10.69,69.79,0.0,0.0,4.34,92.31,7.69,98.55,7.69,55.07,40.1,54.75,0.0,0.0,0.0,0.0,0.0,0.0,0.0,3.12,60.71,0.11,0.0,0.33,66.67,0.0,0.0,4.9,79.55,6,0.67,35,3.9,2,82.86,4.92,0.55,-1.08,-0.12,0.0,2.34,,,,0.0,0,0.0,Envigado,Colombia,ENV,COL_ENV,Goalkeepers
A. Ramos,América de Cali,América de Cali,CF,39.0,150000,,18,808,4,3.98,0,0.88,15.93,42.66,Colombia,Colombia,derecho,185,75,no,2.45,1.45,76.92,8.02,43.06,0.0,0.0,0.22,1.34,2.13,0.45,2,0.22,0,0.0,1.56,0.45,4,0.45,0.44,2,0.22,23,2.56,43.48,17.391,0.67,50.0,0.33,66.67,0.33,33.33,0.0,0.67,16.67,4.46,27.5,5.01,0.33,0.0,13.25,2.34,0.67,16.15,68.28,3.56,46.88,3.9,77.14,5.35,72.92,14.93,68.66,0.56,80.0,15.59,5.15,0.1,1.0,0.0,0.0,0.11,0.0,0.45,1.11,70.0,1.78,43.75,0.11,0.0,1.0,0.22,1.34,66.67,0,,0,,0,0.0,0.0,0.0,,,0.0,,0.0,0.0,0.0,0.0,0,0.0,América de Cali,Colombia,AME,COL_AME,Forwards
S. Silva,América de Cali,América de Cali,GK,26.0,700000,,8,810,0,0.0,0,0.0,0.78,42.86,Uruguay,Uruguay,derecho,190,78,no,1.44,0.22,0.0,0.11,100.0,0.0,0.0,0.0,1.44,2.1,0.0,0,0.0,0,0.0,0.0,0.0,0,0.0,0.0,0,0.0,0,0.0,0.0,0.0,0.0,0.0,0.0,0.0,0.0,0.0,0.0,0.0,0.0,0.22,50.0,0.0,0.0,0.0,8.44,0.33,0.22,16.44,85.14,11.22,80.2,0.11,100.0,4.78,95.35,8.0,94.44,8.44,76.32,35.07,46.42,0.0,0.0,0.0,0.0,0.0,0.0,0.0,1.56,64.29,0.0,0.0,0.11,0.0,0.0,0.0,7.44,76.12,9,1.0,44,4.89,4,79.55,12.82,1.42,3.82,0.424,0.11,1.89,,,,0.0,0,0.0,América de Cali,Colombia,AME,COL_AME,Goalkeepers
J. Mina,Llaneros,Llaneros,RCB,25.0,300000,,16,819,1,0.63,0,0.0,16.37,63.09,Colombia,Colombia,derecho,188,0,no,10.11,7.69,72.86,3.3,63.33,0.22,0.33,0.33,4.29,6.36,1.98,2,0.22,0,0.0,0.44,0.11,1,0.11,0.07,1,0.11,3,0.33,66.67,33.333,0.22,0.0,0.0,0.0,0.22,0.0,0.11,0.22,100.0,2.09,31.58,0.44,0.55,0.33,15.49,0.33,0.77,25.71,80.34,12.31,70.54,1.98,100.0,8.02,90.41,22.2,85.15,3.3,53.33,17.69,24.41,0.0,0.0,0.0,0.0,0.0,0.0,0.0,2.86,53.85,0.55,20.0,0.11,0.0,0.11,0.0,4.84,61.36,0,,0,,0,0.0,0.0,0.0,,,1.43,,0.0,0.0,0.0,0.0,0,0.0,Llaneros,Colombia,LNR,COL_LNR,Defenders
Y. Perlaza,Santa Fe,Santa Fe,RB,22.0,0,,18,819,1,0.55,1,1.88,14.73,53.73,Colombia,Colombia,unknown,180,63,si,4.4,3.08,71.43,2.42,50.0,0.0,0.0,0.11,2.2,2.94,0.44,0,0.0,0,0.0,3.85,0.11,1,0.11,0.06,0,0.0,9,0.99,55.56,11.111,2.97,51.85,0.11,100.0,2.86,50.0,0.11,2.75,64.0,7.47,50.0,1.54,1.87,0.33,14.73,1.32,1.32,19.89,76.24,6.04,69.09,2.2,80.0,7.91,80.56,15.71,81.82,1.43,61.54,20.72,21.02,0.21,1.21,0.22,0.0,0.0,0.0,0.77,2.09,89.47,2.53,65.22,0.11,0.0,0.66,1.43,4.84,72.73,0,,0,,0,0.0,0.0,0.0,,,0.0,,0.0,0.0,0.0,0.22,0,0.0,Santa Fe,Colombia,STF,COL_STF,Defenders
M. Amaya Peña,La Equidad,La Equidad,RCB,21.0,0,,10,819,0,0.09,0,0.01,12.53,64.04,Colombia,Colombia,,0,0,no,9.67,8.02,72.6,2.42,54.55,0.22,0.31,0.55,3.63,5.1,1.21,3,0.33,0,0.0,0.22,0.0,0,0.0,0.01,0,0.0,4,0.44,0.0,0.0,0.22,50.0,0.0,0.0,0.22,50.0,0.0,0.0,0.0,0.88,37.5,0.0,0.99,0.0,23.85,0.88,0.22,36.26,86.06,19.12,82.76,1.87,94.12,12.31,91.07,31.32,89.82,4.73,62.79,20.6,32.76,0.0,0.11,0.0,0.0,0.22,50.0,0.0,7.25,83.33,0.33,66.67,0.33,66.67,0.22,0.11,8.57,76.92,0,,0,,0,0.0,0.0,0.0,,,1.21,,0.0,0.0,0.0,0.0,0,0.0,La Equidad,Colombia,EQU,COL_EQU,Defenders
A. Estacio,Deportivo Pereira,Deportivo Pereira,RAMF,27.0,500000,,16,824,0,1.54,0,0.5,17.58,52.17,Colombia,Colombia,izquierdo,178,78,no,6.23,6.01,70.91,1.75,25.0,0.11,0.17,0.11,1.86,2.91,1.2,4,0.44,0,0.0,3.06,0.0,0,0.0,0.17,0,0.0,28,3.06,35.71,0.0,1.53,28.57,0.66,16.67,0.87,37.5,0.11,2.73,56.0,8.19,46.67,1.42,2.4,0.11,14.09,1.31,2.18,19.11,75.43,5.24,66.67,3.93,88.89,6.33,79.31,15.62,80.42,2.18,70.0,21.08,28.43,0.05,0.55,0.22,0.0,0.11,0.0,0.22,3.28,60.0,1.75,31.25,0.11,0.0,0.55,0.33,3.06,78.57,0,,0,,0,0.0,0.0,0.0,,,0.11,,0.98,0.87,62.5,1.09,0,0.0,Deportivo Pereira,Colombia,PER,COL_PER,Attacking Midfield
E. Rivero Almario,Atlético Nacional,Atlético Nacional,RDMF,19.0,0,,17,829,0,0.06,0,0.61,13.79,48.82,Colombia,Colombia,unknown,0,0,no,6.62,6.73,51.61,1.52,35.71,1.19,1.96,0.33,1.95,3.21,1.63,4,0.43,0,0.0,0.65,0.0,0,0.0,0.01,0,0.0,6,0.65,0.0,0.0,0.11,0.0,0.0,0.0,0.11,0.0,0.0,0.98,66.67,3.37,54.84,0.0,0.0,0.0,28.34,0.33,1.41,37.24,87.46,11.07,80.39,6.19,96.49,14.76,88.24,33.76,90.35,3.37,61.29,19.16,24.99,0.07,0.43,0.22,0.0,0.0,0.0,0.22,6.62,78.69,1.19,45.45,0.54,40.0,0.54,0.0,5.54,82.35,0,,0,,0,0.0,0.0,0.0,,,0.76,,0.0,0.0,0.0,0.0,0,0.0,Atlético Nacional,Colombia,NAC,COL_NAC,Defensive Midfield
J. Roa,Jaguares de Córdoba,Jaguares de Córdoba,RCMF,30.0,350000,,9,830,1,1.66,0,0.75,16.48,61.18,Colombia,Colombia,derecho,178,65,no,9.76,8.46,70.51,3.25,53.33,0.0,0.0,0.54,3.8,5.61,1.41,1,0.11,0,0.0,1.41,0.11,1,0.11,0.18,1,0.11,8,0.87,37.5,12.5,0.43,100.0,0.11,100.0,0.11,100.0,0.11,0.87,50.0,3.14,41.38,0.98,0.87,0.11,30.04,0.65,0.65,43.27,89.97,15.94,79.59,5.42,98.0,15.07,96.4,38.6,92.98,4.23,61.54,17.65,27.16,0.08,1.08,0.0,0.0,0.22,100.0,0.11,6.61,78.69,1.19,63.64,0.54,80.0,0.76,0.33,7.48,86.96,0,,0,,0,0.0,0.0,0.0,,,0.43,,0.11,0.0,0.0,0.0,0,0.0,Jaguares de Córdoba,Colombia,JAG,COL_JAG,Midfield
J. Cantillo,Deportivo Cali,Deportivo Cali,RW,22.0,0,,19,833,0,2.21,0,0.46,27.55,48.24,Colombia,Colombia,,175,0,no,7.02,7.78,61.11,3.46,53.13,0.32,0.45,0.22,1.94,2.7,1.4,3,0.32,0,0.0,3.24,0.0,0,0.0,0.24,0,0.0,18,1.94,27.78,0.0,2.05,36.84,0.97,44.44,1.08,30.0,0.22,3.35,58.06,12.75,40.68,3.24,1.73,0.0,10.59,1.94,2.7,16.75,71.61,4.43,58.54,4.11,94.74,4.32,62.5,13.29,78.86,1.4,53.85,14.32,14.99,0.05,0.76,0.0,0.0,0.0,0.0,0.11,1.19,54.55,2.27,28.57,0.22,0.0,0.32,0.65,2.81,61.54,0,,0,,0,0.0,0.0,0.0,,,0.0,,0.0,0.0,0.0,0.11,0,0.0,Deportivo Cali,Colombia,CAL,COL_CAL,Wingers
K. Balanta,Fortaleza,Fortaleza,RCMF,21.0,0,,11,843,0,0.06,0,0.14,14.73,58.7,Colombia,Colombia,,0,0,no,8.75,6.62,70.97,2.46,52.17,0.43,0.65,0.32,3.63,5.48,1.17,3,0.32,0,0.0,0.32,0.0,0,0.0,0.01,0,0.0,1,0.11,0.0,0.0,0.11,100.0,0.0,0.0,0.11,100.0,0.0,0.53,40.0,4.16,43.59,0.0,0.32,0.11,21.35,0.21,1.28,30.64,88.15,9.93,74.19,3.42,90.63,12.38,94.83,28.29,90.19,2.24,61.9,15.8,29.48,0.02,0.32,0.0,0.0,0.0,0.0,0.11,4.38,75.61,0.53,40.0,0.21,0.0,0.11,0.11,4.59,74.42,0,,0,,0,0.0,0.0,0.0,,,0.64,,0.0,0.0,0.0,0.0,0,0.0,Fortaleza,Colombia,FOZ,COL_FOZ,Midfield
J. Ramírez,Millonarios,Millonarios,AMF,23.0,0,,16,845,0,0.13,0,1.51,14.49,44.12,Colombia,Colombia,,0,0,no,6.07,5.33,60.0,1.49,21.43,1.7,2.89,0.11,1.17,1.99,0.53,2,0.21,0,0.0,2.13,0.0,0,0.0,0.01,0,0.0,9,0.96,33.33,0.0,1.81,47.06,0.53,60.0,1.28,41.67,0.43,1.17,45.45,6.82,37.5,0.75,2.02,0.32,38.77,1.07,1.49,46.22,83.87,14.8,73.38,7.24,97.06,16.62,89.74,40.37,87.07,4.26,65.0,18.46,25.27,0.16,1.92,0.11,0.0,0.75,57.14,0.11,9.05,81.18,3.2,66.67,0.75,42.86,1.28,0.85,7.88,90.54,0,,0,,0,0.0,0.0,0.0,,,0.21,,1.38,0.0,0.0,4.58,0,0.0,Millonarios,Colombia,MIL,COL_MIL,Attacking Midfield
B. Duarte,Atlético Bucaramanga,Atlético Bucaramanga,RB,22.0,0,2025-12-31,10,850,0,0.38,1,0.42,17.15,51.85,Colombia,Colombia,,0,0,no,10.16,8.47,65.0,3.07,51.72,0.32,0.49,0.32,4.34,6.72,1.16,2,0.21,1,0.11,1.59,0.0,0,0.0,0.04,0,0.0,7,0.74,42.86,0.0,2.65,40.0,0.0,0.0,2.65,40.0,0.42,1.06,20.0,3.92,24.32,0.53,1.06,0.21,20.01,1.48,0.53,29.86,74.82,13.87,68.7,2.54,91.67,8.79,80.72,23.61,82.51,3.81,52.78,19.77,33.19,0.04,0.53,0.0,0.0,0.0,0.0,0.32,4.13,66.67,2.54,33.33,0.42,25.0,0.32,0.85,6.99,63.64,0,,0,,0,0.0,0.0,0.0,,,0.74,,0.0,0.0,0.0,0.0,0,0.0,Atlético Bucaramanga,Colombia,BUC,COL_BUC,Defenders
A. Hurtado,Deportivo Cali,Deportivo Cali,CF,38.0,600000,,9,856,6,4.71,1,0.24,17.77,39.05,Colombia,"Colombia, Mexico",derecho,171,65,no,3.15,3.15,53.33,3.79,19.44,0.11,0.16,0.0,1.37,2.13,1.05,0,0.0,0,0.0,3.26,0.63,2,0.21,0.5,0,0.0,21,2.21,52.38,28.571,0.74,14.29,0.21,0.0,0.53,20.0,0.0,3.15,50.0,9.46,42.22,2.73,1.26,0.0,19.66,2.42,2.0,23.13,83.64,6.31,75.0,4.63,95.45,6.52,87.1,20.61,87.24,1.79,70.59,17.75,22.13,0.03,0.84,0.0,0.0,0.42,100.0,0.63,3.47,78.79,2.31,54.55,0.74,71.43,1.37,0.11,3.68,91.43,0,,0,,0,0.0,0.0,0.0,,,0.0,,0.21,0.21,0.0,0.11,4,100.0,Deportivo Cali,Colombia,CAL,COL_CAL,Forwards
D. Barrera,Fortaleza,Fortaleza,RCMF,21.0,0,,18,860,0,0.69,0,1.32,15.07,40.97,Colombia,Colombia,unknown,0,0,no,5.76,4.81,47.83,2.51,41.67,0.31,0.55,0.21,3.14,5.52,1.05,2,0.21,0,0.0,0.84,0.0,0,0.0,0.07,0,0.0,13,1.36,23.08,0.0,0.52,60.0,0.42,50.0,0.1,100.0,0.0,0.63,33.33,5.97,40.35,0.52,1.88,0.31,31.92,0.0,1.88,42.38,90.86,12.24,81.2,6.91,98.48,16.22,95.48,38.83,93.26,3.03,65.52,18.47,31.71,0.14,1.47,0.0,0.0,0.0,0.0,0.21,7.01,80.6,1.47,50.0,0.21,0.0,0.52,0.21,5.34,82.35,0,,0,,0,0.0,0.0,0.0,,,0.94,,0.63,0.21,0.0,2.3,0,0.0,Fortaleza,Colombia,FOZ,COL_FOZ,Midfield
K. Moreno,Alianza,Alianza,RCB,25.0,300000,,12,861,0,0.55,0,0.13,7.63,58.9,Colombia,Colombia,derecho,187,87,si,5.12,2.51,66.67,2.93,64.29,0.0,0.0,0.52,3.45,4.97,0.94,3,0.31,0,0.0,0.1,0.0,0,0.0,0.06,0,0.0,4,0.42,0.0,0.0,0.31,33.33,0.1,0.0,0.21,50.0,0.1,0.0,0.0,1.15,36.36,0.73,0.21,0.0,25.61,0.21,0.21,36.59,85.43,17.35,75.9,2.93,100.0,13.38,94.53,30.0,93.38,6.27,50.0,20.6,32.51,0.01,0.31,0.0,0.0,0.0,0.0,0.0,4.29,53.66,1.05,40.0,0.21,50.0,0.52,0.1,6.48,72.58,0,,0,,0,0.0,0.0,0.0,,,2.3,,0.0,0.0,0.0,0.0,0,0.0,Alianza,Colombia,ALV,COL_ALV,Defenders
J. Peña,Junior,Junior,LCB,25.0,850000,2027-12-31,9,870,0,0.66,0,0.07,10.76,58.65,Colombia,Colombia,derecho,187,80,no,7.03,3.83,59.46,2.79,59.26,0.21,0.41,0.31,4.55,8.98,0.31,1,0.1,1,0.1,0.72,0.0,0,0.0,0.07,0,0.0,11,1.14,9.09,0.0,0.31,66.67,0.21,50.0,0.0,0.0,0.1,0.72,57.14,2.59,56.0,1.03,2.17,0.21,30.83,0.93,0.83,46.86,84.55,18.31,74.58,2.17,80.95,22.03,93.9,39.52,91.1,7.03,48.53,22.49,40.56,0.01,0.1,0.1,0.0,0.0,0.0,0.0,6.72,60.0,0.72,42.86,0.83,12.5,0.1,0.21,9.0,64.37,0,,0,,0,0.0,0.0,0.0,,,0.83,,0.0,0.0,0.0,0.0,0,0.0,Junior,Colombia,JNR,COL_JNR,Defenders
J. Herrera,Jaguares de Córdoba,Jaguares de Córdoba,RB,24.0,0,2025-11-30,9,877,0,1.92,0,1.36,18.78,53.01,Colombia,Colombia,,172,0,no,3.69,2.67,57.69,1.95,21.05,0.0,0.0,0.0,2.16,3.07,0.31,4,0.41,0,0.0,6.16,0.0,0,0.0,0.2,0,0.0,27,2.77,22.22,0.0,4.31,28.57,0.51,20.0,3.69,30.56,0.41,6.77,62.12,12.21,57.98,2.16,3.59,0.62,21.24,1.44,3.28,26.78,73.56,7.29,60.56,4.31,90.48,9.44,79.35,20.42,84.42,2.26,59.09,21.32,31.65,0.14,1.03,0.0,0.0,0.31,33.33,0.51,3.49,61.76,3.18,41.94,0.51,20.0,0.72,1.33,4.62,84.44,0,,0,,0,0.0,0.0,0.0,,,0.0,,1.85,0.51,20.0,0.82,0,0.0,Jaguares de Córdoba,Colombia,JAG,COL_JAG,Defenders
José Masllorens,La Equidad,La Equidad,DMF,24.0,150000,,10,877,0,0.4,0,0.02,11.19,61.47,Spain,"Spain, Colombia",ambidiestro,188,71,no,8.11,5.03,79.59,1.95,57.89,0.41,0.45,0.41,3.69,4.06,0.41,0,0.0,0,0.0,0.31,0.0,0,0.0,0.04,0,0.0,5,0.51,20.0,0.0,0.1,0.0,0.0,0.0,0.1,0.0,0.0,0.21,50.0,3.18,41.94,0.41,0.31,0.0,27.09,0.21,1.03,36.43,88.73,9.44,75.0,4.82,97.87,16.93,93.94,32.84,92.5,3.49,55.88,19.21,40.96,0.0,0.1,0.0,0.0,0.1,100.0,0.0,4.62,68.89,0.31,33.33,0.21,50.0,0.21,0.0,5.03,67.35,0,,0,,0,0.0,0.0,0.0,,,0.21,,0.1,0.0,0.0,0.1,0,0.0,La Equidad,Colombia,EQU,COL_EQU,Defensive Midfield
V. Hernández,Boyacá Chicó,Boyacá Chicó,AMF,36.0,300000,,15,879,0,0.92,0,1.12,14.03,29.93,Colombia,Colombia,derecho,160,61,no,2.15,2.56,28.0,1.64,18.75,0.2,0.34,0.0,1.23,2.01,0.41,0,0.0,0,0.0,1.84,0.0,0,0.0,0.09,0,0.0,6,0.61,16.67,0.0,0.72,100.0,0.2,100.0,0.41,100.0,0.0,1.95,52.63,8.91,34.48,0.92,1.54,0.2,28.77,1.43,1.95,35.53,85.88,9.42,70.65,6.76,90.91,10.24,96.0,32.76,87.5,2.15,57.14,14.89,22.51,0.11,1.54,0.1,0.0,0.1,0.0,0.31,4.91,75.0,2.15,61.9,0.41,0.0,0.82,0.61,4.2,87.8,0,,0,,0,0.0,0.0,0.0,,,0.0,,1.23,0.0,0.0,1.43,1,0.0,Boyacá Chicó,Colombia,BYC,COL_BYC,Attacking Midfield
E. Moreno,Deportivo Pereira,Deportivo Pereira,RB,23.0,25000,,20,880,0,0.26,1,0.73,13.19,49.61,Colombia,Colombia,derecho,179,68,no,7.16,6.34,61.29,2.05,55.0,0.1,0.15,0.1,3.17,4.77,0.2,0,0.0,0,0.0,1.64,0.0,0,0.0,0.03,0,0.0,3,0.31,33.33,0.0,1.84,61.11,0.41,75.0,1.43,57.14,0.2,0.82,50.0,3.17,32.26,1.13,0.82,0.0,21.68,1.84,0.2,30.68,82.67,9.82,70.83,4.91,91.67,10.53,91.26,26.9,86.69,2.05,45.0,17.48,16.8,0.07,0.72,0.0,0.1,0.0,0.0,0.1,3.38,72.73,1.94,63.16,0.1,0.0,0.41,1.23,6.44,69.84,0,,0,,0,0.0,0.0,0.0,,,0.2,,0.0,0.0,0.0,0.0,0,0.0,Deportivo Pereira,Colombia,PER,COL_PER,Defenders
J. Mosquera,Atlético Bucaramanga,Atlético Bucaramanga,LAMF,23.0,0,2025-12-31,19,882,3,1.41,0,0.98,14.49,47.89,Colombia,Colombia,izquierdo,187,0,no,6.63,4.08,72.5,2.55,40.0,0.71,1.25,0.0,2.96,5.18,1.02,5,0.51,0,0.0,2.45,0.31,3,0.31,0.14,1,0.1,10,1.02,60.0,30.0,1.84,50.0,1.84,50.0,0.0,0.0,0.31,1.94,47.37,5.61,40.0,2.96,1.53,0.71,15.0,1.94,1.53,22.96,77.78,7.14,65.71,4.49,93.18,6.02,76.27,19.9,82.56,1.33,38.46,16.36,15.1,0.1,0.92,0.1,0.1,0.0,0.0,0.2,2.04,65.0,1.63,62.5,0.1,0.0,0.92,1.02,3.16,58.06,0,,0,,0,0.0,0.0,0.0,,,0.1,,0.0,0.0,0.0,0.0,0,0.0,Atlético Bucaramanga,Colombia,BUC,COL_BUC,Attacking Midfield
M. Uribe,Atlético Nacional,Atlético Nacional,RDMF,34.0,4000000,2026-06-30,16,883,0,0.75,3,1.69,11.62,46.49,Colombia,Colombia,derecho,182,77,no,6.42,5.5,48.15,2.04,40.0,0.51,0.9,0.1,3.26,5.78,1.94,4,0.41,1,0.1,1.12,0.0,0,0.0,0.08,0,0.0,4,0.41,75.0,0.0,0.31,33.33,0.1,0.0,0.2,50.0,0.1,0.61,83.33,2.65,53.85,1.12,0.51,0.0,40.87,1.53,0.41,52.59,90.31,16.92,79.52,9.07,100.0,19.26,94.18,47.5,93.56,4.79,61.7,18.0,32.9,0.17,1.22,0.1,0.0,0.2,100.0,0.51,9.78,82.29,1.83,44.44,0.51,60.0,0.82,0.1,8.05,91.14,0,,0,,0,0.0,0.0,0.0,,,1.53,,0.1,0.0,0.0,0.0,0,0.0,Atlético Nacional,Colombia,NAC,COL_NAC,Defensive Midfield
J. Lerma,Unión Magdalena,Unión Magdalena,RB,22.0,0,,15,886,0,0.25,0,0.29,18.89,53.23,Colombia,Colombia,derecho,177,71,si,7.72,6.3,62.9,1.52,60.0,0.2,0.28,0.3,3.56,4.95,1.32,4,0.41,0,0.0,2.54,0.0,0,0.0,0.03,0,0.0,7,0.71,28.57,0.0,1.52,33.33,0.0,0.0,1.52,33.33,0.3,2.95,62.07,9.24,47.25,1.12,2.03,0.0,18.49,1.12,0.91,27.93,78.18,9.85,62.89,4.67,93.48,8.63,81.18,23.97,83.9,2.64,50.0,16.52,20.66,0.03,0.41,0.0,0.0,0.2,0.0,0.1,3.35,66.67,1.83,27.78,0.2,0.0,0.51,0.41,4.77,59.57,0,,0,,0,0.0,0.0,0.0,,,0.3,,0.0,0.0,0.0,0.0,0,0.0,Unión Magdalena,Colombia,UMG,COL_UMG,Defenders
J. Sánchez,Boyacá Chicó,Boyacá Chicó,LW,30.0,50000,,19,887,0,0.42,0,0.07,18.67,45.11,Colombia,Colombia,derecho,170,60,no,3.86,4.16,56.1,1.62,25.0,0.0,0.0,0.0,1.52,2.36,1.01,2,0.2,0,0.0,3.35,0.0,0,0.0,0.04,0,0.0,8,0.81,37.5,0.0,1.32,46.15,0.2,0.0,1.12,54.55,0.1,3.75,64.86,10.86,44.86,0.51,2.23,0.51,9.54,0.81,2.13,15.83,82.05,3.65,66.67,4.26,92.86,5.38,81.13,14.0,86.23,0.81,50.0,15.13,15.98,0.01,0.2,0.0,0.0,0.0,0.0,0.1,1.52,73.33,1.22,58.33,0.0,0.0,0.2,0.51,2.23,72.73,0,,0,,0,0.0,0.0,0.0,,,0.0,,0.1,0.0,0.0,0.0,0,0.0,Boyacá Chicó,Colombia,BYC,COL_BYC,Wingers
J. Figueroa,Jaguares de Córdoba,Jaguares de Córdoba,GK,31.0,200000,,9,889,0,0.0,0,0.0,0.61,83.33,Colombia,Colombia,derecho,183,75,no,0.61,0.0,0.0,0.4,100.0,0.0,0.0,0.0,0.61,0.82,0.0,0,0.0,0,0.0,0.0,0.0,0,0.0,0.0,0,0.0,0,0.0,0.0,0.0,0.0,0.0,0.0,0.0,0.0,0.0,0.0,0.0,0.0,0.1,100.0,0.0,0.0,0.0,9.01,0.0,0.2,15.69,90.32,7.8,85.71,0.0,0.0,7.19,95.77,12.05,98.32,3.64,63.89,27.27,44.77,0.0,0.0,0.0,0.0,0.0,0.0,0.0,0.4,75.0,0.0,0.0,0.0,0.0,0.0,0.0,2.83,71.43,11,1.11,48,4.86,2,77.08,12.26,1.24,1.26,0.128,0.0,1.21,,,,0.0,0,0.0,Jaguares de Córdoba,Colombia,JAG,COL_JAG,Goalkeepers
R. Caicedo,Boyacá Chicó,Boyacá Chicó,GK,31.0,300000,,9,891,0,0.0,0,0.0,0.3,100.0,Colombia,Colombia,derecho,187,83,no,2.02,0.2,100.0,0.1,100.0,0.0,0.0,0.0,1.82,2.37,0.0,1,0.1,0,0.0,0.0,0.0,0,0.0,0.0,0,0.0,0,0.0,0.0,0.0,0.0,0.0,0.0,0.0,0.0,0.0,0.0,0.0,0.0,0.0,0.0,0.0,0.0,0.0,9.8,0.3,0.1,16.26,80.12,9.19,64.84,0.0,0.0,6.67,100.0,9.8,95.88,6.46,56.25,31.11,44.35,0.0,0.0,0.0,0.0,0.0,0.0,0.0,1.31,61.54,0.0,0.0,0.1,0.0,0.0,0.0,4.65,63.04,21,2.12,43,4.34,3,51.16,14.94,1.51,-6.06,-0.612,0.0,0.91,,,,0.0,0,0.0,Boyacá Chicó,Colombia,BYC,COL_BYC,Goalkeepers
R. Blanco,Unión Magdalena,Unión Magdalena,CF,26.0,250000,,15,892,0,2.35,1,0.89,23.81,36.02,Colombia,Colombia,derecho,180,74,no,5.85,6.05,50.0,4.04,25.0,0.91,1.44,0.0,1.92,3.03,2.52,3,0.3,0,0.0,2.22,0.0,0,0.0,0.24,0,0.0,28,2.83,28.57,0.0,1.11,27.27,0.61,33.33,0.4,25.0,0.1,2.22,45.45,10.7,29.25,3.53,1.21,0.1,13.02,1.61,1.92,18.16,76.11,3.63,63.89,3.63,88.89,4.84,75.0,16.14,81.25,0.91,44.44,16.73,13.15,0.09,0.61,0.0,0.0,0.2,50.0,0.2,2.12,66.67,1.41,64.29,0.1,100.0,0.81,0.61,1.72,70.59,0,,0,,0,0.0,0.0,0.0,,,0.0,,0.0,0.0,0.0,0.0,0,0.0,Unión Magdalena,Colombia,UMG,COL_UMG,Forwards
D. Novoa,Millonarios,Millonarios,GK,36.0,250000,,10,897,0,0.0,0,0.0,0.3,66.67,Colombia,Colombia,derecho,186,80,no,0.8,0.0,0.0,0.2,100.0,0.0,0.0,0.0,0.8,1.33,0.0,1,0.1,0,0.0,0.0,0.0,0,0.0,0.0,0,0.0,0,0.0,0.0,0.0,0.0,0.0,0.0,0.0,0.0,0.0,0.0,0.0,0.0,0.1,0.0,0.0,0.0,0.0,6.62,0.1,0.0,12.24,85.25,7.12,76.06,0.0,0.0,4.62,100.0,9.23,98.91,2.91,44.83,28.69,44.66,0.0,0.0,0.0,0.0,0.0,0.0,0.0,1.4,35.71,0.2,0.0,0.1,0.0,0.0,0.0,2.21,68.18,10,1.0,31,3.11,2,67.74,9.27,0.93,-0.73,-0.073,0.0,0.7,,,,0.0,0,0.0,Millonarios,Colombia,MIL,COL_MIL,Goalkeepers
S. Gómez,La Equidad,La Equidad,RW,27.0,250000,,16,898,0,1.35,3,1.15,10.92,47.71,Colombia,Colombia,derecho,180,0,no,7.92,6.11,67.21,1.2,33.33,0.4,0.55,0.2,3.41,4.7,0.5,0,0.0,0,0.0,1.2,0.0,0,0.0,0.14,0,0.0,8,0.8,12.5,0.0,2.31,26.09,0.0,0.0,2.31,26.09,0.7,0.9,22.22,2.61,19.23,1.6,1.4,0.1,19.24,1.9,0.4,26.96,69.52,9.52,62.11,4.81,91.67,7.42,63.51,21.55,79.53,3.31,33.33,17.93,34.91,0.12,1.0,0.0,0.0,0.5,60.0,0.4,3.41,58.82,3.01,40.0,1.1,36.36,0.9,0.8,6.41,67.19,0,,0,,0,0.0,0.0,0.0,,,0.3,,0.6,0.0,0.0,1.2,0,0.0,La Equidad,Colombia,EQU,COL_EQU,Wingers
J. Maza,Jaguares de Córdoba,Jaguares de Córdoba,LB,30.0,250000,,9,906,1,0.53,0,0.22,13.01,45.04,Colombia,Colombia,izquierdo,174,69,no,6.16,5.17,48.08,0.7,14.29,0.1,0.14,0.1,3.58,5.09,0.99,3,0.3,0,0.0,3.08,0.1,1,0.1,0.05,0,0.0,11,1.09,27.27,9.091,2.19,18.18,2.09,19.05,0.1,0.0,0.2,3.58,63.89,6.26,47.62,1.09,1.89,0.4,23.64,1.49,0.5,37.05,79.62,14.9,72.67,4.37,100.0,10.43,79.05,29.8,90.67,5.26,41.51,20.91,40.96,0.02,0.5,0.0,0.1,0.2,50.0,0.1,7.35,64.86,2.38,29.17,0.5,40.0,0.7,0.3,8.74,80.68,0,,0,,0,0.0,0.0,0.0,,,0.2,,0.3,0.1,0.0,0.0,0,0.0,Jaguares de Córdoba,Colombia,JAG,COL_JAG,Defenders
H. Rivera,Junior,Junior,DMF,32.0,500000,,14,910,1,0.24,0,0.13,11.18,54.87,Colombia,Colombia,derecho,176,73,no,8.41,6.33,56.25,1.29,69.23,1.38,2.04,0.1,3.46,5.1,1.29,2,0.2,0,0.0,0.4,0.1,1,0.1,0.02,0,0.0,7,0.69,14.29,14.286,0.2,50.0,0.1,0.0,0.1,100.0,0.0,0.2,100.0,2.18,36.36,0.3,0.59,0.0,22.75,0.69,0.49,33.33,87.24,12.66,82.81,5.04,94.12,10.78,87.16,30.56,89.64,2.57,61.54,18.79,26.33,0.01,0.59,0.1,0.0,0.1,0.0,0.0,6.53,83.33,0.99,50.0,0.3,33.33,0.4,0.2,5.84,84.75,0,,0,,0,0.0,0.0,0.0,,,0.3,,0.2,0.1,0.0,0.1,0,0.0,Junior,Colombia,JNR,COL_JNR,Defensive Midfield
J. García,Once Caldas,Once Caldas,RCMF,28.0,200000,,21,911,0,0.19,0,0.18,15.61,50.63,Colombia,Colombia,derecho,184,73,no,9.58,10.08,51.96,0.99,40.0,1.19,1.6,0.4,3.16,4.27,2.37,7,0.69,0,0.0,0.4,0.0,0,0.0,0.02,0,0.0,5,0.49,0.0,0.0,0.3,0.0,0.0,0.0,0.3,0.0,0.0,0.59,66.67,2.86,55.17,0.3,0.49,0.1,21.73,0.2,0.3,33.0,87.13,12.15,82.11,4.84,97.96,10.47,87.74,30.13,89.18,2.57,73.08,18.75,18.59,0.02,0.49,0.1,0.0,0.1,0.0,0.0,4.35,77.27,0.59,50.0,0.3,0.0,0.3,0.0,6.72,64.71,0,,0,,0,0.0,0.0,0.0,,,0.3,,0.0,0.0,0.0,0.0,0,0.0,Once Caldas,Colombia,ONC,COL_ONC,Midfield
H. Lópes,Águilas Doradas,Águilas Doradas,RCB,34.0,200000,,9,912,0,0.03,0,0.0,9.77,66.67,Argentina,Argentina,derecho,180,79,no,8.39,4.34,72.73,3.65,64.86,0.2,0.27,0.39,5.03,6.83,0.39,4,0.39,0,0.0,0.0,0.0,0,0.0,0.0,0,0.0,1,0.1,0.0,0.0,0.0,0.0,0.0,0.0,0.0,0.0,0.0,0.1,0.0,0.59,33.33,0.0,0.3,0.0,17.66,0.39,0.3,29.8,82.78,14.01,69.01,1.58,100.0,13.13,94.74,24.38,86.64,5.43,65.45,24.25,40.11,0.0,0.1,0.0,0.1,0.0,0.0,0.0,4.34,63.64,0.1,0.0,0.0,0.0,0.0,0.0,6.51,68.18,0,,0,,0,0.0,0.0,0.0,,,1.09,,0.0,0.0,0.0,0.0,0,0.0,Águilas Doradas,Colombia,AGD,COL_AGD,Defenders
Julián Angulo,Llaneros,Llaneros,RW,23.0,250000,,18,921,1,1.35,3,1.54,24.53,45.02,Colombia,Colombia,izquierdo,183,76,si,6.45,5.86,73.33,3.52,27.78,0.0,0.0,0.0,2.15,3.24,0.78,1,0.1,1,0.1,3.22,0.1,1,0.1,0.13,0,0.0,11,1.07,18.18,9.091,1.17,33.33,0.0,0.0,1.17,33.33,0.1,5.67,46.55,12.61,37.98,3.03,3.32,0.2,13.49,1.56,0.78,21.5,81.36,5.08,75.0,6.35,90.77,4.79,85.71,20.23,84.54,0.1,0.0,14.61,2.7,0.15,1.86,0.0,0.0,0.0,0.0,0.98,1.27,84.62,1.47,80.0,0.0,0.0,1.86,0.29,3.22,81.82,0,,0,,0,0.0,0.0,0.0,,,0.1,,0.0,0.0,0.0,0.0,0,0.0,Llaneros,Colombia,LNR,COL_LNR,Wingers
K. Valencia,Llaneros,Llaneros,CF,23.0,350000,2025-12-31,23,928,3,1.42,0,0.34,18.14,32.09,Colombia,Colombia,derecho,184,79,si,2.62,2.52,61.54,5.33,30.91,0.29,0.45,0.0,0.78,1.2,1.55,1,0.1,0,0.0,1.26,0.29,3,0.29,0.14,1,0.1,16,1.55,37.5,18.75,0.87,0.0,0.29,0.0,0.58,0.0,0.1,1.36,50.0,7.37,23.68,2.42,1.16,0.19,8.63,1.84,0.58,9.89,72.55,1.84,52.63,1.84,94.74,3.01,70.97,8.92,80.43,0.39,0.0,13.78,7.25,0.03,0.58,0.0,0.0,0.0,0.0,0.0,0.68,28.57,0.29,0.0,0.0,0.0,0.1,0.1,0.29,33.33,0,,0,,0,0.0,0.0,0.0,,,0.0,,0.0,0.0,0.0,0.0,0,0.0,Llaneros,Colombia,LNR,COL_LNR,Forwards
T. Gutiérrez,Junior,Junior,CF,40.0,50000,,21,936,1,0.96,2,1.07,13.46,45.0,Colombia,Colombia,derecho,177,81,no,3.17,3.27,67.65,2.02,4.76,0.1,0.18,0.0,0.87,1.59,0.58,3,0.29,0,0.0,2.31,0.1,1,0.1,0.09,0,0.0,8,0.77,62.5,12.5,1.44,46.67,0.77,37.5,0.67,57.14,0.29,1.25,69.23,6.44,44.78,1.92,2.02,0.0,42.98,2.4,1.63,50.96,79.06,15.58,66.05,11.15,89.66,14.13,81.63,44.9,82.44,4.71,57.14,16.08,22.47,0.1,1.25,0.19,0.0,0.38,75.0,0.58,7.5,70.51,4.81,52.0,1.06,36.36,2.79,0.58,8.46,89.77,0,,0,,0,0.0,0.0,0.0,,,0.1,,0.19,0.1,0.0,1.73,0,0.0,Junior,Colombia,JNR,COL_JNR,Forwards
C. Graciano,Deportivo Cali,Deportivo Cali,LB,22.0,0,,24,937,0,0.28,0,0.42,14.89,61.29,Colombia,Colombia,derecho,0,0,si,9.89,7.01,83.56,2.69,35.71,0.0,0.0,0.19,4.03,5.92,0.29,0,0.0,0,0.0,1.25,0.0,0,0.0,0.03,0,0.0,6,0.58,33.33,0.0,1.15,16.67,0.19,0.0,0.96,20.0,0.0,1.34,57.14,3.94,43.9,0.67,1.06,0.29,24.49,1.34,0.48,35.15,80.6,10.66,69.37,5.86,96.72,12.49,80.0,27.47,88.46,6.72,58.57,22.01,32.47,0.04,0.48,0.0,0.0,0.1,100.0,0.38,5.67,66.1,1.82,52.63,0.19,50.0,0.67,0.29,7.2,66.67,0,,0,,0,0.0,0.0,0.0,,,0.67,,0.0,0.0,0.0,0.0,0,0.0,Deportivo Cali,Colombia,CAL,COL_CAL,Defenders
Y. Góez,Llaneros,Llaneros,RCMF,25.0,250000,2025-12-31,17,948,2,2.5,0,0.5,16.8,45.2,Colombia,Colombia,derecho,177,75,no,4.46,4.18,56.82,1.42,46.67,0.0,0.0,0.09,2.09,3.22,0.95,5,0.47,1,0.09,1.23,0.19,1,0.09,0.24,0,0.0,12,1.14,33.33,16.667,0.57,33.33,0.09,0.0,0.38,50.0,0.0,1.42,46.67,8.54,41.11,1.42,1.33,0.28,25.16,0.85,2.37,33.51,80.17,8.92,64.89,6.65,91.43,13.48,86.62,28.67,83.77,4.46,61.7,21.05,38.13,0.05,0.85,0.09,0.0,0.09,0.0,0.19,6.93,69.86,1.42,33.33,0.66,57.14,0.57,0.09,5.22,69.09,0,,0,,0,0.0,0.0,0.0,,,0.66,,0.09,0.0,0.0,0.28,1,100.0,Llaneros,Colombia,LNR,COL_LNR,Midfield
W. Hurtado,Envigado,Envigado,AMF,21.0,550000,2026-06-30,21,951,0,0.94,2,2.08,19.5,38.35,Colombia,Colombia,,170,64,no,3.22,4.83,45.1,1.14,16.67,0.0,0.0,0.0,1.04,1.43,2.08,6,0.57,1,0.09,3.6,0.0,0,0.0,0.09,0,0.0,19,1.8,26.32,0.0,1.8,57.89,0.47,40.0,1.23,69.23,0.19,3.22,55.88,11.07,37.61,0.95,3.31,0.38,22.52,1.61,1.7,30.09,80.82,8.61,58.24,6.53,94.2,8.71,88.04,26.31,85.97,2.08,36.36,17.91,29.76,0.2,1.8,0.09,0.09,0.57,50.0,0.57,5.21,56.36,2.56,59.26,1.23,38.46,0.66,0.76,4.07,88.37,0,,0,,0,0.0,0.0,0.0,,,0.19,,2.08,0.28,33.33,2.37,0,0.0,Envigado,Colombia,ENV,COL_ENV,Attacking Midfield
N. Ramos,Unión Magdalena,Unión Magdalena,LCB,26.0,200000,,10,951,0,0.08,0,0.0,9.75,66.02,Uruguay,Uruguay,derecho,184,82,no,8.23,4.45,74.47,3.6,50.0,0.66,0.89,0.66,4.26,5.72,0.47,2,0.19,0,0.0,0.09,0.0,0,0.0,0.01,0,0.0,3,0.28,0.0,0.0,0.19,50.0,0.0,0.0,0.19,50.0,0.0,0.0,0.0,0.19,100.0,0.38,0.38,0.0,20.16,0.09,0.66,30.66,79.32,16.28,66.86,1.42,93.33,11.17,94.92,23.56,89.96,6.91,43.84,24.04,39.88,0.0,0.0,0.0,0.09,0.0,0.0,0.0,4.16,52.27,0.38,0.0,0.19,0.0,0.0,0.0,7.1,62.67,0,,0,,0,0.0,0.0,0.0,,,0.85,,0.0,0.0,0.0,0.0,0,0.0,Unión Magdalena,Colombia,UMG,COL_UMG,Defenders
V. Sánchez,Unión Magdalena,Unión Magdalena,LW,23.0,0,,16,952,1,1.15,0,0.67,15.41,49.08,Argentina,Argentina,derecho,173,68,si,6.71,5.67,60.0,1.8,21.05,0.09,0.14,0.0,3.21,4.93,1.13,4,0.38,0,0.0,2.27,0.09,1,0.09,0.11,0,0.0,17,1.61,17.65,5.882,1.23,30.77,0.47,20.0,0.76,37.5,0.28,2.55,55.56,6.43,52.94,1.89,1.42,0.09,24.39,1.23,1.42,32.62,74.78,9.55,54.46,7.56,86.25,9.64,78.43,27.89,80.34,3.5,45.95,19.02,30.92,0.06,0.76,0.0,0.0,0.38,50.0,0.19,4.35,54.35,2.55,37.04,0.76,50.0,0.66,0.47,3.97,78.57,0,,0,,0,0.0,0.0,0.0,,,0.19,,0.0,0.0,0.0,0.09,0,0.0,Unión Magdalena,Colombia,UMG,COL_UMG,Wingers
C. Valencia,Llaneros,Llaneros,LCB,33.0,100000,,11,958,0,0.61,0,0.0,9.77,57.69,Colombia,Colombia,izquierdo,186,85,no,7.14,2.54,74.07,5.26,51.79,0.09,0.14,0.75,5.17,7.71,0.09,1,0.09,1,0.09,0.28,0.0,0,0.0,0.06,0,0.0,7,0.66,14.29,0.0,0.28,66.67,0.09,100.0,0.19,50.0,0.09,0.0,0.0,0.19,0.0,1.32,0.09,0.0,22.92,0.66,0.28,36.54,91.0,14.56,81.29,2.35,100.0,16.25,98.27,30.44,96.6,5.82,62.9,23.11,38.44,0.0,0.0,0.0,0.0,0.0,0.0,0.0,2.54,59.26,0.47,20.0,0.28,0.0,0.09,0.19,6.11,80.0,0,,0,,0,0.0,0.0,0.0,,,2.16,,0.0,0.0,0.0,0.0,0,0.0,Llaneros,Colombia,LNR,COL_LNR,Defenders
D. Mera,Unión Magdalena,Unión Magdalena,RB,25.0,250000,,12,961,0,0.25,0,0.55,14.42,50.65,Colombia,Colombia,derecho,183,0,no,7.49,6.27,64.18,2.81,53.33,0.28,0.4,0.28,3.18,4.49,1.03,3,0.28,1,0.09,2.06,0.0,0,0.0,0.02,0,0.0,2,0.19,100.0,0.0,2.72,51.72,0.0,0.0,2.72,51.72,0.19,1.12,41.67,3.37,27.78,0.47,0.66,0.28,24.44,1.78,0.37,33.43,78.43,14.7,70.7,3.65,92.31,10.3,81.82,26.22,86.07,4.68,48.0,20.44,36.99,0.05,0.56,0.09,0.0,0.0,0.0,0.19,4.4,57.45,2.81,53.33,0.28,0.0,0.19,1.31,8.62,76.09,0,,0,,0,0.0,0.0,0.0,,,0.37,,0.0,0.0,0.0,0.0,0,0.0,Unión Magdalena,Colombia,UMG,COL_UMG,Defenders
S. Aponza,Alianza,Alianza,RAMF,20.0,0,,25,967,2,0.79,1,1.51,20.1,40.28,Colombia,Colombia,unknown,0,0,no,5.77,5.03,57.41,2.33,24.0,0.37,0.54,0.19,2.51,3.67,2.14,5,0.47,0,0.0,3.63,0.19,2,0.19,0.07,0,0.0,11,1.02,27.27,18.182,3.16,44.12,0.65,57.14,2.42,38.46,0.28,4.19,46.67,10.61,35.96,2.23,2.89,0.65,14.71,2.89,1.49,20.57,72.4,3.82,48.78,4.75,88.24,7.07,75.0,16.57,80.34,1.3,35.71,19.27,16.49,0.14,1.02,0.0,0.09,0.0,0.0,0.28,1.58,41.18,1.77,52.63,0.0,0.0,0.56,1.12,2.7,62.07,0,,0,,0,0.0,0.0,0.0,,,0.0,,0.0,0.0,0.0,0.0,0,0.0,Alianza,Colombia,ALV,COL_ALV,Attacking Midfield
A. Plata,Águilas Doradas,Águilas Doradas,RAMF,34.0,300000,,19,970,1,0.81,0,0.96,20.41,45.45,Colombia,Colombia,derecho,172,65,no,6.22,7.98,55.81,1.95,23.81,0.19,0.27,0.0,1.58,2.27,1.95,3,0.28,0,0.0,4.36,0.09,1,0.09,0.08,0,0.0,10,0.93,20.0,10.0,3.34,41.67,0.65,42.86,2.69,41.38,0.37,4.73,58.82,9.0,40.21,2.51,2.6,0.28,11.88,2.23,0.84,19.21,66.18,3.99,65.12,2.88,77.42,7.61,68.29,14.85,71.25,1.02,72.73,17.73,16.52,0.09,0.65,0.0,0.0,0.19,0.0,0.37,0.74,62.5,3.34,50.0,0.28,0.0,0.84,1.3,3.43,72.97,0,,0,,0,0.0,0.0,0.0,,,0.0,,0.0,0.0,0.0,0.09,0,0.0,Águilas Doradas,Colombia,AGD,COL_AGD,Attacking Midfield
H. Urrego,Unión Magdalena,Unión Magdalena,RCB,32.0,0,,10,993,0,0.71,0,0.0,13.5,61.74,Colombia,Colombia,derecho,187,72,no,8.25,5.35,69.49,4.35,58.33,0.63,0.82,0.63,3.9,5.06,0.73,4,0.36,0,0.0,0.54,0.0,0,0.0,0.06,0,0.0,5,0.45,40.0,0.0,0.36,100.0,0.0,0.0,0.36,100.0,0.0,0.0,0.0,1.27,57.14,0.45,0.54,0.0,17.58,0.36,1.0,29.09,74.45,15.77,61.49,1.81,85.0,9.88,91.74,23.02,85.43,5.71,28.57,22.87,40.01,0.0,0.0,0.0,0.09,0.0,0.0,0.0,4.71,42.31,1.0,45.45,0.18,0.0,0.09,0.36,5.53,45.9,0,,0,,0,0.0,0.0,0.0,,,0.91,,0.0,0.0,0.0,0.0,0,0.0,Unión Magdalena,Colombia,UMG,COL_UMG,Defenders
C. Vivas,La Equidad,La Equidad,LCB,23.0,0,,10,995,0,0.0,0,0.05,10.13,57.14,Venezuela,Venezuela,derecho,182,72,no,6.96,3.53,76.92,3.89,39.53,0.36,0.41,0.45,3.89,4.37,0.27,2,0.18,0,0.0,0.36,0.0,0,0.0,0.0,0,0.0,0,0.0,0.0,0.0,0.0,0.0,0.0,0.0,0.0,0.0,0.0,0.36,100.0,1.36,60.0,0.0,0.09,0.0,20.71,0.0,0.72,30.57,87.57,12.75,78.01,0.27,100.0,13.75,96.71,26.68,92.2,3.89,55.81,20.3,41.68,0.0,0.09,0.0,0.0,0.0,0.0,0.0,2.26,68.0,0.18,0.0,0.09,0.0,0.0,0.0,3.98,68.18,0,,0,,0,0.0,0.0,0.0,,,0.27,,0.0,0.0,0.0,0.09,0,0.0,La Equidad,Colombia,EQU,COL_EQU,Defenders
P. Grazziani,Alianza,Alianza,GK,30.0,300000,,10,996,0,0.0,0,0.0,0.54,66.67,Colombia,Colombia,derecho,183,75,no,1.17,0.0,0.0,0.54,66.67,0.0,0.0,0.0,1.17,1.88,0.0,1,0.09,0,0.0,0.0,0.0,0,0.0,0.0,0,0.0,0,0.0,0.0,0.0,0.0,0.0,0.0,0.0,0.0,0.0,0.0,0.0,0.0,0.0,0.0,0.0,0.0,0.0,6.33,0.0,0.09,12.38,91.24,6.87,86.84,0.0,0.0,4.88,98.15,8.67,100.0,3.61,72.5,32.6,47.05,0.0,0.0,0.0,0.0,0.0,0.0,0.0,1.08,83.33,0.0,0.0,0.0,0.0,0.0,0.0,3.43,71.05,15,1.36,50,4.52,1,70.0,13.93,1.26,-1.07,-0.097,0.0,1.72,,,,0.0,0,0.0,Alianza,Colombia,ALV,COL_ALV,Goalkeepers
A. Colorado,Deportivo Cali,Deportivo Cali,RCMF,26.0,800000,2026-06-30,15,1000,1,0.78,0,0.04,13.32,52.03,Colombia,Colombia,derecho,193,81,si,7.38,6.12,58.82,1.89,38.1,0.36,0.54,0.09,3.42,5.16,2.07,7,0.63,0,0.0,0.27,0.09,1,0.09,0.07,0,0.0,7,0.63,42.86,14.286,0.27,0.0,0.0,0.0,0.18,0.0,0.0,0.09,0.0,3.06,58.82,1.26,0.63,0.0,21.87,0.36,1.71,30.69,85.04,9.72,75.93,3.69,95.12,11.7,91.54,28.98,87.27,1.53,52.94,16.96,21.79,0.0,0.54,0.0,0.0,0.09,0.0,0.0,6.12,83.82,0.9,60.0,0.18,0.0,0.45,0.0,4.23,74.47,0,,0,,0,0.0,0.0,0.0,,,0.09,,0.0,0.0,0.0,0.0,0,0.0,Deportivo Cali,Colombia,CAL,COL_CAL,Midfield
E. Rodríguez,Deportivo Cali,Deportivo Cali,CF,22.0,0,2026-12-31,13,1002,2,4.04,1,0.7,18.5,33.98,Uruguay,Uruguay,izquierdo,190,77,si,2.6,2.16,62.5,2.51,25.0,0.09,0.16,0.09,1.17,2.03,0.81,2,0.18,1,0.09,2.6,0.18,2,0.18,0.36,0,0.0,25,2.25,36.0,8.0,0.99,27.27,0.81,33.33,0.18,0.0,0.09,3.05,50.0,11.95,30.83,3.59,1.17,0.27,10.6,2.16,1.08,13.11,66.44,2.43,37.04,3.41,86.84,3.68,53.66,11.68,71.54,0.54,16.67,14.8,14.33,0.06,0.63,0.0,0.0,0.0,0.0,0.18,1.35,20.0,0.63,42.86,0.0,0.0,0.54,0.27,0.36,100.0,0,,0,,0,0.0,0.0,0.0,,,0.0,,0.0,0.0,0.0,0.0,0,0.0,Deportivo Cali,Colombia,CAL,COL_CAL,Forwards
S. Valencia,Fortaleza,Fortaleza,LB,29.0,0,,11,1004,3,2.28,2,1.3,11.92,50.38,Colombia,Colombia,izquierdo,0,0,no,6.27,5.29,57.63,2.24,52.0,0.18,0.27,0.27,3.05,4.51,1.17,2,0.18,1,0.09,2.33,0.27,1,0.09,0.2,0,0.0,21,1.88,47.62,14.286,4.03,22.22,4.03,22.22,0.0,0.0,0.45,0.9,60.0,2.78,48.39,0.45,1.61,0.09,26.09,3.41,1.34,33.97,69.39,10.76,58.33,5.65,95.24,13.18,68.03,24.38,82.72,6.19,42.03,24.13,44.91,0.12,1.7,0.09,0.0,0.0,0.0,0.45,5.65,55.56,4.3,31.25,0.81,22.22,0.63,1.08,8.61,66.67,0,,0,,0,0.0,0.0,0.0,,,0.36,,1.97,0.63,42.86,2.15,2,100.0,Fortaleza,Colombia,FOZ,COL_FOZ,Defenders
M. Gómez,Boyacá Chicó,Boyacá Chicó,CF,28.0,200000,,17,1007,3,3.15,0,1.01,17.43,29.74,Colombia,Colombia,derecho,180,70,no,2.68,2.14,62.5,5.72,29.69,0.18,0.28,0.09,1.16,1.81,0.8,0,0.0,0,0.0,1.61,0.27,2,0.18,0.28,1,0.09,16,1.43,50.0,18.75,1.25,14.29,0.18,0.0,1.07,16.67,0.27,1.34,46.67,8.22,18.48,3.31,0.36,0.0,14.12,1.79,0.45,20.56,75.22,3.66,65.85,5.99,94.03,5.9,69.7,18.77,80.48,0.63,28.57,13.61,11.87,0.09,0.89,0.0,0.0,0.18,50.0,0.0,1.34,73.33,2.06,34.78,0.18,0.0,0.98,0.18,1.79,90.0,0,,0,,0,0.0,0.0,0.0,,,0.0,,0.09,0.0,0.0,0.0,2,50.0,Boyacá Chicó,Colombia,BYC,COL_BYC,Forwards
S. Garcia Valero,Atlético Nacional,Atlético Nacional,RCB,20.0,0,,12,1010,0,0.63,0,0.0,8.2,45.65,Colombia,Colombia,unknown,0,0,no,5.35,3.39,36.84,3.12,57.14,0.09,0.16,0.62,4.01,7.07,1.34,2,0.18,0,0.0,0.18,0.0,0,0.0,0.06,0,0.0,4,0.36,25.0,0.0,0.0,0.0,0.0,0.0,0.0,0.0,0.0,0.18,50.0,0.27,33.33,0.45,0.8,0.0,27.27,0.45,0.09,41.44,88.39,17.55,83.25,1.87,100.0,18.36,93.69,37.51,91.69,3.92,56.82,20.64,35.39,0.0,0.09,0.0,0.0,0.0,0.0,0.0,3.12,60.0,0.09,0.0,0.0,0.0,0.09,0.0,8.02,67.78,0,,0,,0,0.0,0.0,0.0,,,1.78,,0.0,0.0,0.0,0.0,0,0.0,Atlético Nacional,Colombia,NAC,COL_NAC,Defenders
J. Muñoz,Alianza,Alianza,AMF,31.0,150000,,20,1011,0,1.17,2,1.23,14.42,43.21,Colombia,Colombia,derecho,168,65,no,4.54,4.01,60.0,1.51,23.53,0.27,0.47,0.09,1.87,3.3,1.34,3,0.27,0,0.0,1.42,0.0,0,0.0,0.1,0,0.0,21,1.87,14.29,0.0,1.69,31.58,0.45,20.0,1.16,38.46,0.27,0.98,45.45,6.59,39.19,1.87,0.89,0.0,27.77,1.07,2.05,34.54,79.38,10.5,62.71,5.61,98.41,11.57,83.08,29.47,84.29,3.47,61.54,19.13,26.75,0.11,1.6,0.0,0.0,0.36,50.0,0.62,5.7,68.75,3.38,36.84,0.98,36.36,1.07,0.45,5.96,85.07,0,,0,,0,0.0,0.0,0.0,,,0.0,,1.51,0.18,50.0,4.18,0,0.0,Alianza,Colombia,ALV,COL_ALV,Attacking Midfield
L. Marquinez,Atlético Nacional,Atlético Nacional,GK,22.0,350000,2026-12-31,11,1012,0,0.0,0,0.0,1.42,68.75,Colombia,Colombia,derecho,191,83,no,2.4,0.18,50.0,0.71,87.5,0.09,0.14,0.0,2.22,3.44,0.18,1,0.09,1,0.09,0.0,0.0,0,0.0,0.0,0,0.0,0,0.0,0.0,0.0,0.0,0.0,0.0,0.0,0.0,0.0,0.0,0.0,0.0,0.36,50.0,0.0,0.0,0.0,12.18,0.18,0.27,21.88,80.89,11.83,69.17,0.18,100.0,8.98,95.05,15.65,94.89,6.23,45.71,31.28,47.96,0.0,0.0,0.0,0.0,0.0,0.0,0.0,2.49,39.29,0.27,0.0,0.09,0.0,0.0,0.0,4.62,63.46,11,0.98,43,3.82,0,74.42,8.76,0.78,-2.24,-0.199,0.09,1.78,,,,0.0,0,0.0,Atlético Nacional,Colombia,NAC,COL_NAC,Goalkeepers
O. Bertel,América de Cali,América de Cali,LB,29.0,800000,,13,1012,0,0.16,1,1.39,10.67,53.33,Colombia,Colombia,izquierdo,174,64,no,7.92,5.42,67.21,2.4,48.15,0.0,0.0,0.18,4.27,6.13,0.36,1,0.09,0,0.0,1.6,0.0,0,0.0,0.01,0,0.0,2,0.18,0.0,0.0,2.93,42.42,2.85,43.75,0.0,0.0,0.8,0.44,80.0,1.87,33.33,0.89,0.89,0.18,22.14,2.13,0.09,34.24,79.74,13.34,76.67,4.98,89.29,10.23,80.87,27.75,87.82,3.65,46.34,17.82,27.89,0.12,0.53,0.0,0.0,0.0,0.0,0.53,3.91,65.91,2.31,46.15,0.18,0.0,0.44,1.16,7.03,68.35,0,,0,,0,0.0,0.0,0.0,,,0.53,,0.18,0.0,0.0,0.0,0,0.0,América de Cali,Colombia,AME,COL_AME,Defenders
C. Sarabia,Millonarios,Millonarios,RB,20.0,0,,13,1013,0,0.16,0,0.38,12.7,51.75,Colombia,Colombia,unknown,0,0,no,8.97,7.02,63.29,1.33,40.0,0.09,0.12,0.18,4.44,6.12,1.24,2,0.18,1,0.09,1.24,0.0,0,0.0,0.01,0,0.0,3,0.27,66.67,0.0,2.58,24.14,0.09,0.0,2.49,25.0,0.18,1.24,35.71,3.11,34.29,0.71,1.07,0.27,18.48,1.6,0.44,26.83,74.17,10.04,62.83,4.09,95.65,6.57,74.32,22.12,83.53,2.4,33.33,18.8,33.68,0.03,0.44,0.09,0.0,0.0,0.0,0.09,2.93,60.61,1.95,45.45,0.0,0.0,0.18,0.71,5.77,61.54,0,,0,,0,0.0,0.0,0.0,,,0.09,,0.0,0.0,0.0,0.0,0,0.0,Millonarios,Colombia,MIL,COL_MIL,Defenders
R. Hinojosa,Unión Magdalena,Unión Magdalena,AMF,26.0,700000,,20,1020,0,0.9,0,0.65,21.71,41.46,Colombia,Colombia,izquierdo,170,65,no,6.0,5.47,54.84,2.12,16.67,0.71,1.08,0.09,2.29,3.5,2.56,5,0.44,1,0.09,2.74,0.0,0,0.0,0.08,0,0.0,13,1.15,53.85,0.0,1.59,22.22,0.44,20.0,1.15,23.08,0.18,2.65,60.0,11.65,39.39,0.79,0.97,0.09,26.65,1.32,3.18,36.53,78.26,9.0,59.8,8.21,97.85,13.32,78.81,29.38,86.49,5.56,50.79,19.63,26.67,0.06,0.97,0.0,0.0,0.35,50.0,0.09,6.18,57.14,4.32,40.82,1.76,30.0,1.59,0.53,5.56,76.19,0,,0,,0,0.0,0.0,0.0,,,0.26,,0.79,0.18,100.0,2.03,0,0.0,Unión Magdalena,Colombia,UMG,COL_UMG,Attacking Midfield
F. Castillo,Deportivo Cali,Deportivo Cali,LAMF,33.0,450000,,20,1021,0,0.4,1,0.73,23.1,39.69,Colombia,Colombia,derecho,171,70,no,5.2,5.38,52.46,1.85,14.29,0.09,0.14,0.0,2.29,3.51,1.32,1,0.09,2,0.18,3.7,0.0,0,0.0,0.04,0,0.0,9,0.79,33.33,0.0,1.5,23.53,1.32,26.67,0.18,0.0,0.18,5.11,55.17,14.28,38.89,1.41,4.5,0.35,23.54,1.41,1.15,32.62,77.3,10.67,72.73,5.55,90.48,8.9,76.24,29.79,81.36,1.32,46.67,15.32,15.29,0.06,0.79,0.0,0.0,0.53,50.0,0.44,4.94,71.43,3.53,42.5,0.53,33.33,0.97,0.44,5.38,80.33,0,,0,,0,0.0,0.0,0.0,,,0.0,,0.26,0.0,0.0,0.62,0,0.0,Deportivo Cali,Colombia,CAL,COL_CAL,Attacking Midfield
Y. Valois,Deportivo Pasto,Deportivo Pasto,CF,20.0,0,2025-12-31,11,1024,6,3.08,0,0.1,19.6,27.35,Colombia,Colombia,,0,0,no,2.11,2.11,29.17,5.98,41.18,0.0,0.0,0.09,1.49,2.01,1.76,4,0.35,0,0.0,1.23,0.53,6,0.53,0.27,3,0.26,19,1.67,47.37,31.579,0.35,0.0,0.09,0.0,0.26,0.0,0.09,1.23,35.71,8.61,20.41,2.02,0.44,0.44,6.68,2.29,1.14,9.32,75.47,1.58,66.67,3.16,94.44,2.29,57.69,8.7,77.78,0.35,75.0,13.98,12.86,0.01,0.26,0.0,0.0,0.0,0.0,0.09,0.88,80.0,0.44,20.0,0.09,100.0,0.44,0.0,0.79,66.67,0,,0,,0,0.0,0.0,0.0,,,0.0,,0.0,0.0,0.0,0.0,0,0.0,Deportivo Pasto,Colombia,PAS,COL_PAS,Forwards
F. Chaverra,La Equidad,La Equidad,LW,22.0,0,2026-06-30,23,1025,1,0.75,1,1.59,20.99,38.91,Colombia,Colombia,,0,0,no,4.39,4.57,57.69,2.55,27.59,0.0,0.0,0.18,1.76,2.32,1.14,3,0.26,0,0.0,3.51,0.09,1,0.09,0.07,0,0.0,20,1.76,25.0,5.0,1.67,36.84,0.61,42.86,1.05,33.33,0.0,5.62,43.75,11.77,35.07,2.02,3.51,1.14,11.94,1.14,1.84,15.19,78.61,2.63,66.67,4.74,92.59,3.42,89.74,13.35,84.87,0.35,25.0,13.75,7.81,0.14,0.97,0.0,0.09,0.0,0.0,0.35,0.97,81.82,1.23,71.43,0.0,0.0,0.61,0.53,1.4,87.5,0,,0,,0,0.0,0.0,0.0,,,0.0,,0.0,0.0,0.0,0.44,0,0.0,La Equidad,Colombia,EQU,COL_EQU,Wingers
J. Holguín,Envigado,Envigado,LB,20.0,0,,13,1033,0,0.4,0,0.19,13.16,52.32,Colombia,Colombia,unknown,178,76,no,8.97,7.41,55.29,2.44,50.0,0.09,0.11,0.17,4.79,6.3,1.57,4,0.35,0,0.0,0.96,0.0,0,0.0,0.03,0,0.0,7,0.61,0.0,0.0,1.74,30.0,1.74,30.0,0.0,0.0,0.26,0.52,83.33,2.18,56.0,1.05,0.7,0.0,19.52,1.13,0.78,27.88,75.0,12.37,66.2,4.09,89.36,6.36,83.56,21.78,86.0,4.44,37.25,22.54,34.31,0.02,0.26,0.0,0.0,0.0,0.0,0.09,4.36,62.0,1.31,26.67,0.0,0.0,0.17,0.52,5.92,64.71,0,,0,,0,0.0,0.0,0.0,,,0.35,,0.0,0.0,0.0,0.0,0,0.0,Envigado,Colombia,ENV,COL_ENV,Defenders
J. Franco,Deportivo Pasto,Deportivo Pasto,RB,23.0,300000,2026-06-30,15,1045,0,0.1,0,0.6,11.71,49.26,Colombia,Colombia,derecho,178,70,no,6.72,5.77,62.69,1.55,44.44,0.09,0.12,0.0,3.01,4.29,1.55,3,0.26,0,0.0,1.46,0.0,0,0.0,0.01,0,0.0,5,0.43,0.0,0.0,2.58,43.33,0.0,0.0,2.5,41.38,0.0,0.52,66.67,2.41,35.71,0.26,0.86,0.17,21.88,1.64,0.34,28.59,72.89,10.08,58.12,5.51,93.75,8.7,76.24,21.79,81.42,4.39,47.06,17.78,29.57,0.05,0.52,0.09,0.0,0.09,0.0,0.26,3.96,52.17,2.5,41.38,0.43,20.0,0.09,0.95,6.37,63.51,0,,0,,0,0.0,0.0,0.0,,,0.09,,0.0,0.0,0.0,0.0,0,0.0,Deportivo Pasto,Colombia,PAS,COL_PAS,Defenders
Á. Rodríguez,Santa Fe,Santa Fe,CF,36.0,300000,,26,1047,2,1.49,4,1.24,21.23,27.53,Colombia,Colombia,derecho,183,83,no,2.15,2.41,42.86,4.3,38.0,0.0,0.0,0.0,1.12,1.59,1.89,5,0.43,1,0.09,1.03,0.17,2,0.17,0.13,1,0.09,9,0.77,33.33,22.222,0.52,33.33,0.26,33.33,0.26,33.33,0.17,1.29,46.67,8.85,19.42,2.06,0.6,0.09,5.07,1.38,0.6,10.92,77.17,3.01,60.0,2.66,87.1,2.41,82.14,10.14,80.51,0.34,50.0,14.44,4.47,0.11,1.29,0.0,0.0,0.17,0.0,0.69,0.95,72.73,0.95,72.73,0.26,0.0,1.2,0.09,1.29,93.33,0,,0,,0,0.0,0.0,0.0,,,0.0,,0.0,0.0,0.0,0.0,0,0.0,Santa Fe,Colombia,STF,COL_STF,Forwards
Jhon Vásquez,Atlético Bucaramanga,Atlético Bucaramanga,RAMF,30.0,800000,2025-12-31,24,1048,2,3.51,0,1.4,23.27,44.65,Colombia,Colombia,derecho,176,78,no,4.12,3.18,56.76,2.32,48.15,0.26,0.47,0.26,2.06,3.79,1.37,3,0.26,1,0.09,5.41,0.17,2,0.17,0.3,0,0.0,25,2.15,32.0,8.0,5.75,20.9,2.15,16.0,3.61,23.81,0.86,6.44,54.67,14.69,43.86,2.66,3.69,0.43,20.01,2.66,2.06,28.17,70.73,5.5,76.56,6.44,96.0,11.25,56.49,21.3,83.87,1.55,66.67,17.92,18.34,0.12,0.69,0.0,0.0,0.17,0.0,0.6,2.32,81.48,5.84,38.24,0.26,33.33,1.2,1.2,4.38,84.31,0,,0,,0,0.0,0.0,0.0,,,0.0,,0.0,0.0,0.0,0.52,0,0.0,Atlético Bucaramanga,Colombia,BUC,COL_BUC,Attacking Midfield
J. Díaz,Once Caldas,Once Caldas,RDMF,24.0,300000,,22,1060,0,0.54,0,0.57,15.54,54.64,Colombia,Colombia,derecho,183,74,no,8.32,8.58,59.41,1.53,61.11,0.17,0.24,0.68,3.06,4.39,2.12,4,0.34,0,0.0,0.59,0.0,0,0.0,0.05,0,0.0,5,0.42,20.0,0.0,0.17,50.0,0.08,0.0,0.08,100.0,0.0,0.59,57.14,3.74,43.18,0.42,0.68,0.08,23.09,0.25,0.42,34.56,90.42,11.89,83.57,4.16,95.92,13.16,94.84,33.37,91.86,1.02,50.0,16.27,15.78,0.05,0.42,0.0,0.0,0.17,50.0,0.34,4.92,81.03,0.59,14.29,0.42,20.0,0.25,0.08,3.99,82.98,0,,0,,0,0.0,0.0,0.0,,,0.42,,0.0,0.0,0.0,0.0,0,0.0,Once Caldas,Colombia,ONC,COL_ONC,Defensive Midfield
E. Camargo,Boyacá Chicó,Boyacá Chicó,LCMF,23.0,0,,20,1062,0,0.53,0,0.08,13.05,50.65,Colombia,Colombia,derecho,179,73,no,6.1,4.49,67.92,1.44,52.94,0.51,0.78,0.08,2.54,3.91,0.93,3,0.25,0,0.0,0.68,0.0,0,0.0,0.04,0,0.0,15,1.27,20.0,0.0,0.42,20.0,0.08,100.0,0.34,0.0,0.0,0.51,66.67,5.34,44.44,0.76,0.85,0.0,29.92,0.85,1.27,39.32,86.85,11.61,76.64,6.02,92.96,14.49,91.23,36.27,89.49,2.8,57.58,17.1,23.29,0.01,0.25,0.0,0.0,0.0,0.0,0.08,6.95,75.61,0.85,30.0,0.51,66.67,0.17,0.08,5.68,80.6,0,,0,,0,0.0,0.0,0.0,,,0.25,,0.08,0.0,0.0,0.0,0,0.0,Boyacá Chicó,Colombia,BYC,COL_BYC,Midfield
J. Micolta,La Equidad,La Equidad,LW,23.0,0,,22,1068,2,2.53,1,0.56,21.66,45.14,Colombia,Colombia,derecho,173,0,no,6.07,5.73,55.88,3.29,30.77,0.34,0.42,0.0,2.53,3.16,1.77,1,0.08,2,0.17,3.03,0.17,2,0.17,0.21,0,0.0,21,1.77,42.86,9.524,1.01,25.0,0.59,28.57,0.42,20.0,0.08,4.21,48.0,11.21,42.11,1.43,2.36,0.51,13.4,1.01,2.36,17.44,66.67,4.55,46.3,3.71,86.36,5.14,73.77,15.34,71.43,1.26,33.33,16.18,21.05,0.05,0.51,0.08,0.17,0.17,0.0,0.34,2.28,40.74,1.18,42.86,0.25,0.0,0.51,0.25,2.44,62.07,0,,0,,0,0.0,0.0,0.0,,,0.0,,0.0,0.0,0.0,0.17,0,0.0,La Equidad,Colombia,EQU,COL_EQU,Wingers
S. Navarro,Millonarios,Millonarios,RB,22.0,0,2026-12-31,13,1070,0,0.18,0,0.34,14.89,52.54,Colombia,Colombia,derecho,0,0,no,8.5,7.57,70.0,1.35,43.75,0.0,0.0,0.0,3.2,4.54,1.09,1,0.08,0,0.0,1.68,0.0,0,0.0,0.02,0,0.0,4,0.34,50.0,0.0,2.36,28.57,0.0,0.0,2.36,28.57,0.25,1.77,42.86,4.04,31.25,0.67,1.77,0.25,19.6,1.77,0.08,28.93,74.13,10.85,72.09,4.12,95.92,7.49,74.16,25.65,80.33,1.09,15.38,17.8,24.74,0.03,0.59,0.0,0.0,0.17,50.0,0.17,2.52,86.67,2.36,35.71,0.34,25.0,0.34,0.93,6.73,53.75,0,,0,,0,0.0,0.0,0.0,,,0.34,,0.0,0.0,0.0,0.0,0,0.0,Millonarios,Colombia,MIL,COL_MIL,Defenders
C. Paternina,La Equidad,La Equidad,AMF,24.0,50000,,20,1073,0,0.32,1,0.34,12.58,40.67,Colombia,Colombia,,166,60,no,2.85,3.19,50.0,1.17,14.29,0.17,0.25,0.0,1.09,1.64,0.67,1,0.08,0,0.0,1.68,0.0,0,0.0,0.03,0,0.0,8,0.67,50.0,0.0,0.59,42.86,0.0,0.0,0.59,42.86,0.08,1.93,56.52,6.71,43.75,0.67,1.59,0.34,19.96,0.75,1.85,25.16,81.33,7.88,70.21,5.28,90.48,6.37,80.26,22.31,84.59,2.35,60.71,16.97,24.59,0.03,0.5,0.0,0.0,0.08,0.0,0.25,4.7,73.21,1.09,53.85,0.42,20.0,0.42,0.25,4.36,71.15,0,,0,,0,0.0,0.0,0.0,,,0.17,,1.17,0.34,50.0,1.34,0,0.0,La Equidad,Colombia,EQU,COL_EQU,Attacking Midfield
E. Valencia,Tolima,Tolima,RW,28.0,550000,,26,1075,1,2.26,1,1.11,18.84,45.33,Colombia,Colombia,izquierdo,175,73,no,5.02,5.11,59.02,1.26,40.0,0.17,0.27,0.0,1.84,2.92,1.0,0,0.0,0,0.0,4.35,0.08,1,0.08,0.19,0,0.0,17,1.42,23.53,5.882,3.52,33.33,2.26,25.93,1.26,46.67,0.59,4.35,65.38,11.22,40.3,3.18,2.93,0.25,32.32,1.93,1.17,40.27,79.63,7.45,69.66,9.63,89.57,13.4,78.75,34.41,86.13,2.34,53.57,17.37,26.18,0.09,1.26,0.17,0.0,0.25,0.0,0.59,4.94,81.36,3.77,48.89,0.5,16.67,1.09,1.26,5.94,76.06,0,,0,,0,0.0,0.0,0.0,,,0.08,,0.84,0.08,0.0,1.0,0,0.0,Tolima,Colombia,TOL,COL_TOL,Wingers
L. Escorcia,Fortaleza,Fortaleza,CB,21.0,0,2026-12-31,20,1078,0,0.14,0,0.0,10.94,61.07,Colombia,Colombia,unknown,0,0,si,7.68,4.17,68.0,3.92,59.57,0.17,0.25,0.42,4.68,7.06,0.92,1,0.08,0,0.0,0.25,0.0,0,0.0,0.01,0,0.0,5,0.42,0.0,0.0,0.0,0.0,0.0,0.0,0.0,0.0,0.0,0.25,100.0,1.25,60.0,0.08,0.58,0.0,23.96,1.0,0.92,35.82,86.25,16.86,80.69,2.5,100.0,13.02,91.67,30.47,90.96,5.34,59.38,20.15,33.71,0.0,0.0,0.0,0.08,0.0,0.0,0.0,3.01,75.0,0.17,0.0,0.08,100.0,0.0,0.0,7.6,62.64,0,,0,,0,0.0,0.0,0.0,,,1.59,,0.0,0.0,0.0,0.0,0,0.0,Fortaleza,Colombia,FOZ,COL_FOZ,Defenders
M. Silveira,Junior,Junior,GK,25.0,1000000,2026-07-31,11,1079,0,0.0,0,0.0,1.0,83.33,Uruguay,Uruguay,derecho,187,89,no,1.0,0.17,50.0,0.33,100.0,0.08,0.15,0.0,0.83,1.49,0.08,1,0.08,1,0.08,0.0,0.0,0,0.0,0.0,0,0.0,0,0.0,0.0,0.0,0.0,0.0,0.0,0.0,0.0,0.0,0.0,0.0,0.0,0.25,100.0,0.0,0.0,0.0,7.34,0.25,0.42,13.01,85.9,5.67,73.53,0.0,0.0,6.84,98.78,9.93,94.96,3.0,58.33,29.87,38.34,0.0,0.0,0.0,0.08,0.0,0.0,0.0,0.92,36.36,0.25,0.0,0.08,100.0,0.0,0.0,2.42,62.07,14,1.17,50,4.17,3,72.0,11.51,0.96,-2.49,-0.208,0.0,1.5,,,,0.0,0,0.0,Junior,Colombia,JNR,COL_JNR,Goalkeepers
J. Contreras,Unión Magdalena,Unión Magdalena,LAMF,26.0,350000,,29,1080,1,1.59,0,1.34,17.75,45.54,Colombia,Colombia,izquierdo,170,64,no,4.92,5.08,63.93,0.67,12.5,0.17,0.26,0.0,1.5,2.36,1.5,7,0.58,0,0.0,2.17,0.08,1,0.08,0.13,0,0.0,11,0.92,36.36,9.091,1.5,27.78,1.0,33.33,0.5,16.67,0.08,2.42,58.62,9.67,40.52,3.42,2.0,0.75,11.33,1.83,2.17,17.0,80.39,3.08,75.68,4.58,89.09,5.0,83.33,15.17,85.16,0.33,100.0,18.3,7.47,0.11,1.0,0.08,0.0,0.08,0.0,0.33,0.92,90.91,0.83,50.0,0.08,0.0,0.83,0.42,1.83,86.36,0,,0,,0,0.0,0.0,0.0,,,0.0,,0.0,0.0,0.0,0.08,0,0.0,Unión Magdalena,Colombia,UMG,COL_UMG,Attacking Midfield
J. Quintero,América de Cali,América de Cali,CF,32.0,2500000,2026-12-31,13,1082,3,2.14,0,2.66,9.15,49.09,Colombia,Colombia,izquierdo,168,70,no,1.41,1.58,73.68,0.17,50.0,0.08,0.14,0.0,0.17,0.27,0.42,0,0.0,1,0.08,4.49,0.25,3,0.25,0.18,0,0.0,52,4.33,36.54,5.769,1.08,38.46,0.5,16.67,0.5,50.0,0.17,3.66,54.55,6.99,42.86,2.0,2.41,0.25,56.23,2.41,0.83,61.47,81.87,24.12,76.21,7.49,88.89,18.96,84.21,51.82,85.55,8.57,65.05,18.39,39.51,0.22,2.58,0.17,0.08,1.33,37.5,0.67,13.81,73.49,7.07,62.35,3.41,31.71,4.16,0.42,14.39,94.22,0,,0,,0,0.0,0.0,0.0,,,0.0,,2.25,1.25,33.33,3.24,0,0.0,América de Cali,Colombia,AME,COL_AME,Forwards
R. Pérez,Unión Magdalena,Unión Magdalena,RCB,35.0,550000,2025-12-31,12,1085,0,0.02,0,0.0,10.29,62.9,Colombia,Colombia,derecho,186,82,no,7.88,4.06,81.63,2.9,57.14,0.25,0.38,1.16,4.31,6.5,0.41,2,0.17,1,0.08,0.33,0.0,0,0.0,0.0,0,0.0,1,0.08,0.0,0.0,0.0,0.0,0.0,0.0,0.0,0.0,0.0,0.5,66.67,1.49,44.44,0.41,0.66,0.0,18.41,0.08,0.75,28.04,84.32,10.62,71.88,2.49,90.0,12.94,93.59,24.88,90.33,3.15,36.84,21.65,35.76,0.0,0.0,0.08,0.0,0.0,0.0,0.0,1.74,52.38,0.17,0.0,0.0,0.0,0.0,0.0,4.23,50.98,0,,0,,0,0.0,0.0,0.0,,,1.66,,0.0,0.0,0.0,0.0,0,0.0,Unión Magdalena,Colombia,UMG,COL_UMG,Defenders
M. Castillo,América de Cali,América de Cali,RB,22.0,0,,15,1096,0,0.95,2,1.41,17.98,57.08,Colombia,Colombia,unknown,0,0,no,7.64,5.34,72.31,2.46,53.33,1.15,1.94,0.41,2.63,4.42,0.9,2,0.16,1,0.08,4.02,0.0,0,0.0,0.08,0,0.0,13,1.07,15.38,0.0,3.04,45.95,0.25,0.0,2.79,50.0,0.33,3.86,63.83,8.54,51.92,1.64,2.63,0.49,25.29,3.12,1.31,35.31,81.86,11.58,75.18,6.16,97.33,11.58,85.11,28.74,89.43,3.86,53.19,19.26,26.23,0.12,0.82,0.08,0.0,0.16,0.0,0.49,4.43,72.22,2.38,55.17,0.49,16.67,0.41,1.23,6.57,77.5,0,,0,,0,0.0,0.0,0.0,,,0.66,,0.0,0.0,0.0,0.0,0,0.0,América de Cali,Colombia,AME,COL_AME,Defenders
C. Sención,Unión Magdalena,Unión Magdalena,LCMF,29.0,250000,,15,1100,0,0.36,0,0.26,15.05,58.15,Uruguay,Uruguay,derecho,181,72,no,7.2,6.95,61.18,1.64,65.0,0.41,0.54,0.16,2.54,3.32,1.15,3,0.25,1,0.08,0.98,0.0,0,0.0,0.03,0,0.0,6,0.49,16.67,0.0,0.33,25.0,0.25,33.33,0.08,0.0,0.08,0.98,75.0,4.42,53.7,0.33,0.41,0.0,20.37,0.49,1.31,32.56,82.41,10.96,70.15,4.09,98.0,13.66,91.62,28.06,86.3,4.17,60.78,20.0,33.59,0.02,0.33,0.0,0.0,0.16,50.0,0.08,6.14,78.67,0.74,77.78,0.33,50.0,0.41,0.08,6.05,70.27,0,,0,,0,0.0,0.0,0.0,,,0.16,,1.15,0.08,0.0,0.9,0,0.0,Unión Magdalena,Colombia,UMG,COL_UMG,Midfield
F. Gil,Atlético Bucaramanga,Atlético Bucaramanga,RAMF,30.0,900000,2026-12-31,22,1119,1,2.93,1,1.43,17.86,46.4,Colombia,Colombia,derecho,178,75,si,3.78,3.94,59.18,1.69,57.14,0.08,0.13,0.08,1.37,2.28,1.05,3,0.24,0,0.0,3.94,0.08,2,0.16,0.24,0,0.0,21,1.69,33.33,9.524,3.54,43.18,0.08,0.0,3.46,44.19,0.24,3.7,50.0,10.7,42.11,3.3,2.17,0.32,15.68,3.22,2.9,20.19,73.71,3.7,58.7,5.23,96.92,6.92,67.44,16.09,81.5,0.88,36.36,18.53,17.84,0.12,0.8,0.16,0.0,0.24,0.0,0.32,1.45,50.0,3.7,50.0,0.4,0.0,0.88,1.37,2.98,83.78,0,,0,,0,0.0,0.0,0.0,,,0.16,,0.0,0.0,0.0,0.0,0,0.0,Atlético Bucaramanga,Colombia,BUC,COL_BUC,Attacking Midfield
C. Zapata,Atlético Bucaramanga,Atlético Bucaramanga,CB,38.0,150000,,15,1123,1,1.0,0,0.0,9.54,73.95,Colombia,Colombia,derecho,188,82,no,6.25,3.85,81.25,3.77,76.6,0.08,0.13,0.64,3.05,4.79,0.4,3,0.24,0,0.0,0.4,0.08,1,0.08,0.08,1,0.08,5,0.4,40.0,20.0,0.08,100.0,0.08,100.0,0.0,0.0,0.0,0.16,100.0,1.28,50.0,0.64,0.0,0.08,16.59,0.08,0.64,27.73,87.28,10.26,78.91,1.12,85.71,13.78,94.77,24.36,90.79,3.29,60.98,19.16,25.16,0.0,0.08,0.0,0.0,0.0,0.0,0.0,2.56,75.0,0.16,0.0,0.0,0.0,0.08,0.08,4.73,61.02,0,,0,,0,0.0,0.0,0.0,,,0.48,,0.0,0.0,0.0,0.0,0,0.0,Atlético Bucaramanga,Colombia,BUC,COL_BUC,Defenders
A. Aedo,Boyacá Chicó,Boyacá Chicó,RB,21.0,0,,24,1127,0,0.04,0,0.13,14.29,49.16,Colombia,Colombia,unknown,0,0,no,6.79,5.75,55.56,3.51,52.27,0.16,0.22,0.32,3.43,4.83,1.6,3,0.24,0,0.0,0.64,0.0,0,0.0,0.0,0,0.0,2,0.16,0.0,0.0,0.4,40.0,0.08,100.0,0.32,25.0,0.08,0.72,66.67,3.19,40.0,0.16,0.24,0.0,14.37,0.4,0.72,22.92,80.14,7.43,62.37,3.91,91.84,7.67,87.5,19.57,85.31,2.95,51.35,16.79,19.71,0.01,0.32,0.0,0.0,0.0,0.0,0.08,3.91,63.27,0.8,30.0,0.0,0.0,0.16,0.16,3.51,70.45,0,,0,,0,0.0,0.0,0.0,,,0.24,,0.0,0.0,0.0,0.0,0,0.0,Boyacá Chicó,Colombia,BYC,COL_BYC,Defenders
J. Aja,Medellín,Medellín,RCB,31.0,400000,2025-12-31,15,1135,0,0.23,1,0.62,12.45,59.24,Uruguay,Uruguay,derecho,191,84,no,7.69,3.81,72.92,6.34,50.0,0.24,0.36,0.48,4.68,7.05,0.48,3,0.24,0,0.0,0.4,0.0,0,0.0,0.02,0,0.0,5,0.4,40.0,0.0,0.0,0.0,0.0,0.0,0.0,0.0,0.0,0.24,100.0,0.56,85.71,0.4,0.0,0.0,18.79,0.48,0.32,29.81,84.57,12.93,71.17,1.51,100.0,13.24,96.41,24.42,90.91,5.39,55.88,21.62,34.92,0.05,0.08,0.0,0.0,0.0,0.0,0.08,2.3,55.17,0.16,0.0,0.16,50.0,0.16,0.0,5.47,60.87,0,,0,,0,0.0,0.0,0.0,,,1.35,,0.0,0.0,0.0,0.0,0,0.0,Medellín,Colombia,MDL,COL_MDL,Defenders
J. Hinestroza,Envigado,Envigado,LDMF,23.0,0,,17,1138,0,0.03,0,0.0,11.63,48.98,Colombia,Colombia,,176,70,no,8.3,6.72,56.47,1.5,26.32,0.24,0.33,0.71,4.27,6.02,1.58,7,0.55,0,0.0,0.24,0.0,0,0.0,0.0,0,0.0,3,0.24,0.0,0.0,0.0,0.0,0.0,0.0,0.0,0.0,0.0,0.63,37.5,2.14,29.63,0.0,0.55,0.0,18.11,0.0,0.4,28.63,84.25,8.94,71.68,5.14,93.85,9.65,94.26,26.49,86.87,2.14,51.85,17.88,23.17,0.0,0.0,0.0,0.0,0.0,0.0,0.0,3.32,76.19,0.32,25.0,0.08,0.0,0.08,0.0,3.8,54.17,0,,0,,0,0.0,0.0,0.0,,,0.79,,0.0,0.0,0.0,0.0,0,0.0,Envigado,Colombia,ENV,COL_ENV,Defensive Midfield
A. Mosquera,Santa Fe,Santa Fe,GK,34.0,750000,2026-12-31,53,5295,0,0.0,0,0.0,0.65,84.21,Colombia,Colombia,derecho,186,78,no,1.07,0.12,71.43,0.34,95.0,0.0,0.0,0.0,0.99,1.45,0.02,7,0.12,0,0.0,0.03,0.0,0,0.0,0.0,0,0.0,0,0.0,0.0,0.0,0.0,0.0,0.0,0.0,0.0,0.0,0.0,0.05,66.67,0.15,66.67,0.0,0.0,0.0,6.39,0.15,0.1,12.75,83.33,7.36,72.52,0.0,0.0,4.78,98.22,8.62,98.03,4.13,52.67,31.57,52.25,0.0,0.0,0.0,0.0,0.0,0.0,0.0,1.55,53.85,0.08,20.0,0.1,33.33,0.02,0.0,2.99,71.59,51,0.87,221,3.76,18,76.92,59.15,1.01,8.15,0.139,0.0,1.31,,,,0.0,0,0.0,Santa Fe,Colombia,STF,COL_STF,Goalkeepers
W. Tesillo,Atlético Nacional,Atlético Nacional,LCB,35.0,550000,,46,4468,0,3.41,0,0.89,10.37,63.88,Colombia,Colombia,izquierdo,184,78,no,8.1,4.13,71.22,3.0,67.11,0.06,0.1,0.5,5.1,8.54,0.6,11,0.22,1,0.02,0.62,0.0,0,0.0,0.07,0,0.0,30,0.6,36.67,0.0,0.48,50.0,0.46,47.83,0.0,0.0,0.06,0.28,57.14,1.79,42.7,0.62,1.01,0.0,35.17,0.75,0.36,49.37,88.09,25.26,83.09,2.6,97.67,17.22,94.04,40.27,93.95,8.66,62.79,21.97,37.75,0.02,0.24,0.02,0.02,0.0,0.0,0.1,8.2,73.96,1.21,46.67,0.54,29.63,0.4,0.22,12.13,82.23,0,,0,,0,0.0,0.0,0.0,,,1.81,,0.0,0.0,0.0,0.0,0,0.0,Atlético Nacional,Colombia,NAC,COL_NAC,Defenders
H. Rodallega,Santa Fe,Santa Fe,CF,40.0,150000,2025-12-31,47,4450,16,21.4,5,3.43,14.56,35.56,Colombia,Colombia,derecho,181,75,no,1.98,1.21,51.67,5.36,38.87,0.0,0.0,0.14,1.36,2.04,0.69,10,0.2,0,0.0,1.66,0.32,10,0.2,0.43,0,0.0,160,3.24,33.75,10.0,0.26,15.38,0.06,0.0,0.18,22.22,0.02,1.15,42.11,4.71,29.61,2.85,0.47,0.04,12.28,1.84,0.89,15.73,74.81,4.39,62.67,3.07,91.45,5.08,74.1,14.62,77.32,0.85,50.0,16.59,18.09,0.07,0.71,0.04,0.0,0.2,20.0,0.34,2.47,63.11,1.4,56.52,0.3,33.33,0.97,0.06,1.86,82.61,0,,0,,0,0.0,0.0,0.0,,,0.0,,0.61,0.36,27.78,0.0,6,100.0,Santa Fe,Colombia,STF,COL_STF,Forwards
J. Nieto,Tolima,Tolima,RDMF,32.0,500000,,51,4444,5,2.77,3,3.19,11.42,53.01,Colombia,Colombia,derecho,177,75,no,5.77,4.5,68.47,0.79,38.46,0.22,0.33,0.24,2.47,3.61,0.61,5,0.1,0,0.0,1.09,0.1,5,0.1,0.06,0,0.0,37,0.75,48.65,13.514,0.73,52.78,0.26,46.15,0.38,52.63,0.06,0.59,48.28,4.6,40.53,0.91,1.54,0.2,39.21,0.3,1.11,50.91,90.61,15.68,81.91,7.09,97.14,18.63,94.67,46.88,93.43,3.32,59.15,17.03,31.21,0.06,0.69,0.06,0.02,0.14,42.86,0.18,7.35,87.33,1.78,53.41,0.38,52.63,0.79,0.38,6.54,80.8,0,,0,,0,0.0,0.0,0.0,,,0.24,,0.02,0.0,0.0,0.0,0,0.0,Tolima,Colombia,TOL,COL_TOL,Defensive Midfield
Y. Hurtado,Tolima,Tolima,RB,28.0,550000,,49,4444,3,2.53,4,4.32,10.71,52.17,Colombia,Colombia,derecho,170,67,no,6.12,4.27,63.98,2.49,54.47,0.24,0.35,0.26,3.14,4.55,0.69,11,0.22,0,0.0,2.49,0.06,3,0.06,0.05,0,0.0,38,0.77,31.58,7.895,3.65,46.11,0.08,25.0,3.56,46.59,0.36,0.93,56.52,2.73,39.26,1.01,1.5,0.34,33.09,2.29,0.45,42.57,80.45,16.42,73.24,5.27,95.77,12.82,82.46,34.69,87.27,4.5,53.6,19.39,36.79,0.09,0.97,0.02,0.08,0.16,25.0,0.47,5.99,75.34,4.31,50.7,0.38,42.11,0.79,1.48,9.86,75.56,0,,0,,0,0.0,0.0,0.0,,,0.69,,0.04,0.0,0.0,0.0,0,0.0,Tolima,Colombia,TOL,COL_TOL,Defenders
C. Mafla,Santa Fe,Santa Fe,LB,32.0,250000,,47,4399,3,3.78,0,3.47,11.33,53.79,Colombia,Colombia,izquierdo,175,70,no,6.65,4.52,63.35,2.19,48.6,0.18,0.27,0.27,3.6,5.25,0.8,7,0.14,0,0.0,1.33,0.06,3,0.06,0.08,1,0.02,28,0.57,39.29,10.714,1.84,26.67,1.82,26.97,0.0,0.0,0.2,1.1,55.56,3.42,50.3,1.33,0.82,0.08,14.06,1.19,0.78,20.54,71.91,8.45,64.65,3.36,90.85,5.24,70.7,16.27,81.76,2.62,40.63,20.42,35.06,0.07,0.61,0.0,0.0,0.02,0.0,0.16,2.99,63.7,1.58,31.17,0.1,20.0,0.37,0.53,4.58,62.95,0,,0,,0,0.0,0.0,0.0,,,0.41,,0.04,0.0,0.0,0.08,0,0.0,Santa Fe,Colombia,STF,COL_STF,Defenders
D. Banguero,Millonarios,Millonarios,LB,35.0,350000,2025-12-31,46,4369,2,1.03,2,2.28,14.3,54.61,Colombia,Colombia,izquierdo,185,85,no,8.78,6.61,62.93,2.86,58.99,0.54,0.8,0.16,4.08,6.1,1.15,11,0.23,1,0.02,1.81,0.04,2,0.04,0.02,0,0.0,31,0.64,22.58,6.452,2.22,38.89,2.22,38.89,0.0,0.0,0.1,1.17,59.65,3.5,41.18,0.87,1.48,0.12,32.26,1.54,0.29,44.7,79.59,21.98,73.95,4.14,93.03,11.39,84.81,37.35,85.88,5.25,52.16,19.42,35.18,0.05,0.51,0.0,0.02,0.16,62.5,0.31,8.84,70.16,3.36,45.4,0.66,31.25,0.7,0.84,12.22,77.23,0,,0,,0,0.0,0.0,0.0,,,0.74,,0.14,0.08,25.0,0.02,0,0.0,Millonarios,Colombia,MIL,COL_MIL,Defenders
J. Aguirre,Once Caldas,Once Caldas,GK,33.0,300000,2027-06-30,44,4356,0,0.0,0,0.0,1.01,85.71,Colombia,Colombia,derecho,180,70,no,1.9,0.08,75.0,0.54,96.15,0.02,0.03,0.0,1.82,2.54,0.0,11,0.23,0,0.0,0.02,0.0,0,0.0,0.0,0,0.0,0,0.0,0.0,0.0,0.0,0.0,0.0,0.0,0.0,0.0,0.0,0.02,100.0,0.29,71.43,0.0,0.0,0.0,10.06,0.25,0.29,17.62,76.32,12.13,67.12,0.0,0.0,5.17,97.6,9.44,96.5,8.12,53.44,39.61,55.6,0.0,0.0,0.02,0.04,0.0,0.0,0.0,4.13,49.5,0.52,16.0,0.33,12.5,0.08,0.0,5.7,72.46,48,0.99,193,3.99,12,75.13,53.84,1.11,5.84,0.121,0.0,1.65,,,,0.0,0,0.0,Once Caldas,Colombia,ONC,COL_ONC,Goalkeepers
Y. Chará,Junior,Junior,AMF,34.0,500000,2025-12-31,52,4336,4,3.57,5,5.44,13.74,46.83,Colombia,Colombia,derecho,168,65,no,4.73,3.34,70.19,0.83,45.0,0.21,0.33,0.15,2.18,3.44,0.52,2,0.04,0,0.0,1.7,0.08,4,0.08,0.07,1,0.02,38,0.79,36.84,10.526,1.45,32.86,0.5,41.67,0.95,28.26,0.27,1.56,49.33,7.64,39.13,2.26,1.62,0.31,34.46,1.37,1.58,44.69,87.13,12.64,79.8,7.99,95.32,15.98,89.74,39.87,91.1,3.4,63.41,17.64,34.37,0.11,1.1,0.04,0.04,0.27,61.54,0.44,6.91,80.18,2.53,59.84,0.83,32.5,1.58,0.5,6.64,84.69,0,,0,,0,0.0,0.0,0.0,,,0.15,,0.29,0.02,0.0,0.27,0,0.0,Junior,Colombia,JNR,COL_JNR,Attacking Midfield
E. Olivera,Santa Fe,Santa Fe,RCB,35.0,500000,,44,4267,3,2.99,0,0.53,10.06,62.05,Argentina,Argentina,derecho,180,73,no,8.77,4.68,70.72,3.12,51.35,0.59,0.87,0.59,4.87,7.16,0.72,11,0.23,2,0.04,0.27,0.06,3,0.06,0.06,2,0.04,26,0.55,30.77,11.538,0.04,0.0,0.0,0.0,0.04,0.0,0.0,0.17,62.5,0.61,62.07,0.49,0.7,0.0,22.8,0.21,0.23,35.81,85.34,16.73,74.91,1.46,98.55,15.25,95.02,29.7,91.9,6.1,53.63,23.72,42.12,0.01,0.13,0.0,0.0,0.0,0.0,0.0,5.1,61.16,0.46,18.18,0.32,13.33,0.08,0.0,8.06,72.77,0,,0,,0,0.0,0.0,0.0,,,1.08,,0.0,0.0,0.0,0.0,0,0.0,Santa Fe,Colombia,STF,COL_STF,Defenders
D. Torres,Santa Fe,Santa Fe,DMF,35.0,300000,2025-12-31,52,4247,1,1.67,0,0.77,13.9,49.54,Colombia,Colombia,derecho,183,84,no,8.1,5.34,61.51,2.86,41.48,0.23,0.34,0.38,4.58,6.59,1.06,17,0.36,0,0.0,0.55,0.02,1,0.02,0.04,0,0.0,21,0.45,23.81,4.762,0.32,33.33,0.11,40.0,0.19,33.33,0.0,0.66,41.94,3.54,38.32,0.59,0.53,0.0,23.76,0.32,1.02,35.6,83.75,13.99,73.48,4.32,94.61,11.66,91.09,30.58,88.91,4.73,53.81,19.0,33.7,0.02,0.3,0.02,0.02,0.23,27.27,0.15,7.71,72.8,1.23,43.1,0.76,33.33,0.53,0.08,6.53,79.87,0,,0,,0,0.0,0.0,0.0,,,0.23,,0.0,0.0,0.0,0.0,0,0.0,Santa Fe,Colombia,STF,COL_STF,Defensive Midfield
S. Ichazo,Deportivo Pereira,Deportivo Pereira,GK,33.0,350000,2027-12-31,40,4059,0,0.0,0,0.0,0.6,77.78,Uruguay,"Uruguay, Italy",izquierdo,187,83,no,1.46,0.11,100.0,0.29,92.31,0.02,0.03,0.0,1.33,1.91,0.0,7,0.16,0,0.0,0.02,0.0,0,0.0,0.0,0,0.0,0,0.0,0.0,0.0,0.0,0.0,0.0,0.0,0.0,0.0,0.0,0.04,50.0,0.16,42.86,0.0,0.0,0.0,6.27,0.24,0.09,11.77,78.72,7.54,68.82,0.02,100.0,3.79,97.08,6.39,97.22,5.37,57.02,36.92,52.97,0.0,0.0,0.02,0.0,0.0,0.0,0.0,1.73,46.15,0.07,33.33,0.13,16.67,0.02,0.0,3.95,72.47,38,0.84,165,3.66,15,76.97,42.42,0.94,4.42,0.098,0.02,1.26,,,,0.0,0,0.0,Deportivo Pereira,Colombia,PER,COL_PER,Goalkeepers
J. Cuesta,Once Caldas,Once Caldas,RB,27.0,450000,2027-06-30,42,4057,1,0.87,2,4.2,9.3,56.56,Colombia,Colombia,derecho,174,73,no,7.21,4.7,68.87,1.55,48.57,0.27,0.37,0.22,3.7,5.13,0.69,5,0.11,0,0.0,1.71,0.02,1,0.02,0.02,1,0.02,20,0.44,25.0,5.0,3.17,41.96,0.22,50.0,2.95,41.35,0.33,0.51,52.17,2.04,41.3,0.84,1.24,0.27,25.44,1.75,0.58,35.41,79.39,13.24,72.19,6.3,96.13,9.85,76.58,28.22,88.6,4.17,44.68,19.24,35.45,0.09,0.73,0.0,0.0,0.0,0.0,0.29,3.57,65.22,3.08,48.2,0.2,22.22,0.47,1.35,7.7,65.13,0,,0,,0,0.0,0.0,0.0,,,0.73,,0.0,0.0,0.0,0.02,0,0.0,Once Caldas,Colombia,ONC,COL_ONC,Defenders
D. Moreno,Once Caldas,Once Caldas,CF,40.0,200000,2025-12-31,45,3960,17,14.96,2,2.1,5.77,37.8,Colombia,Colombia,derecho,178,83,no,1.27,0.93,68.29,1.14,26.0,0.05,0.06,0.02,0.59,0.81,0.14,7,0.16,0,0.0,1.39,0.39,12,0.27,0.34,2,0.05,119,2.7,36.13,14.286,0.61,22.22,0.2,0.0,0.41,33.33,0.11,0.59,38.46,2.66,30.77,2.7,0.75,0.14,13.52,1.57,0.43,16.52,79.37,4.14,67.58,3.55,94.87,5.57,79.59,14.16,83.63,1.77,64.1,17.22,23.89,0.05,0.82,0.05,0.05,0.11,40.0,0.27,2.3,74.26,1.32,44.83,0.41,33.33,0.75,0.14,2.39,78.1,0,,0,,0,0.0,0.0,0.0,,,0.43,,0.39,0.39,35.29,0.14,5,100.0,Once Caldas,Colombia,ONC,COL_ONC,Forwards
A. Quintana,Atlético Bucaramanga,Atlético Bucaramanga,GK,31.0,900000,,39,3933,0,0.0,1,0.25,0.73,87.5,Colombia,Colombia,izquierdo,195,85,no,1.24,0.14,100.0,0.37,100.0,0.0,0.0,0.0,1.1,1.7,0.0,2,0.05,0,0.0,0.0,0.0,0,0.0,0.0,0,0.0,0,0.0,0.0,0.0,0.0,0.0,0.0,0.0,0.0,0.0,0.0,0.0,0.0,0.09,75.0,0.0,0.0,0.02,7.12,0.27,0.16,13.41,87.37,6.84,77.59,0.0,0.0,6.02,97.72,9.73,98.12,3.68,59.01,29.72,46.76,0.01,0.02,0.0,0.0,0.0,0.0,0.02,1.21,39.62,0.11,20.0,0.09,50.0,0.02,0.0,2.84,74.19,34,0.78,141,3.23,17,75.89,39.76,0.91,5.76,0.132,0.0,1.21,,,,0.0,0,0.0,Atlético Bucaramanga,Colombia,BUC,COL_BUC,Goalkeepers
V. Moreno,Santa Fe,Santa Fe,LCB,30.0,500000,,40,3902,1,1.45,3,0.47,10.19,59.5,Colombia,Colombia,derecho,184,78,no,6.97,4.31,72.19,3.64,54.43,0.21,0.3,0.44,3.64,5.18,0.69,11,0.25,0,0.0,0.07,0.02,1,0.02,0.03,1,0.02,13,0.3,7.69,7.692,0.07,33.33,0.02,0.0,0.05,50.0,0.0,0.09,25.0,0.67,27.59,0.48,0.32,0.07,18.31,0.35,0.16,28.99,87.51,11.99,76.35,1.45,95.24,13.38,96.38,24.77,92.46,4.15,58.89,22.23,35.86,0.01,0.02,0.0,0.0,0.0,0.0,0.05,2.28,60.61,0.21,22.22,0.16,71.43,0.16,0.02,5.33,64.07,0,,0,,0,0.0,0.0,0.0,,,1.13,,0.0,0.0,0.0,0.0,0,0.0,Santa Fe,Colombia,STF,COL_STF,Defenders
F. Lozano,Águilas Doradas,Águilas Doradas,DMF,32.0,450000,,39,3902,3,2.72,1,1.18,11.88,53.98,Colombia,Colombia,derecho,175,69,no,8.3,4.38,63.68,2.79,50.41,0.3,0.42,0.48,5.21,7.35,0.78,5,0.12,0,0.0,0.67,0.07,2,0.05,0.06,1,0.02,20,0.46,50.0,15.0,0.37,12.5,0.14,0.0,0.16,14.29,0.09,0.6,57.69,3.04,43.94,0.72,0.55,0.02,17.51,0.39,0.95,29.82,82.52,12.39,72.25,2.54,95.45,10.82,91.47,25.58,87.92,3.87,53.57,19.48,32.85,0.03,0.32,0.02,0.02,0.07,66.67,0.07,5.28,65.5,0.85,27.03,0.35,20.0,0.42,0.07,5.7,74.09,0,,0,,0,0.0,0.0,0.0,,,0.35,,0.0,0.0,0.0,0.02,1,100.0,Águilas Doradas,Colombia,AGD,COL_AGD,Defensive Midfield
A. Angulo,Tolima,Tolima,LCB,29.0,300000,,41,3893,2,0.9,1,0.23,12.0,61.85,Colombia,Colombia,derecho,187,80,no,8.28,4.42,76.44,3.86,59.28,0.05,0.07,0.65,4.85,7.46,0.81,12,0.28,0,0.0,0.23,0.05,2,0.05,0.02,1,0.02,8,0.18,37.5,25.0,0.07,66.67,0.0,0.0,0.05,100.0,0.0,0.18,50.0,1.71,44.59,0.35,0.81,0.05,25.18,0.3,0.55,38.24,89.78,16.69,83.38,2.5,96.3,15.26,96.97,33.59,93.46,4.58,63.13,20.36,35.09,0.01,0.16,0.0,0.0,0.02,100.0,0.02,3.75,77.78,0.32,35.71,0.21,44.44,0.07,0.05,6.54,67.49,0,,0,,0,0.0,0.0,0.0,,,2.06,,0.0,0.0,0.0,0.0,0,0.0,Tolima,Colombia,TOL,COL_TOL,Defenders
D. Londoño,Medellín,Medellín,LCB,30.0,450000,,43,3871,1,1.39,0,1.4,12.32,63.96,Colombia,Colombia,izquierdo,185,82,no,7.44,5.21,72.32,2.35,71.29,0.26,0.42,0.3,3.42,5.65,0.63,10,0.23,1,0.02,1.02,0.02,1,0.02,0.03,0,0.0,49,1.14,22.45,2.041,0.88,36.84,0.81,40.0,0.05,0.0,0.16,0.56,66.67,2.93,47.62,0.46,2.0,0.12,34.29,0.77,0.65,48.2,86.49,21.32,78.52,3.98,95.32,15.3,91.95,40.9,93.06,6.56,51.06,20.57,40.41,0.03,0.42,0.05,0.0,0.14,50.0,0.26,8.56,74.18,1.63,44.29,0.81,37.14,0.42,0.33,9.25,78.89,0,,0,,0,0.0,0.0,0.0,,,1.0,,0.3,0.23,20.0,0.05,0,0.0,Medellín,Colombia,MDL,COL_MDL,Defenders
J. Campuzano,Atlético Nacional,Atlético Nacional,RDMF,29.0,0,,45,3821,0,0.38,1,1.54,13.78,56.75,Colombia,"Colombia, Argentina",derecho,175,77,no,7.49,6.12,60.0,1.91,55.56,0.12,0.2,0.14,3.7,6.13,1.34,12,0.28,1,0.02,0.52,0.0,0,0.0,0.01,0,0.0,9,0.21,0.0,0.0,0.19,25.0,0.0,0.0,0.19,25.0,0.05,0.54,69.57,4.05,55.23,0.07,1.46,0.07,32.58,0.4,1.39,45.46,91.71,11.19,81.05,6.9,97.27,21.36,95.26,42.19,93.86,3.09,66.41,18.69,27.91,0.04,0.61,0.07,0.02,0.16,57.14,0.14,6.15,83.91,0.9,47.37,0.35,40.0,0.42,0.07,6.15,82.38,0,,0,,0,0.0,0.0,0.0,,,2.03,,0.02,0.0,0.0,0.0,0,0.0,Atlético Nacional,Colombia,NAC,COL_NAC,Defensive Midfield
J. Soto,América de Cali,América de Cali,GK,32.0,550000,2026-06-30,38,3733,0,0.12,1,0.52,0.6,80.0,Colombia,Colombia,derecho,187,82,no,1.35,0.02,100.0,0.36,86.67,0.0,0.0,0.0,1.33,2.04,0.0,3,0.07,0,0.0,0.0,0.0,0,0.0,0.0,0,0.0,1,0.02,0.0,0.0,0.0,0.0,0.0,0.0,0.0,0.0,0.0,0.0,0.0,0.07,100.0,0.02,0.02,0.0,10.61,0.24,0.12,18.3,79.31,12.39,71.79,0.02,0.0,5.52,97.38,9.81,96.81,8.39,59.48,37.97,54.02,0.01,0.05,0.0,0.0,0.0,0.0,0.02,3.35,47.48,0.36,20.0,0.17,28.57,0.1,0.0,6.46,72.76,33,0.8,129,3.11,14,74.42,32.78,0.79,-0.22,-0.005,0.0,1.76,,,,0.0,0,0.0,América de Cali,Colombia,AME,COL_AME,Goalkeepers
K. Londoño,Atlético Bucaramanga,Atlético Bucaramanga,CF,31.0,450000,,44,3705,5,6.25,6,6.12,12.53,42.83,Colombia,Colombia,derecho,180,72,no,3.77,3.43,55.32,2.67,36.36,0.02,0.04,0.12,1.85,2.84,0.73,6,0.15,0,0.0,2.57,0.12,3,0.07,0.15,1,0.02,54,1.31,37.04,7.407,3.4,33.57,0.66,25.93,2.72,34.82,0.24,1.36,66.07,4.76,39.8,2.33,0.83,0.1,25.82,2.33,0.53,32.74,75.89,7.94,63.3,8.16,94.64,9.89,68.8,27.18,84.18,2.38,38.78,16.81,25.59,0.15,1.38,0.02,0.0,0.17,28.57,0.39,4.15,61.4,3.16,39.23,0.53,18.18,0.58,1.0,4.71,72.68,0,,0,,0,0.0,0.0,0.0,,,0.07,,0.41,0.0,0.0,1.26,1,100.0,Atlético Bucaramanga,Colombia,BUC,COL_BUC,Forwards
L. Pico,Fortaleza,Fortaleza,LCMF,33.0,250000,,39,3699,0,0.32,1,0.88,9.73,54.0,Colombia,Colombia,derecho,177,77,no,6.3,4.87,64.0,0.97,42.5,0.19,0.3,0.15,2.99,4.64,0.56,4,0.1,0,0.0,0.29,0.0,0,0.0,0.01,0,0.0,14,0.34,7.14,0.0,0.07,66.67,0.05,50.0,0.02,100.0,0.02,0.36,53.33,2.55,45.71,0.15,0.75,0.1,29.56,0.32,0.68,39.95,89.89,12.21,85.06,4.55,92.51,16.69,94.61,37.83,91.25,2.04,65.48,17.83,31.66,0.02,0.32,0.02,0.02,0.02,100.0,0.05,5.77,80.17,0.56,47.83,0.1,50.0,0.19,0.05,5.77,79.75,0,,0,,0,0.0,0.0,0.0,,,0.56,,0.0,0.0,0.0,0.0,0,0.0,Fortaleza,Colombia,FOZ,COL_FOZ,Midfield
D. Moreno,Junior,Junior,RDMF,34.0,500000,2025-12-31,42,3698,4,5.4,0,0.49,15.58,52.81,Colombia,Colombia,derecho,179,78,no,8.47,5.96,61.22,3.85,49.37,0.27,0.41,0.32,4.55,6.98,1.39,11,0.27,1,0.02,0.51,0.1,4,0.1,0.13,2,0.05,31,0.75,32.26,12.903,0.22,11.11,0.12,0.0,0.1,25.0,0.02,0.51,47.62,3.48,43.36,1.22,0.22,0.02,31.35,0.68,1.29,44.73,85.42,16.09,78.82,5.74,93.64,16.11,90.63,41.23,88.19,3.29,55.56,17.6,29.91,0.01,0.24,0.0,0.05,0.05,0.0,0.05,6.74,77.98,0.97,42.5,0.29,50.0,0.34,0.05,8.06,75.83,0,,0,,0,0.0,0.0,0.0,,,0.39,,0.0,0.0,0.0,0.0,0,0.0,Junior,Colombia,JNR,COL_JNR,Defensive Midfield
A. Morelos,Atlético Nacional,Atlético Nacional,CF,29.0,0,2026-12-31,49,3698,18,20.78,11,4.14,15.65,38.26,Colombia,Colombia,izquierdo,177,79,si,2.65,2.75,52.21,2.92,45.83,0.1,0.17,0.12,1.12,1.92,1.05,14,0.34,1,0.02,2.34,0.44,16,0.39,0.51,3,0.07,136,3.31,42.65,13.235,0.54,31.82,0.24,30.0,0.27,36.36,0.1,1.24,47.06,7.52,30.1,4.41,0.66,0.05,21.22,2.29,1.44,26.04,80.75,5.38,64.25,6.94,91.58,8.25,79.65,23.63,83.83,1.92,54.43,15.71,27.16,0.1,1.22,0.1,0.05,0.34,50.0,0.49,3.02,66.94,1.36,58.93,0.51,42.86,1.07,0.17,2.6,80.37,0,,0,,0,0.0,0.0,0.0,,,0.07,,0.02,0.02,100.0,0.0,3,66.667,Atlético Nacional,Colombia,NAC,COL_NAC,Forwards
J. Guerrero,Junior,Junior,RB,24.0,0,,42,3683,2,1.14,2,2.27,18.55,50.72,Colombia,Colombia,,170,0,no,8.02,7.28,58.72,1.42,44.83,0.32,0.49,0.17,3.42,5.3,0.95,5,0.12,0,0.0,2.66,0.05,2,0.05,0.03,0,0.0,24,0.59,25.0,8.333,2.22,24.18,0.44,11.11,1.76,27.78,0.39,3.27,57.46,7.94,45.85,1.0,2.93,0.49,24.56,1.78,1.2,34.31,80.2,12.1,71.31,6.74,93.84,8.77,81.06,29.52,86.59,2.71,57.66,16.33,30.14,0.06,0.46,0.02,0.0,0.15,66.67,0.29,4.15,70.59,2.35,35.42,0.37,46.67,0.59,0.51,5.79,66.67,0,,0,,0,0.0,0.0,0.0,,,0.56,,0.0,0.0,0.0,0.02,0,0.0,Junior,Colombia,JNR,COL_JNR,Defenders
L. Díaz,Envigado,Envigado,LAMF,21.0,0,2025-12-31,38,3515,1,6.02,4,2.61,19.18,44.46,Colombia,Colombia,izquierdo,178,73,no,5.33,3.87,68.21,5.79,52.65,0.08,0.1,0.18,2.61,3.53,0.84,4,0.1,1,0.03,1.74,0.03,1,0.03,0.15,0,0.0,47,1.2,25.53,2.128,1.13,20.45,0.46,22.22,0.64,20.0,0.23,2.74,43.93,7.76,30.03,2.51,2.23,0.26,10.04,1.72,0.79,14.29,74.37,2.79,52.29,4.53,91.53,3.66,74.83,12.73,79.68,0.46,55.56,16.5,18.8,0.07,0.69,0.0,0.03,0.03,0.0,0.33,0.95,48.65,1.02,40.0,0.05,50.0,0.54,0.28,1.56,63.93,0,,0,,0,0.0,0.0,0.0,,,0.08,,0.0,0.0,0.0,0.0,0,0.0,Envigado,Colombia,ENV,COL_ENV,Attacking Midfield
Yulian Gomez,La Equidad,La Equidad,LB,28.0,450000,2025-12-31,37,3509,0,1.23,0,2.46,10.13,54.94,Colombia,Colombia,izquierdo,182,72,no,6.34,4.13,64.6,2.28,53.93,0.18,0.24,0.18,3.49,4.76,0.46,4,0.1,0,0.0,1.44,0.0,0,0.0,0.03,0,0.0,13,0.33,30.77,0.0,1.87,27.4,1.85,26.39,0.0,0.0,0.15,1.31,62.75,2.82,49.09,1.0,1.0,0.18,18.26,1.64,0.56,25.83,82.03,8.36,74.54,4.69,95.63,6.95,84.13,22.24,89.62,1.82,42.25,16.99,25.77,0.06,0.38,0.0,0.0,0.0,0.0,0.1,1.51,83.05,1.26,38.78,0.0,0.0,0.31,0.49,3.95,53.9,0,,0,,0,0.0,0.0,0.0,,,0.18,,0.0,0.0,0.0,0.03,0,0.0,La Equidad,Colombia,EQU,COL_EQU,Defenders
M. Torres,Tolima,Tolima,RCB,29.0,650000,,38,3506,1,1.61,0,0.67,10.45,56.27,Colombia,Colombia,derecho,180,74,no,6.98,4.26,71.08,2.46,43.75,0.05,0.07,0.82,3.9,5.46,0.8,14,0.36,0,0.0,0.49,0.03,1,0.03,0.04,0,0.0,12,0.31,25.0,8.333,0.15,66.67,0.03,100.0,0.13,60.0,0.0,0.51,55.0,1.87,39.73,0.39,1.18,0.03,24.8,0.21,0.44,37.48,88.84,17.25,81.55,2.54,98.99,13.71,95.88,33.73,92.31,3.59,57.14,19.4,33.39,0.02,0.13,0.03,0.05,0.03,100.0,0.03,4.8,76.47,0.33,61.54,0.1,25.0,0.13,0.1,6.08,73.42,0,,0,,0,0.0,0.0,0.0,,,1.8,,0.0,0.0,0.0,0.0,0,0.0,Tolima,Colombia,TOL,COL_TOL,Defenders
J. Moya,Deportivo Pereira,Deportivo Pereira,LCB,33.0,400000,,35,3495,2,1.72,0,0.51,12.46,61.98,Colombia,Colombia,derecho,185,77,no,9.53,5.1,69.7,4.58,61.8,0.36,0.51,0.88,5.61,8.01,1.13,7,0.18,1,0.03,0.49,0.05,2,0.05,0.04,1,0.03,24,0.62,45.83,8.333,0.03,0.0,0.0,0.0,0.03,0.0,0.03,0.36,57.14,1.06,43.9,0.77,0.31,0.05,16.4,0.31,0.39,29.56,84.23,13.39,71.73,1.34,94.23,12.39,95.43,25.06,89.62,4.48,54.6,21.83,37.31,0.01,0.13,0.0,0.0,0.03,0.0,0.05,3.24,61.11,0.28,27.27,0.15,33.33,0.26,0.0,5.46,60.38,0,,0,,0,0.0,0.0,0.0,,,0.95,,0.03,0.03,0.0,0.0,0,0.0,Deportivo Pereira,Colombia,PER,COL_PER,Defenders
M. Barrios,Once Caldas,Once Caldas,LAMF,34.0,600000,,41,3465,9,7.29,4,4.47,13.43,40.23,Colombia,Colombia,derecho,163,60,no,3.56,3.3,59.06,1.92,24.32,0.1,0.14,0.0,1.51,2.07,0.81,8,0.21,0,0.0,2.88,0.23,8,0.21,0.19,0,0.0,59,1.53,40.68,15.254,1.9,35.62,1.17,40.0,0.73,28.57,0.21,3.35,45.74,6.23,38.33,2.6,2.36,0.36,15.19,2.96,0.91,19.06,75.07,3.74,66.67,4.1,87.34,6.55,69.84,16.34,80.6,0.88,55.88,16.47,17.5,0.12,1.09,0.08,0.05,0.1,50.0,0.55,1.35,69.23,2.36,48.35,0.26,30.0,1.06,0.65,2.55,81.63,0,,0,,0,0.0,0.0,0.0,,,0.05,,0.0,0.0,0.0,0.05,1,100.0,Once Caldas,Colombia,ONC,COL_ONC,Attacking Midfield
H. Mosquera,Santa Fe,Santa Fe,CF,30.0,450000,2025-12-31,46,3429,8,8.31,6,6.88,22.02,42.79,Colombia,Colombia,derecho,172,70,no,3.33,2.97,67.26,2.39,29.67,0.21,0.31,0.08,1.13,1.66,0.66,2,0.05,2,0.05,6.06,0.21,7,0.18,0.22,1,0.03,98,2.57,40.82,8.163,4.83,29.35,2.02,24.68,2.81,32.71,0.5,5.25,65.5,13.65,42.12,3.28,2.68,0.16,18.74,1.55,1.0,28.22,69.77,6.27,65.27,5.07,88.08,11.23,68.46,20.84,81.49,2.97,49.56,20.11,28.36,0.18,1.26,0.1,0.05,0.26,60.0,0.81,3.46,74.24,4.46,41.76,0.79,40.0,1.13,1.31,5.01,82.2,0,,0,,0,0.0,0.0,0.0,,,0.05,,0.29,0.13,20.0,0.89,2,50.0,Santa Fe,Colombia,STF,COL_STF,Forwards
J. Arias,Millonarios,Millonarios,LCB,32.0,550000,2025-12-31,35,3427,1,2.05,0,0.59,10.22,60.93,Colombia,Colombia,izquierdo,183,77,no,8.17,3.65,69.06,3.52,55.97,0.47,0.69,0.58,5.17,7.58,0.5,13,0.34,0,0.0,0.32,0.03,1,0.03,0.05,0,0.0,14,0.37,21.43,7.143,0.08,33.33,0.08,33.33,0.0,0.0,0.0,0.16,83.33,1.18,51.11,0.32,1.6,0.0,20.48,0.18,0.63,35.27,86.37,17.1,79.72,1.34,92.16,13.42,92.95,30.02,91.95,5.17,54.82,21.56,39.84,0.02,0.39,0.03,0.0,0.08,100.0,0.05,6.09,69.83,0.87,45.45,0.63,50.0,0.42,0.03,8.14,77.1,0,,0,,0,0.0,0.0,0.0,,,0.39,,0.16,0.11,0.0,0.0,0,0.0,Millonarios,Colombia,MIL,COL_MIL,Defenders
I. Rojas,Once Caldas,Once Caldas,LDMF,28.0,650000,2026-12-31,43,3416,0,0.56,1,0.81,8.93,54.57,Colombia,Colombia,izquierdo,178,76,no,7.09,6.22,55.08,1.05,62.5,0.55,0.74,0.21,3.11,4.15,1.11,6,0.16,0,0.0,0.16,0.0,0,0.0,0.01,0,0.0,11,0.29,18.18,0.0,0.34,23.08,0.34,23.08,0.0,0.0,0.0,0.08,33.33,0.66,44.0,0.26,0.13,0.03,17.39,0.13,0.29,25.93,86.48,7.85,74.5,3.74,92.96,9.54,91.16,23.71,89.56,1.87,59.15,16.58,21.99,0.02,0.29,0.0,0.03,0.0,0.0,0.03,3.69,82.86,0.55,38.1,0.11,50.0,0.13,0.08,3.21,68.03,0,,0,,0,0.0,0.0,0.0,,,0.11,,0.0,0.0,0.0,0.0,0,0.0,Once Caldas,Colombia,ONC,COL_ONC,Defensive Midfield
B. Rovira,Tolima,Tolima,LCMF,28.0,0,,40,3400,5,1.13,5,2.54,10.27,55.15,Colombia,Colombia,derecho,177,75,no,7.17,4.82,65.38,2.04,51.95,0.24,0.35,0.19,3.79,5.57,0.93,6,0.16,2,0.05,0.79,0.13,5,0.13,0.03,1,0.03,38,1.01,39.47,13.158,0.37,35.71,0.19,14.29,0.19,57.14,0.03,0.26,80.0,1.72,44.62,0.29,0.61,0.08,35.6,0.21,0.5,48.79,90.4,14.08,81.2,7.04,96.99,20.38,92.34,43.99,92.6,4.45,73.21,18.49,35.77,0.07,0.74,0.03,0.0,0.05,100.0,0.13,7.23,85.71,0.9,41.18,0.16,50.0,0.26,0.19,6.01,81.94,0,,0,,0,0.0,0.0,0.0,,,0.61,,1.35,0.42,43.75,1.75,0,0.0,Tolima,Colombia,TOL,COL_TOL,Midfield
S. Vega,Millonarios,Millonarios,LDMF,27.0,800000,2026-12-31,40,3394,0,0.13,2,0.88,10.66,53.98,Colombia,Colombia,derecho,178,65,no,7.53,5.38,63.05,1.8,48.53,0.19,0.28,0.27,3.95,5.93,0.98,4,0.11,0,0.0,0.37,0.0,0,0.0,0.0,0,0.0,5,0.13,0.0,0.0,0.27,50.0,0.03,0.0,0.21,50.0,0.03,0.32,58.33,1.99,44.0,0.21,0.29,0.0,31.24,0.27,0.66,45.32,88.71,16.87,81.6,5.17,94.36,16.73,93.34,42.19,90.82,2.89,61.47,17.53,24.73,0.02,0.37,0.0,0.0,0.11,50.0,0.13,7.48,88.3,0.74,57.14,0.37,35.71,0.37,0.08,8.06,80.92,0,,0,,0,0.0,0.0,0.0,,,0.45,,0.03,0.0,0.0,0.0,0,0.0,Millonarios,Colombia,MIL,COL_MIL,Defensive Midfield
Y. Súarez,Junior,Junior,LB,28.0,550000,,38,3389,5,2.01,2,3.32,11.53,60.37,Colombia,Colombia,izquierdo,174,68,si,8.1,5.76,74.19,1.94,49.32,0.11,0.16,0.11,3.72,5.43,0.69,4,0.11,0,0.0,1.59,0.13,4,0.11,0.05,0,0.0,32,0.85,34.38,15.625,2.47,32.26,2.47,32.26,0.0,0.0,0.29,0.64,70.83,2.36,47.19,0.85,0.72,0.03,23.37,2.02,0.58,32.13,78.43,11.9,69.87,4.99,93.62,9.72,79.78,25.76,87.84,4.14,46.15,19.94,33.7,0.09,0.88,0.05,0.03,0.05,100.0,0.42,3.74,63.83,2.36,48.31,0.16,66.67,0.48,0.77,7.3,67.27,0,,0,,0,0.0,0.0,0.0,,,0.27,,0.56,0.19,42.86,0.66,1,100.0,Junior,Colombia,JNR,COL_JNR,Defenders
A. Rodríguez,Deportivo Cali,Deportivo Cali,GK,24.0,0,,34,3382,0,0.0,0,0.0,0.61,82.61,Colombia,Colombia,,0,0,no,0.88,0.13,80.0,0.27,90.0,0.03,0.04,0.0,0.75,1.11,0.0,4,0.11,0,0.0,0.0,0.0,0,0.0,0.0,0,0.0,0,0.0,0.0,0.0,0.0,0.0,0.0,0.0,0.0,0.0,0.0,0.0,0.0,0.16,66.67,0.0,0.0,0.0,6.2,0.29,0.19,10.3,80.1,6.01,69.91,0.0,0.0,3.91,94.56,5.77,97.7,4.52,57.65,34.59,50.62,0.0,0.0,0.0,0.0,0.0,0.0,0.0,1.38,51.92,0.03,0.0,0.0,0.0,0.0,0.0,3.22,74.38,37,0.98,139,3.7,12,73.38,37.51,1.0,0.51,0.014,0.0,1.2,,,,0.0,0,0.0,Deportivo Cali,Colombia,CAL,COL_CAL,Goalkeepers
P. Franco,Alianza,Alianza,LCB,34.0,275000,,34,3364,0,0.59,1,1.02,11.16,61.15,Colombia,Colombia,derecho,184,79,no,8.91,5.16,72.54,2.92,54.13,0.16,0.22,0.4,5.0,7.0,0.62,4,0.11,0,0.0,0.16,0.0,0,0.0,0.02,0,0.0,10,0.27,30.0,0.0,0.05,50.0,0.0,0.0,0.03,0.0,0.0,0.13,40.0,1.42,37.74,0.43,0.78,0.03,30.93,0.32,0.59,44.6,86.98,19.34,78.01,3.53,95.45,16.8,95.38,37.94,91.75,6.61,59.92,20.43,36.99,0.03,0.32,0.03,0.0,0.05,0.0,0.08,6.63,70.56,1.34,46.0,0.7,30.77,0.62,0.03,9.66,74.52,0,,0,,0,0.0,0.0,0.0,,,1.26,,0.05,0.03,0.0,0.0,0,0.0,Alianza,Colombia,ALV,COL_ALV,Defenders
A. Llinás,Millonarios,Millonarios,RCB,28.0,2200000,2026-12-31,36,3291,1,2.44,1,0.13,12.63,61.9,Colombia,"Colombia, Spain",derecho,188,73,no,7.6,5.66,71.5,3.61,56.82,0.36,0.55,0.33,3.2,4.94,0.79,9,0.25,0,0.0,0.41,0.03,1,0.03,0.07,1,0.03,14,0.38,35.71,7.143,0.08,33.33,0.03,0.0,0.05,50.0,0.0,0.27,90.0,1.2,54.55,0.6,0.96,0.0,20.13,0.25,0.44,32.68,89.37,14.38,83.46,1.8,92.42,12.91,94.92,29.34,92.45,3.25,63.03,19.73,30.6,0.0,0.16,0.0,0.0,0.0,0.0,0.05,3.83,83.57,0.19,71.43,0.08,66.67,0.16,0.03,6.34,72.84,0,,0,,0,0.0,0.0,0.0,,,1.07,,0.0,0.0,0.0,0.0,0,0.0,Millonarios,Colombia,MIL,COL_MIL,Defenders
D. Palacios,Envigado,Envigado,LCB,21.0,0,,34,3291,2,2.15,1,0.09,10.61,61.86,Colombia,Colombia,unknown,185,72,no,7.47,4.4,66.46,3.97,60.0,0.36,0.48,0.68,4.18,5.63,0.79,14,0.38,1,0.03,0.22,0.05,2,0.05,0.06,2,0.05,17,0.46,29.41,11.765,0.0,0.0,0.0,0.0,0.0,0.0,0.0,0.16,50.0,0.71,50.0,0.6,0.33,0.0,14.49,0.22,0.38,23.11,79.76,11.4,65.95,1.2,93.18,8.7,94.03,18.4,89.0,4.7,43.6,22.51,39.07,0.0,0.05,0.0,0.0,0.0,0.0,0.03,2.3,58.33,0.22,37.5,0.14,40.0,0.14,0.0,4.65,54.12,0,,0,,0,0.0,0.0,0.0,,,0.68,,0.0,0.0,0.0,0.0,0,0.0,Envigado,Colombia,ENV,COL_ENV,Defenders
M. Hinestroza,Atlético Nacional,Atlético Nacional,RAMF,23.0,0,2026-12-31,42,3271,4,4.91,8,5.52,18.08,44.75,Colombia,Colombia,izquierdo,172,73,no,4.43,3.8,63.77,0.66,25.0,0.19,0.32,0.08,1.82,3.03,0.69,4,0.11,0,0.0,4.02,0.11,4,0.11,0.14,0,0.0,53,1.46,24.53,7.547,2.83,28.16,0.03,0.0,2.81,28.43,0.39,5.42,51.27,11.67,39.86,2.89,2.97,0.5,21.38,2.48,1.82,26.94,79.16,5.04,71.58,7.29,93.21,8.34,74.26,23.36,85.87,1.02,48.65,16.36,20.22,0.15,1.51,0.11,0.06,0.14,60.0,0.83,2.04,77.03,3.14,56.14,0.17,50.0,1.43,0.94,3.91,80.99,0,,0,,0,0.0,0.0,0.0,,,0.14,,0.06,0.03,0.0,0.33,0,0.0,Atlético Nacional,Colombia,NAC,COL_NAC,Attacking Midfield
Á. Castro,Millonarios,Millonarios,LAMF,31.0,700000,2026-06-30,42,3234,3,2.9,5,4.52,18.23,43.21,Colombia,Colombia,izquierdo,170,62,no,5.93,6.54,58.72,1.11,22.5,0.03,0.04,0.03,2.06,2.98,1.14,12,0.33,0,0.0,3.53,0.08,3,0.08,0.08,1,0.03,40,1.11,32.5,7.5,3.73,32.09,3.01,29.63,0.72,42.31,0.47,3.98,48.25,8.85,36.48,2.34,3.09,0.7,31.09,2.25,0.97,38.93,76.98,9.35,66.96,8.63,94.19,12.58,73.45,32.7,83.49,2.81,56.44,17.27,32.11,0.13,1.5,0.08,0.06,0.11,50.0,0.56,4.17,66.67,3.9,46.43,0.39,35.71,1.11,1.31,6.51,74.79,0,,0,,0,0.0,0.0,0.0,,,0.08,,0.25,0.0,0.0,1.2,0,0.0,Millonarios,Colombia,MIL,COL_MIL,Attacking Midfield
J. Rios,Deportivo Pasto,Deportivo Pasto,LCB,27.0,0,,35,3222,1,2.34,0,0.63,10.75,63.64,Colombia,Colombia,izquierdo,184,75,no,9.36,4.92,74.43,2.82,55.45,0.31,0.39,0.67,5.39,6.83,0.78,7,0.2,1,0.03,0.61,0.03,1,0.03,0.07,1,0.03,19,0.53,36.84,5.263,0.64,39.13,0.64,39.13,0.0,0.0,0.14,0.25,55.56,1.68,53.33,0.47,1.03,0.11,22.65,0.59,0.75,34.58,84.41,16.93,77.72,2.18,88.46,11.62,92.55,28.66,91.03,5.42,53.61,20.92,37.42,0.02,0.2,0.03,0.0,0.03,100.0,0.03,4.69,67.86,0.61,54.55,0.25,44.44,0.17,0.28,7.74,71.84,0,,0,,0,0.0,0.0,0.0,,,0.87,,0.0,0.0,0.0,0.0,0,0.0,Deportivo Pasto,Colombia,PAS,COL_PAS,Defenders
L. Chaverra,Medellín,Medellín,RCB,28.0,450000,2026-06-30,35,3193,7,6.11,0,2.55,10.82,58.07,Colombia,Colombia,derecho,177,70,no,7.67,4.71,68.86,2.4,50.59,0.23,0.38,0.28,4.2,7.1,0.7,7,0.2,0,0.0,1.3,0.2,0,0.0,0.17,0,0.0,24,0.68,41.67,29.167,1.24,45.45,0.06,50.0,1.13,45.0,0.11,0.62,68.18,2.48,43.18,0.23,0.99,0.03,36.02,1.1,0.54,50.91,86.77,20.83,77.54,4.45,98.1,19.2,92.8,43.52,91.77,6.17,59.36,20.9,37.21,0.07,0.73,0.03,0.0,0.06,50.0,0.23,7.84,73.02,2.28,54.32,0.73,30.77,0.68,0.56,10.6,79.26,0,,0,,0,0.0,0.0,0.0,,,1.49,,0.34,0.0,0.0,0.73,7,100.0,Medellín,Colombia,MDL,COL_MDL,Defenders
Y. Velásquez,Santa Fe,Santa Fe,RCMF,26.0,0,,43,3184,4,1.79,0,0.98,16.22,47.21,Colombia,Colombia,derecho,184,76,no,8.79,7.72,58.24,1.92,45.59,0.57,0.84,0.23,3.73,5.57,2.06,12,0.34,1,0.03,0.73,0.11,4,0.11,0.05,0,0.0,20,0.57,30.0,20.0,0.65,39.13,0.17,33.33,0.45,37.5,0.0,0.51,50.0,4.44,33.12,1.1,0.59,0.03,23.97,0.37,0.59,35.93,82.3,12.61,74.22,4.66,90.3,12.55,86.26,32.79,85.0,2.52,58.43,16.56,26.83,0.03,0.45,0.0,0.0,0.17,33.33,0.14,6.59,74.68,1.53,51.85,0.28,50.0,0.68,0.23,6.3,81.17,0,,0,,0,0.0,0.0,0.0,,,0.17,,0.0,0.0,0.0,0.0,0,0.0,Santa Fe,Colombia,STF,COL_STF,Midfield
J. Pestaña,América de Cali,América de Cali,LCB,28.0,650000,2026-12-31,34,3183,2,1.52,0,0.09,11.25,58.04,Colombia,Colombia,derecho,186,81,si,6.79,4.47,68.99,3.11,46.36,0.11,0.18,0.71,3.59,5.64,1.02,11,0.31,0,0.0,0.17,0.06,2,0.06,0.04,1,0.03,12,0.34,25.0,16.667,0.08,33.33,0.06,50.0,0.03,0.0,0.0,0.08,66.67,1.13,42.5,0.45,0.51,0.06,25.84,0.79,0.51,37.46,89.96,14.9,82.54,2.69,92.63,15.83,95.71,33.62,92.43,3.76,69.17,20.67,36.69,0.0,0.08,0.0,0.03,0.0,0.0,0.0,3.48,78.05,0.34,50.0,0.11,75.0,0.11,0.03,6.05,71.5,0,,0,,0,0.0,0.0,0.0,,,1.78,,0.03,0.03,0.0,0.0,0,0.0,América de Cali,Colombia,AME,COL_AME,Defenders
J. Báez,Junior,Junior,RCB,35.0,400000,,32,3173,1,2.53,1,0.11,8.99,63.41,Paraguay,"Paraguay, Argentina",derecho,180,77,no,6.55,3.18,71.43,2.21,56.41,0.11,0.18,0.48,4.17,6.66,0.48,5,0.14,1,0.03,0.26,0.03,1,0.03,0.07,0,0.0,14,0.4,35.71,7.143,0.28,20.0,0.09,0.0,0.17,33.33,0.03,0.09,66.67,0.65,43.48,0.57,0.31,0.0,25.27,0.77,0.43,38.72,85.71,18.95,79.04,1.56,98.18,15.83,93.19,30.72,92.24,7.72,62.13,25.14,42.37,0.0,0.09,0.0,0.03,0.0,0.0,0.03,5.56,65.82,0.62,31.82,0.4,21.43,0.2,0.09,10.07,77.46,0,,0,,0,0.0,0.0,0.0,,,1.19,,0.06,0.06,0.0,0.0,1,0.0,Junior,Colombia,JNR,COL_JNR,Defenders
D. Ospina,Atlético Nacional,Atlético Nacional,GK,37.0,2000000,2026-06-30,32,3164,0,0.0,0,0.0,1.0,91.43,Colombia,"Colombia, France",derecho,183,80,no,1.56,0.14,80.0,0.46,100.0,0.03,0.05,0.0,1.42,2.33,0.0,4,0.11,0,0.0,0.03,0.0,0,0.0,0.0,0,0.0,0,0.0,0.0,0.0,0.0,0.0,0.0,0.0,0.0,0.0,0.0,0.03,100.0,0.37,92.31,0.0,0.0,0.0,15.3,0.37,0.31,23.35,90.74,11.75,84.02,0.03,100.0,11.21,97.97,17.49,98.86,5.83,66.83,29.02,46.04,0.0,0.0,0.0,0.0,0.0,0.0,0.0,1.31,43.48,0.11,25.0,0.09,33.33,0.03,0.0,4.15,73.29,23,0.65,96,2.73,13,76.04,23.19,0.66,0.19,0.005,0.03,1.39,,,,0.0,0,0.0,Atlético Nacional,Colombia,NAC,COL_NAC,Goalkeepers
J. Cuenú,Junior,Junior,CB,30.0,400000,,35,3159,1,1.38,0,0.03,9.32,60.86,Colombia,Colombia,derecho,192,86,no,7.64,3.59,71.43,3.68,58.14,0.11,0.17,0.66,4.96,7.22,0.8,12,0.34,0,0.0,0.11,0.03,1,0.03,0.04,1,0.03,15,0.43,20.0,6.667,0.11,25.0,0.06,50.0,0.06,0.0,0.0,0.06,0.0,0.6,33.33,0.68,0.09,0.03,18.95,0.46,0.37,30.2,82.74,12.91,70.64,1.34,93.62,13.93,93.25,25.58,89.2,4.53,47.17,23.73,41.53,0.0,0.06,0.0,0.0,0.0,0.0,0.06,2.68,54.26,0.4,21.43,0.2,14.29,0.09,0.03,5.84,62.44,0,,0,,0,0.0,0.0,0.0,,,0.97,,0.0,0.0,0.0,0.0,0,0.0,Junior,Colombia,JNR,COL_JNR,Defenders
J. Ríos,Deportivo Pereira,Deportivo Pereira,RDMF,33.0,500000,2026-12-31,35,3156,2,0.25,1,0.57,16.28,55.34,Colombia,Colombia,derecho,174,67,no,8.78,9.33,54.74,1.8,53.97,0.74,1.06,0.43,2.94,4.18,2.91,22,0.63,1,0.03,0.6,0.06,2,0.06,0.01,0,0.0,14,0.4,28.57,14.286,0.26,11.11,0.09,0.0,0.14,20.0,0.06,0.6,66.67,3.74,58.02,0.03,0.68,0.06,20.39,0.09,1.34,32.54,84.14,12.55,73.41,3.11,91.74,12.58,93.2,27.52,89.53,4.79,56.55,19.62,31.89,0.02,0.37,0.0,0.03,0.09,66.67,0.09,6.36,75.78,0.91,43.75,0.63,45.45,0.31,0.06,6.59,71.0,0,,0,,0,0.0,0.0,0.0,,,0.37,,0.0,0.0,0.0,0.0,0,0.0,Deportivo Pereira,Colombia,PER,COL_PER,Defensive Midfield
J. Palacios,Envigado,Envigado,RDMF,22.0,750000,,37,3155,0,0.3,0,0.23,10.5,50.54,Colombia,Colombia,derecho,180,82,no,6.53,4.36,58.82,1.4,51.02,0.17,0.23,0.37,3.79,5.01,1.0,11,0.31,0,0.0,0.6,0.0,0,0.0,0.01,0,0.0,13,0.37,7.69,0.0,0.14,40.0,0.03,0.0,0.11,50.0,0.0,0.86,60.0,3.19,43.75,0.17,0.66,0.0,18.03,0.11,0.51,28.81,84.55,11.27,73.67,2.68,94.68,10.5,92.93,24.5,90.34,4.16,52.05,20.62,36.62,0.01,0.29,0.0,0.0,0.03,0.0,0.0,5.25,75.0,0.86,53.33,0.51,27.78,0.34,0.03,5.45,70.68,0,,0,,0,0.0,0.0,0.0,,,0.31,,0.06,0.0,0.0,0.0,0,0.0,Envigado,Colombia,ENV,COL_ENV,Defensive Midfield
F. Chaverra,Medellín,Medellín,LWB,25.0,0,,42,3140,7,4.61,7,5.14,14.36,47.9,Colombia,Colombia,izquierdo,172,64,no,4.16,3.44,56.67,1.2,50.0,0.09,0.15,0.2,2.12,3.62,1.03,8,0.23,1,0.03,3.15,0.2,6,0.17,0.13,1,0.03,77,2.21,33.77,9.091,3.53,33.33,3.01,32.38,0.49,35.29,0.52,2.21,55.84,8.43,43.2,1.86,1.69,0.2,28.43,2.69,1.81,35.31,78.73,7.22,62.3,8.37,93.84,13.47,79.57,28.15,88.29,3.96,50.0,20.73,37.42,0.15,1.43,0.0,0.03,0.09,0.0,0.49,4.41,66.88,3.78,40.15,0.46,12.5,0.6,1.09,5.59,76.41,0,,0,,0,0.0,0.0,0.0,,,0.03,,0.97,0.34,50.0,2.41,1,100.0,Medellín,Colombia,MDL,COL_MDL,Defenders
J. Mena,Águilas Doradas,Águilas Doradas,LB,21.0,0,,37,3131,0,1.29,2,0.8,15.92,55.23,Colombia,Colombia,unknown,0,0,no,8.25,6.73,66.67,2.99,53.85,0.2,0.29,0.17,3.56,5.17,1.41,7,0.2,1,0.03,1.21,0.0,0,0.0,0.04,0,0.0,13,0.37,7.69,0.0,1.49,34.62,1.47,33.33,0.03,100.0,0.11,1.58,40.0,4.11,39.16,0.69,1.18,0.09,14.54,1.81,0.6,22.62,72.81,10.06,66.29,2.93,85.29,5.81,76.24,18.4,80.78,2.9,40.59,18.66,31.14,0.02,0.37,0.0,0.0,0.03,100.0,0.14,3.16,60.91,1.75,42.62,0.23,50.0,0.34,0.49,5.49,61.26,0,,0,,0,0.0,0.0,0.0,,,0.11,,0.0,0.0,0.0,0.0,0,0.0,Águilas Doradas,Colombia,AGD,COL_AGD,Defenders
J. Angulo,Llaneros,Llaneros,RCB,24.0,0,,31,3107,0,0.64,0,0.1,12.51,65.05,Colombia,Colombia,unknown,0,0,no,9.24,5.53,76.96,2.95,60.78,0.12,0.16,0.61,4.87,6.92,0.64,3,0.09,0,0.0,0.38,0.0,0,0.0,0.02,0,0.0,8,0.23,25.0,0.0,0.26,33.33,0.0,0.0,0.26,33.33,0.03,0.41,57.14,2.35,49.38,0.38,0.9,0.12,24.16,0.64,0.46,37.14,83.78,15.32,72.4,2.72,94.68,15.5,92.9,31.43,90.32,5.5,48.95,21.48,36.99,0.0,0.09,0.0,0.0,0.06,0.0,0.03,3.65,53.97,0.38,23.08,0.17,0.0,0.0,0.06,7.24,64.0,0,,0,,0,0.0,0.0,0.0,,,1.82,,0.0,0.0,0.0,0.0,0,0.0,Llaneros,Colombia,LNR,COL_LNR,Defenders
G. Celis,Junior,Junior,DMF,32.0,450000,2027-06-30,35,3106,2,1.1,1,0.44,15.73,54.88,Colombia,Colombia,derecho,178,73,no,8.35,7.62,60.84,1.62,35.71,0.09,0.14,0.32,3.62,5.72,2.06,12,0.35,0,0.0,0.52,0.06,2,0.06,0.03,1,0.03,6,0.17,33.33,33.333,0.23,25.0,0.14,20.0,0.09,33.33,0.0,0.67,60.87,3.48,50.83,0.49,0.49,0.12,25.27,0.32,1.85,36.68,91.63,10.17,86.32,5.39,96.24,15.39,95.1,34.63,93.64,1.83,61.9,17.54,28.23,0.01,0.2,0.0,0.0,0.0,0.0,0.03,3.94,87.5,0.52,61.11,0.12,50.0,0.38,0.06,4.11,73.24,0,,0,,0,0.0,0.0,0.0,,,0.61,,0.03,0.0,0.0,0.0,0,0.0,Junior,Colombia,JNR,COL_JNR,Defensive Midfield
G. Lencina,Tolima,Tolima,CF,27.0,700000,,39,3055,13,15.74,5,3.05,16.79,34.91,Argentina,Argentina,derecho,178,74,no,3.45,2.95,50.0,3.86,28.24,0.29,0.42,0.18,1.68,2.41,1.3,4,0.12,0,0.0,1.83,0.38,10,0.29,0.46,1,0.03,90,2.65,37.78,14.444,0.59,35.0,0.27,33.33,0.32,36.36,0.06,1.44,42.86,6.27,33.33,3.48,0.47,0.03,10.05,1.74,1.33,13.82,69.94,3.56,56.2,3.27,88.29,3.59,67.21,12.61,71.96,0.65,59.09,15.56,14.28,0.09,0.68,0.03,0.03,0.12,0.0,0.32,1.68,57.89,1.12,39.47,0.21,14.29,0.59,0.24,1.44,79.59,0,,0,,0,0.0,0.0,0.0,,,0.0,,0.0,0.0,0.0,0.0,5,60.0,Tolima,Colombia,TOL,COL_TOL,Forwards
C. Fiermarín,Tolima,Tolima,GK,27.0,1500000,2027-12-31,31,3043,0,0.0,0,0.0,0.47,93.75,Uruguay,Uruguay,derecho,189,72,no,1.69,0.06,100.0,0.33,100.0,0.0,0.0,0.0,1.63,2.24,0.06,6,0.18,0,0.0,0.0,0.0,0,0.0,0.0,0,0.0,0,0.0,0.0,0.0,0.0,0.0,0.0,0.0,0.0,0.0,0.0,0.0,0.0,0.09,66.67,0.0,0.0,0.0,11.42,0.27,0.09,19.64,82.68,12.16,75.91,0.0,0.0,7.04,94.12,11.09,96.53,8.49,65.16,33.64,46.48,0.0,0.0,0.0,0.0,0.0,0.0,0.0,2.01,57.35,0.09,33.33,0.12,75.0,0.03,0.0,6.77,71.62,22,0.65,104,3.08,14,78.85,24.65,0.73,2.65,0.078,0.0,1.36,,,,0.0,0,0.0,Tolima,Colombia,TOL,COL_TOL,Goalkeepers
F. Viáfara,Deportivo Cali,Deportivo Cali,RB,33.0,450000,,35,3024,0,0.9,2,2.5,15.18,50.98,Colombia,Colombia,derecho,167,65,no,9.55,7.77,64.75,1.55,51.92,0.36,0.52,0.18,4.17,6.06,1.01,4,0.12,0,0.0,2.53,0.0,0,0.0,0.03,0,0.0,29,0.86,27.59,0.0,3.42,38.26,0.03,0.0,3.39,38.6,0.36,2.14,44.44,4.49,34.44,0.89,1.16,0.18,22.59,1.19,0.42,33.66,78.16,14.43,76.08,4.43,93.96,9.67,73.54,25.65,87.59,4.88,53.05,20.13,34.18,0.07,0.51,0.0,0.0,0.06,50.0,0.27,4.4,73.65,2.95,46.46,0.15,20.0,0.33,1.28,8.96,74.42,0,,0,,0,0.0,0.0,0.0,,,0.54,,0.0,0.0,0.0,0.06,0,0.0,Deportivo Cali,Colombia,CAL,COL_CAL,Defenders
J. Cardona,Once Caldas,Once Caldas,RCB,26.0,350000,2026-06-30,36,3021,2,1.1,0,0.12,12.21,57.8,Colombia,Colombia,derecho,184,78,no,9.18,4.5,62.25,4.71,63.29,0.42,0.58,0.77,5.96,8.23,1.1,10,0.3,1,0.03,0.3,0.06,2,0.06,0.03,1,0.03,9,0.27,55.56,22.222,0.06,50.0,0.03,0.0,0.03,100.0,0.0,0.15,80.0,0.89,46.67,0.39,0.03,0.0,18.8,0.27,0.54,30.71,83.41,14.9,72.4,1.82,93.44,11.83,95.21,25.29,91.99,5.36,43.33,22.79,38.37,0.0,0.06,0.03,0.03,0.0,0.0,0.03,3.4,50.88,0.36,25.0,0.18,0.0,0.06,0.03,5.9,60.61,0,,0,,0,0.0,0.0,0.0,,,1.49,,0.0,0.0,0.0,0.0,0,0.0,Once Caldas,Colombia,ONC,COL_ONC,Defenders
E. Herrera,Junior,Junior,LB,27.0,750000,2026-12-31,37,3012,2,0.42,0,2.1,12.7,55.29,Colombia,Colombia,derecho,172,68,no,8.16,5.92,67.68,1.88,57.14,0.33,0.52,0.24,3.82,6.08,0.81,9,0.27,0,0.0,1.61,0.06,2,0.06,0.01,0,0.0,18,0.54,50.0,11.111,2.03,29.41,1.28,25.58,0.75,36.0,0.12,1.46,51.02,3.38,39.82,0.51,0.84,0.18,25.19,1.91,0.27,37.05,82.1,13.89,75.27,6.75,96.02,10.73,81.89,30.72,88.23,4.54,61.84,18.33,32.57,0.06,0.45,0.03,0.03,0.0,0.0,0.09,3.82,75.0,1.88,42.86,0.39,61.54,0.42,0.54,7.44,68.67,0,,0,,0,0.0,0.0,0.0,,,0.36,,0.15,0.03,0.0,0.21,0,0.0,Junior,Colombia,JNR,COL_JNR,Defenders
A. Correa,Deportivo Cali,Deportivo Cali,LB,31.0,400000,,33,2980,0,1.14,1,2.81,13.77,59.21,Colombia,Colombia,izquierdo,178,73,no,8.34,6.7,75.23,2.14,53.52,0.18,0.26,0.24,3.11,4.41,1.12,7,0.21,0,0.0,1.78,0.0,0,0.0,0.03,0,0.0,32,0.97,9.38,0.0,2.78,38.04,2.78,38.04,0.0,0.0,0.54,0.94,61.29,2.96,39.8,1.03,1.33,0.21,18.72,1.66,0.3,27.15,77.86,10.39,68.6,4.38,93.79,8.06,77.53,20.99,86.76,3.59,55.46,19.62,33.96,0.08,0.82,0.09,0.0,0.06,100.0,0.33,3.65,67.77,3.08,47.06,0.45,73.33,0.66,1.06,6.43,73.71,0,,0,,0,0.0,0.0,0.0,,,0.48,,0.06,0.0,0.0,0.12,0,0.0,Deportivo Cali,Colombia,CAL,COL_CAL,Defenders
S. Navarro,América de Cali,América de Cali,AMF,25.0,600000,,41,2972,1,2.68,3,4.09,13.05,48.72,Colombia,Colombia,derecho,187,74,si,5.09,4.3,61.97,2.27,40.0,0.24,0.39,0.18,2.18,3.53,1.03,4,0.12,1,0.03,1.27,0.03,1,0.03,0.08,0,0.0,51,1.54,21.57,1.961,0.79,34.62,0.36,33.33,0.42,35.71,0.09,1.3,46.51,4.81,40.25,1.76,0.91,0.09,26.38,0.94,1.15,35.4,87.51,9.9,79.51,6.87,93.39,12.63,89.21,31.62,90.9,3.0,65.66,17.75,29.67,0.12,1.03,0.03,0.09,0.12,50.0,0.39,5.81,80.21,1.7,46.43,0.3,20.0,0.82,0.36,5.51,80.77,0,,0,,0,0.0,0.0,0.0,,,0.24,,0.21,0.06,0.0,0.61,0,0.0,América de Cali,Colombia,AME,COL_AME,Attacking Midfield
O. Fernández,Santa Fe,Santa Fe,LAMF,32.0,1000000,2025-12-31,35,2969,3,3.5,7,5.14,9.88,45.09,Colombia,Colombia,izquierdo,165,72,no,3.7,2.94,63.92,0.76,8.0,0.18,0.27,0.06,1.64,2.39,0.36,4,0.12,0,0.0,2.33,0.09,3,0.09,0.11,0,0.0,35,1.06,28.57,8.571,2.33,38.96,1.36,33.33,0.91,46.67,0.15,2.15,47.89,4.91,42.59,2.09,2.33,0.76,24.19,1.79,0.88,31.59,82.82,7.76,73.83,7.46,95.93,9.43,78.14,27.07,88.47,2.24,59.46,16.99,30.95,0.16,1.82,0.06,0.0,0.15,60.0,0.61,3.09,74.51,3.18,53.33,0.39,30.77,1.39,1.0,5.55,80.33,0,,0,,0,0.0,0.0,0.0,,,0.03,,0.73,0.0,0.0,2.52,0,0.0,Santa Fe,Colombia,STF,COL_STF,Attacking Midfield
R. Pájaro,Fortaleza,Fortaleza,LDMF,23.0,550000,,34,2932,2,1.24,1,0.67,13.08,50.0,Colombia,Colombia,derecho,172,67,no,7.21,5.56,59.12,2.12,46.38,0.89,1.41,0.31,3.04,4.82,1.69,12,0.37,0,0.0,0.89,0.06,2,0.06,0.04,0,0.0,38,1.17,18.42,5.263,0.74,41.67,0.31,50.0,0.43,35.71,0.06,0.58,57.89,3.25,41.51,0.52,1.2,0.06,34.41,0.34,0.98,46.01,89.66,15.13,85.6,5.8,95.24,18.29,91.78,40.79,92.93,4.54,66.89,17.93,34.96,0.02,0.52,0.0,0.03,0.06,50.0,0.09,8.01,85.44,1.53,54.0,0.37,50.0,0.58,0.31,8.32,85.61,0,,0,,0,0.0,0.0,0.0,,,0.58,,0.0,0.0,0.0,0.0,0,0.0,Fortaleza,Colombia,FOZ,COL_FOZ,Defensive Midfield
C. Barrios,América de Cali,América de Cali,RW,27.0,1400000,,37,2927,4,8.01,5,3.13,18.14,44.58,Colombia,Colombia,derecho,166,65,no,5.04,4.27,68.35,1.45,19.15,0.09,0.15,0.09,2.03,3.2,0.55,3,0.09,1,0.03,2.64,0.12,3,0.09,0.25,0,0.0,50,1.54,34.0,8.0,0.98,34.38,0.12,25.0,0.83,37.04,0.09,3.38,50.91,11.07,39.72,2.95,1.45,0.4,20.05,2.24,1.94,26.07,82.43,7.41,73.03,5.69,92.97,7.26,82.63,23.52,86.41,1.57,52.94,17.07,25.09,0.1,1.05,0.03,0.03,0.25,25.0,0.37,3.32,72.22,2.71,59.09,0.77,36.0,1.94,0.34,3.87,88.89,0,,0,,0,0.0,0.0,0.0,,,0.0,,0.03,0.0,0.0,0.34,1,100.0,América de Cali,Colombia,AME,COL_AME,Wingers
A. Alarcón,Deportivo Pasto,Deportivo Pasto,CB,24.0,0,,31,2918,5,2.0,0,0.13,10.7,64.55,Colombia,Colombia,derecho,192,0,si,8.14,4.44,70.83,3.45,62.5,0.31,0.39,0.4,4.69,5.92,0.89,11,0.34,1,0.03,0.25,0.15,5,0.15,0.06,3,0.09,13,0.4,46.15,38.462,0.03,0.0,0.0,0.0,0.03,0.0,0.0,0.12,50.0,0.99,50.0,0.68,0.31,0.06,20.29,0.31,0.25,33.74,88.85,13.76,83.63,2.0,100.0,14.9,92.96,29.12,92.58,4.6,65.77,22.04,39.58,0.0,0.15,0.0,0.0,0.0,0.0,0.06,2.44,75.95,0.15,40.0,0.12,50.0,0.12,0.0,6.35,65.53,0,,0,,0,0.0,0.0,0.0,,,1.36,,0.0,0.0,0.0,0.0,0,0.0,Deportivo Pasto,Colombia,PAS,COL_PAS,Defenders
W. Pacheco,Deportivo Pereira,Deportivo Pereira,RB,30.0,800000,2027-06-30,34,2909,0,0.92,0,1.29,13.15,51.76,Colombia,Colombia,derecho,172,67,no,8.45,5.97,58.55,1.95,39.68,0.84,1.21,0.28,4.11,5.94,1.42,12,0.37,0,0.0,1.14,0.0,0,0.0,0.03,0,0.0,22,0.68,18.18,0.0,1.79,31.03,0.0,0.0,1.79,31.03,0.12,0.71,60.87,3.25,53.33,0.4,0.8,0.19,20.73,1.64,1.36,30.57,80.67,11.91,74.29,3.93,92.91,10.09,81.9,25.46,87.48,3.43,54.95,19.94,38.82,0.04,0.43,0.0,0.0,0.06,50.0,0.12,4.55,66.67,2.48,36.25,0.43,35.71,0.59,0.56,7.21,73.39,0,,0,,0,0.0,0.0,0.0,,,0.31,,0.03,0.0,0.0,0.12,0,0.0,Deportivo Pereira,Colombia,PER,COL_PER,Defenders
D. Rivera,Junior,Junior,LCB,26.0,600000,,32,2906,0,0.75,0,0.07,12.45,58.21,Colombia,Colombia,derecho,186,79,no,8.67,5.82,70.21,3.1,48.0,0.06,0.1,0.71,4.52,7.18,0.71,9,0.28,0,0.0,0.46,0.0,0,0.0,0.02,0,0.0,10,0.31,40.0,0.0,0.43,14.29,0.19,0.0,0.25,25.0,0.09,0.5,56.25,1.64,45.28,0.46,0.77,0.12,27.04,0.53,0.43,39.3,83.92,17.75,76.61,2.11,94.12,15.92,92.41,33.11,91.02,5.79,48.13,22.38,38.45,0.0,0.09,0.06,0.0,0.0,0.0,0.0,4.86,63.69,0.59,15.79,0.25,12.5,0.19,0.12,7.99,65.12,0,,0,,0,0.0,0.0,0.0,,,1.18,,0.0,0.0,0.0,0.0,0,0.0,Junior,Colombia,JNR,COL_JNR,Defenders
D. Hernández,Águilas Doradas,Águilas Doradas,LCB,25.0,0,,32,2902,0,1.16,0,0.24,12.1,66.67,Colombia,Colombia,derecho,190,82,no,9.33,5.18,78.44,3.6,68.97,0.4,0.57,0.65,4.87,6.84,0.74,6,0.19,0,0.0,0.34,0.0,0,0.0,0.04,0,0.0,14,0.43,28.57,0.0,0.09,0.0,0.06,0.0,0.03,0.0,0.03,0.31,70.0,1.46,46.81,0.56,0.28,0.0,20.22,0.68,0.28,33.56,84.75,16.41,76.75,1.89,93.44,12.75,94.89,28.72,89.74,4.75,56.21,23.1,39.96,0.01,0.09,0.0,0.0,0.03,0.0,0.03,4.31,61.87,0.5,18.75,0.19,0.0,0.16,0.0,7.35,67.93,0,,0,,0,0.0,0.0,0.0,,,1.12,,0.0,0.0,0.0,0.0,0,0.0,Águilas Doradas,Colombia,AGD,COL_AGD,Defenders
B. Perlaza,Medellín,Medellín,RCMF,33.0,500000,,39,2888,5,4.01,3,1.01,14.93,51.15,Colombia,Colombia,derecho,187,83,no,5.64,4.05,62.31,3.68,47.46,0.06,0.1,0.06,3.05,4.94,1.12,6,0.19,0,0.0,0.87,0.16,5,0.16,0.12,2,0.06,40,1.25,27.5,12.5,0.25,12.5,0.03,0.0,0.22,14.29,0.03,0.78,64.0,5.2,44.31,1.37,0.84,0.06,24.43,0.62,1.18,33.28,87.36,9.5,74.43,6.17,96.97,11.62,91.96,30.66,89.94,2.4,62.34,17.17,25.67,0.03,0.62,0.0,0.0,0.09,0.0,0.22,4.11,77.27,1.18,50.0,0.22,42.86,0.72,0.03,4.24,80.88,0,,0,,0,0.0,0.0,0.0,,,0.09,,0.0,0.0,0.0,0.0,0,0.0,Medellín,Colombia,MDL,COL_MDL,Midfield
S. Velásquez,Tolima,Tolima,LB,22.0,0,,36,2874,1,1.19,2,2.55,10.74,50.44,Colombia,Colombia,izquierdo,174,70,si,6.7,5.54,58.76,1.44,56.52,0.28,0.4,0.09,3.16,4.51,0.56,3,0.09,0,0.0,1.72,0.03,1,0.03,0.04,0,0.0,23,0.72,21.74,4.348,2.85,34.07,2.76,34.09,0.06,50.0,0.25,0.97,54.84,2.51,36.25,1.28,1.57,0.16,28.68,2.16,0.31,37.58,82.5,12.53,74.75,5.82,97.31,11.65,82.26,31.69,90.51,3.13,44.0,17.64,31.47,0.08,0.66,0.03,0.0,0.06,100.0,0.28,3.88,78.23,2.66,41.18,0.28,33.33,0.5,0.88,7.33,69.66,0,,0,,0,0.0,0.0,0.0,,,0.53,,0.03,0.03,0.0,0.09,0,0.0,Tolima,Colombia,TOL,COL_TOL,Defenders
Y. Quiñones,Deportivo Pereira,Deportivo Pereira,LAMF,22.0,350000,,37,2874,9,4.07,1,1.93,16.91,45.0,Colombia,Colombia,izquierdo,173,65,no,5.17,5.01,54.37,1.66,32.08,0.06,0.09,0.03,2.38,3.51,1.06,8,0.25,0,0.0,3.35,0.28,9,0.28,0.13,0,0.0,62,1.94,43.55,14.516,2.57,30.49,2.19,30.0,0.34,36.36,0.28,2.91,58.06,8.64,44.2,2.0,1.53,0.31,17.1,1.85,1.78,22.77,75.65,4.67,63.76,5.26,88.1,7.01,72.77,18.85,83.39,1.57,50.0,18.46,27.94,0.06,1.06,0.09,0.0,0.13,25.0,0.25,1.91,57.38,2.1,44.78,0.19,16.67,0.5,0.88,2.88,73.91,0,,0,,0,0.0,0.0,0.0,,,0.09,,0.59,0.22,42.86,1.25,0,0.0,Deportivo Pereira,Colombia,PER,COL_PER,Attacking Midfield
H. Martínez,Medellín,Medellín,DMF,27.0,700000,2027-06-30,40,2873,2,3.43,1,2.34,12.91,57.52,Colombia,Colombia,derecho,185,73,no,7.93,7.33,66.67,1.13,25.0,0.16,0.27,0.13,2.88,4.89,1.22,9,0.28,1,0.03,1.16,0.06,2,0.06,0.11,0,0.0,40,1.25,22.5,5.0,0.94,30.0,0.41,23.08,0.5,37.5,0.06,0.81,69.23,3.04,50.52,1.07,2.22,0.22,34.93,0.75,0.72,48.81,84.92,16.79,76.49,5.95,93.16,17.79,88.91,41.38,89.02,6.48,66.67,18.83,31.52,0.07,0.81,0.03,0.03,0.16,20.0,0.34,8.96,79.37,2.57,46.34,1.38,43.18,1.07,0.25,8.49,81.18,0,,0,,0,0.0,0.0,0.0,,,0.63,,0.09,0.0,0.0,0.44,0,0.0,Medellín,Colombia,MDL,COL_MDL,Defensive Midfield
V. Mejía,Deportivo Pereira,Deportivo Pereira,DMF,32.0,400000,,37,2842,0,0.22,0,0.34,15.8,55.31,Colombia,Colombia,derecho,184,70,no,8.77,7.89,65.06,1.68,41.51,0.03,0.05,0.25,3.61,5.65,1.2,9,0.29,0,0.0,0.67,0.0,0,0.0,0.01,0,0.0,8,0.25,12.5,0.0,0.38,8.33,0.03,0.0,0.35,9.09,0.06,0.79,68.0,4.59,47.59,0.29,1.33,0.06,28.88,0.29,0.89,42.37,87.74,13.21,79.62,6.14,96.39,17.01,91.99,39.43,90.12,2.57,62.96,18.17,29.63,0.01,0.57,0.03,0.03,0.1,66.67,0.16,6.27,79.8,1.01,43.75,0.22,42.86,0.32,0.06,6.27,75.25,0,,0,,0,0.0,0.0,0.0,,,1.01,,0.0,0.0,0.0,0.0,0,0.0,Deportivo Pereira,Colombia,PER,COL_PER,Defensive Midfield
D. Denis,Boyacá Chicó,Boyacá Chicó,GK,33.0,350000,,28,2832,0,0.0,0,0.0,0.48,86.67,Uruguay,Uruguay,derecho,186,72,no,1.11,0.13,75.0,0.19,100.0,0.0,0.0,0.0,1.02,1.51,0.03,7,0.22,0,0.0,0.03,0.0,0,0.0,0.0,0,0.0,0,0.0,0.0,0.0,0.0,0.0,0.0,0.0,0.0,0.0,0.0,0.03,100.0,0.13,75.0,0.0,0.0,0.0,4.96,0.29,0.1,10.11,82.08,6.55,74.76,0.0,0.0,3.02,95.79,5.47,96.51,4.64,65.07,34.57,49.2,0.0,0.0,0.0,0.0,0.0,0.0,0.0,1.3,58.54,0.06,0.0,0.0,0.0,0.0,0.0,3.62,76.32,43,1.37,118,3.75,8,63.56,38.72,1.23,-4.28,-0.136,0.0,0.86,,,,0.0,0,0.0,Boyacá Chicó,Colombia,BYC,COL_BYC,Goalkeepers
A. Román,Atlético Nacional,Atlético Nacional,RB,29.0,0,,32,2826,8,4.67,2,1.96,9.14,45.64,Colombia,Colombia,derecho,183,80,no,4.81,3.38,58.49,1.62,39.22,0.06,0.1,0.16,2.77,4.49,0.51,4,0.13,1,0.03,1.46,0.25,8,0.25,0.15,0,0.0,47,1.5,42.55,17.021,1.02,34.38,0.0,0.0,1.02,34.38,0.06,0.99,45.16,3.22,36.63,2.07,2.1,0.38,20.51,2.36,0.41,26.15,80.88,10.1,75.39,4.65,94.52,6.82,78.97,23.28,85.36,1.91,50.0,17.12,25.07,0.06,0.61,0.03,0.1,0.1,33.33,0.29,4.39,73.19,0.99,64.52,0.19,16.67,0.32,0.29,5.16,83.95,0,,0,,0,0.0,0.0,0.0,,,0.48,,0.0,0.0,0.0,0.0,0,0.0,Atlético Nacional,Colombia,NAC,COL_NAC,Defenders
E. Cardona,Atlético Nacional,Atlético Nacional,AMF,32.0,800000,,41,2798,11,6.81,11,10.58,13.54,43.94,Colombia,Colombia,derecho,185,88,no,3.44,3.02,59.57,0.93,34.48,0.19,0.32,0.1,1.45,2.36,0.74,11,0.35,0,0.0,3.44,0.35,6,0.19,0.22,0,0.0,98,3.15,42.86,11.224,2.06,32.81,0.9,35.71,1.09,29.41,0.32,2.35,46.58,7.94,38.46,0.71,1.93,0.16,36.25,1.54,1.35,44.39,80.58,16.28,71.54,6.92,93.02,15.02,84.58,35.13,86.63,7.33,64.47,21.19,37.66,0.34,2.77,0.26,0.03,0.45,71.43,1.0,10.39,78.64,5.37,56.29,1.58,48.98,2.25,0.68,9.97,87.1,0,,0,,0,0.0,0.0,0.0,,,0.35,,2.35,0.68,42.86,4.54,5,100.0,Atlético Nacional,Colombia,NAC,COL_NAC,Attacking Midfield
A. Sarmiento,Atlético Nacional,Atlético Nacional,LAMF,27.0,700000,,45,2787,9,7.1,6,2.04,18.37,40.6,Colombia,Colombia,derecho,176,60,no,5.2,5.26,57.06,1.1,47.06,0.1,0.16,0.1,2.1,3.43,1.32,3,0.1,0,0.0,2.2,0.29,9,0.29,0.23,0,0.0,64,2.07,34.38,14.063,1.07,36.36,0.84,30.77,0.19,66.67,0.06,2.65,40.24,9.85,30.82,2.29,2.23,0.48,18.47,1.16,1.45,22.35,82.23,5.52,71.35,5.62,90.8,6.2,85.42,20.22,85.78,1.16,61.11,16.34,20.15,0.07,0.81,0.03,0.0,0.13,25.0,0.39,2.71,75.0,1.78,56.36,0.29,44.44,0.84,0.29,2.65,82.93,0,,0,,0,0.0,0.0,0.0,,,0.03,,0.13,0.03,100.0,0.42,0,0.0,Atlético Nacional,Colombia,NAC,COL_NAC,Attacking Midfield
L. Sandoval,Medellín,Medellín,CF,26.0,600000,,41,2776,5,6.57,2,4.36,12.26,41.53,Colombia,Colombia,derecho,183,78,no,2.5,2.66,51.22,1.43,45.45,0.23,0.41,0.0,0.91,1.64,0.84,12,0.39,2,0.06,2.14,0.16,5,0.16,0.21,0,0.0,49,1.59,34.69,10.204,1.85,36.84,1.01,45.16,0.71,27.27,0.26,1.72,49.06,6.26,38.34,3.63,0.91,0.13,26.75,1.65,1.26,31.84,76.58,7.52,64.22,7.04,91.71,10.47,76.78,27.59,80.85,2.43,58.67,16.87,22.68,0.14,1.46,0.03,0.03,0.55,11.76,0.52,3.57,64.55,3.63,43.75,0.94,24.14,1.72,0.68,4.44,83.94,0,,0,,0,0.0,0.0,0.0,,,0.03,,0.06,0.03,0.0,0.39,0,0.0,Medellín,Colombia,MDL,COL_MDL,Forwards
J. Sarmiento,Unión Magdalena,Unión Magdalena,CF,25.0,0,,29,2774,8,5.02,2,3.63,11.03,46.76,Colombia,Colombia,izquierdo,179,70,no,3.18,2.95,69.23,1.04,31.25,0.13,0.17,0.03,1.01,1.36,0.36,2,0.06,0,0.0,2.98,0.26,7,0.23,0.16,0,0.0,55,1.78,38.18,14.545,2.27,41.43,1.3,35.0,0.97,50.0,0.23,2.27,57.14,5.55,39.77,1.56,2.17,0.42,26.93,2.08,0.45,35.23,79.93,8.7,72.76,8.05,93.95,11.29,79.31,30.37,85.15,2.73,53.57,17.42,33.31,0.12,1.78,0.03,0.0,0.16,40.0,0.52,5.42,71.86,3.34,49.51,0.65,25.0,0.91,0.91,5.52,85.29,0,,0,,0,0.0,0.0,0.0,,,0.1,,1.95,0.23,14.29,1.95,1,100.0,Unión Magdalena,Colombia,UMG,COL_UMG,Forwards
J. Hernández,Tolima,Tolima,LB,26.0,1200000,2026-12-30,36,2773,0,0.66,1,1.34,14.38,51.47,Colombia,Colombia,izquierdo,172,69,no,7.89,6.26,61.66,1.07,48.48,0.1,0.14,0.29,3.93,5.83,1.1,9,0.29,0,0.0,2.3,0.0,0,0.0,0.02,0,0.0,20,0.65,20.0,0.0,2.56,31.65,2.53,30.77,0.0,0.0,0.19,2.01,66.13,5.61,42.77,0.62,0.75,0.1,24.24,1.27,0.58,36.71,78.6,15.68,73.08,3.86,91.6,10.22,81.27,28.76,88.15,5.49,49.7,19.69,33.81,0.04,0.45,0.0,0.0,0.03,100.0,0.32,3.99,65.04,2.95,40.66,0.45,57.14,0.71,0.75,7.92,69.67,0,,0,,0,0.0,0.0,0.0,,,0.42,,0.1,0.03,100.0,0.1,0,0.0,Tolima,Colombia,TOL,COL_TOL,Defenders
D. Silva,Millonarios,Millonarios,AMF,38.0,350000,,36,2765,5,4.34,3,4.91,14.91,43.23,Colombia,Colombia,derecho,175,74,no,4.98,3.84,58.47,1.37,35.71,0.49,0.73,0.1,2.25,3.35,0.52,3,0.1,0,0.0,2.18,0.16,5,0.16,0.14,1,0.03,35,1.14,40.0,14.286,1.14,40.0,0.39,41.67,0.75,39.13,0.29,1.86,50.88,7.19,39.37,2.05,2.21,0.13,37.89,1.59,1.11,49.05,83.54,15.01,71.37,8.1,94.38,15.23,87.18,44.37,85.99,3.61,66.67,16.86,34.06,0.16,1.53,0.03,0.07,0.85,38.46,0.62,8.82,78.23,3.39,55.77,1.33,29.27,1.73,0.36,7.06,82.49,0,,0,,0,0.0,0.0,0.0,,,0.16,,0.65,0.0,0.0,0.94,0,0.0,Millonarios,Colombia,MIL,COL_MIL,Attacking Midfield
Jesus Rivas,Junior,Junior,LDMF,28.0,0,2026-12-31,34,2756,5,3.32,0,1.59,18.52,46.21,Colombia,Colombia,derecho,175,70,no,6.34,6.34,61.34,1.86,36.84,0.07,0.1,0.1,2.38,3.82,1.5,10,0.33,0,0.0,1.96,0.16,5,0.16,0.11,1,0.03,57,1.86,24.56,8.772,0.65,40.0,0.46,35.71,0.13,50.0,0.07,1.96,55.0,8.07,39.27,1.73,1.57,0.2,28.35,0.85,1.37,39.55,84.31,13.72,75.0,5.26,94.41,11.92,89.04,35.24,87.21,3.72,63.16,17.1,35.13,0.05,0.88,0.07,0.03,0.26,62.5,0.2,6.56,77.11,2.02,58.06,0.33,40.0,1.08,0.26,6.66,80.88,0,,0,,0,0.0,0.0,0.0,,,0.16,,0.16,0.07,0.0,0.49,0,0.0,Junior,Colombia,JNR,COL_JNR,Defensive Midfield
J. torres,Santa Fe,Santa Fe,RCMF,21.0,0,,41,2738,1,1.12,1,0.99,17.22,47.71,Colombia,Colombia,unknown,0,0,no,7.33,7.95,61.98,1.74,28.3,0.16,0.23,0.07,2.24,3.15,1.41,6,0.2,1,0.03,1.12,0.03,1,0.03,0.04,1,0.03,30,0.99,6.67,3.333,1.08,30.3,0.2,33.33,0.85,30.77,0.13,1.68,41.18,5.56,36.69,0.82,1.28,0.13,23.01,0.56,1.35,32.87,80.9,12.29,72.46,4.27,94.62,10.35,85.08,28.79,85.39,3.06,54.84,18.76,34.19,0.03,0.43,0.0,0.0,0.2,16.67,0.2,7.23,73.18,1.78,46.3,0.53,31.25,0.53,0.39,6.44,79.59,0,,0,,0,0.0,0.0,0.0,,,0.36,,0.0,0.0,0.0,0.1,0,0.0,Santa Fe,Colombia,STF,COL_STF,Midfield
J. Mena,Atlético Bucaramanga,Atlético Bucaramanga,RCB,36.0,150000,2025-12-31,30,2706,1,2.89,0,0.0,10.81,63.08,Colombia,Colombia,derecho,183,79,no,8.25,4.99,70.0,3.49,61.9,0.47,0.71,0.53,4.29,6.57,0.93,9,0.3,1,0.03,0.17,0.03,1,0.03,0.1,0,0.0,18,0.6,22.22,5.556,0.1,0.0,0.07,0.0,0.03,0.0,0.0,0.17,20.0,0.9,33.33,0.73,0.17,0.0,17.43,0.37,0.23,28.04,86.95,11.77,77.68,1.23,89.19,11.67,96.01,25.01,91.36,2.93,52.27,19.47,33.41,0.0,0.0,0.0,0.03,0.0,0.0,0.0,2.1,50.79,0.23,28.57,0.13,25.0,0.03,0.0,4.26,59.38,0,,0,,0,0.0,0.0,0.0,,,0.8,,0.0,0.0,0.0,0.0,0,0.0,Atlético Bucaramanga,Colombia,BUC,COL_BUC,Defenders
J. Zapata,Atlético Nacional,Atlético Nacional,RDMF,25.0,1500000,2026-06-30,37,2703,4,4.14,0,0.93,11.39,47.95,Colombia,Colombia,derecho,179,71,no,5.73,5.66,57.06,1.63,44.9,0.23,0.37,0.13,2.26,3.64,1.33,8,0.27,2,0.07,0.77,0.13,4,0.13,0.14,0,0.0,58,1.93,20.69,6.897,0.4,16.67,0.03,0.0,0.37,18.18,0.1,0.43,69.23,2.96,39.33,1.3,0.97,0.07,37.59,0.7,0.4,47.55,90.27,15.25,84.06,7.23,96.31,18.18,93.04,43.09,92.81,4.06,70.49,19.28,36.21,0.03,0.63,0.07,0.07,0.07,0.0,0.1,9.82,83.05,0.87,50.0,0.33,40.0,0.63,0.03,8.52,87.89,0,,0,,0,0.0,0.0,0.0,,,0.77,,0.03,0.03,0.0,0.1,0,0.0,Atlético Nacional,Colombia,NAC,COL_NAC,Defensive Midfield
K. Osorio,Deportivo Pereira,Deportivo Pereira,LDMF,31.0,450000,,32,2697,1,1.72,1,1.19,12.01,54.72,Colombia,Colombia,izquierdo,181,74,no,7.91,5.14,61.69,2.6,53.85,0.63,0.9,0.27,4.1,5.82,0.87,7,0.23,0,0.0,1.2,0.03,1,0.03,0.06,0,0.0,22,0.73,36.36,4.545,0.83,44.0,0.77,43.48,0.03,100.0,0.1,0.73,63.64,2.67,50.0,0.87,1.23,0.03,24.29,0.73,0.77,35.07,82.3,12.11,72.18,5.47,95.12,11.81,87.85,30.67,86.51,3.64,55.05,18.82,33.07,0.04,0.6,0.0,0.03,0.13,75.0,0.13,6.07,73.63,1.74,51.92,0.43,46.15,0.6,0.37,6.07,71.98,0,,0,,0,0.0,0.0,0.0,,,0.4,,0.37,0.07,50.0,0.27,0,0.0,Deportivo Pereira,Colombia,PER,COL_PER,Defensive Midfield
J. Enamorado,Junior,Junior,RAMF,26.0,2400000,2026-12-31,47,2687,4,3.19,7,4.49,20.83,40.35,Colombia,Colombia,derecho,170,59,no,5.23,5.86,56.57,0.9,22.22,0.0,0.0,0.1,1.91,3.14,1.27,9,0.3,1,0.03,4.32,0.13,4,0.13,0.11,1,0.03,39,1.31,33.33,10.256,3.85,37.39,0.94,46.43,2.88,34.88,0.4,4.89,44.52,12.29,36.24,2.81,3.32,0.8,19.83,1.94,1.84,26.03,74.65,6.56,71.94,5.93,90.96,8.24,64.63,20.93,83.2,1.44,48.84,17.15,21.36,0.15,1.17,0.1,0.0,0.44,61.54,0.67,2.38,70.42,3.99,48.74,0.44,38.46,1.34,1.54,4.56,81.62,0,,0,,0,0.0,0.0,0.0,,,0.0,,0.3,0.07,100.0,1.98,0,0.0,Junior,Colombia,JNR,COL_JNR,Attacking Midfield
D. Quintero,Deportivo Pereira,Deportivo Pereira,AMF,38.0,300000,2025-12-31,34,2683,7,7.55,6,4.99,18.11,37.59,Colombia,"Colombia, Mexico",derecho,166,59,no,2.99,2.99,62.92,2.05,27.87,0.34,0.5,0.03,0.77,1.14,0.5,4,0.13,0,0.0,3.15,0.23,7,0.23,0.25,1,0.03,54,1.81,38.89,12.963,0.87,30.77,0.27,50.0,0.6,22.22,0.13,4.49,43.28,11.04,35.26,2.18,2.72,0.37,23.41,1.95,1.21,30.26,72.84,12.41,67.03,4.13,88.62,9.29,75.09,26.77,75.44,2.62,60.26,18.73,28.15,0.17,1.88,0.1,0.03,0.7,33.33,0.67,6.47,68.91,3.86,52.17,1.04,41.94,1.98,0.3,5.9,82.95,0,,0,,0,0.0,0.0,0.0,,,0.03,,1.11,0.17,20.0,1.81,1,0.0,Deportivo Pereira,Colombia,PER,COL_PER,Attacking Midfield
F. Castro,Atlético Bucaramanga,Atlético Bucaramanga,RDMF,33.0,200000,2025-12-31,29,2679,3,1.99,1,0.38,12.87,55.61,Colombia,Colombia,derecho,183,74,no,7.89,6.35,68.25,2.02,38.33,0.57,0.91,0.17,2.99,4.74,1.38,4,0.13,1,0.03,0.5,0.1,3,0.1,0.07,2,0.07,26,0.87,15.38,11.538,0.17,20.0,0.1,0.0,0.07,50.0,0.03,0.37,63.64,2.79,45.78,0.6,0.57,0.0,29.6,0.24,0.74,38.84,88.49,13.94,80.48,4.47,95.49,14.58,93.32,36.05,90.68,2.65,62.03,17.51,32.81,0.01,0.3,0.0,0.07,0.17,60.0,0.07,5.74,82.46,0.81,50.0,0.3,55.56,0.34,0.03,6.45,85.42,0,,0,,0,0.0,0.0,0.0,,,0.2,,0.0,0.0,0.0,0.0,0,0.0,Atlético Bucaramanga,Colombia,BUC,COL_BUC,Defensive Midfield
J. Árevalo,Millonarios,Millonarios,RDMF,22.0,0,,29,2677,1,1.91,3,2.91,14.83,50.34,Colombia,Colombia,derecho,176,68,no,9.01,7.19,61.68,1.58,34.04,0.1,0.15,0.17,4.47,6.82,1.11,6,0.2,0,0.0,1.41,0.03,1,0.03,0.06,0,0.0,43,1.45,34.88,2.326,0.54,43.75,0.17,60.0,0.37,36.36,0.03,1.08,56.25,4.4,41.98,0.64,1.58,0.17,32.48,0.34,0.91,45.29,86.93,15.1,77.73,5.41,91.93,17.15,91.96,41.39,89.52,3.4,62.38,17.78,33.97,0.1,1.31,0.1,0.07,0.37,18.18,0.3,8.07,81.67,2.22,48.48,0.84,24.0,1.14,0.17,6.93,79.61,0,,0,,0,0.0,0.0,0.0,,,0.24,,0.57,0.24,28.57,0.74,0,0.0,Millonarios,Colombia,MIL,COL_MIL,Defensive Midfield
Y. Díaz,Fortaleza,Fortaleza,RCB,28.0,250000,,29,2674,1,1.17,0,0.2,9.63,63.29,Colombia,Colombia,derecho,178,70,no,8.11,4.78,72.54,2.42,54.17,0.27,0.42,0.61,4.38,6.9,0.5,4,0.13,1,0.03,0.44,0.03,1,0.03,0.04,0,0.0,14,0.47,21.43,7.143,0.3,55.56,0.17,40.0,0.13,75.0,0.07,0.2,83.33,1.31,61.54,0.61,1.58,0.0,32.31,0.4,0.4,47.05,86.77,22.45,78.86,3.2,95.79,16.53,93.48,38.57,93.28,8.21,57.38,22.22,42.8,0.01,0.13,0.0,0.0,0.0,0.0,0.03,8.01,72.27,0.77,30.43,0.54,12.5,0.27,0.13,10.84,77.64,0,,0,,0,0.0,0.0,0.0,,,1.88,,0.03,0.03,0.0,0.0,0,0.0,Fortaleza,Colombia,FOZ,COL_FOZ,Defenders
F. Salazar,Junior,Junior,RAMF,30.0,900000,2026-12-31,34,2673,0,1.94,2,6.52,15.05,42.51,Colombia,Colombia,derecho,178,76,no,4.21,3.64,53.7,1.25,32.43,0.54,0.84,0.0,1.72,2.67,0.64,3,0.1,0,0.0,3.6,0.0,0,0.0,0.07,0,0.0,59,1.99,35.59,0.0,4.24,35.71,0.24,42.86,3.94,35.9,0.27,2.05,63.93,8.11,42.32,1.52,2.19,0.3,32.15,2.69,1.89,38.59,75.65,11.58,65.99,6.97,91.3,12.79,75.26,29.9,84.91,4.98,50.68,18.63,34.31,0.22,2.05,0.13,0.0,0.13,50.0,0.47,5.89,59.43,4.75,45.39,0.71,47.62,1.25,1.25,6.97,83.57,0,,0,,0,0.0,0.0,0.0,,,0.1,,2.63,0.37,36.36,3.7,0,0.0,Junior,Colombia,JNR,COL_JNR,Attacking Midfield
J. Castro,Atlético Nacional,Atlético Nacional,RB,28.0,700000,,40,2663,5,2.16,2,1.57,12.84,49.74,Colombia,Colombia,derecho,176,72,no,6.42,5.0,56.08,3.24,53.13,0.2,0.34,0.2,3.41,5.75,1.35,10,0.34,0,0.0,1.35,0.17,5,0.17,0.07,1,0.03,26,0.88,50.0,19.231,2.03,20.0,0.07,0.0,1.96,20.69,0.27,0.91,48.15,3.18,39.36,1.42,0.57,0.07,24.13,1.93,0.61,32.44,81.35,11.52,75.66,6.02,93.82,9.19,81.62,28.36,88.32,2.23,46.97,20.0,26.34,0.05,0.34,0.03,0.07,0.07,100.0,0.17,4.26,77.78,1.83,38.89,0.24,57.14,0.57,0.37,6.32,74.33,0,,0,,0,0.0,0.0,0.0,,,0.61,,0.0,0.0,0.0,0.0,0,0.0,Atlético Nacional,Colombia,NAC,COL_NAC,Defenders
Y. Rosales,Alianza,Alianza,RB,24.0,150000,,31,2660,0,3.12,0,1.78,15.46,57.33,Colombia,Colombia,derecho,183,76,no,9.27,7.58,68.75,2.91,54.65,0.03,0.05,0.07,4.03,5.75,1.15,3,0.1,0,0.0,1.22,0.0,0,0.0,0.11,0,0.0,21,0.71,23.81,0.0,1.22,33.33,0.0,0.0,1.18,34.29,0.0,1.08,59.38,3.65,40.74,1.15,1.08,0.34,21.72,0.74,0.68,31.94,79.87,14.21,73.33,3.55,93.33,8.49,84.46,28.25,84.79,2.57,46.05,16.98,30.54,0.06,0.61,0.07,0.0,0.0,0.0,0.1,4.03,63.87,1.32,35.9,0.07,0.0,0.27,0.34,6.77,65.0,0,,0,,0,0.0,0.0,0.0,,,0.61,,0.0,0.0,0.0,0.0,0,0.0,Alianza,Colombia,ALV,COL_ALV,Defenders
M. Mina,América de Cali,América de Cali,LB,26.0,400000,,28,2629,0,0.84,3,1.97,13.04,50.39,Colombia,Colombia,izquierdo,177,72,no,6.81,4.83,68.79,2.16,31.75,0.14,0.22,0.17,3.35,5.27,0.86,8,0.27,0,0.0,1.34,0.0,0,0.0,0.03,0,0.0,17,0.58,17.65,0.0,2.05,30.0,2.05,30.0,0.0,0.0,0.21,1.13,54.55,4.59,37.31,1.2,1.47,0.41,23.83,2.19,0.92,34.06,80.6,12.77,74.8,6.09,96.07,8.76,76.17,29.2,87.1,3.01,50.0,17.54,33.36,0.07,0.55,0.0,0.0,0.03,0.0,0.31,3.46,70.3,1.88,45.45,0.27,37.5,0.51,0.51,6.47,69.84,0,,0,,0,0.0,0.0,0.0,,,0.62,,0.03,0.0,0.0,0.0,0,0.0,América de Cali,Colombia,AME,COL_AME,Defenders
J. Molina,Boyacá Chicó,Boyacá Chicó,CF,32.0,50000,,28,2625,8,11.71,3,1.2,20.06,29.23,Colombia,Colombia,derecho,183,78,no,2.16,1.68,53.06,7.85,30.57,0.14,0.2,0.24,1.13,1.68,1.1,7,0.24,1,0.03,1.13,0.27,5,0.17,0.4,2,0.07,59,2.02,38.98,13.559,0.24,14.29,0.03,0.0,0.21,16.67,0.0,0.69,45.0,7.71,22.22,2.67,0.34,0.0,5.14,1.2,1.41,8.57,83.2,0.96,60.71,3.36,93.88,1.85,74.07,8.23,85.83,0.1,33.33,13.34,1.36,0.04,0.48,0.0,0.0,0.0,0.0,0.21,0.51,60.0,0.31,33.33,0.0,0.0,0.41,0.03,0.48,50.0,0,,0,,0,0.0,0.0,0.0,,,0.0,,0.0,0.0,0.0,0.0,4,75.0,Boyacá Chicó,Colombia,BYC,COL_BYC,Forwards
W. Aguerre,Medellín,Medellín,GK,32.0,800000,,26,2615,0,0.0,0,0.0,0.76,72.73,Uruguay,Uruguay,derecho,188,85,no,1.38,0.14,75.0,0.31,88.89,0.03,0.06,0.0,1.24,2.14,0.03,8,0.28,0,0.0,0.0,0.0,0,0.0,0.0,0,0.0,0,0.0,0.0,0.0,0.0,0.0,0.0,0.0,0.0,0.0,0.0,0.03,0.0,0.24,57.14,0.0,0.0,0.0,5.85,0.17,0.21,12.42,83.38,8.4,76.23,0.0,0.0,3.68,98.13,7.4,98.14,4.99,62.07,36.51,51.91,0.0,0.0,0.0,0.0,0.0,0.0,0.0,1.86,57.41,0.07,0.0,0.1,0.0,0.0,0.0,3.58,80.77,20,0.69,90,3.1,12,77.78,18.24,0.63,-1.76,-0.061,0.0,0.89,,,,0.0,0,0.0,Medellín,Colombia,MDL,COL_MDL,Goalkeepers
E. López,Envigado,Envigado,LDMF,25.0,250000,,34,2603,3,1.86,1,0.85,14.04,47.04,Colombia,Colombia,derecho,178,74,no,8.37,8.13,51.49,1.07,38.71,0.28,0.36,0.48,3.91,5.12,1.73,13,0.45,0,0.0,0.8,0.1,3,0.1,0.06,0,0.0,26,0.9,26.92,11.538,0.48,28.57,0.14,50.0,0.35,20.0,0.03,0.73,52.38,3.46,43.0,0.76,1.24,0.17,25.0,0.41,0.73,36.75,85.04,12.03,72.99,4.43,93.75,14.21,92.46,32.19,88.94,4.11,60.5,19.04,32.88,0.03,0.69,0.0,0.0,0.07,50.0,0.17,5.43,70.7,1.04,30.0,0.45,23.08,0.45,0.1,5.6,67.9,0,,0,,0,0.0,0.0,0.0,,,0.24,,0.28,0.0,0.0,0.17,0,0.0,Envigado,Colombia,ENV,COL_ENV,Defensive Midfield
A. Estupiñán,Deportivo Cali,Deportivo Cali,CF,31.0,350000,,35,2599,10,10.33,1,2.34,22.89,42.66,Colombia,Colombia,derecho,175,75,no,5.33,5.02,50.34,4.09,34.75,0.21,0.33,0.14,2.6,4.08,2.15,11,0.38,1,0.03,2.7,0.35,6,0.21,0.36,3,0.1,48,1.66,52.08,20.833,1.52,29.55,0.9,34.62,0.62,22.22,0.21,2.7,51.28,10.56,43.93,2.39,1.9,0.42,18.39,2.18,3.43,24.62,78.76,5.47,65.82,6.2,87.71,6.96,78.61,22.37,82.66,0.8,60.87,15.7,19.54,0.08,0.73,0.03,0.0,0.03,0.0,0.35,2.22,78.13,2.01,36.21,0.14,25.0,0.59,0.42,2.87,77.11,0,,0,,0,0.0,0.0,0.0,,,0.03,,0.24,0.1,0.0,0.59,4,100.0,Deportivo Cali,Colombia,CAL,COL_CAL,Forwards
J. Pineda,Águilas Doradas,Águilas Doradas,RB,28.0,600000,,36,2599,1,1.48,3,1.88,15.1,55.5,Colombia,Colombia,derecho,180,70,no,8.0,6.82,61.42,2.6,68.0,0.52,0.77,0.07,3.29,4.87,1.45,9,0.31,1,0.03,2.18,0.03,1,0.03,0.05,1,0.03,44,1.52,22.73,2.273,2.18,44.44,0.24,42.86,1.9,43.64,0.17,1.28,62.16,4.29,43.55,0.55,0.83,0.17,27.7,1.07,0.69,40.38,83.28,14.72,76.94,6.75,93.33,14.06,87.44,31.17,89.67,7.1,66.83,21.72,36.44,0.06,0.87,0.07,0.0,0.1,66.67,0.35,8.38,74.38,2.74,63.29,0.38,54.55,0.9,0.93,9.11,83.65,0,,0,,0,0.0,0.0,0.0,,,0.55,,0.55,0.31,11.11,0.55,0,0.0,Águilas Doradas,Colombia,AGD,COL_AGD,Defenders
J. Zapata,Once Caldas,Once Caldas,RAMF,25.0,0,,44,2591,10,6.53,3,3.65,28.03,42.5,Colombia,Colombia,izquierdo,0,0,no,6.18,5.8,59.88,5.07,42.47,0.21,0.29,0.28,2.5,3.49,1.49,10,0.35,1,0.03,4.31,0.35,10,0.35,0.23,4,0.14,65,2.26,35.38,15.385,2.57,29.73,0.1,33.33,2.47,29.58,0.24,5.21,52.0,14.28,38.93,2.74,3.13,0.14,21.05,2.05,1.6,29.39,77.66,7.92,69.74,6.63,92.15,7.85,78.32,25.6,83.18,1.42,58.54,16.08,22.09,0.13,1.01,0.0,0.0,0.07,50.0,0.59,2.74,78.48,2.61,48.0,0.14,25.0,0.87,0.66,3.72,71.96,0,,0,,0,0.0,0.0,0.0,,,0.17,,0.03,0.0,0.0,0.07,0,0.0,Once Caldas,Colombia,ONC,COL_ONC,Attacking Midfield
R. Escobar,Envigado,Envigado,GK,34.0,50000,,26,2589,0,0.0,0,0.0,1.15,84.85,Paraguay,Paraguay,derecho,190,91,no,1.7,0.1,66.67,0.83,91.67,0.0,0.0,0.0,1.63,2.12,0.07,6,0.21,0,0.0,0.0,0.0,0,0.0,0.0,0,0.0,0,0.0,0.0,0.0,0.0,0.0,0.0,0.0,0.0,0.0,0.0,0.0,0.0,0.1,66.67,0.0,0.0,0.0,4.87,0.1,0.17,11.19,73.29,7.3,62.38,0.0,0.0,3.48,94.0,5.91,95.88,5.21,48.67,37.97,54.15,0.0,0.0,0.0,0.0,0.0,0.0,0.0,2.09,43.33,0.28,0.0,0.03,0.0,0.0,0.0,4.21,62.81,27,0.94,118,4.1,6,77.12,29.57,1.03,2.57,0.089,0.0,2.5,,,,0.0,0,0.0,Envigado,Colombia,ENV,COL_ENV,Goalkeepers
E. Perlaza,Santa Fe,Santa Fe,RB,36.0,250000,2025-12-31,38,2583,1,0.75,3,4.75,10.84,47.91,Colombia,Colombia,derecho,172,75,no,4.88,5.71,45.73,1.11,31.25,0.38,0.56,0.14,1.88,2.75,1.67,16,0.56,0,0.0,2.33,0.03,1,0.03,0.03,0,0.0,15,0.52,20.0,6.667,4.08,41.88,0.17,20.0,3.9,42.86,0.24,0.87,56.0,2.72,57.69,0.63,1.29,0.03,30.77,1.36,0.98,38.33,78.91,12.23,70.37,7.32,95.71,12.54,78.06,28.95,87.73,5.54,57.86,22.08,37.77,0.17,1.46,0.03,0.03,0.1,33.33,0.7,5.64,67.28,4.29,51.22,0.66,36.84,0.63,1.64,9.16,84.41,0,,0,,0,0.0,0.0,0.0,,,0.87,,0.8,0.03,0.0,1.88,0,0.0,Santa Fe,Colombia,STF,COL_STF,Defenders
D. Martínez,Deportivo Pasto,Deportivo Pasto,GK,35.0,250000,,26,2582,0,0.0,0,0.0,0.59,70.59,Colombia,Colombia,derecho,180,74,no,0.87,0.1,33.33,0.21,83.33,0.0,0.0,0.0,0.84,1.16,0.07,7,0.24,1,0.03,0.0,0.0,0,0.0,0.0,0,0.0,0,0.0,0.0,0.0,0.0,0.0,0.0,0.0,0.0,0.0,0.0,0.0,0.0,0.1,100.0,0.0,0.0,0.0,6.17,0.28,0.14,11.54,83.99,7.53,76.85,0.0,0.0,3.83,97.27,6.48,98.39,5.02,65.28,36.11,52.63,0.0,0.0,0.0,0.0,0.0,0.0,0.03,1.6,60.87,0.03,100.0,0.07,50.0,0.03,0.0,3.97,78.07,29,1.01,96,3.35,5,69.79,24.93,0.87,-4.07,-0.142,0.0,0.91,,,,0.0,0,0.0,Deportivo Pasto,Colombia,PAS,COL_PAS,Goalkeepers
J. Alvarado,Medellín,Medellín,DMF,26.0,0,2026-12-31,44,2579,0,0.25,1,0.91,11.52,56.67,Colombia,Colombia,derecho,180,76,no,5.48,4.61,56.82,2.3,65.15,0.31,0.52,0.1,2.55,4.25,0.87,8,0.28,0,0.0,0.73,0.0,0,0.0,0.01,0,0.0,4,0.14,50.0,0.0,0.59,35.29,0.28,37.5,0.24,42.86,0.0,0.7,60.0,2.86,52.44,0.17,0.63,0.0,36.4,0.1,0.84,50.08,87.25,17.73,80.31,5.86,95.83,19.82,89.79,42.44,91.04,7.12,69.12,18.94,33.62,0.03,0.56,0.03,0.0,0.1,33.33,0.14,11.48,81.16,2.65,52.63,0.84,54.17,1.19,0.31,10.78,84.47,0,,0,,0,0.0,0.0,0.0,,,0.35,,0.28,0.03,100.0,0.24,0,0.0,Medellín,Colombia,MDL,COL_MDL,Defensive Midfield
R. Carrascal,América de Cali,América de Cali,RCMF,32.0,500000,,28,2576,2,1.55,2,2.4,13.91,51.76,Colombia,Colombia,derecho,177,75,no,8.18,6.99,59.5,1.29,48.65,0.59,0.94,0.24,3.42,5.41,1.43,9,0.31,0,0.0,0.94,0.07,1,0.03,0.05,0,0.0,31,1.08,12.9,6.452,0.98,64.29,0.21,33.33,0.77,72.73,0.21,0.49,35.71,3.6,39.81,0.35,0.98,0.07,47.38,0.8,1.05,63.41,90.63,21.14,83.97,8.14,95.28,24.81,93.8,54.68,93.99,7.86,69.78,19.79,37.09,0.08,1.36,0.14,0.0,0.03,0.0,0.31,13.14,83.51,2.27,60.0,0.7,30.0,0.84,0.56,12.19,87.68,0,,0,,0,0.0,0.0,0.0,,,1.26,,0.98,0.31,11.11,1.36,1,100.0,América de Cali,Colombia,AME,COL_AME,Midfield
J. Castilla,La Equidad,La Equidad,LCMF,21.0,0,,41,2554,1,0.9,4,2.17,12.62,49.72,Colombia,"Colombia, United States",izquierdo,179,58,no,6.1,5.18,63.27,1.76,38.0,0.32,0.41,0.14,2.5,3.2,1.13,6,0.21,0,0.0,1.23,0.04,1,0.04,0.03,0,0.0,21,0.74,4.76,4.762,1.3,43.24,0.95,48.15,0.35,30.0,0.11,0.88,72.0,4.26,42.98,0.49,0.92,0.11,27.13,0.78,1.27,35.17,84.87,9.76,70.4,7.44,95.73,12.37,88.6,31.08,89.91,2.85,46.91,17.81,27.03,0.08,0.92,0.0,0.07,0.04,0.0,0.35,5.0,70.42,1.97,37.5,0.39,27.27,0.25,0.67,5.18,72.79,0,,0,,0,0.0,0.0,0.0,,,0.11,,0.35,0.04,0.0,0.99,0,0.0,La Equidad,Colombia,EQU,COL_EQU,Midfield
M. García,Once Caldas,Once Caldas,RDMF,27.0,700000,2027-06-30,31,2548,1,1.71,1,1.12,16.0,54.3,Colombia,Colombia,derecho,178,0,no,7.88,7.66,63.59,1.7,50.0,0.32,0.46,0.11,2.68,3.92,1.41,6,0.21,0,0.0,1.09,0.04,1,0.04,0.06,1,0.04,41,1.45,36.59,2.439,0.57,25.0,0.11,0.0,0.46,30.77,0.04,0.85,45.83,4.95,47.14,1.24,0.99,0.04,34.01,0.64,1.73,46.62,89.62,15.47,84.7,6.64,98.4,16.78,91.79,41.96,92.76,4.2,66.39,18.59,39.67,0.04,0.85,0.04,0.04,0.11,33.33,0.14,7.98,81.86,0.92,61.54,0.39,27.27,0.64,0.14,7.06,80.5,0,,0,,0,0.0,0.0,0.0,,,0.57,,0.0,0.0,0.0,0.0,0,0.0,Once Caldas,Colombia,ONC,COL_ONC,Defensive Midfield
J. Rodríguez,Águilas Doradas,Águilas Doradas,RCB,24.0,250000,,28,2538,0,1.72,0,0.66,9.47,60.3,Colombia,Colombia,derecho,185,75,no,7.7,3.55,72.0,3.72,60.0,0.25,0.35,0.78,4.89,6.92,0.74,4,0.14,1,0.04,0.35,0.0,0,0.0,0.06,0,0.0,17,0.6,41.18,0.0,0.0,0.0,0.0,0.0,0.0,0.0,0.0,0.11,66.67,0.64,16.67,0.71,0.18,0.0,19.08,0.39,0.18,29.65,78.95,14.86,67.78,1.52,93.02,11.95,89.91,21.52,88.96,8.12,52.4,27.62,43.67,0.02,0.14,0.0,0.0,0.07,50.0,0.04,4.86,54.74,0.5,42.86,0.28,37.5,0.28,0.0,7.7,68.66,0,,0,,0,0.0,0.0,0.0,,,1.21,,0.0,0.0,0.0,0.0,0,0.0,Águilas Doradas,Colombia,AGD,COL_AGD,Defenders
W. Cuesta,Tolima,Tolima,GK,32.0,150000,,26,2529,0,0.0,0,0.25,0.89,84.0,Colombia,Colombia,derecho,195,87,no,1.57,0.11,33.33,0.53,93.33,0.04,0.05,0.0,1.49,2.21,0.04,4,0.14,0,0.0,0.0,0.0,0,0.0,0.0,0,0.0,0,0.0,0.0,0.0,0.0,0.0,0.0,0.0,0.0,0.0,0.0,0.0,0.0,0.11,66.67,0.0,0.0,0.0,7.69,0.14,0.21,15.02,85.07,9.93,78.85,0.0,0.0,4.48,97.62,10.78,95.71,4.23,57.98,30.63,47.58,0.01,0.04,0.0,0.0,0.0,0.0,0.04,0.96,51.85,0.07,50.0,0.07,50.0,0.04,0.0,4.2,67.8,25,0.89,92,3.27,11,72.83,25.36,0.9,0.36,0.013,0.0,1.96,,,,0.0,0,0.0,Tolima,Colombia,TOL,COL_TOL,Goalkeepers
J. Chaverra,Alianza,Alianza,GK,32.0,200000,,26,2516,0,0.0,0,0.0,0.97,88.89,Colombia,Colombia,derecho,185,75,no,0.93,0.14,75.0,0.64,88.89,0.0,0.0,0.0,0.82,1.19,0.04,0,0.0,0,0.0,0.0,0.0,0,0.0,0.0,0,0.0,0,0.0,0.0,0.0,0.0,0.0,0.0,0.0,0.0,0.0,0.0,0.0,0.0,0.04,100.0,0.0,0.0,0.0,8.01,0.11,0.14,14.27,87.97,8.66,82.23,0.0,0.0,4.86,97.06,9.41,98.48,4.83,68.15,31.31,44.96,0.0,0.0,0.04,0.0,0.0,0.0,0.0,0.72,65.0,0.04,100.0,0.0,0.0,0.04,0.0,3.79,73.58,30,1.07,100,3.58,10,70.0,21.22,0.76,-8.78,-0.314,0.0,1.5,,,,0.0,0,0.0,Alianza,Colombia,ALV,COL_ALV,Goalkeepers
E. Mena,Medellín,Medellín,RB,27.0,450000,2026-12-31,32,2516,1,1.66,4,4.04,14.24,50.5,Colombia,Colombia,derecho,178,63,no,5.15,4.54,67.72,2.5,44.29,0.07,0.11,0.04,2.0,3.18,0.64,2,0.07,0,0.0,3.33,0.04,1,0.04,0.06,0,0.0,26,0.93,34.62,3.846,3.86,38.89,0.43,41.67,3.43,38.54,0.43,2.4,62.69,5.79,41.36,2.07,1.97,0.61,23.93,2.47,0.5,32.19,80.0,8.16,74.12,6.62,94.59,10.59,77.7,26.43,87.28,2.0,62.5,17.99,22.56,0.14,1.43,0.0,0.0,0.04,0.0,0.86,2.93,75.61,3.68,50.49,0.07,0.0,0.97,1.4,5.97,76.65,0,,0,,0,0.0,0.0,0.0,,,0.36,,0.0,0.0,0.0,0.04,0,0.0,Medellín,Colombia,MDL,COL_MDL,Defenders
A. Zapata,Santa Fe,Santa Fe,AMF,30.0,550000,,40,2514,4,2.48,3,3.94,17.58,40.94,Colombia,Colombia,izquierdo,176,72,no,4.62,3.94,58.18,2.47,44.93,0.18,0.26,0.11,2.15,3.14,0.89,4,0.14,0,0.0,2.51,0.14,4,0.14,0.09,1,0.04,53,1.9,37.74,7.547,1.68,40.43,1.11,48.39,0.5,21.43,0.21,2.26,47.62,9.27,31.27,1.97,2.08,0.11,21.8,1.43,0.89,29.53,81.21,7.12,71.86,5.94,92.77,9.88,83.7,26.1,84.77,1.75,67.35,17.97,23.02,0.14,1.29,0.07,0.0,0.18,20.0,0.32,4.47,83.2,2.04,50.88,0.5,42.86,0.72,0.72,4.47,72.0,0,,0,,0,0.0,0.0,0.0,,,0.11,,0.89,0.25,42.86,1.86,0,0.0,Santa Fe,Colombia,STF,COL_STF,Attacking Midfield
E. López,Santa Fe,Santa Fe,CF,30.0,500000,,40,2514,1,1.87,3,1.57,16.65,43.23,Colombia,Colombia,derecho,179,77,no,6.09,4.3,62.5,3.83,44.86,0.04,0.06,0.18,3.37,5.21,0.5,8,0.29,0,0.0,1.9,0.04,1,0.04,0.07,0,0.0,25,0.89,40.0,4.0,2.11,27.12,1.07,30.0,1.04,24.14,0.11,2.36,40.91,6.8,32.11,1.79,2.15,0.25,15.75,2.22,0.93,23.16,75.43,5.91,68.48,5.01,90.0,7.27,72.91,20.16,82.24,1.18,39.39,17.67,21.09,0.06,0.79,0.0,0.04,0.04,0.0,0.29,1.9,67.92,1.83,43.14,0.18,0.0,0.61,0.61,3.4,66.32,0,,0,,0,0.0,0.0,0.0,,,0.18,,0.04,0.0,0.0,0.07,0,0.0,Santa Fe,Colombia,STF,COL_STF,Forwards
K. Londoño,Boyacá Chicó,Boyacá Chicó,LCMF,25.0,0,,32,2501,0,2.35,0,0.57,9.28,49.22,Colombia,Colombia,derecho,180,71,no,6.44,4.03,51.79,1.84,54.9,0.14,0.2,0.32,4.21,5.91,0.94,7,0.25,0,0.0,0.54,0.0,0,0.0,0.08,0,0.0,26,0.94,11.54,0.0,0.68,15.79,0.22,16.67,0.47,15.38,0.07,0.47,69.23,2.48,44.93,0.58,0.4,0.0,28.5,0.22,0.65,40.38,84.85,14.07,77.49,4.25,95.76,15.51,88.63,35.05,89.22,4.68,61.54,19.06,33.97,0.02,0.65,0.04,0.0,0.04,0.0,0.18,8.67,78.01,1.04,44.83,0.25,85.71,0.5,0.14,7.31,82.27,0,,0,,0,0.0,0.0,0.0,,,0.47,,0.0,0.0,0.0,0.14,0,0.0,Boyacá Chicó,Colombia,BYC,COL_BYC,Midfield
J. Riquett,Once Caldas,Once Caldas,LCB,35.0,200000,2025-12-31,29,2498,0,0.17,0,0.0,10.02,60.07,Colombia,Colombia,izquierdo,188,80,no,8.29,5.04,66.43,2.67,51.35,0.32,0.46,0.43,4.61,6.51,0.86,10,0.36,1,0.04,0.07,0.0,0,0.0,0.01,0,0.0,1,0.04,100.0,0.0,0.0,0.0,0.0,0.0,0.0,0.0,0.0,0.07,50.0,0.94,53.85,0.25,0.07,0.0,16.86,0.04,0.68,27.89,85.66,11.31,74.52,2.49,97.1,11.53,93.75,22.95,93.56,4.94,48.91,22.05,37.7,0.0,0.0,0.04,0.0,0.0,0.0,0.0,3.64,63.37,0.07,0.0,0.14,50.0,0.0,0.0,4.83,66.42,0,,0,,0,0.0,0.0,0.0,,,2.16,,0.0,0.0,0.0,0.0,0,0.0,Once Caldas,Colombia,ONC,COL_ONC,Defenders
J. Ortiz,Medellín,Medellín,CB,26.0,1000000,2026-12-31,27,2487,2,1.81,0,0.3,10.28,62.32,Colombia,Colombia,derecho,179,70,no,8.25,4.52,78.4,2.79,48.05,0.18,0.29,0.8,4.52,7.27,0.51,6,0.22,0,0.0,0.07,0.07,2,0.07,0.07,0,0.0,7,0.25,28.57,28.571,0.07,0.0,0.04,0.0,0.04,0.0,0.04,0.0,0.0,0.83,30.43,0.25,0.51,0.0,23.67,0.29,0.22,36.48,89.98,17.04,83.01,1.27,91.43,14.11,96.67,31.16,95.12,5.25,60.69,21.13,39.38,0.01,0.18,0.0,0.04,0.0,0.0,0.11,3.94,79.82,0.33,44.44,0.33,33.33,0.22,0.04,7.24,77.0,0,,0,,0,0.0,0.0,0.0,,,0.72,,0.04,0.04,0.0,0.0,0,0.0,Medellín,Colombia,MDL,COL_MDL,Defenders
J. Arias,Atlético Nacional,Atlético Nacional,RCB,21.0,0,,29,2486,0,1.26,0,0.01,11.3,57.69,Colombia,Colombia,derecho,184,80,no,8.36,5.1,72.34,2.32,45.31,0.83,1.4,0.29,3.84,6.46,0.51,7,0.25,2,0.07,0.36,0.0,0,0.0,0.05,0,0.0,9,0.33,33.33,0.0,0.04,0.0,0.0,0.0,0.04,0.0,0.0,0.54,46.67,1.74,33.33,0.58,0.54,0.11,31.46,0.69,0.4,45.0,92.52,18.75,87.26,3.29,94.51,19.4,97.95,42.72,94.49,2.24,56.45,19.99,28.05,0.0,0.04,0.0,0.0,0.04,0.0,0.0,2.93,82.72,0.07,50.0,0.04,0.0,0.04,0.0,7.39,75.0,0,,0,,0,0.0,0.0,0.0,,,2.79,,0.0,0.0,0.0,0.0,0,0.0,Atlético Nacional,Colombia,NAC,COL_NAC,Defenders
A. Gutiérrez,Atlético Bucaramanga,Atlético Bucaramanga,RB,27.0,450000,,29,2484,0,0.22,1,1.32,14.24,50.89,Colombia,Colombia,derecho,175,70,no,9.75,7.97,61.36,1.78,48.98,0.76,1.13,0.25,4.09,6.06,1.96,8,0.29,0,0.0,1.81,0.0,0,0.0,0.01,0,0.0,7,0.25,14.29,0.0,2.9,41.25,0.04,0.0,2.83,42.31,0.4,0.87,66.67,2.64,35.62,0.69,0.91,0.04,28.55,1.85,0.43,38.33,76.94,16.23,68.08,3.26,93.33,13.12,83.15,29.75,84.9,5.91,53.37,21.13,37.6,0.05,0.65,0.04,0.0,0.04,0.0,0.22,6.34,68.0,3.41,44.68,0.47,23.08,0.58,1.01,9.06,74.0,0,,0,,0,0.0,0.0,0.0,,,0.18,,0.0,0.0,0.0,0.0,0,0.0,Atlético Bucaramanga,Colombia,BUC,COL_BUC,Defenders
B. Urueña,Llaneros,Llaneros,LW,32.0,300000,,30,2478,2,1.5,5,3.94,12.53,40.58,Colombia,Colombia,derecho,175,77,no,3.09,2.4,54.55,0.8,18.18,0.18,0.26,0.04,1.6,2.32,0.33,2,0.07,0,0.0,2.98,0.07,2,0.07,0.05,0,0.0,20,0.73,40.0,10.0,4.07,32.14,2.25,35.48,1.67,26.09,0.58,2.62,50.0,7.95,40.64,0.76,2.22,0.29,32.51,2.87,1.53,41.69,76.74,12.97,68.35,6.36,93.14,15.65,75.41,30.4,86.5,7.3,60.7,21.05,36.66,0.14,1.85,0.0,0.0,0.29,25.0,0.47,8.43,68.1,5.92,39.26,1.42,33.33,1.31,1.38,9.95,86.13,0,,0,,0,0.0,0.0,0.0,,,0.25,,1.71,0.18,40.0,3.2,1,0.0,Llaneros,Colombia,LNR,COL_LNR,Wingers
J. Barrera,Medellín,Medellín,CF,30.0,700000,,30,2475,2,2.84,5,3.64,16.18,43.37,Colombia,Colombia,izquierdo,172,75,no,3.75,3.31,57.14,0.76,28.57,0.76,1.19,0.04,1.09,1.7,0.87,7,0.25,1,0.04,2.91,0.07,2,0.07,0.1,1,0.04,56,2.04,28.57,3.571,2.18,30.0,0.84,26.09,1.35,32.43,0.15,3.05,48.81,10.33,41.9,1.64,1.45,0.04,36.4,1.67,1.89,46.33,80.46,16.47,73.95,6.47,91.57,14.11,81.96,36.11,86.3,8.22,66.81,19.1,37.34,0.13,2.04,0.15,0.04,0.4,45.45,0.58,10.62,71.58,4.73,45.38,1.78,34.69,1.64,0.87,9.89,86.4,0,,0,,0,0.0,0.0,0.0,,,0.25,,2.11,0.25,42.86,2.55,0,0.0,Medellín,Colombia,MDL,COL_MDL,Forwards
I. Scarpeta,Santa Fe,Santa Fe,LCB,29.0,400000,,38,2470,2,2.96,1,0.62,10.75,63.73,Colombia,Colombia,derecho,180,76,no,7.98,4.41,77.69,3.9,57.01,0.22,0.32,0.66,4.34,6.43,0.77,5,0.18,1,0.04,0.58,0.07,2,0.07,0.11,2,0.07,19,0.69,36.84,10.526,0.29,75.0,0.07,100.0,0.22,66.67,0.0,0.18,60.0,0.77,61.9,0.87,0.55,0.0,22.15,0.36,0.36,36.73,84.42,17.96,75.25,1.35,97.3,14.94,94.63,29.51,91.6,6.96,54.45,23.35,32.29,0.02,0.33,0.07,0.0,0.04,0.0,0.11,5.76,65.19,0.84,39.13,0.22,66.67,0.29,0.18,7.69,71.56,0,,0,,0,0.0,0.0,0.0,,,0.69,,0.0,0.0,0.0,0.0,0,0.0,Santa Fe,Colombia,STF,COL_STF,Defenders
A. García,Once Caldas,Once Caldas,AMF,24.0,600000,2025-12-31,36,2468,1,2.05,1,2.33,16.52,48.12,Colombia,Colombia,derecho,180,68,no,4.81,4.89,58.96,2.3,36.51,0.26,0.35,0.04,1.68,2.28,1.2,4,0.15,0,0.0,1.75,0.04,1,0.04,0.07,0,0.0,31,1.13,29.03,3.226,0.98,37.04,0.51,35.71,0.47,38.46,0.07,1.68,60.87,7.33,46.77,1.68,2.3,0.26,28.15,0.95,1.68,37.16,85.08,10.94,74.0,6.53,92.74,12.62,90.46,34.1,87.91,2.15,61.02,18.12,30.04,0.09,1.46,0.0,0.0,0.18,20.0,0.26,5.62,75.32,2.08,52.63,0.47,23.08,0.84,0.29,5.25,83.33,0,,0,,0,0.0,0.0,0.0,,,0.15,,1.06,0.04,0.0,2.15,0,0.0,Once Caldas,Colombia,ONC,COL_ONC,Attacking Midfield
C. Bacca,Junior,Junior,CF,38.0,400000,,37,2454,10,9.66,3,1.6,6.56,39.11,Colombia,Colombia,derecho,181,77,no,1.69,0.92,60.0,2.05,48.21,0.04,0.06,0.04,1.1,1.69,0.29,3,0.11,0,0.0,1.21,0.37,7,0.26,0.35,4,0.15,46,1.69,47.83,21.739,0.26,42.86,0.18,60.0,0.07,0.0,0.04,0.81,27.27,2.42,28.79,2.27,0.29,0.0,8.55,0.77,0.18,11.0,75.67,2.13,50.0,2.97,91.36,3.85,72.38,10.38,77.03,0.37,60.0,15.96,8.85,0.06,0.62,0.0,0.0,0.26,28.57,0.37,1.06,55.17,1.25,52.94,0.22,33.33,0.81,0.11,1.06,75.86,0,,0,,0,0.0,0.0,0.0,,,0.0,,0.04,0.04,100.0,0.0,4,75.0,Junior,Colombia,JNR,COL_JNR,Forwards
K. Perez,Tolima,Tolima,LAMF,28.0,650000,,42,2453,3,4.8,3,4.5,24.25,43.57,Colombia,Colombia,derecho,170,69,no,6.38,6.42,65.71,2.79,36.84,0.22,0.32,0.07,1.94,2.81,0.99,9,0.33,1,0.04,3.56,0.11,3,0.11,0.18,0,0.0,45,1.65,35.56,6.667,1.76,43.75,1.32,47.22,0.37,30.0,0.22,4.59,47.2,13.21,33.89,2.38,2.38,0.29,25.32,1.5,1.17,33.97,82.07,7.85,67.76,8.48,90.48,10.49,83.22,30.31,85.71,1.94,58.49,16.09,23.88,0.16,1.5,0.11,0.04,0.26,14.29,0.66,2.94,80.0,3.01,58.54,0.44,41.67,1.28,0.81,4.37,73.95,0,,0,,0,0.0,0.0,0.0,,,0.15,,0.11,0.07,0.0,0.59,1,0.0,Tolima,Colombia,TOL,COL_TOL,Attacking Midfield
S. Aguilar,Deportivo Pereira,Deportivo Pereira,RCB,27.0,0,,27,2451,1,0.47,1,0.2,10.98,62.88,Colombia,Colombia,,0,0,no,7.64,4.7,74.22,3.38,63.04,0.29,0.43,0.51,3.86,5.6,0.66,3,0.11,0,0.0,0.4,0.04,1,0.04,0.02,1,0.04,6,0.22,33.33,16.667,0.51,42.86,0.11,66.67,0.37,40.0,0.07,0.18,60.0,0.99,37.04,0.62,0.59,0.07,18.18,0.4,0.22,29.82,80.91,14.43,70.48,1.58,97.67,11.09,90.4,24.01,88.69,5.32,48.97,23.5,44.55,0.01,0.15,0.0,0.0,0.0,0.0,0.11,5.25,65.03,0.92,24.0,0.84,39.13,0.15,0.22,7.09,71.5,0,,0,,0,0.0,0.0,0.0,,,1.14,,0.04,0.0,0.0,0.0,0,0.0,Deportivo Pereira,Colombia,PER,COL_PER,Defenders
B. Léon,Medellín,Medellín,CF,24.0,0,,32,2447,9,12.39,3,1.79,19.97,35.91,Colombia,Colombia,derecho,175,68,no,3.24,4.01,50.46,3.75,25.49,0.07,0.13,0.04,1.14,2.08,2.06,18,0.66,2,0.07,3.09,0.33,9,0.33,0.46,1,0.04,86,3.16,39.53,10.465,0.92,44.0,0.37,40.0,0.51,42.86,0.0,2.32,57.14,8.2,34.53,3.9,1.18,0.18,12.69,2.32,1.29,15.7,70.49,2.8,59.21,3.49,84.21,5.08,66.67,13.9,73.28,0.96,57.69,14.95,13.91,0.07,0.88,0.11,0.0,0.18,60.0,0.37,1.18,68.75,2.13,50.0,0.44,41.67,1.14,0.33,1.69,82.61,0,,0,,0,0.0,0.0,0.0,,,0.0,,0.0,0.0,0.0,0.0,0,0.0,Medellín,Colombia,MDL,COL_MDL,Forwards
I. Alba,Atlético Bucaramanga,Atlético Bucaramanga,RB,30.0,400000,,28,2438,4,1.69,2,3.18,9.04,47.76,Colombia,Colombia,derecho,175,0,no,7.16,4.28,62.93,1.03,28.57,0.26,0.34,0.11,4.21,5.48,0.78,4,0.15,0,0.0,2.51,0.15,4,0.15,0.06,0,0.0,37,1.37,32.43,10.811,3.8,40.78,0.0,0.0,3.77,41.18,0.22,1.07,44.83,2.4,35.38,0.52,1.33,0.11,24.47,2.33,0.33,31.89,69.68,13.36,60.5,3.69,91.0,10.04,72.43,21.34,80.28,6.9,52.41,23.14,39.35,0.12,1.33,0.04,0.0,0.15,25.0,0.44,6.42,55.75,4.25,43.48,1.07,17.24,0.37,1.66,9.52,77.13,0,,0,,0,0.0,0.0,0.0,,,0.04,,1.03,0.18,20.0,0.85,0,0.0,Atlético Bucaramanga,Colombia,BUC,COL_BUC,Defenders
F. Meza,Llaneros,Llaneros,LCB,34.0,300000,,25,2423,1,1.34,1,1.36,9.14,64.23,Colombia,Colombia,derecho,184,79,no,7.99,3.94,77.36,3.08,51.81,0.97,1.37,0.63,3.97,5.62,0.71,2,0.07,0,0.0,0.22,0.04,1,0.04,0.05,0,0.0,6,0.22,50.0,16.667,0.07,100.0,0.04,100.0,0.04,100.0,0.0,0.04,100.0,0.3,37.5,0.67,1.11,0.0,23.03,0.33,0.45,36.18,86.86,15.45,78.85,2.53,91.18,14.52,94.63,31.28,91.69,4.83,55.38,20.55,34.26,0.05,0.3,0.0,0.0,0.0,0.0,0.19,3.27,75.0,0.26,57.14,0.07,100.0,0.37,0.07,6.65,59.22,0,,0,,0,0.0,0.0,0.0,,,1.82,,0.04,0.0,0.0,0.0,0,0.0,Llaneros,Colombia,LNR,COL_LNR,Defenders
D. Ruiz,Millonarios,Millonarios,RAMF,24.0,2000000,2027-06-30,38,2418,4,5.67,4,4.73,16.15,45.39,Colombia,Colombia,izquierdo,171,69,no,5.84,4.69,58.73,0.63,23.53,0.52,0.81,0.0,2.57,4.01,0.19,6,0.22,0,0.0,3.91,0.15,3,0.11,0.21,0,0.0,75,2.79,36.0,5.333,2.72,35.62,1.53,41.46,1.19,28.13,0.22,3.98,43.93,9.71,41.0,1.6,1.94,0.19,34.88,1.56,1.27,42.25,78.33,12.92,67.44,7.26,90.26,14.48,80.98,33.91,84.41,5.77,61.29,19.0,33.96,0.18,1.9,0.0,0.04,0.63,29.41,0.6,8.49,72.81,4.69,50.79,1.49,27.5,1.6,1.04,8.3,81.61,0,,0,,0,0.0,0.0,0.0,,,0.0,,1.53,0.33,33.33,2.94,2,50.0,Millonarios,Colombia,MIL,COL_MIL,Attacking Midfield
D. Mosquera,Unión Magdalena,Unión Magdalena,LB,33.0,450000,,31,2413,0,0.73,0,0.62,14.96,61.35,Colombia,Colombia,izquierdo,178,72,no,11.56,7.46,69.5,2.76,51.35,1.16,1.54,0.37,5.22,6.97,1.34,6,0.22,0,0.0,1.42,0.0,0,0.0,0.03,0,0.0,10,0.37,20.0,0.0,1.27,44.12,1.27,44.12,0.0,0.0,0.15,1.01,74.07,2.83,61.84,0.56,0.67,0.04,19.77,1.23,0.67,30.81,78.45,13.13,70.17,4.7,91.27,8.58,83.48,25.77,85.96,3.88,37.5,20.02,33.84,0.02,0.22,0.0,0.0,0.04,100.0,0.11,3.66,67.35,1.45,43.59,0.37,30.0,0.22,0.56,7.65,60.49,0,,0,,0,0.0,0.0,0.0,,,0.41,,0.0,0.0,0.0,0.0,0,0.0,Unión Magdalena,Colombia,UMG,COL_UMG,Defenders
Y. Candelo,América de Cali,América de Cali,RB,33.0,600000,2026-06-30,29,2378,0,1.62,3,4.19,12.22,51.7,Colombia,Colombia,derecho,173,70,no,7.04,5.53,73.29,1.44,36.84,0.0,0.0,0.15,2.99,4.64,0.49,3,0.11,0,0.0,2.69,0.0,0,0.0,0.06,0,0.0,21,0.79,9.52,0.0,5.11,36.3,0.0,0.0,5.11,36.3,0.61,1.48,48.72,3.9,31.07,1.32,0.68,0.08,29.26,3.94,0.38,39.78,74.22,14.38,67.11,6.93,93.99,11.92,72.7,29.71,83.44,5.3,56.43,21.11,36.19,0.16,1.78,0.04,0.04,0.11,33.33,0.72,5.56,63.27,5.22,43.48,0.76,55.0,0.91,1.63,8.89,77.45,0,,0,,0,0.0,0.0,0.0,,,0.61,,0.87,0.04,0.0,1.36,0,0.0,América de Cali,Colombia,AME,COL_AME,Defenders
J. Balanta,Fortaleza,Fortaleza,LCB,27.0,150000,,27,2377,1,0.24,0,0.04,10.37,56.93,Colombia,Colombia,derecho,0,0,no,6.32,3.48,67.39,2.57,51.47,0.08,0.11,0.57,3.9,5.89,0.87,7,0.27,1,0.04,0.45,0.04,1,0.04,0.01,1,0.04,2,0.08,50.0,50.0,0.0,0.0,0.0,0.0,0.0,0.0,0.0,0.53,78.57,2.61,56.52,0.19,1.02,0.08,21.09,0.27,1.21,32.83,91.7,11.78,85.85,2.65,92.86,14.58,96.62,30.71,93.83,2.12,60.71,19.61,27.24,0.0,0.08,0.0,0.0,0.0,0.0,0.0,2.95,76.92,0.11,33.33,0.08,0.0,0.08,0.0,5.04,70.68,0,,0,,0,0.0,0.0,0.0,,,1.89,,0.0,0.0,0.0,0.0,0,0.0,Fortaleza,Colombia,FOZ,COL_FOZ,Defenders
M. Rangel,Llaneros,Llaneros,CF,34.0,200000,,38,2376,7,6.31,2,0.96,16.82,30.86,Colombia,Colombia,derecho,188,77,no,1.97,1.17,51.61,6.59,34.48,0.11,0.17,0.11,1.25,1.88,0.68,2,0.08,0,0.0,1.1,0.27,7,0.27,0.24,2,0.08,44,1.67,34.09,15.909,0.19,40.0,0.08,100.0,0.11,0.0,0.0,0.72,42.11,6.1,26.09,2.61,0.04,0.0,9.43,1.4,0.57,14.85,73.98,2.92,59.74,4.32,84.21,4.51,72.27,13.86,75.68,0.8,52.38,16.19,16.77,0.04,0.57,0.0,0.04,0.23,66.67,0.15,1.97,55.77,0.72,42.11,0.23,66.67,0.49,0.08,1.36,66.67,0,,0,,0,0.0,0.0,0.0,,,0.04,,0.0,0.0,0.0,0.04,0,0.0,Llaneros,Colombia,LNR,COL_LNR,Forwards
F. Hinestroza,Atlético Bucaramanga,Atlético Bucaramanga,LB,35.0,400000,2025-12-31,28,2363,0,0.35,2,0.8,12.3,54.49,Colombia,Colombia,izquierdo,178,76,no,6.63,4.65,62.3,1.87,63.27,0.84,1.33,0.0,2.89,4.61,0.88,10,0.38,0,0.0,1.1,0.0,0,0.0,0.01,0,0.0,18,0.69,16.67,0.0,2.29,13.33,2.21,12.07,0.04,0.0,0.15,1.07,64.29,4.38,47.83,0.3,1.26,0.15,29.4,1.87,0.91,40.56,82.07,15.39,77.23,6.25,92.68,12.34,79.63,34.93,89.31,3.62,50.53,18.49,32.38,0.03,0.53,0.0,0.0,0.0,0.0,0.15,5.33,72.14,2.13,30.36,0.23,66.67,0.3,0.34,8.0,75.24,0,,0,,0,0.0,0.0,0.0,,,0.72,,0.11,0.08,50.0,0.0,0,0.0,Atlético Bucaramanga,Colombia,BUC,COL_BUC,Defenders
S. Mosquera,Millonarios,Millonarios,RCB,31.0,400000,,27,2348,0,0.5,0,0.13,8.74,59.65,Colombia,Colombia,derecho,185,77,no,6.63,3.37,70.45,2.07,57.41,0.15,0.23,0.38,4.1,6.03,0.73,10,0.38,2,0.08,0.27,0.0,0,0.0,0.02,0,0.0,14,0.54,14.29,0.0,0.19,40.0,0.0,0.0,0.19,40.0,0.0,0.23,50.0,1.19,41.94,0.23,0.27,0.04,20.32,0.23,0.27,32.54,84.22,16.44,76.46,1.42,97.3,12.53,92.97,27.37,91.32,4.98,46.92,22.82,42.72,0.01,0.08,0.0,0.0,0.0,0.0,0.04,4.37,63.16,0.38,30.0,0.19,60.0,0.11,0.08,7.86,69.27,0,,0,,0,0.0,0.0,0.0,,,1.11,,0.11,0.11,0.0,0.0,0,0.0,Millonarios,Colombia,MIL,COL_MIL,Defenders
O. Albornoz,Deportivo Pereira,Deportivo Pereira,LB,29.0,350000,,36,2341,4,1.93,1,2.69,12.46,52.78,Colombia,Colombia,izquierdo,183,79,no,4.88,4.04,66.67,1.38,44.44,0.12,0.17,0.0,2.08,3.13,0.42,5,0.19,0,0.0,2.96,0.15,4,0.15,0.07,0,0.0,31,1.19,35.48,12.903,3.27,23.53,2.84,24.32,0.42,18.18,0.35,2.81,60.27,5.96,49.68,1.46,2.0,0.23,22.49,1.46,0.81,30.41,76.74,9.96,69.88,4.77,92.74,10.26,75.28,24.3,87.82,3.04,41.77,18.42,26.68,0.1,1.0,0.04,0.04,0.08,100.0,0.31,3.46,71.11,3.04,37.97,0.31,75.0,0.65,0.73,5.54,78.47,0,,0,,0,0.0,0.0,0.0,,,0.04,,0.5,0.08,0.0,1.27,0,0.0,Deportivo Pereira,Colombia,PER,COL_PER,Defenders
F. Jaramillo,Deportivo Pasto,Deportivo Pasto,RCMF,29.0,350000,,29,2326,0,0.34,0,0.4,11.92,55.52,Colombia,Colombia,derecho,185,80,no,8.13,6.54,59.76,1.47,42.11,0.27,0.33,0.39,3.95,4.79,1.74,10,0.39,1,0.04,0.46,0.0,0,0.0,0.01,0,0.0,16,0.62,25.0,0.0,0.19,0.0,0.04,0.0,0.15,0.0,0.08,0.31,75.0,2.05,58.49,0.12,0.77,0.0,26.54,0.15,1.01,36.84,85.82,11.72,71.62,5.38,96.4,14.16,91.8,33.01,89.57,3.64,56.38,19.09,35.55,0.02,0.31,0.0,0.0,0.19,40.0,0.04,6.0,69.03,0.54,14.29,0.46,50.0,0.08,0.04,5.92,74.51,0,,0,,0,0.0,0.0,0.0,,,0.35,,0.04,0.0,0.0,0.0,0,0.0,Deportivo Pasto,Colombia,PAS,COL_PAS,Midfield
C. Cándido,Atlético Nacional,Atlético Nacional,LB,30.0,0,,26,2318,0,0.67,2,1.93,11.61,45.48,Uruguay,"Uruguay, Italy",izquierdo,174,65,si,8.54,6.21,55.63,1.4,38.89,0.35,0.64,0.08,4.74,8.65,0.5,4,0.16,1,0.04,1.94,0.0,0,0.0,0.03,0,0.0,11,0.43,18.18,0.0,3.14,38.27,3.03,38.46,0.08,0.0,0.31,0.97,48.0,2.87,28.38,1.16,0.39,0.04,27.1,1.94,0.16,37.47,80.0,11.42,70.41,6.95,96.09,12.31,79.5,29.35,87.96,5.13,60.61,19.46,32.35,0.07,0.93,0.04,0.08,0.23,83.33,0.39,5.47,64.54,3.81,47.96,0.7,55.56,0.89,1.01,7.57,80.51,0,,0,,0,0.0,0.0,0.0,,,0.82,,0.5,0.04,0.0,0.23,0,0.0,Atlético Nacional,Colombia,NAC,COL_NAC,Defenders
B. Castrillón,Junior,Junior,LAMF,26.0,0,,43,2314,7,4.66,7,5.39,12.33,44.79,Colombia,Colombia,derecho,173,67,no,3.66,3.07,64.56,0.74,31.58,0.16,0.25,0.08,1.52,2.46,0.47,4,0.16,1,0.04,3.19,0.27,7,0.27,0.18,1,0.04,55,2.14,38.18,12.727,2.84,27.4,2.1,33.33,0.74,10.53,0.39,3.69,40.0,7.31,40.96,3.34,2.29,0.39,23.73,1.63,1.13,29.13,78.5,7.7,71.21,5.91,94.74,9.14,77.02,24.89,86.09,1.59,48.78,17.11,20.32,0.21,1.52,0.0,0.08,0.19,60.0,0.58,3.07,77.22,2.88,43.24,0.31,25.0,1.09,0.78,4.67,80.0,0,,0,,0,0.0,0.0,0.0,,,0.08,,0.7,0.04,100.0,1.71,0,0.0,Junior,Colombia,JNR,COL_JNR,Attacking Midfield
J. Gamboa,Envigado,Envigado,RCB,24.0,0,,23,2308,0,0.97,0,0.16,9.44,61.57,Colombia,Colombia,,0,0,no,8.27,3.74,70.83,4.09,55.24,0.0,0.0,0.78,5.62,7.87,0.58,8,0.31,0,0.0,0.16,0.0,0,0.0,0.04,0,0.0,8,0.31,37.5,0.0,0.0,0.0,0.0,0.0,0.0,0.0,0.0,0.08,50.0,0.43,36.36,0.62,0.39,0.0,16.65,0.16,0.16,27.45,78.69,14.12,65.47,1.13,100.0,9.94,93.73,21.25,88.99,6.2,43.4,25.53,42.62,0.01,0.08,0.0,0.0,0.0,0.0,0.04,3.55,54.95,0.51,15.38,0.35,44.44,0.19,0.0,6.08,60.9,0,,0,,0,0.0,0.0,0.0,,,0.74,,0.0,0.0,0.0,0.0,0,0.0,Envigado,Colombia,ENV,COL_ENV,Defenders
M. García,Medellín,Medellín,RWB,26.0,900000,,37,2307,4,4.92,2,3.19,15.72,42.18,Colombia,Colombia,derecho,180,66,no,4.56,3.86,59.6,3.67,39.36,0.0,0.0,0.12,2.26,3.9,0.94,4,0.16,0,0.0,2.03,0.16,4,0.16,0.19,1,0.04,33,1.29,30.3,12.121,2.34,33.33,0.16,25.0,2.15,32.73,0.27,1.95,42.0,5.89,37.09,3.75,1.17,0.0,19.39,3.04,0.9,24.93,75.59,5.7,56.16,6.91,90.96,6.98,80.45,20.91,82.65,1.76,44.44,17.48,20.3,0.12,1.13,0.12,0.04,0.12,33.33,0.55,2.03,59.62,1.99,49.02,0.23,33.33,0.98,0.74,3.59,73.91,0,,0,,0,0.0,0.0,0.0,,,0.08,,0.04,0.04,0.0,0.04,0,0.0,Medellín,Colombia,MDL,COL_MDL,Defenders
B. Garcés,Envigado,Envigado,CF,32.0,400000,,38,2302,4,4.85,2,0.81,10.79,34.42,Colombia,Colombia,derecho,174,70,no,2.11,2.54,56.92,1.95,20.0,0.0,0.0,0.04,0.66,0.89,1.02,3,0.12,1,0.04,0.74,0.16,4,0.16,0.19,0,0.0,40,1.56,25.0,10.0,0.51,15.38,0.31,12.5,0.2,20.0,0.04,0.94,29.17,4.5,28.7,2.23,0.59,0.12,7.86,1.56,0.82,10.79,78.26,2.42,67.74,3.44,95.45,2.42,72.58,9.77,81.6,0.55,71.43,16.21,10.77,0.03,0.23,0.0,0.0,0.16,0.0,0.12,1.25,68.75,0.7,44.44,0.16,0.0,0.51,0.08,1.17,73.33,0,,0,,0,0.0,0.0,0.0,,,0.16,,0.12,0.04,0.0,0.04,1,0.0,Envigado,Colombia,ENV,COL_ENV,Forwards
J. González,Tolima,Tolima,RAMF,24.0,1200000,,41,2301,5,5.02,2,1.89,18.38,41.91,Colombia,Colombia,derecho,172,67,si,6.3,4.97,66.14,1.45,29.73,0.59,0.83,0.12,2.43,3.44,1.02,4,0.16,0,0.0,2.54,0.2,5,0.2,0.2,0,0.0,36,1.41,36.11,13.889,2.11,33.33,0.08,0.0,2.03,34.62,0.04,2.74,48.57,9.78,35.6,3.13,2.31,0.59,16.54,1.88,1.84,20.26,78.57,3.79,63.92,6.41,95.12,5.63,74.31,17.72,84.11,0.51,69.23,15.62,9.15,0.07,0.78,0.04,0.04,0.0,0.0,0.43,1.17,60.0,1.76,51.11,0.0,0.0,0.78,0.59,2.19,75.0,0,,0,,0,0.0,0.0,0.0,,,0.12,,0.0,0.0,0.0,0.0,0,0.0,Tolima,Colombia,TOL,COL_TOL,Attacking Midfield
F. Sambueza,Atlético Bucaramanga,Atlético Bucaramanga,AMF,37.0,350000,2026-12-31,28,2277,2,2.77,7,8.02,20.43,41.97,Argentina,Argentina,derecho,169,65,no,4.94,4.58,57.76,1.38,31.43,0.55,0.86,0.04,1.74,2.7,1.42,10,0.4,0,0.0,1.98,0.08,1,0.04,0.11,0,0.0,37,1.46,37.84,5.405,1.82,15.22,0.79,15.0,0.99,16.0,0.16,1.9,47.92,12.33,41.99,1.26,3.12,0.32,26.05,1.19,3.0,35.26,77.35,11.62,69.73,6.28,91.82,10.12,76.56,30.63,82.71,2.92,59.46,16.1,32.37,0.32,2.25,0.2,0.0,0.43,54.55,0.59,5.53,76.43,4.35,40.0,1.03,38.46,1.74,0.2,5.49,85.61,0,,0,,0,0.0,0.0,0.0,,,0.08,,2.37,0.32,25.0,2.85,1,100.0,Atlético Bucaramanga,Colombia,BUC,COL_BUC,Attacking Midfield
W. Morelo,Águilas Doradas,Águilas Doradas,CF,38.0,200000,,32,2260,6,6.29,0,0.73,15.89,34.34,Colombia,Colombia,derecho,171,68,no,1.75,1.91,52.08,2.91,30.14,0.08,0.11,0.08,0.68,0.94,0.8,6,0.24,0,0.0,1.23,0.24,6,0.24,0.25,1,0.04,26,1.04,42.31,23.077,0.12,33.33,0.04,0.0,0.08,50.0,0.04,1.59,45.0,7.96,32.5,2.35,1.0,0.16,13.06,1.91,1.67,18.08,82.6,2.79,62.86,6.17,91.61,5.42,86.03,17.0,83.14,0.96,79.17,14.97,16.71,0.03,0.56,0.04,0.0,0.08,50.0,0.12,1.59,67.5,0.6,53.33,0.08,0.0,0.56,0.04,1.04,80.77,0,,0,,0,0.0,0.0,0.0,,,0.08,,0.0,0.0,0.0,0.0,1,0.0,Águilas Doradas,Colombia,AGD,COL_AGD,Forwards
J. García,Alianza,Alianza,RCB,36.0,200000,2025-12-31,24,2259,1,0.86,1,0.02,9.56,63.75,Colombia,Colombia,derecho,186,75,no,6.89,3.23,70.37,4.22,57.55,0.04,0.06,0.76,4.58,6.41,0.32,4,0.16,1,0.04,0.28,0.04,1,0.04,0.03,0,0.0,11,0.44,36.36,9.091,0.04,100.0,0.0,0.0,0.04,100.0,0.0,0.12,66.67,0.92,60.87,0.52,0.36,0.0,19.36,0.2,0.6,29.04,88.48,10.44,74.81,2.19,94.55,13.27,96.7,25.14,92.55,3.86,61.86,20.39,35.01,0.0,0.04,0.0,0.0,0.0,0.0,0.0,2.51,58.73,0.2,40.0,0.08,0.0,0.04,0.04,4.46,66.96,0,,0,,0,0.0,0.0,0.0,,,1.39,,0.0,0.0,0.0,0.0,0,0.0,Alianza,Colombia,ALV,COL_ALV,Defenders
L. Saldaña,Alianza,Alianza,LB,35.0,300000,,24,2255,0,0.71,1,1.82,10.46,58.02,Colombia,Colombia,izquierdo,171,66,no,6.86,5.27,62.88,2.12,39.62,0.28,0.4,0.16,3.27,4.64,0.88,4,0.16,1,0.04,1.24,0.0,0,0.0,0.03,0,0.0,13,0.52,23.08,0.0,2.31,37.93,2.24,39.29,0.08,0.0,0.12,0.4,50.0,1.96,67.35,0.52,1.24,0.12,20.04,1.28,1.0,28.06,78.38,12.33,73.79,3.03,93.42,9.1,80.26,21.55,87.22,4.31,54.63,20.54,34.68,0.07,0.76,0.0,0.0,0.12,33.33,0.2,4.83,67.77,2.27,50.88,0.48,50.0,0.6,0.76,7.94,75.88,0,,0,,0,0.0,0.0,0.0,,,0.32,,0.64,0.12,0.0,0.16,0,0.0,Alianza,Colombia,ALV,COL_ALV,Defenders
J. Caballero,Águilas Doradas,Águilas Doradas,LAMF,27.0,500000,,33,2230,3,3.95,3,3.5,14.53,45.0,Colombia,Colombia,derecho,185,72,no,5.77,4.2,61.54,1.86,34.78,0.16,0.22,0.24,3.03,4.17,0.57,2,0.08,0,0.0,2.58,0.12,3,0.12,0.16,0,0.0,33,1.33,42.42,9.091,2.18,31.48,0.93,34.78,1.17,31.03,0.24,2.02,60.0,6.74,39.52,1.82,2.22,0.32,23.85,1.9,1.25,32.25,78.1,7.87,65.13,7.43,91.3,10.29,74.51,26.8,85.24,3.35,51.81,18.88,32.94,0.14,1.25,0.0,0.0,0.12,100.0,0.32,4.08,68.32,2.78,46.38,0.52,53.85,1.21,0.65,5.53,75.91,0,,0,,0,0.0,0.0,0.0,,,0.12,,0.69,0.0,0.0,1.45,0,0.0,Águilas Doradas,Colombia,AGD,COL_AGD,Attacking Midfield
J. Caldera,Deportivo Cali,Deportivo Cali,LCB,23.0,250000,2025-12-31,26,2229,3,1.99,0,0.32,12.19,62.25,Colombia,Colombia,derecho,185,77,no,8.24,5.53,67.15,4.2,63.46,0.52,0.76,0.69,4.0,5.78,1.01,7,0.28,0,0.0,0.4,0.12,3,0.12,0.08,2,0.08,21,0.85,28.57,14.286,0.08,50.0,0.04,100.0,0.04,0.0,0.0,0.12,100.0,0.89,59.09,1.05,0.48,0.0,18.53,0.28,0.44,29.52,82.49,15.02,72.85,1.13,92.86,10.7,94.34,23.9,88.34,5.53,57.66,22.33,37.11,0.01,0.12,0.04,0.0,0.0,0.0,0.0,3.76,65.59,0.48,41.67,0.44,27.27,0.2,0.04,6.94,64.53,0,,0,,0,0.0,0.0,0.0,,,0.65,,0.04,0.0,0.0,0.0,0,0.0,Deportivo Cali,Colombia,CAL,COL_CAL,Defenders
E. Beltran,La Equidad,La Equidad,GK,25.0,250000,,22,2228,0,0.0,0,0.0,0.89,86.36,Colombia,Colombia,,0,0,no,1.09,0.04,0.0,0.48,100.0,0.0,0.0,0.0,1.09,1.4,0.04,1,0.04,0,0.0,0.0,0.0,0,0.0,0.0,0,0.0,0,0.0,0.0,0.0,0.0,0.0,0.0,0.0,0.0,0.0,0.0,0.0,0.0,0.24,83.33,0.0,0.0,0.0,7.55,0.16,0.24,13.37,86.4,7.19,75.84,0.04,0.0,5.53,100.0,7.96,98.48,5.41,68.66,30.67,44.02,0.0,0.0,0.0,0.0,0.0,0.0,0.0,0.65,43.75,0.08,0.0,0.04,0.0,0.0,0.0,3.47,68.6,25,1.01,101,4.08,6,75.25,28.68,1.16,3.68,0.149,0.0,1.49,,,,0.0,0,0.0,La Equidad,Colombia,EQU,COL_EQU,Goalkeepers
C. Trujillo,Tolima,Tolima,LDMF,27.0,550000,,37,2228,0,1.24,0,0.25,14.95,55.68,Colombia,Colombia,derecho,174,65,no,8.85,8.08,67.5,2.1,48.08,0.28,0.4,0.4,3.11,4.35,1.66,6,0.24,0,0.0,0.53,0.0,0,0.0,0.05,0,0.0,12,0.48,25.0,0.0,0.12,66.67,0.0,0.0,0.12,66.67,0.0,0.65,50.0,2.87,33.8,0.48,0.44,0.04,27.31,0.12,0.69,36.68,89.21,11.31,80.0,5.17,98.44,13.65,92.31,34.54,91.35,2.02,54.0,16.16,21.61,0.01,0.28,0.0,0.0,0.0,0.0,0.12,4.85,81.67,0.53,38.46,0.2,0.0,0.12,0.08,4.97,72.36,0,,0,,0,0.0,0.0,0.0,,,0.32,,0.0,0.0,0.0,0.0,0,0.0,Tolima,Colombia,TOL,COL_TOL,Defensive Midfield
N. Uribe,Envigado,Envigado,RB,21.0,0,,25,2216,0,0.13,1,1.0,14.46,46.91,Colombia,Colombia,unknown,172,65,no,8.49,7.19,53.67,2.23,32.73,0.45,0.57,0.28,4.18,5.36,1.42,10,0.41,0,0.0,1.54,0.0,0,0.0,0.01,0,0.0,8,0.32,12.5,0.0,1.38,41.18,0.04,100.0,1.3,37.5,0.08,1.58,53.85,4.06,47.0,0.45,1.18,0.16,15.6,0.57,0.81,24.65,72.82,10.6,54.41,3.74,93.48,6.9,86.47,19.17,84.11,4.18,30.1,23.1,40.84,0.04,0.49,0.0,0.0,0.12,66.67,0.28,4.43,49.54,1.87,41.3,0.77,21.05,0.24,0.57,5.36,62.12,0,,0,,0,0.0,0.0,0.0,,,0.89,,0.0,0.0,0.0,0.0,0,0.0,Envigado,Colombia,ENV,COL_ENV,Defenders
Y. Abonía,La Equidad,La Equidad,RB,25.0,0,,25,2202,0,0.47,0,1.19,11.49,53.02,Colombia,Colombia,derecho,170,0,no,7.11,5.07,70.97,1.47,41.67,0.33,0.42,0.25,3.19,4.07,0.69,5,0.2,0,0.0,2.29,0.0,0,0.0,0.02,0,0.0,11,0.45,18.18,0.0,2.9,39.44,0.08,0.0,2.82,40.58,0.25,1.76,60.47,3.64,43.82,1.06,1.59,0.74,18.43,2.13,0.65,25.46,76.4,8.38,67.8,4.58,91.96,6.91,75.74,20.31,84.91,2.37,48.28,20.14,30.19,0.05,0.53,0.08,0.0,0.0,0.0,0.37,3.19,70.51,2.08,54.9,0.2,40.0,0.29,1.06,5.19,72.44,0,,0,,0,0.0,0.0,0.0,,,0.53,,0.0,0.0,0.0,0.0,0,0.0,La Equidad,Colombia,EQU,COL_EQU,Defenders
J. Fory,Medellín,Medellín,LB,22.0,800000,,25,2199,0,0.28,1,1.34,12.97,58.36,Colombia,Colombia,izquierdo,187,81,si,7.29,4.87,57.14,3.97,68.04,0.16,0.27,0.12,4.34,7.04,1.19,7,0.29,0,0.0,1.8,0.0,0,0.0,0.01,0,0.0,7,0.29,28.57,0.0,2.41,37.29,2.41,37.29,0.0,0.0,0.2,0.98,83.33,2.74,49.25,1.02,0.98,0.08,23.7,2.09,0.49,33.52,83.03,9.82,75.42,4.95,95.04,13.18,85.4,28.61,89.56,2.74,50.75,19.24,33.56,0.05,0.61,0.08,0.04,0.08,0.0,0.2,3.72,72.53,1.68,31.71,0.08,50.0,0.12,0.86,6.88,73.81,0,,0,,0,0.0,0.0,0.0,,,0.29,,0.04,0.0,0.0,0.0,0,0.0,Medellín,Colombia,MDL,COL_MDL,Defenders
E. Velasco,Deportivo Pereira,Deportivo Pereira,LB,33.0,300000,,25,2198,1,1.2,0,0.42,14.74,51.39,Colombia,Colombia,izquierdo,179,75,no,6.88,5.4,65.91,3.15,57.14,0.2,0.29,0.12,3.11,4.38,1.27,6,0.25,2,0.08,1.06,0.04,1,0.04,0.05,1,0.04,8,0.33,37.5,12.5,1.8,25.0,1.8,25.0,0.0,0.0,0.08,1.23,40.0,4.09,32.0,1.06,1.02,0.25,19.33,1.11,0.7,28.83,80.11,11.3,73.55,4.75,91.38,8.72,81.22,24.36,87.9,2.83,44.93,18.79,36.52,0.02,0.29,0.0,0.0,0.0,0.0,0.08,3.4,71.08,1.23,40.0,0.2,60.0,0.16,0.45,5.45,71.43,0,,0,,0,0.0,0.0,0.0,,,0.86,,0.0,0.0,0.0,0.0,0,0.0,Deportivo Pereira,Colombia,PER,COL_PER,Defenders
F. Cantillo,Unión Magdalena,Unión Magdalena,RCMF,28.0,400000,,23,2197,2,0.57,0,0.94,10.81,43.56,Colombia,Colombia,derecho,184,79,no,5.41,4.47,54.13,1.64,47.5,0.2,0.27,0.2,2.79,3.67,1.27,6,0.25,1,0.04,0.74,0.08,2,0.08,0.02,0,0.0,17,0.7,35.29,11.765,0.66,25.0,0.12,0.0,0.49,25.0,0.08,0.66,50.0,2.91,26.76,0.66,1.64,0.25,26.26,0.78,0.49,35.56,82.37,12.13,68.92,5.53,94.07,12.62,90.58,31.38,88.25,3.56,40.23,18.69,35.04,0.04,0.57,0.08,0.04,0.08,0.0,0.08,7.33,74.3,1.19,37.93,0.33,25.0,0.29,0.2,5.49,75.37,0,,0,,0,0.0,0.0,0.0,,,0.37,,0.0,0.0,0.0,0.0,0,0.0,Unión Magdalena,Colombia,UMG,COL_UMG,Midfield
S. Mayo,La Equidad,La Equidad,RW,22.0,0,,28,2196,3,2.85,1,3.54,16.6,43.95,Colombia,Colombia,,0,0,no,5.61,6.19,53.64,2.01,57.14,0.12,0.16,0.04,2.17,2.81,1.35,6,0.25,0,0.0,1.84,0.12,3,0.12,0.12,0,0.0,25,1.02,24.0,12.0,1.52,43.24,0.41,40.0,1.11,44.44,0.16,2.05,44.0,7.38,33.89,0.9,1.56,0.53,19.84,0.94,1.15,28.28,78.26,8.11,60.61,4.75,91.38,9.71,84.81,24.51,81.94,2.34,61.4,17.56,26.39,0.15,1.31,0.04,0.08,0.16,25.0,0.29,4.59,66.07,1.8,59.09,0.33,25.0,0.53,0.7,4.63,74.34,0,,0,,0,0.0,0.0,0.0,,,0.08,,0.86,0.16,0.0,1.39,0,0.0,La Equidad,Colombia,EQU,COL_EQU,Wingers
R. Holgado,América de Cali,América de Cali,CF,30.0,800000,2026-12-31,34,2190,7,9.68,4,2.58,21.62,34.98,Argentina,Argentina,derecho,179,79,no,4.44,3.37,60.98,3.7,35.56,0.49,0.79,0.12,1.89,3.03,0.95,5,0.21,1,0.04,1.85,0.29,7,0.29,0.4,2,0.08,52,2.14,28.85,13.462,0.58,35.71,0.16,25.0,0.33,37.5,0.12,2.01,44.9,10.68,28.46,3.9,0.25,0.0,12.9,1.6,1.07,19.44,77.59,3.86,69.15,4.93,87.5,5.42,70.45,18.08,80.0,0.82,50.0,14.43,13.25,0.11,1.27,0.0,0.04,0.12,100.0,0.58,1.81,63.64,1.15,39.29,0.21,40.0,0.78,0.21,1.27,83.87,0,,0,,0,0.0,0.0,0.0,,,0.0,,0.0,0.0,0.0,0.0,0,0.0,América de Cali,Colombia,AME,COL_AME,Forwards
F. Fydriszewski,Medellín,Medellín,CF,32.0,1200000,2026-12-31,31,2189,9,8.57,1,1.53,18.17,39.59,Argentina,"Argentina, Poland",ambidiestro,185,83,no,2.84,2.88,54.29,7.11,43.93,0.08,0.14,0.04,1.19,2.03,1.15,10,0.41,0,0.0,1.6,0.37,7,0.29,0.35,4,0.16,62,2.55,43.55,14.516,0.25,0.0,0.08,0.0,0.16,0.0,0.0,0.66,56.25,4.97,33.06,3.04,0.16,0.04,11.68,2.34,1.19,15.58,75.99,2.75,62.69,3.74,86.81,4.65,77.88,14.64,78.37,0.7,52.94,13.51,10.22,0.06,0.86,0.0,0.0,0.21,60.0,0.49,1.56,55.26,0.99,50.0,0.25,50.0,0.7,0.0,1.56,71.05,0,,0,,0,0.0,0.0,0.0,,,0.0,,0.0,0.0,0.0,0.04,2,100.0,Medellín,Colombia,MDL,COL_MDL,Forwards
W. Fariñez,Águilas Doradas,Águilas Doradas,GK,27.0,700000,2025-12-31,22,2188,0,0.0,0,0.0,0.99,83.33,Venezuela,Venezuela,derecho,180,77,no,1.81,0.16,75.0,0.49,91.67,0.0,0.0,0.0,1.69,2.31,0.0,1,0.04,0,0.0,0.0,0.0,0,0.0,0.0,0,0.0,0,0.0,0.0,0.0,0.0,0.0,0.0,0.0,0.0,0.0,0.0,0.04,0.0,0.29,71.43,0.0,0.0,0.0,4.98,0.08,0.25,11.52,79.29,6.83,67.47,0.0,0.0,4.36,96.23,6.95,97.04,4.57,52.25,34.46,52.77,0.0,0.0,0.0,0.0,0.0,0.0,0.0,1.19,44.83,0.16,0.0,0.08,0.0,0.04,0.0,3.17,71.43,25,1.03,89,3.66,8,71.91,23.18,0.95,-1.82,-0.075,0.0,1.6,,,,0.0,0,0.0,Águilas Doradas,Colombia,AGD,COL_AGD,Goalkeepers
J. Monroy,Deportivo Pereira,Deportivo Pereira,RB,29.0,400000,2026-06-30,38,2179,0,0.58,4,3.02,10.04,48.97,Colombia,"Colombia, Armenia",derecho,185,80,si,5.37,3.88,64.89,1.32,46.88,0.21,0.32,0.08,2.64,4.06,0.5,5,0.21,0,0.0,2.23,0.0,0,0.0,0.02,0,0.0,8,0.33,50.0,0.0,3.14,34.21,0.0,0.0,3.14,34.21,0.41,1.57,60.53,3.51,35.29,1.16,1.57,0.37,18.55,1.28,0.12,28.0,76.11,10.37,70.12,3.55,95.35,9.09,75.91,21.81,85.98,3.43,45.78,19.38,31.07,0.12,0.99,0.0,0.08,0.08,50.0,0.5,3.92,73.68,2.56,50.0,0.25,33.33,0.91,1.03,6.61,73.75,0,,0,,0,0.0,0.0,0.0,,,0.37,,0.0,0.0,0.0,0.08,0,0.0,Deportivo Pereira,Colombia,PER,COL_PER,Defenders
E. Chaux,Medellín,Medellín,GK,33.0,350000,,22,2178,0,0.0,0,0.0,0.74,83.33,Colombia,Colombia,derecho,189,79,no,1.12,0.04,0.0,0.5,100.0,0.0,0.0,0.0,1.12,1.76,0.04,5,0.21,0,0.0,0.0,0.0,0,0.0,0.0,0,0.0,0,0.0,0.0,0.0,0.0,0.0,0.0,0.0,0.0,0.0,0.0,0.0,0.0,0.08,100.0,0.0,0.0,0.0,7.48,0.29,0.17,13.26,85.98,7.4,77.65,0.0,0.0,5.17,98.4,9.09,97.73,4.09,61.62,32.03,42.88,0.0,0.0,0.0,0.0,0.0,0.0,0.0,0.99,58.33,0.08,0.0,0.04,100.0,0.0,0.0,3.35,66.67,18,0.74,71,2.93,9,74.65,18.1,0.75,0.1,0.004,0.0,1.61,,,,0.0,0,0.0,Medellín,Colombia,MDL,COL_MDL,Goalkeepers
J. Colorado,La Equidad,La Equidad,RCMF,25.0,350000,,29,2171,1,1.88,0,0.3,13.8,48.95,Colombia,Colombia,derecho,180,72,no,6.96,5.97,60.42,1.41,32.35,0.58,0.85,0.41,2.78,4.04,1.53,11,0.46,2,0.08,1.04,0.04,1,0.04,0.08,0,0.0,11,0.46,27.27,9.091,0.21,80.0,0.0,0.0,0.21,80.0,0.04,1.2,55.17,4.85,42.74,0.95,0.5,0.0,26.2,0.54,1.16,36.44,86.46,11.11,76.49,4.77,93.04,13.6,91.16,33.87,87.64,2.4,68.97,17.36,26.72,0.01,0.41,0.04,0.0,0.12,66.67,0.04,5.39,80.77,0.75,61.11,0.21,60.0,0.66,0.17,5.6,76.3,0,,0,,0,0.0,0.0,0.0,,,0.21,,0.0,0.0,0.0,0.0,0,0.0,La Equidad,Colombia,EQU,COL_EQU,Midfield
Y. González,Águilas Doradas,Águilas Doradas,CF,31.0,500000,,26,2153,9,7.47,1,2.29,22.61,44.73,Colombia,Colombia,derecho,184,81,no,3.64,3.26,61.54,3.68,47.73,0.13,0.17,0.08,1.5,2.07,0.92,1,0.04,0,0.0,3.26,0.38,6,0.25,0.31,3,0.13,52,2.17,46.15,17.308,2.22,15.09,1.25,20.0,0.96,8.7,0.17,3.85,48.91,13.46,40.37,3.34,2.76,0.38,17.39,2.01,2.42,23.24,76.08,6.23,69.8,5.52,95.45,6.77,68.52,20.32,83.13,0.92,54.55,17.75,25.36,0.1,0.63,0.0,0.04,0.04,100.0,0.17,2.34,78.57,1.96,42.55,0.13,33.33,0.84,0.42,1.84,79.55,0,,0,,0,0.0,0.0,0.0,,,0.0,,0.0,0.0,0.0,0.0,4,75.0,Águilas Doradas,Colombia,AGD,COL_AGD,Forwards
J. Muñoz,Alianza,Alianza,LW,23.0,0,,34,2149,2,2.91,0,1.46,20.9,50.1,Colombia,Colombia,derecho,172,66,no,5.4,5.32,60.63,1.76,33.33,0.08,0.12,0.21,2.09,3.03,0.67,4,0.17,1,0.04,3.31,0.08,2,0.08,0.12,0,0.0,33,1.38,39.39,6.061,1.68,32.5,1.01,37.5,0.63,26.67,0.34,3.6,61.63,11.68,49.46,1.8,1.76,0.29,12.77,1.47,2.68,20.73,82.02,4.19,72.0,4.56,92.66,6.78,80.86,18.55,87.58,0.5,41.67,15.87,7.96,0.06,0.67,0.04,0.0,0.04,0.0,0.25,1.51,80.56,1.68,45.0,0.0,0.0,0.54,0.59,2.6,67.74,0,,0,,0,0.0,0.0,0.0,,,0.0,,0.0,0.0,0.0,0.08,0,0.0,Alianza,Colombia,ALV,COL_ALV,Wingers
É. Balanta,América de Cali,América de Cali,LCB,32.0,1200000,2026-06-30,25,2134,1,0.76,1,0.25,15.69,55.38,Colombia,Colombia,izquierdo,180,84,no,8.31,6.58,64.74,3.37,53.75,0.21,0.32,0.21,3.84,5.83,1.64,10,0.42,0,0.0,0.93,0.04,1,0.04,0.03,0,0.0,10,0.42,50.0,10.0,0.25,50.0,0.17,25.0,0.08,100.0,0.0,0.8,73.68,3.84,43.96,0.3,0.34,0.08,23.49,0.25,0.93,36.57,86.97,12.57,73.15,3.16,100.0,16.36,93.04,31.42,92.35,4.89,54.31,20.4,35.66,0.01,0.25,0.04,0.0,0.0,0.0,0.13,5.65,67.16,0.97,39.13,0.42,40.0,0.25,0.13,5.9,76.43,0,,0,,0,0.0,0.0,0.0,,,0.59,,0.0,0.0,0.0,0.0,0,0.0,América de Cali,Colombia,AME,COL_AME,Defenders
G. Cuervo,Envigado,Envigado,RB,24.0,0,,29,2129,1,0.69,1,0.89,16.57,49.49,Colombia,Colombia,derecho,170,63,no,8.71,7.69,58.24,2.62,45.16,0.55,0.76,0.17,3.68,5.06,1.52,10,0.42,1,0.04,1.52,0.04,1,0.04,0.03,0,0.0,15,0.63,26.67,6.667,1.56,35.14,0.0,0.0,1.56,35.14,0.21,1.86,43.18,4.61,37.61,0.47,1.27,0.21,17.08,1.23,0.8,25.32,73.62,11.08,62.21,3.8,88.89,6.55,81.29,19.83,84.01,4.06,36.46,18.58,30.45,0.04,0.38,0.0,0.0,0.04,0.0,0.3,4.06,60.42,2.37,46.43,0.34,37.5,0.55,0.59,6.3,61.74,0,,0,,0,0.0,0.0,0.0,,,0.34,,0.13,0.0,0.0,0.08,0,0.0,Envigado,Colombia,ENV,COL_ENV,Defenders
D. Asprilla,Atlético Nacional,Atlético Nacional,RAMF,33.0,1200000,2026-06-30,42,2127,4,4.58,3,0.9,17.6,41.59,Colombia,Colombia,derecho,180,75,no,4.57,4.32,54.9,3.64,53.49,0.13,0.21,0.04,2.07,3.35,1.27,4,0.17,1,0.04,1.48,0.17,4,0.17,0.19,1,0.04,32,1.35,40.63,12.5,1.18,10.71,0.04,0.0,1.14,11.11,0.3,1.73,41.46,7.74,27.87,2.03,0.97,0.21,16.59,1.95,0.97,21.24,74.7,5.25,62.1,5.33,94.44,5.59,76.52,19.25,78.9,0.89,61.9,16.64,19.7,0.04,0.47,0.04,0.04,0.08,100.0,0.17,1.99,82.98,1.1,42.31,0.08,100.0,0.51,0.21,2.83,73.13,0,,0,,0,0.0,0.0,0.0,,,0.04,,0.0,0.0,0.0,0.04,1,0.0,Atlético Nacional,Colombia,NAC,COL_NAC,Attacking Midfield
E. Torres,Alianza,Alianza,RAMF,27.0,0,2025-12-30,34,2115,2,1.37,4,3.57,17.91,41.33,Colombia,Colombia,derecho,183,80,no,5.36,4.98,59.83,3.11,36.99,0.13,0.19,0.17,2.26,3.34,1.45,7,0.3,0,0.0,3.49,0.09,2,0.09,0.06,1,0.04,33,1.4,45.45,6.061,6.04,23.94,0.51,33.33,5.53,23.08,1.02,2.89,48.53,7.57,33.15,2.81,1.45,0.17,15.11,3.53,0.77,21.7,61.96,3.53,55.42,4.21,90.91,9.36,54.55,14.77,78.96,1.19,35.71,21.58,22.16,0.15,1.32,0.0,0.04,0.04,0.0,0.51,1.53,52.78,4.38,25.24,0.17,25.0,0.26,1.45,3.02,74.65,0,,0,,0,0.0,0.0,0.0,,,0.0,,1.02,0.38,22.22,1.36,0,0.0,Alianza,Colombia,ALV,COL_ALV,Attacking Midfield
J. Figueroa,Alianza,Alianza,RCB,29.0,350000,2027-12-31,27,2114,1,0.97,0,0.69,12.05,60.78,Colombia,Colombia,derecho,180,75,no,7.49,3.36,73.42,5.62,60.61,0.04,0.06,0.47,4.98,7.08,0.47,0,0.0,0,0.0,0.43,0.04,1,0.04,0.04,0,0.0,10,0.43,50.0,10.0,0.34,25.0,0.0,0.0,0.34,25.0,0.04,0.21,60.0,1.49,42.86,0.68,0.26,0.0,19.75,0.26,0.43,32.99,80.77,15.28,68.8,1.96,93.48,12.47,92.83,27.29,88.3,5.41,45.67,21.64,35.85,0.03,0.04,0.04,0.0,0.0,0.0,0.0,4.21,52.53,0.98,17.39,0.55,7.69,0.17,0.04,6.47,63.82,0,,0,,0,0.0,0.0,0.0,,,0.81,,0.0,0.0,0.0,0.0,0,0.0,Alianza,Colombia,ALV,COL_ALV,Defenders
S. Rodríguez,Junior,Junior,CF,26.0,450000,2027-06-30,48,2105,13,14.07,0,0.61,15.56,36.26,Colombia,Colombia,derecho,177,72,no,2.22,2.22,51.92,3.89,39.56,0.04,0.07,0.13,1.03,1.78,0.9,2,0.09,2,0.09,2.05,0.56,8,0.34,0.6,0,0.0,61,2.61,37.7,21.311,0.38,11.11,0.09,0.0,0.3,14.29,0.0,2.31,42.59,7.44,31.61,3.29,0.98,0.04,10.9,1.8,1.37,14.28,79.64,2.44,63.16,4.36,92.16,4.4,76.7,12.91,83.11,0.98,60.87,16.57,14.85,0.03,0.43,0.0,0.0,0.17,25.0,0.04,1.24,55.17,0.9,42.86,0.17,0.0,0.64,0.0,1.28,60.0,0,,0,,0,0.0,0.0,0.0,,,0.0,,0.04,0.04,0.0,0.04,6,83.333,Junior,Colombia,JNR,COL_JNR,Forwards
C. Henao,Atlético Bucaramanga,Atlético Bucaramanga,LCB,36.0,150000,2025-12-31,25,2101,2,1.87,0,0.08,9.94,67.24,Colombia,Colombia,izquierdo,187,85,no,7.11,3.94,76.09,3.98,61.29,0.17,0.26,0.3,3.94,6.04,0.99,7,0.3,0,0.0,0.56,0.09,2,0.09,0.08,1,0.04,26,1.11,34.62,7.692,0.17,75.0,0.09,50.0,0.09,100.0,0.0,0.0,0.0,0.64,53.33,0.47,0.13,0.0,21.76,1.03,0.56,31.83,82.64,14.69,72.01,1.63,92.11,13.15,92.18,25.15,92.5,6.55,45.1,26.22,44.7,0.0,0.09,0.0,0.04,0.04,100.0,0.09,5.4,52.38,0.43,40.0,0.34,50.0,0.13,0.04,6.73,74.52,0,,0,,0,0.0,0.0,0.0,,,1.11,,0.64,0.56,46.15,0.0,0,0.0,Atlético Bucaramanga,Colombia,BUC,COL_BUC,Defenders
C. Arrieta,Tolima,Tolima,RB,29.0,450000,,33,2096,1,0.34,0,0.58,13.53,53.02,Colombia,Colombia,derecho,171,75,si,6.18,4.42,65.05,1.98,58.7,0.09,0.13,0.04,3.22,4.7,0.69,8,0.34,0,0.0,1.2,0.04,1,0.04,0.01,0,0.0,5,0.21,40.0,20.0,0.64,33.33,0.21,20.0,0.39,33.33,0.09,1.25,62.07,5.75,44.78,0.34,1.03,0.21,27.27,0.64,0.9,39.76,88.34,12.54,78.77,6.01,97.86,13.05,92.11,36.67,91.45,2.45,56.14,15.76,22.13,0.03,0.56,0.0,0.04,0.13,100.0,0.13,5.88,78.1,1.16,62.96,0.3,85.71,0.56,0.21,5.97,77.7,0,,0,,0,0.0,0.0,0.0,,,0.39,,0.0,0.0,0.0,0.04,0,0.0,Tolima,Colombia,TOL,COL_TOL,Defenders
F. Torijano,Medellín,Medellín,CB,37.0,200000,2025-12-31,28,2095,1,0.86,0,0.0,11.08,68.99,Colombia,Colombia,derecho,182,73,no,7.9,4.08,78.95,4.25,69.7,0.09,0.13,0.56,4.6,7.17,0.26,1,0.04,0,0.0,0.13,0.04,1,0.04,0.04,1,0.04,6,0.26,33.33,16.667,0.0,0.0,0.0,0.0,0.0,0.0,0.0,0.13,33.33,1.46,47.06,0.52,0.52,0.04,24.83,0.26,0.34,36.86,90.56,14.65,82.11,2.36,96.36,14.69,96.49,32.31,94.68,4.55,61.32,18.52,28.87,0.0,0.0,0.04,0.04,0.04,0.0,0.0,2.92,67.65,0.13,33.33,0.04,0.0,0.21,0.0,5.71,66.92,0,,0,,0,0.0,0.0,0.0,,,1.59,,0.0,0.0,0.0,0.0,0,0.0,Medellín,Colombia,MDL,COL_MDL,Defenders
A. Parra,Tolima,Tolima,CF,28.0,600000,,35,2094,6,6.52,3,2.48,21.02,36.81,Colombia,Colombia,derecho,179,75,si,4.47,4.47,61.54,3.87,28.89,0.09,0.13,0.09,1.63,2.48,1.68,7,0.3,0,0.0,1.38,0.26,6,0.26,0.28,1,0.04,37,1.59,32.43,16.216,0.82,15.79,0.26,16.67,0.56,15.38,0.04,0.95,59.09,8.9,30.92,3.52,0.82,0.04,15.95,1.63,1.2,23.25,81.7,4.26,72.73,6.06,91.49,6.58,82.35,21.7,84.55,0.77,66.67,12.81,12.6,0.11,1.07,0.04,0.0,0.26,66.67,0.39,2.58,80.0,1.46,70.59,0.26,83.33,1.25,0.13,1.98,86.96,0,,0,,0,0.0,0.0,0.0,,,0.04,,0.04,0.0,0.0,0.04,0,0.0,Tolima,Colombia,TOL,COL_TOL,Forwards
M. Castaño,Deportivo Pasto,Deportivo Pasto,LB,31.0,250000,,28,2090,1,0.52,1,0.89,11.93,52.35,Colombia,Colombia,izquierdo,177,71,no,7.84,7.32,60.0,1.72,40.0,0.22,0.27,0.13,3.23,4.06,1.29,10,0.43,0,0.0,1.64,0.04,1,0.04,0.02,0,0.0,9,0.39,33.33,11.111,2.67,40.32,2.67,40.32,0.0,0.0,0.17,0.65,60.0,1.89,43.18,0.56,0.99,0.04,18.6,1.68,0.52,26.61,78.16,9.69,69.78,4.56,92.45,7.84,74.73,19.98,88.36,4.22,52.04,20.84,37.42,0.04,0.52,0.0,0.04,0.04,100.0,0.34,4.35,60.4,2.8,44.62,0.39,22.22,0.22,0.95,6.8,73.42,0,,0,,0,0.0,0.0,0.0,,,0.22,,0.04,0.0,0.0,0.13,0,0.0,Deportivo Pasto,Colombia,PAS,COL_PAS,Defenders
J. Vargas,Millonarios,Millonarios,LCB,30.0,0,,22,2080,0,0.52,0,0.24,10.51,67.08,Costa Rica,Costa Rica,izquierdo,192,88,no,7.7,3.72,72.09,4.07,70.21,0.43,0.67,0.74,4.59,7.11,0.35,5,0.22,1,0.04,0.43,0.0,0,0.0,0.02,0,0.0,7,0.3,28.57,0.0,0.09,100.0,0.09,100.0,0.0,0.0,0.0,0.35,75.0,0.82,68.42,0.48,0.82,0.04,25.57,0.43,0.22,40.5,87.29,20.68,80.54,1.21,89.29,16.18,95.45,34.7,93.14,5.71,51.52,21.44,38.14,0.01,0.22,0.0,0.0,0.0,0.0,0.09,4.85,65.18,0.56,30.77,0.39,33.33,0.13,0.09,9.35,75.46,0,,0,,0,0.0,0.0,0.0,,,0.56,,0.0,0.0,0.0,0.0,0,0.0,Millonarios,Colombia,MIL,COL_MIL,Defenders
E. Murillo,Santa Fe,Santa Fe,LCMF,25.0,400000,,34,2075,2,1.24,1,0.53,19.3,46.97,Colombia,Colombia,derecho,180,73,no,8.93,9.98,57.83,2.21,41.18,0.26,0.39,0.3,2.91,4.35,2.91,23,1.0,1,0.04,1.04,0.09,2,0.09,0.05,0,0.0,16,0.69,18.75,12.5,0.69,18.75,0.26,0.0,0.43,30.0,0.04,1.65,44.74,5.42,33.6,1.26,0.95,0.13,12.97,0.56,0.91,19.91,80.61,6.85,70.25,2.86,96.97,6.16,85.21,17.78,86.34,1.47,38.24,17.27,21.27,0.02,0.39,0.0,0.04,0.04,100.0,0.17,2.86,66.67,0.82,42.11,0.09,50.0,0.39,0.13,2.86,68.18,0,,0,,0,0.0,0.0,0.0,,,0.35,,0.0,0.0,0.0,0.0,0,0.0,Santa Fe,Colombia,STF,COL_STF,Midfield
A. Mosquera,América de Cali,América de Cali,RCB,35.0,550000,2025-12-31,26,2073,1,1.12,1,0.58,8.16,58.51,Colombia,Colombia,derecho,178,78,no,6.99,3.26,60.0,2.74,57.14,0.17,0.26,0.48,4.86,7.42,0.65,3,0.13,0,0.0,0.3,0.04,1,0.04,0.05,1,0.04,9,0.39,33.33,11.111,0.17,50.0,0.0,0.0,0.13,33.33,0.0,0.13,66.67,0.82,68.42,0.39,0.26,0.0,19.49,0.39,0.56,30.17,86.19,14.8,78.3,1.61,97.3,11.33,93.87,25.83,91.43,4.17,55.21,19.97,28.91,0.03,0.17,0.0,0.04,0.0,0.0,0.13,4.21,71.13,0.65,33.33,0.26,33.33,0.17,0.13,7.34,73.37,0,,0,,0,0.0,0.0,0.0,,,1.04,,0.0,0.0,0.0,0.0,0,0.0,América de Cali,Colombia,AME,COL_AME,Defenders
D. Victoria,Millonarios,Millonarios,LDMF,24.0,0,,28,2072,2,1.46,1,0.82,13.94,48.6,Colombia,Colombia,derecho,176,68,no,7.69,6.25,58.33,2.13,46.94,0.09,0.13,0.35,3.95,5.86,1.65,9,0.39,0,0.0,1.09,0.09,2,0.09,0.06,1,0.04,20,0.87,40.0,10.0,0.48,27.27,0.04,0.0,0.39,22.22,0.04,1.04,58.33,3.78,42.53,0.56,0.96,0.0,31.32,0.43,0.87,41.18,86.71,11.9,73.36,5.08,96.58,17.11,91.62,37.92,90.38,2.78,46.88,18.29,29.55,0.04,0.78,0.0,0.0,0.04,0.0,0.13,7.04,73.46,1.22,35.71,0.35,25.0,0.39,0.17,4.95,71.93,0,,0,,0,0.0,0.0,0.0,,,0.74,,0.09,0.0,0.0,0.0,0,0.0,Millonarios,Colombia,MIL,COL_MIL,Defensive Midfield
J. Anaya,Jaguares de Córdoba,Jaguares de Córdoba,RCB,25.0,350000,,22,2070,2,3.1,0,0.0,11.43,53.23,Colombia,Colombia,derecho,190,0,no,8.26,5.96,56.2,3.48,52.5,0.09,0.12,0.7,4.83,6.43,1.48,9,0.39,0,0.0,0.3,0.09,2,0.09,0.13,0,0.0,11,0.48,45.45,18.182,0.0,0.0,0.0,0.0,0.0,0.0,0.0,0.13,66.67,0.43,50.0,0.7,0.26,0.0,21.57,0.13,0.26,31.74,85.62,15.35,79.32,2.48,91.23,11.78,91.51,27.0,90.82,4.74,55.96,22.0,35.8,0.0,0.0,0.0,0.0,0.0,0.0,0.0,3.26,66.67,0.22,20.0,0.13,33.33,0.0,0.0,7.22,66.87,0,,0,,0,0.0,0.0,0.0,,,1.43,,0.0,0.0,0.0,0.0,0,0.0,Jaguares de Córdoba,Colombia,JAG,COL_JAG,Defenders
D. Lozano,Águilas Doradas,Águilas Doradas,RB,23.0,0,,29,2049,2,2.53,2,0.75,14.89,46.61,Colombia,Colombia,derecho,0,0,no,7.38,6.28,60.14,2.02,28.26,0.18,0.25,0.31,3.43,4.88,1.01,2,0.09,0,0.0,1.36,0.09,2,0.09,0.11,1,0.04,9,0.4,55.56,22.222,1.76,30.0,0.0,0.0,1.76,30.0,0.09,1.36,45.16,4.39,40.0,1.23,0.92,0.4,12.21,1.58,1.05,17.48,73.87,5.89,64.18,3.95,91.11,4.44,71.29,14.58,81.93,1.41,37.5,19.32,24.12,0.03,0.22,0.0,0.0,0.0,0.0,0.18,1.71,56.41,1.05,33.33,0.0,0.0,0.31,0.44,3.03,50.72,0,,0,,0,0.0,0.0,0.0,,,0.04,,0.0,0.0,0.0,0.0,0,0.0,Águilas Doradas,Colombia,AGD,COL_AGD,Defenders
L. Palacios,Once Caldas,Once Caldas,RB,24.0,0,,40,2045,1,2.43,1,0.54,14.66,37.24,Colombia,Colombia,derecho,181,74,no,4.8,3.04,53.62,3.21,32.88,0.4,0.54,0.13,2.77,3.8,0.7,5,0.22,0,0.0,2.9,0.04,1,0.04,0.11,0,0.0,30,1.32,43.33,3.333,2.99,27.94,0.18,25.0,2.82,28.13,0.18,2.86,47.69,6.29,34.97,1.41,2.46,0.92,18.97,1.94,0.57,27.68,74.4,9.33,67.92,4.89,91.89,8.45,76.04,21.74,84.21,3.3,49.33,22.29,29.39,0.02,0.57,0.0,0.0,0.18,75.0,0.09,3.34,71.05,2.86,36.92,0.4,33.33,0.57,0.57,5.02,72.81,0,,0,,0,0.0,0.0,0.0,,,0.35,,0.0,0.0,0.0,0.0,0,0.0,Once Caldas,Colombia,ONC,COL_ONC,Defenders
L. Berrío,Medellín,Medellín,AMF,27.0,450000,,34,2039,4,3.93,4,3.52,13.95,44.3,Colombia,Colombia,derecho,172,68,no,4.46,4.99,53.1,1.72,41.03,0.31,0.55,0.13,1.5,2.66,1.9,10,0.44,1,0.04,2.43,0.18,4,0.18,0.17,0,0.0,58,2.56,32.76,6.897,1.9,34.88,0.22,60.0,1.63,29.73,0.22,1.63,54.05,4.72,34.58,2.87,1.54,0.18,29.0,1.28,1.1,35.36,81.65,7.86,70.22,7.95,93.33,12.62,83.57,31.16,86.54,2.52,52.63,17.64,31.61,0.16,1.72,0.04,0.04,0.09,50.0,0.66,4.33,74.49,2.52,59.65,0.35,50.0,1.59,0.44,4.59,84.62,0,,0,,0,0.0,0.0,0.0,,,0.13,,0.75,0.22,40.0,2.82,0,0.0,Medellín,Colombia,MDL,COL_MDL,Attacking Midfield
D. Bocanegra,América de Cali,América de Cali,RCB,38.0,50000,,24,2036,0,1.25,0,0.22,10.48,61.18,Colombia,Colombia,derecho,182,76,no,8.13,4.95,66.96,3.4,58.44,0.0,0.0,0.49,4.82,7.27,1.02,5,0.22,0,0.0,0.35,0.0,0,0.0,0.06,0,0.0,13,0.57,15.38,0.0,0.27,66.67,0.04,100.0,0.22,60.0,0.0,0.09,100.0,0.93,42.86,0.4,0.8,0.04,29.79,0.84,0.35,42.88,89.28,16.97,79.69,3.05,97.1,19.98,95.58,34.61,94.51,8.09,67.21,21.45,37.31,0.01,0.18,0.0,0.0,0.0,0.0,0.0,6.23,74.47,0.62,42.86,0.66,33.33,0.18,0.13,8.75,80.3,0,,0,,0,0.0,0.0,0.0,,,2.03,,0.31,0.27,16.67,0.0,0,0.0,América de Cali,Colombia,AME,COL_AME,Defenders
B. Castro,Millonarios,Millonarios,CF,22.0,0,,29,2034,7,7.94,2,2.47,15.13,40.94,Colombia,Colombia,izquierdo,176,68,no,2.61,2.61,66.1,1.28,13.79,0.04,0.07,0.0,0.84,1.27,0.53,4,0.18,0,0.0,3.89,0.31,7,0.31,0.35,1,0.04,68,3.01,33.82,10.294,1.55,28.57,0.93,23.81,0.58,30.77,0.22,4.07,58.7,9.47,38.32,3.36,1.73,0.35,13.81,2.35,0.97,15.88,75.21,2.83,53.13,3.98,92.22,5.88,72.93,13.63,82.47,0.84,36.84,18.48,14.44,0.11,0.97,0.0,0.13,0.09,50.0,0.31,1.59,63.89,1.77,32.5,0.22,40.0,0.49,0.4,1.68,71.05,0,,0,,0,0.0,0.0,0.0,,,0.13,,0.62,0.13,33.33,1.5,1,0.0,Millonarios,Colombia,MIL,COL_MIL,Forwards
G. Montes,Llaneros,Llaneros,RB,29.0,250000,,24,2029,3,1.69,0,0.36,12.42,43.57,Colombia,Colombia,derecho,179,0,no,4.61,4.7,55.66,2.22,40.0,0.04,0.06,0.09,1.95,2.66,0.84,3,0.13,0,0.0,0.75,0.13,3,0.13,0.07,0,0.0,20,0.89,25.0,15.0,1.51,17.65,0.0,0.0,1.51,17.65,0.22,0.8,33.33,4.04,36.26,1.15,0.93,0.04,20.63,1.51,0.44,26.75,83.75,9.0,73.89,5.72,96.9,8.34,85.64,22.4,91.68,2.97,53.73,19.05,32.14,0.02,0.22,0.0,0.0,0.04,0.0,0.13,2.93,72.73,1.29,37.93,0.09,0.0,0.18,0.31,4.61,75.0,0,,0,,0,0.0,0.0,0.0,,,0.71,,0.0,0.0,0.0,0.0,0,0.0,Llaneros,Colombia,LNR,COL_LNR,Defenders
J. Ampudia,Boyacá Chicó,Boyacá Chicó,RB,25.0,250000,,21,2012,0,0.08,1,0.76,12.03,50.93,Colombia,Colombia,derecho,175,0,no,5.01,4.88,53.21,1.79,42.5,0.09,0.14,0.22,2.33,3.51,1.03,2,0.09,0,0.0,1.03,0.0,0,0.0,0.0,0,0.0,5,0.22,40.0,0.0,1.52,41.18,0.0,0.0,1.52,41.18,0.13,0.67,46.67,4.03,50.0,0.18,0.85,0.0,22.19,1.48,1.74,29.93,84.3,14.18,80.44,3.62,97.53,7.74,82.08,24.83,91.35,3.67,52.44,18.48,31.83,0.03,0.27,0.04,0.0,0.0,0.0,0.13,5.64,73.02,1.48,48.48,0.22,0.0,0.22,0.72,6.89,85.71,0,,0,,0,0.0,0.0,0.0,,,0.54,,0.0,0.0,0.0,0.0,0,0.0,Boyacá Chicó,Colombia,BYC,COL_BYC,Defenders
D. Chávez,Atlético Bucaramanga,Atlético Bucaramanga,RCMF,27.0,500000,,35,2011,2,1.98,0,1.76,13.2,47.8,Argentina,Argentina,derecho,180,71,no,6.62,6.22,55.4,1.16,23.08,1.21,1.93,0.18,1.97,3.15,1.3,3,0.13,0,0.0,1.34,0.09,1,0.04,0.09,0,0.0,23,1.03,39.13,8.696,1.16,34.62,0.63,35.71,0.54,33.33,0.09,0.81,55.56,4.12,43.48,0.94,0.85,0.04,36.83,0.49,0.81,49.05,86.13,17.81,78.64,6.85,97.39,16.69,89.01,41.98,92.0,6.0,54.48,18.81,33.15,0.08,1.12,0.09,0.04,0.31,28.57,0.31,11.19,78.8,2.86,45.31,1.66,32.43,0.9,0.4,9.85,85.91,0,,0,,0,0.0,0.0,0.0,,,0.22,,0.54,0.13,66.67,1.3,1,100.0,Atlético Bucaramanga,Colombia,BUC,COL_BUC,Midfield
L. Sánchez,Once Caldas,Once Caldas,AMF,25.0,350000,2025-12-31,26,2010,2,3.23,1,1.44,17.87,45.86,Colombia,Colombia,derecho,173,63,si,5.96,3.67,63.41,1.3,27.59,0.49,0.76,0.13,3.13,4.83,0.63,2,0.09,0,0.0,3.31,0.09,2,0.09,0.14,1,0.04,39,1.75,33.33,5.128,1.16,26.92,0.4,44.44,0.63,14.29,0.22,3.76,58.33,10.57,45.34,1.66,2.19,0.13,30.81,1.07,2.46,38.91,82.28,11.69,70.88,7.43,93.98,11.19,85.2,34.93,86.54,2.91,50.77,17.3,38.0,0.06,0.94,0.0,0.04,0.63,35.71,0.18,6.49,76.55,2.78,43.55,0.99,31.82,1.3,0.31,6.04,83.7,0,,0,,0,0.0,0.0,0.0,,,0.54,,0.4,0.18,0.0,0.99,0,0.0,Once Caldas,Colombia,ONC,COL_ONC,Attacking Midfield
L. Castro,Millonarios,Millonarios,CF,33.0,1200000,2025-12-31,25,2005,13,10.43,0,1.0,13.74,36.27,Colombia,Colombia,derecho,180,80,no,2.92,2.15,50.0,2.87,34.38,0.4,0.6,0.09,1.44,2.14,0.9,6,0.27,1,0.04,2.56,0.58,10,0.45,0.47,3,0.13,57,2.56,49.12,22.807,0.63,21.43,0.13,33.33,0.45,20.0,0.04,2.02,53.33,6.64,36.49,2.42,0.58,0.18,13.11,1.35,1.3,17.51,71.79,4.44,59.6,4.04,90.0,5.12,72.81,15.76,74.93,1.17,53.85,17.62,19.27,0.04,0.49,0.04,0.04,0.27,33.33,0.18,2.11,68.09,1.48,36.36,0.49,18.18,0.58,0.09,2.02,77.78,0,,0,,0,0.0,0.0,0.0,,,0.0,,0.13,0.13,33.33,0.04,4,75.0,Millonarios,Colombia,MIL,COL_MIL,Forwards
L. Pons,Atlético Bucaramanga,Atlético Bucaramanga,CF,35.0,400000,2025-12-31,25,2001,13,12.1,1,0.76,15.52,36.23,Argentina,Argentina,derecho,181,79,no,3.06,2.88,54.69,4.09,34.07,0.13,0.23,0.18,1.35,2.27,0.94,5,0.22,0,0.0,1.71,0.58,9,0.4,0.54,3,0.13,64,2.88,46.88,20.313,0.13,66.67,0.04,100.0,0.09,50.0,0.0,0.58,46.15,5.62,28.8,3.37,0.31,0.0,11.78,1.44,0.94,15.16,75.96,3.73,55.42,3.6,88.75,4.05,83.33,14.35,77.74,0.67,40.0,15.34,19.85,0.03,0.45,0.09,0.04,0.22,0.0,0.13,1.39,54.84,1.17,65.38,0.18,0.0,0.9,0.0,1.48,63.64,0,,0,,0,0.0,0.0,0.0,,,0.09,,0.0,0.0,0.0,0.0,5,80.0,Atlético Bucaramanga,Colombia,BUC,COL_BUC,Forwards
G. Paiva,Junior,Junior,CF,28.0,1000000,2025-12-31,30,1996,8,9.3,3,1.67,19.93,35.52,Paraguay,Paraguay,derecho,181,75,si,3.79,2.75,54.1,7.12,39.87,0.14,0.21,0.14,2.16,3.44,0.86,5,0.23,0,0.0,1.76,0.36,8,0.36,0.42,3,0.14,54,2.43,40.74,14.815,0.68,13.33,0.14,0.0,0.5,18.18,0.05,1.44,37.5,6.9,27.45,3.38,1.04,0.14,21.91,1.53,0.86,27.46,74.06,7.3,60.49,6.13,86.76,8.48,79.79,23.99,76.5,2.8,67.74,16.83,31.34,0.08,0.9,0.05,0.0,0.54,25.0,0.5,4.01,65.17,2.25,48.0,0.81,22.22,1.22,0.14,3.7,73.17,0,,0,,0,0.0,0.0,0.0,,,0.05,,0.14,0.14,0.0,0.0,2,0.0,Junior,Colombia,JNR,COL_JNR,Forwards
J. Malagón,Once Caldas,Once Caldas,LCB,32.0,350000,,23,1976,1,2.8,1,0.22,8.52,58.29,Colombia,Colombia,derecho,185,77,no,8.34,4.01,67.05,2.32,52.94,0.05,0.06,0.87,5.6,7.77,0.73,5,0.23,0,0.0,0.32,0.05,1,0.05,0.13,1,0.05,17,0.77,41.18,5.882,0.09,0.0,0.09,0.0,0.0,0.0,0.0,0.05,0.0,0.59,38.46,0.82,0.68,0.0,23.96,0.68,0.36,34.11,86.38,15.26,78.51,2.19,93.75,13.53,94.61,28.47,91.2,5.56,63.11,22.17,39.39,0.01,0.18,0.05,0.0,0.0,0.0,0.05,5.19,70.18,0.64,28.57,0.23,20.0,0.14,0.0,6.97,72.55,0,,0,,0,0.0,0.0,0.0,,,1.5,,0.05,0.0,0.0,0.0,0,0.0,Once Caldas,Colombia,ONC,COL_ONC,Defenders
Pipe Gómez,Once Caldas,Once Caldas,LAMF,25.0,325000,,41,1967,3,4.3,1,1.74,17.16,43.2,Colombia,Colombia,derecho,173,68,si,3.52,3.43,56.0,1.78,30.77,0.0,0.0,0.05,1.6,2.51,0.87,6,0.27,0,0.0,3.84,0.14,3,0.14,0.2,0,0.0,73,3.34,28.77,4.11,1.28,32.14,0.82,38.89,0.41,22.22,0.09,3.66,65.0,10.16,40.54,1.6,2.06,0.05,24.25,1.33,1.33,30.88,81.93,8.28,71.82,6.27,95.62,8.78,84.38,28.28,84.95,1.33,65.52,14.58,16.73,0.08,1.1,0.0,0.0,0.23,40.0,0.18,3.84,83.33,2.47,46.3,0.27,66.67,0.64,0.41,3.8,80.72,0,,0,,0,0.0,0.0,0.0,,,0.05,,0.96,0.37,12.5,1.19,1,0.0,Once Caldas,Colombia,ONC,COL_ONC,Attacking Midfield
J. Quintero,Deportivo Pereira,Deportivo Pereira,RCB,30.0,700000,,21,1966,1,0.73,1,0.2,11.9,60.77,Colombia,Colombia,derecho,184,79,no,7.97,4.03,70.45,5.13,62.5,0.23,0.35,0.41,4.9,7.4,0.64,3,0.14,1,0.05,0.14,0.05,1,0.05,0.03,1,0.05,8,0.37,25.0,12.5,0.0,0.0,0.0,0.0,0.0,0.0,0.0,0.05,100.0,0.96,42.86,0.64,0.46,0.05,20.37,0.6,0.37,34.1,91.28,14.83,86.42,1.65,100.0,14.88,96.62,31.08,94.11,3.02,62.12,20.46,29.96,0.01,0.05,0.0,0.0,0.0,0.0,0.05,2.24,87.76,0.05,100.0,0.0,0.0,0.09,0.0,5.72,71.2,0,,0,,0,0.0,0.0,0.0,,,1.14,,0.0,0.0,0.0,0.0,0,0.0,Deportivo Pereira,Colombia,PER,COL_PER,Defenders
S. Guzmán,Tolima,Tolima,LDMF,28.0,250000,,26,1939,1,0.48,1,1.04,8.82,53.68,Colombia,Colombia,derecho,186,76,no,4.27,2.78,66.67,1.44,48.39,0.0,0.0,0.19,2.41,3.86,0.37,5,0.23,1,0.05,0.6,0.05,1,0.05,0.02,0,0.0,13,0.6,23.08,7.692,0.23,20.0,0.09,0.0,0.14,33.33,0.05,0.46,50.0,3.95,47.06,0.19,0.88,0.0,41.26,0.19,1.21,54.96,90.79,18.1,84.62,6.36,97.08,22.09,93.7,50.55,92.75,4.22,70.33,18.16,28.02,0.05,0.79,0.05,0.0,0.28,66.67,0.14,9.19,79.8,0.88,52.63,0.6,46.15,0.32,0.05,7.71,81.93,0,,0,,0,0.0,0.0,0.0,,,0.93,,0.0,0.0,0.0,0.0,0,0.0,Tolima,Colombia,TOL,COL_TOL,Defensive Midfield
G. Torres,Deportivo Pereira,Deportivo Pereira,CF,29.0,300000,,37,1934,2,4.69,3,1.47,20.06,37.35,Colombia,Colombia,derecho,181,78,no,4.47,4.47,63.54,5.03,34.26,0.47,0.63,0.14,1.16,1.56,1.63,8,0.37,0,0.0,2.42,0.09,2,0.09,0.22,1,0.05,43,2.0,32.56,4.651,2.14,39.13,0.09,50.0,1.95,38.1,0.28,1.95,47.62,7.68,26.67,2.84,1.02,0.28,14.71,2.33,0.7,20.1,80.79,3.21,65.22,5.91,89.76,7.03,78.81,16.85,87.02,1.3,60.71,16.59,18.03,0.07,0.93,0.05,0.05,0.09,0.0,0.42,1.68,63.89,1.77,42.11,0.19,25.0,0.37,0.84,2.51,70.37,0,,0,,0,0.0,0.0,0.0,,,0.05,,0.28,0.19,50.0,0.33,0,0.0,Deportivo Pereira,Colombia,PER,COL_PER,Forwards
K. Suárez,Alianza,Alianza,LB,23.0,0,,21,1931,0,0.03,2,1.39,13.28,46.32,Colombia,Colombia,izquierdo,175,67,no,6.53,4.71,51.49,2.38,45.1,0.33,0.48,0.09,3.78,5.55,0.61,4,0.19,1,0.05,2.19,0.0,0,0.0,0.0,0,0.0,4,0.19,0.0,0.0,4.05,36.78,4.05,36.78,0.0,0.0,0.23,1.44,48.39,4.1,42.05,0.37,1.31,0.19,21.39,1.77,0.89,30.06,78.76,10.44,71.43,5.73,95.12,9.09,75.38,23.82,88.06,2.52,55.56,20.32,31.71,0.06,0.61,0.0,0.0,0.0,0.0,0.33,3.87,66.27,3.08,48.48,0.14,66.67,0.37,1.35,7.04,76.16,0,,0,,0,0.0,0.0,0.0,,,0.37,,0.0,0.0,0.0,0.0,0,0.0,Alianza,Colombia,ALV,COL_ALV,Defenders
A. Zárate,Atlético Bucaramanga,Atlético Bucaramanga,RCMF,26.0,450000,,30,1926,1,0.86,0,0.84,12.76,53.48,Colombia,Colombia,derecho,177,73,no,7.48,6.4,66.42,1.03,40.91,1.03,1.56,0.14,2.2,3.33,0.93,5,0.23,0,0.0,0.89,0.05,1,0.05,0.04,0,0.0,29,1.36,31.03,3.448,0.51,36.36,0.05,100.0,0.47,30.0,0.05,0.47,60.0,3.69,41.77,0.19,0.23,0.05,31.07,0.61,0.75,41.4,89.84,11.64,83.94,5.7,95.9,17.99,93.77,36.59,91.06,4.3,85.87,19.66,31.0,0.04,0.51,0.0,0.0,0.05,0.0,0.14,6.07,89.23,0.98,38.1,0.23,60.0,0.19,0.14,6.21,79.7,0,,0,,0,0.0,0.0,0.0,,,0.19,,0.14,0.0,0.0,0.42,0,0.0,Atlético Bucaramanga,Colombia,BUC,COL_BUC,Midfield
S. Córdoba,Fortaleza,Fortaleza,CF,28.0,0,,30,1896,4,8.64,0,0.91,18.32,34.2,Colombia,Colombia,derecho,186,0,no,2.14,1.66,54.29,7.22,38.82,0.09,0.16,0.05,1.14,1.88,0.57,2,0.09,0,0.0,1.52,0.19,2,0.09,0.41,1,0.05,51,2.42,29.41,7.843,0.52,27.27,0.14,66.67,0.38,12.5,0.14,1.23,53.85,7.31,25.97,3.42,0.28,0.09,11.77,1.99,0.76,15.81,79.28,2.71,63.16,5.65,89.08,3.94,80.72,14.86,82.43,0.43,33.33,13.08,7.89,0.04,0.81,0.05,0.0,0.09,0.0,0.09,0.95,65.0,0.52,45.45,0.14,0.0,0.43,0.05,0.66,71.43,0,,0,,0,0.0,0.0,0.0,,,0.0,,0.19,0.19,25.0,0.0,3,66.667,Fortaleza,Colombia,FOZ,COL_FOZ,Forwards
J. Castillo,Alianza,Alianza,RDMF,28.0,400000,,27,1864,0,0.47,1,0.42,14.44,52.51,Colombia,Colombia,derecho,175,70,no,8.59,6.9,61.54,1.06,54.55,0.68,0.92,0.14,3.67,5.01,1.4,6,0.29,1,0.05,1.3,0.0,0,0.0,0.02,0,0.0,15,0.72,40.0,0.0,0.77,31.25,0.19,0.0,0.53,45.45,0.05,1.26,61.54,4.49,43.01,0.19,1.83,0.05,32.98,0.53,0.97,44.9,83.66,16.03,69.88,5.89,95.9,16.9,92.0,39.01,88.86,5.21,51.85,19.27,33.23,0.02,0.77,0.0,0.0,0.0,0.0,0.1,9.7,69.65,1.69,48.57,0.68,28.57,0.58,0.19,8.26,81.29,0,,0,,0,0.0,0.0,0.0,,,0.34,,0.1,0.0,0.0,0.14,0,0.0,Alianza,Colombia,ALV,COL_ALV,Defensive Midfield
F. Boné,Deportivo Pasto,Deportivo Pasto,RW,29.0,500000,,30,1862,5,3.8,2,3.15,20.59,43.19,Uruguay,"Uruguay, Italy",izquierdo,176,67,no,4.35,4.35,58.89,3.05,33.33,0.15,0.17,0.05,1.64,1.98,0.92,1,0.05,1,0.05,2.03,0.24,2,0.1,0.18,2,0.1,26,1.26,42.31,19.231,0.97,30.0,0.44,44.44,0.53,18.18,0.0,2.8,39.66,10.73,42.34,1.06,1.4,0.15,14.36,1.98,2.61,19.33,72.5,5.95,54.47,4.11,92.94,5.32,75.45,16.39,78.76,2.03,42.86,17.92,22.04,0.15,1.26,0.0,0.05,0.39,25.0,0.19,3.29,55.88,1.6,48.48,1.16,29.17,0.87,0.29,3.34,69.57,0,,0,,0,0.0,0.0,0.0,,,0.05,,0.53,0.05,0.0,1.11,3,100.0,Deportivo Pasto,Colombia,PAS,COL_PAS,Wingers
L. Pérez,Alianza,Alianza,RDMF,29.0,350000,,26,1856,1,0.82,1,0.49,12.9,45.86,Colombia,Colombia,izquierdo,176,73,no,6.4,5.14,46.23,2.72,46.43,0.24,0.34,0.39,3.78,5.27,1.02,1,0.05,0,0.0,0.68,0.05,1,0.05,0.04,0,0.0,19,0.92,26.32,5.263,0.58,16.67,0.15,0.0,0.44,22.22,0.15,0.53,63.64,3.35,39.13,0.24,1.16,0.05,28.27,0.29,0.48,40.34,84.74,11.88,73.06,5.58,97.39,16.97,89.14,36.22,88.62,3.59,55.41,18.45,25.01,0.02,0.44,0.0,0.0,0.05,0.0,0.19,6.98,79.17,1.55,34.38,0.24,20.0,0.48,0.15,6.79,74.29,0,,0,,0,0.0,0.0,0.0,,,0.24,,0.0,0.0,0.0,0.0,0,0.0,Alianza,Colombia,ALV,COL_ALV,Defensive Midfield
D. Moreno,Medellín,Medellín,LCMF,29.0,900000,2026-06-30,33,1855,4,3.95,2,1.04,11.55,56.72,Colombia,Colombia,derecho,185,75,no,3.83,3.06,74.6,2.13,47.73,0.0,0.0,0.19,1.55,2.67,0.49,2,0.1,0,0.0,1.7,0.19,4,0.19,0.19,0,0.0,53,2.57,30.19,7.547,0.58,41.67,0.24,60.0,0.34,28.57,0.0,0.87,72.22,4.85,50.0,1.8,1.02,0.0,32.41,1.8,1.89,38.43,90.91,9.7,84.5,7.23,95.97,13.39,92.03,37.07,92.28,0.87,61.11,14.77,11.6,0.05,0.73,0.05,0.0,0.05,100.0,0.19,5.39,85.59,1.31,59.26,0.1,50.0,0.73,0.24,4.85,95.0,0,,0,,0,0.0,0.0,0.0,,,0.0,,0.49,0.34,28.57,1.12,0,0.0,Medellín,Colombia,MDL,COL_MDL,Midfield
O. Vanegas,Unión Magdalena,Unión Magdalena,RCB,29.0,400000,,20,1852,1,1.35,0,0.02,9.57,64.97,Colombia,Colombia,derecho,185,74,no,7.19,4.47,77.17,2.82,62.07,0.1,0.13,0.49,3.64,4.88,0.78,6,0.29,0,0.0,0.24,0.05,1,0.05,0.07,1,0.05,8,0.39,50.0,12.5,0.1,0.0,0.0,0.0,0.1,0.0,0.0,0.05,100.0,0.73,40.0,0.34,0.19,0.0,16.86,0.1,0.24,27.21,81.79,11.86,70.08,1.94,92.5,11.03,92.51,22.16,89.69,4.96,48.04,23.13,38.91,0.0,0.05,0.0,0.0,0.0,0.0,0.0,1.75,47.22,0.29,16.67,0.05,0.0,0.0,0.0,5.3,50.46,0,,0,,0,0.0,0.0,0.0,,,1.26,,0.05,0.05,0.0,0.0,1,0.0,Unión Magdalena,Colombia,UMG,COL_UMG,Defenders
C. De Las Salas,Atlético Bucaramanga,Atlético Bucaramanga,LB,27.0,350000,,19,1837,3,2.66,1,1.24,11.61,53.59,Colombia,Colombia,izquierdo,173,72,no,7.05,5.54,61.95,1.67,41.18,0.54,0.82,0.2,3.09,4.68,0.98,6,0.29,1,0.05,1.42,0.15,0,0.0,0.13,0,0.0,7,0.34,57.14,42.857,1.96,40.0,1.96,40.0,0.0,0.0,0.1,0.44,100.0,2.45,56.0,0.78,0.73,0.05,20.82,1.22,1.27,28.86,82.0,10.97,76.79,5.14,99.05,7.5,83.66,23.86,89.73,3.23,46.97,18.68,32.74,0.06,0.39,0.0,0.0,0.0,0.0,0.24,3.28,74.63,1.52,41.94,0.15,0.0,0.24,0.69,5.39,69.09,0,,0,,0,0.0,0.0,0.0,,,0.1,,0.0,0.0,0.0,0.05,3,100.0,Atlético Bucaramanga,Colombia,BUC,COL_BUC,Defenders
C. Romaña,Atlético Bucaramanga,Atlético Bucaramanga,RCB,25.0,400000,,24,1832,1,0.83,0,0.27,14.59,62.29,Colombia,Colombia,derecho,185,0,no,6.53,5.6,66.67,3.78,71.43,0.15,0.23,0.1,2.65,4.21,1.08,7,0.34,0,0.0,0.74,0.05,1,0.05,0.04,1,0.05,10,0.49,40.0,10.0,0.29,33.33,0.0,0.0,0.29,33.33,0.0,0.59,75.0,3.14,48.44,0.54,0.74,0.1,21.52,0.79,0.69,34.78,84.46,16.65,76.11,1.92,97.44,13.36,93.38,28.79,90.27,5.7,57.76,21.01,34.96,0.01,0.15,0.0,0.0,0.0,0.0,0.05,4.47,70.33,0.69,28.57,0.15,66.67,0.2,0.1,7.81,72.33,0,,0,,0,0.0,0.0,0.0,,,1.08,,0.0,0.0,0.0,0.0,0,0.0,Atlético Bucaramanga,Colombia,BUC,COL_BUC,Defenders
G. Charrupí,Atlético Bucaramanga,Atlético Bucaramanga,LCMF,21.0,0,2027-06-30,31,1830,0,0.67,0,0.86,14.75,51.33,Colombia,Colombia,,0,0,no,7.62,5.8,68.64,1.08,40.91,0.1,0.13,0.1,3.54,4.83,0.89,3,0.15,0,0.0,0.59,0.0,0,0.0,0.03,0,0.0,15,0.74,20.0,0.0,0.05,0.0,0.0,0.0,0.05,0.0,0.0,0.69,57.14,6.1,40.32,0.34,0.98,0.1,29.7,0.54,1.18,42.89,88.76,11.75,79.5,6.84,92.81,16.28,95.17,40.92,90.14,1.97,60.0,18.44,27.89,0.04,0.59,0.0,0.0,0.1,50.0,0.25,6.74,83.21,0.59,41.67,0.3,16.67,0.25,0.0,6.25,74.8,0,,0,,0,0.0,0.0,0.0,,,0.25,,0.15,0.0,0.0,0.2,0,0.0,Atlético Bucaramanga,Colombia,BUC,COL_BUC,Midfield
E. Aristizabal,Fortaleza,Fortaleza,CF,20.0,0,,24,1817,8,7.7,2,2.02,17.09,38.26,Colombia,Colombia,unknown,0,0,si,3.71,2.72,67.27,5.0,32.67,0.1,0.16,0.25,1.78,2.82,0.64,1,0.05,0,0.0,2.03,0.4,6,0.3,0.38,1,0.05,42,2.08,42.86,19.048,0.15,66.67,0.0,0.0,0.15,66.67,0.05,1.88,50.0,7.08,32.87,2.72,0.89,0.05,10.95,1.24,0.89,16.79,77.88,3.12,68.25,4.41,82.02,5.25,82.08,16.35,78.48,0.3,50.0,14.8,10.48,0.1,0.84,0.0,0.0,0.1,100.0,0.25,1.68,70.59,1.09,54.55,0.1,100.0,0.74,0.05,1.49,73.33,0,,0,,0,0.0,0.0,0.0,,,0.25,,0.05,0.05,0.0,0.0,2,100.0,Fortaleza,Colombia,FOZ,COL_FOZ,Forwards
E. Navarro,Once Caldas,Once Caldas,RB,26.0,450000,,19,1808,0,0.2,2,0.56,13.69,49.82,Colombia,Colombia,derecho,177,68,no,8.91,8.46,58.82,1.64,33.33,0.5,0.7,0.35,3.43,4.86,1.19,3,0.15,0,0.0,1.05,0.0,0,0.0,0.01,0,0.0,8,0.4,12.5,0.0,2.04,31.71,0.0,0.0,2.04,31.71,0.2,0.7,50.0,2.34,44.68,0.4,1.44,0.0,27.63,1.1,0.65,36.74,80.62,14.44,72.76,5.13,97.09,11.3,82.38,30.32,87.68,4.38,54.55,18.31,30.46,0.03,0.35,0.05,0.05,0.0,0.0,0.3,4.33,73.56,2.24,37.78,0.3,50.0,0.35,0.65,7.57,70.39,0,,0,,0,0.0,0.0,0.0,,,0.4,,0.1,0.0,0.0,0.0,0,0.0,Once Caldas,Colombia,ONC,COL_ONC,Defenders
C. Mosquera,Fortaleza,Fortaleza,RB,24.0,200000,,22,1805,0,0.63,2,1.6,11.82,43.88,Colombia,Colombia,derecho,172,70,no,6.43,5.58,56.25,2.44,46.94,0.0,0.0,0.35,3.29,5.01,1.0,5,0.25,1,0.05,1.65,0.0,0,0.0,0.03,0,0.0,15,0.75,6.67,0.0,2.44,46.94,0.0,0.0,2.44,46.94,0.25,0.9,44.44,3.14,26.98,1.6,1.6,0.0,22.69,1.94,0.1,30.86,76.25,9.52,65.45,5.34,88.79,10.72,78.14,25.98,82.53,2.74,41.82,19.29,38.9,0.08,0.85,0.0,0.0,0.2,25.0,0.2,3.84,59.74,2.74,56.36,0.35,14.29,0.8,0.95,6.78,75.74,0,,0,,0,0.0,0.0,0.0,,,0.4,,0.0,0.0,0.0,0.0,0,0.0,Fortaleza,Colombia,FOZ,COL_FOZ,Defenders
D. Polanco,La Equidad,La Equidad,RCB,26.0,0,2026-12-31,21,1802,0,0.04,0,0.17,10.64,55.4,Colombia,Colombia,derecho,186,82,no,7.14,5.64,61.95,1.7,47.06,0.1,0.14,0.15,3.55,4.92,1.5,7,0.35,1,0.05,0.2,0.0,0,0.0,0.0,0,0.0,3,0.15,0.0,0.0,0.1,50.0,0.0,0.0,0.1,50.0,0.0,0.2,75.0,1.5,50.0,0.2,0.8,0.15,16.18,0.2,0.35,25.87,83.01,12.39,72.98,1.55,87.1,8.94,94.41,21.68,91.01,4.1,41.46,25.86,43.61,0.01,0.15,0.0,0.0,0.0,0.0,0.05,4.5,61.11,0.55,9.09,0.3,0.0,0.15,0.05,5.09,70.59,0,,0,,0,0.0,0.0,0.0,,,0.85,,0.0,0.0,0.0,0.0,0,0.0,La Equidad,Colombia,EQU,COL_EQU,Defenders
V. Cabezas,Deportivo Pasto,Deportivo Pasto,GK,27.0,150000,,18,1801,0,0.0,0,0.0,0.9,66.67,Colombia,Colombia,izquierdo,190,79,no,1.25,0.15,33.33,0.4,87.5,0.05,0.06,0.05,1.15,1.41,0.0,2,0.1,0,0.0,0.0,0.0,0,0.0,0.0,0,0.0,0,0.0,0.0,0.0,0.0,0.0,0.0,0.0,0.0,0.0,0.0,0.0,0.0,0.15,66.67,0.0,0.0,0.0,5.35,0.1,0.15,11.19,85.27,6.55,80.92,0.0,0.0,4.0,92.5,6.7,97.01,4.45,68.54,32.38,49.31,0.0,0.0,0.0,0.0,0.0,0.0,0.0,1.2,50.0,0.0,0.0,0.1,50.0,0.0,0.0,3.55,77.46,20,1.0,66,3.3,6,69.7,16.79,0.84,-3.21,-0.16,0.0,1.8,,,,0.0,0,0.0,Deportivo Pasto,Colombia,PAS,COL_PAS,Goalkeepers
C. Sierra,Llaneros,Llaneros,LCMF,34.0,350000,,24,1788,2,3.8,0,0.17,13.54,49.81,Colombia,Colombia,izquierdo,183,0,no,7.55,4.98,70.71,2.01,45.0,0.91,1.29,0.3,3.12,4.43,1.16,5,0.25,0,0.0,1.56,0.1,2,0.1,0.19,0,0.0,49,2.47,32.65,4.082,0.4,50.0,0.15,66.67,0.2,50.0,0.0,1.01,50.0,4.23,36.9,1.81,0.65,0.0,19.78,1.01,0.81,26.78,81.2,8.1,72.05,3.42,92.65,11.78,85.9,23.36,85.99,3.02,48.33,18.81,31.21,0.01,0.2,0.1,0.0,0.15,33.33,0.05,4.58,71.43,1.21,54.17,0.2,25.0,0.45,0.15,4.63,75.0,0,,0,,0,0.0,0.0,0.0,,,0.3,,0.35,0.35,28.57,0.0,0,0.0,Llaneros,Colombia,LNR,COL_LNR,Midfield
D. Mantilla,Llaneros,Llaneros,RW,28.0,600000,2025-12-31,27,1786,2,1.55,6,3.1,15.32,43.75,Colombia,Colombia,derecho,173,70,si,4.69,5.09,57.43,1.56,32.26,0.15,0.22,0.0,1.61,2.38,1.51,7,0.35,0,0.0,1.91,0.1,2,0.1,0.08,1,0.05,12,0.6,25.0,16.667,2.32,28.26,1.16,34.78,1.16,21.74,0.45,2.27,48.89,6.75,37.31,3.07,1.51,0.2,17.79,2.27,0.96,23.03,77.68,5.09,67.33,5.95,94.07,6.35,72.22,19.65,84.62,1.16,52.17,16.51,22.87,0.16,1.11,0.05,0.0,0.0,0.0,0.55,2.02,65.0,1.36,59.26,0.0,0.0,0.86,0.66,3.17,65.08,0,,0,,0,0.0,0.0,0.0,,,0.0,,0.0,0.0,0.0,0.1,0,0.0,Llaneros,Colombia,LNR,COL_LNR,Wingers
L. Caicedo,Deportivo Pasto,Deportivo Pasto,RCB,33.0,225000,,20,1783,0,0.32,0,0.0,8.38,50.6,Ecuador,Ecuador,derecho,185,83,no,6.36,3.74,60.81,2.52,42.0,0.05,0.06,0.45,4.04,4.81,0.76,7,0.35,0,0.0,0.2,0.0,0,0.0,0.02,0,0.0,2,0.1,100.0,0.0,0.15,66.67,0.05,100.0,0.1,50.0,0.0,0.1,0.0,1.06,28.57,0.05,0.25,0.0,20.34,0.61,0.61,31.14,82.33,16.2,75.08,1.67,90.91,10.6,91.9,23.62,86.32,7.37,69.86,22.5,35.92,0.0,0.0,0.0,0.0,0.0,0.0,0.0,4.24,55.95,0.4,37.5,0.3,33.33,0.2,0.1,8.78,74.14,0,,0,,0,0.0,0.0,0.0,,,0.86,,0.05,0.0,0.0,0.0,0,0.0,Deportivo Pasto,Colombia,PAS,COL_PAS,Defenders
D. Ramírez,Boyacá Chicó,Boyacá Chicó,LW,24.0,0,,29,1774,0,1.73,4,2.18,21.56,40.47,Colombia,Colombia,derecho,161,60,no,6.65,6.39,56.35,1.47,13.79,0.05,0.08,0.1,2.99,4.55,0.91,6,0.3,0,0.0,2.69,0.0,0,0.0,0.09,0,0.0,25,1.27,20.0,0.0,1.47,41.38,0.76,40.0,0.71,42.86,0.15,4.21,40.96,11.57,35.53,0.81,2.38,0.1,20.5,1.22,2.23,29.02,82.17,8.02,70.25,5.43,94.39,9.18,85.08,24.81,87.93,2.84,50.0,15.57,28.86,0.11,1.22,0.0,0.0,0.25,40.0,0.46,3.86,63.16,2.38,55.32,0.81,18.75,0.81,0.66,3.8,89.33,0,,0,,0,0.0,0.0,0.0,,,0.05,,1.07,0.15,33.33,1.22,0,0.0,Boyacá Chicó,Colombia,BYC,COL_BYC,Wingers
E. Arango,Boyacá Chicó,Boyacá Chicó,RW,31.0,350000,,21,1773,3,2.19,0,2.54,23.5,42.33,Colombia,Colombia,derecho,173,63,no,4.67,4.42,49.43,1.32,26.92,0.05,0.08,0.0,2.44,3.9,1.27,9,0.46,2,0.1,5.13,0.15,3,0.15,0.11,0,0.0,32,1.62,40.63,9.375,3.86,35.53,0.56,36.36,3.3,35.38,0.56,6.04,50.42,15.79,41.8,1.73,3.2,0.1,25.69,2.03,2.99,33.96,83.11,7.31,79.17,8.32,92.07,10.46,76.21,28.48,91.09,1.88,51.35,16.4,23.22,0.13,1.22,0.0,0.0,0.05,100.0,0.3,3.81,82.67,3.55,50.0,0.25,20.0,0.71,1.42,4.72,89.25,0,,0,,0,0.0,0.0,0.0,,,0.15,,1.17,0.1,50.0,1.93,0,0.0,Boyacá Chicó,Colombia,BYC,COL_BYC,Wingers
A. Del Valle,Alianza,Alianza,CF,36.0,175000,,30,1762,5,4.21,2,1.73,16.55,29.01,Colombia,Colombia,derecho,175,67,no,2.45,2.71,50.94,4.44,17.24,0.41,0.61,0.0,0.66,0.99,1.33,4,0.2,0,0.0,2.04,0.26,5,0.26,0.21,2,0.1,36,1.84,36.11,13.889,0.82,43.75,0.1,0.0,0.72,50.0,0.15,1.48,55.17,7.0,29.2,1.89,0.51,0.15,9.3,1.63,1.12,13.79,76.3,2.81,49.09,4.44,91.95,3.88,77.63,12.11,80.59,0.97,47.37,15.69,12.24,0.09,0.72,0.0,0.0,0.31,66.67,0.26,1.38,44.44,1.33,46.15,0.36,57.14,0.46,0.31,1.58,67.74,0,,0,,0,0.0,0.0,0.0,,,0.0,,0.36,0.26,0.0,0.61,0,0.0,Alianza,Colombia,ALV,COL_ALV,Forwards
F. Espinal,Deportivo Pasto,Deportivo Pasto,LW,27.0,200000,,27,1756,0,1.05,1,2.42,21.37,43.65,Colombia,Colombia,izquierdo,181,74,si,5.07,5.33,48.08,2.1,41.46,0.31,0.41,0.15,2.2,2.93,1.95,8,0.41,0,0.0,4.05,0.0,0,0.0,0.05,0,0.0,31,1.59,12.9,0.0,4.97,23.71,4.41,20.93,0.56,45.45,0.62,4.46,59.77,11.48,41.96,1.54,2.67,0.46,14.04,2.41,1.49,20.24,68.1,4.0,64.1,4.92,93.75,7.84,53.59,14.2,85.92,1.44,32.14,21.82,23.55,0.12,1.23,0.0,0.0,0.0,0.0,0.56,1.23,50.0,4.31,25.0,0.1,50.0,0.21,1.28,2.51,75.51,0,,0,,0,0.0,0.0,0.0,,,0.1,,0.51,0.21,0.0,1.54,0,0.0,Deportivo Pasto,Colombia,PAS,COL_PAS,Wingers
R. Márquez,Unión Magdalena,Unión Magdalena,CF,27.0,350000,,22,1737,7,3.52,4,2.11,22.02,33.88,Colombia,Colombia,derecho,187,83,no,4.15,4.4,50.59,3.73,23.61,0.47,0.62,0.21,1.45,1.92,1.4,9,0.47,0,0.0,2.12,0.36,6,0.31,0.18,2,0.1,31,1.61,51.61,22.581,0.36,0.0,0.16,0.0,0.21,0.0,0.05,1.66,68.75,10.05,30.93,2.07,0.62,0.0,9.27,1.35,1.61,14.92,70.49,2.85,54.55,5.18,89.0,3.37,60.0,13.68,75.0,0.93,27.78,15.68,18.45,0.11,0.93,0.0,0.0,0.16,100.0,0.62,0.98,57.89,1.24,33.33,0.21,75.0,0.62,0.0,1.4,59.26,0,,0,,0,0.0,0.0,0.0,,,0.05,,0.1,0.1,50.0,0.0,1,100.0,Unión Magdalena,Colombia,UMG,COL_UMG,Forwards
J. Caicedo,Deportivo Pasto,Deportivo Pasto,RCMF,21.0,0,,23,1721,2,1.25,0,0.46,17.83,54.55,Colombia,Colombia,derecho,0,0,no,10.98,9.47,61.88,2.51,50.0,1.05,1.38,0.21,4.08,5.38,2.2,6,0.31,1,0.05,0.99,0.1,2,0.1,0.07,1,0.05,29,1.52,27.59,6.897,0.1,50.0,0.05,0.0,0.05,100.0,0.0,0.89,58.82,3.77,43.06,0.52,1.15,0.16,22.38,0.47,1.1,32.79,84.85,9.83,68.62,4.71,96.67,14.28,92.31,29.13,87.79,3.56,61.76,19.49,35.89,0.02,0.42,0.0,0.0,0.16,0.0,0.1,5.12,68.37,0.47,11.11,0.16,0.0,0.05,0.05,5.28,69.31,0,,0,,0,0.0,0.0,0.0,,,0.21,,0.0,0.0,0.0,0.05,0,0.0,Deportivo Pasto,Colombia,PAS,COL_PAS,Midfield
M. Zuleta,Once Caldas,Once Caldas,LAMF,23.0,0,,33,1720,1,2.52,5,1.81,21.35,41.91,Colombia,Colombia,derecho,170,68,no,6.33,6.96,54.89,1.78,32.35,0.47,0.69,0.05,2.04,3.01,1.47,7,0.37,0,0.0,2.83,0.05,1,0.05,0.13,0,0.0,29,1.52,20.69,3.448,1.88,19.44,1.1,28.57,0.78,6.67,0.1,4.66,46.07,11.35,36.87,1.83,2.62,0.68,20.72,2.09,1.73,28.36,80.81,7.12,77.21,6.17,95.76,8.01,77.78,25.27,86.13,1.26,66.67,16.54,20.8,0.09,1.15,0.1,0.05,0.1,0.0,0.31,2.98,80.7,2.09,32.5,0.31,16.67,0.58,0.37,3.98,71.05,0,,0,,0,0.0,0.0,0.0,,,0.05,,1.2,0.05,0.0,2.25,0,0.0,Once Caldas,Colombia,ONC,COL_ONC,Attacking Midfield
F. Ángel,Junior,Junior,LCMF,24.0,500000,,30,1713,3,1.66,1,0.58,15.45,62.59,Colombia,Colombia,derecho,176,68,no,10.88,7.57,65.97,3.68,65.71,0.63,0.94,0.74,5.25,7.81,1.26,4,0.21,0,0.0,0.89,0.16,3,0.16,0.09,1,0.05,16,0.84,25.0,18.75,0.21,50.0,0.0,0.0,0.21,50.0,0.05,0.68,76.92,2.26,51.16,0.74,0.53,0.0,26.64,0.21,0.84,35.88,87.55,11.87,79.65,3.26,91.94,15.03,94.06,31.58,90.02,4.1,70.51,18.32,29.68,0.03,0.26,0.0,0.05,0.11,50.0,0.16,4.26,82.72,0.68,46.15,0.32,33.33,0.32,0.11,4.73,63.33,0,,0,,0,0.0,0.0,0.0,,,0.32,,0.0,0.0,0.0,0.0,0,0.0,Junior,Colombia,JNR,COL_JNR,Midfield
G. Banguera,Águilas Doradas,Águilas Doradas,GK,29.0,350000,,17,1700,0,0.0,0,0.0,0.85,100.0,Colombia,Colombia,derecho,187,80,no,1.27,0.11,100.0,0.42,100.0,0.0,0.0,0.0,1.16,1.7,0.0,4,0.21,0,0.0,0.0,0.0,0,0.0,0.0,0,0.0,0,0.0,0.0,0.0,0.0,0.0,0.0,0.0,0.0,0.0,0.0,0.0,0.0,0.21,100.0,0.0,0.0,0.05,7.25,0.16,0.42,13.55,85.55,8.68,81.1,0.0,0.0,4.5,96.47,8.68,96.95,4.82,65.93,32.76,49.6,0.0,0.0,0.0,0.0,0.0,0.0,0.0,1.01,47.37,0.11,0.0,0.0,0.0,0.0,0.0,3.81,72.22,22,1.16,72,3.81,5,69.44,18.34,0.97,-3.66,-0.194,0.0,1.64,,,,0.0,0,0.0,Águilas Doradas,Colombia,AGD,COL_AGD,Goalkeepers
A. Arroyo,Fortaleza,Fortaleza,AMF,23.0,350000,,31,1700,5,3.56,0,2.02,19.96,37.93,Colombia,Colombia,derecho,171,68,no,4.92,5.03,57.89,2.75,23.08,0.32,0.44,0.11,1.69,2.34,1.38,2,0.11,1,0.05,2.17,0.26,5,0.26,0.19,0,0.0,34,1.8,32.35,14.706,1.06,45.0,0.48,55.56,0.58,36.36,0.11,1.64,61.29,9.64,33.52,2.22,1.64,0.21,23.93,1.59,1.16,31.02,84.81,6.41,71.9,6.78,96.88,10.43,83.25,28.38,88.06,1.64,54.84,18.89,17.66,0.11,1.01,0.11,0.05,0.11,100.0,0.37,4.24,65.0,1.69,62.5,0.21,50.0,0.95,0.42,3.44,86.15,0,,0,,0,0.0,0.0,0.0,,,0.05,,0.69,0.21,25.0,1.06,0,0.0,Fortaleza,Colombia,FOZ,COL_FOZ,Attacking Midfield
R. Manjarrés,Alianza,Alianza,RCMF,25.0,550000,,28,1684,1,0.75,1,1.59,17.05,47.34,Colombia,Colombia,derecho,184,68,no,7.48,6.89,48.06,1.98,59.46,0.86,1.15,0.16,3.31,4.46,2.08,7,0.37,1,0.05,1.28,0.05,1,0.05,0.04,0,0.0,16,0.86,25.0,6.25,0.96,50.0,0.64,58.33,0.32,33.33,0.21,0.91,47.06,6.36,42.86,0.59,1.07,0.0,21.22,0.64,1.18,32.33,80.5,10.58,69.7,6.09,93.86,11.33,86.32,27.1,84.81,4.28,60.0,19.14,33.9,0.08,0.75,0.0,0.0,0.21,75.0,0.27,5.5,67.96,2.24,54.76,0.53,40.0,0.8,0.48,5.67,79.25,0,,0,,0,0.0,0.0,0.0,,,0.37,,0.53,0.05,0.0,1.34,0,0.0,Alianza,Colombia,ALV,COL_ALV,Midfield
D. Camacho,Deportivo Pasto,Deportivo Pasto,RW,28.0,500000,,29,1683,3,3.52,2,1.92,14.06,40.3,Colombia,Colombia,derecho,178,72,no,5.4,5.4,50.5,1.82,38.24,0.27,0.41,0.0,2.41,3.68,1.28,5,0.27,0,0.0,1.66,0.16,3,0.16,0.19,0,0.0,28,1.5,39.29,10.714,2.3,25.58,0.0,0.0,2.25,26.19,0.05,0.96,38.89,5.35,29.0,2.73,1.28,0.21,21.28,2.19,0.8,27.81,74.42,5.56,73.08,7.38,88.41,7.81,68.49,24.55,79.52,1.02,57.89,15.27,14.08,0.1,1.07,0.0,0.0,0.21,50.0,0.48,1.93,75.0,2.25,54.76,0.21,50.0,1.12,0.59,4.22,67.09,0,,0,,0,0.0,0.0,0.0,,,0.11,,0.0,0.0,0.0,0.05,1,0.0,Deportivo Pasto,Colombia,PAS,COL_PAS,Wingers
J. Escobar,América de Cali,América de Cali,LCMF,20.0,0,,22,1679,0,0.6,1,1.2,13.19,46.75,Colombia,Colombia,derecho,0,0,no,7.13,7.02,50.38,1.66,51.61,0.48,0.74,0.11,3.11,4.77,1.77,5,0.27,0,0.0,1.45,0.0,0,0.0,0.03,0,0.0,21,1.13,23.81,0.0,1.23,52.17,0.11,100.0,1.07,45.0,0.11,0.32,66.67,3.32,33.87,0.43,0.59,0.11,39.72,0.48,0.59,52.48,86.52,15.97,71.48,8.36,96.79,19.89,91.37,45.24,90.4,6.06,63.72,19.86,35.52,0.06,0.86,0.05,0.05,0.43,75.0,0.38,9.43,77.27,2.52,61.7,0.96,72.22,1.13,0.7,9.92,80.0,0,,0,,0,0.0,0.0,0.0,,,0.8,,0.0,0.0,0.0,0.05,0,0.0,América de Cali,Colombia,AME,COL_AME,Midfield
W. Fernández,Alianza,Alianza,AMF,27.0,300000,,23,1664,2,2.37,1,1.3,16.93,42.17,Uruguay,Uruguay,izquierdo,182,77,no,5.19,4.44,53.66,2.97,50.91,0.16,0.24,0.27,2.65,3.95,1.78,6,0.32,1,0.05,1.84,0.11,2,0.11,0.13,0,0.0,28,1.51,35.71,7.143,0.87,50.0,0.54,30.0,0.27,80.0,0.16,1.3,66.67,7.25,38.06,1.24,1.14,0.22,23.42,1.24,1.03,30.83,82.28,8.87,71.34,6.76,94.4,9.79,86.74,27.1,85.43,2.97,61.82,17.67,32.26,0.07,1.08,0.0,0.11,0.11,0.0,0.22,5.3,79.59,1.84,41.18,0.22,0.0,0.49,0.32,5.46,89.11,0,,0,,0,0.0,0.0,0.0,,,0.11,,0.65,0.11,50.0,1.41,0,0.0,Alianza,Colombia,ALV,COL_ALV,Attacking Midfield
J. Navia,Junior,Junior,LB,22.0,0,,21,1657,0,0.34,0,0.59,16.89,47.91,Colombia,Colombia,izquierdo,180,72,no,8.26,7.06,64.62,2.82,40.38,0.22,0.33,0.22,3.48,5.27,1.25,5,0.27,0,0.0,1.68,0.0,0,0.0,0.02,0,0.0,6,0.33,33.33,0.0,2.23,36.59,2.17,37.5,0.0,0.0,0.05,1.74,43.75,5.49,29.7,1.09,1.41,0.05,20.31,2.5,0.49,27.81,81.25,9.23,70.0,4.94,97.8,8.8,86.42,22.98,89.13,2.66,51.02,19.27,26.44,0.03,0.33,0.11,0.05,0.05,0.0,0.22,2.88,69.81,1.79,51.52,0.05,100.0,0.16,0.81,5.59,70.87,0,,0,,0,0.0,0.0,0.0,,,0.05,,0.0,0.0,0.0,0.0,0,0.0,Junior,Colombia,JNR,COL_JNR,Defenders
J. Quiñónes,Deportivo Cali,Deportivo Cali,RCB,35.0,350000,,22,1654,2,1.43,0,0.0,8.92,68.9,Colombia,Colombia,derecho,195,84,no,6.37,3.37,66.13,4.19,75.32,0.16,0.23,0.65,3.97,5.7,0.93,7,0.38,0,0.0,0.33,0.11,2,0.11,0.08,2,0.11,11,0.6,36.36,18.182,0.05,100.0,0.0,0.0,0.05,100.0,0.0,0.05,100.0,0.27,80.0,0.82,0.11,0.0,20.73,0.16,0.27,29.11,84.67,13.06,70.42,1.36,100.0,12.73,97.44,23.34,91.61,5.71,56.19,21.12,34.66,0.0,0.0,0.0,0.0,0.0,0.0,0.05,3.48,53.13,0.22,25.0,0.54,40.0,0.11,0.05,5.55,67.65,0,,0,,0,0.0,0.0,0.0,,,1.09,,0.0,0.0,0.0,0.0,0,0.0,Deportivo Cali,Colombia,CAL,COL_CAL,Defenders
Y. Gordillo,Deportivo Cali,Deportivo Cali,RDMF,33.0,350000,2025-12-31,22,1644,0,0.27,0,0.0,14.4,54.37,Colombia,Colombia,derecho,176,73,no,10.4,8.27,64.9,2.24,34.15,1.48,2.08,0.27,3.56,5.0,2.03,6,0.33,0,0.0,0.6,0.0,0,0.0,0.01,0,0.0,9,0.49,0.0,0.0,0.49,77.78,0.16,66.67,0.33,83.33,0.05,0.38,57.14,1.64,53.33,0.38,0.27,0.0,22.5,0.22,0.6,34.22,83.04,14.18,71.04,2.79,90.2,11.66,93.43,29.62,87.06,4.11,54.67,16.99,29.95,0.0,0.0,0.0,0.0,0.0,0.0,0.0,5.15,58.51,0.99,38.89,0.22,0.0,0.05,0.33,5.47,72.0,0,,0,,0,0.0,0.0,0.0,,,0.11,,0.0,0.0,0.0,0.0,0,0.0,Deportivo Cali,Colombia,CAL,COL_CAL,Defensive Midfield
D. Mendoza,Junior,Junior,LCMF,24.0,150000,,25,1641,0,0.38,2,0.5,13.33,49.38,Colombia,Colombia,derecho,177,71,no,8.78,6.47,58.47,1.65,26.67,0.6,0.84,0.38,4.39,6.12,1.32,6,0.33,0,0.0,0.6,0.0,0,0.0,0.02,0,0.0,11,0.6,27.27,0.0,0.27,20.0,0.0,0.0,0.27,20.0,0.0,0.6,63.64,3.18,44.83,0.11,0.55,0.05,25.23,0.33,0.88,36.75,85.22,11.74,70.56,5.98,95.41,14.04,90.23,32.52,90.22,3.95,48.61,20.14,26.57,0.03,0.49,0.0,0.0,0.0,0.0,0.11,5.27,67.71,0.6,27.27,0.38,42.86,0.16,0.0,6.31,71.3,0,,0,,0,0.0,0.0,0.0,,,0.33,,0.11,0.05,100.0,0.11,0,0.0,Junior,Colombia,JNR,COL_JNR,Midfield
J. Pereira,Millonarios,Millonarios,RCMF,32.0,550000,2025-12-31,25,1638,2,1.56,1,0.94,9.07,50.3,Colombia,Colombia,derecho,182,75,no,6.32,3.46,61.9,1.15,61.9,0.44,0.66,0.11,3.74,5.6,0.88,5,0.27,2,0.11,0.77,0.11,2,0.11,0.09,0,0.0,21,1.15,28.57,9.524,0.44,25.0,0.27,20.0,0.16,33.33,0.0,0.6,45.45,2.58,36.17,0.49,0.71,0.0,33.19,0.82,0.38,43.9,89.61,13.52,81.71,5.77,98.1,17.31,92.38,39.62,92.09,3.9,71.83,18.14,29.71,0.05,0.71,0.0,0.0,0.05,100.0,0.33,7.42,86.67,1.7,45.16,0.6,36.36,0.55,0.05,6.7,82.79,0,,0,,0,0.0,0.0,0.0,,,0.22,,0.0,0.0,0.0,0.0,0,0.0,Millonarios,Colombia,MIL,COL_MIL,Midfield
Jeison Angulo,Santa Fe,Santa Fe,LB,29.0,300000,,32,1633,1,1.1,0,0.43,11.35,45.15,Colombia,Colombia,izquierdo,184,74,no,6.83,5.57,62.38,1.93,42.86,0.11,0.16,0.17,3.25,4.62,1.43,5,0.28,0,0.0,0.44,0.06,1,0.06,0.06,0,0.0,10,0.55,20.0,10.0,1.38,20.0,1.32,20.83,0.06,0.0,0.22,0.22,25.0,2.2,20.0,0.88,0.33,0.06,18.08,1.05,0.61,26.4,72.86,11.52,62.68,2.98,88.89,7.77,78.01,20.34,82.11,4.74,47.67,19.99,28.64,0.02,0.44,0.0,0.0,0.06,0.0,0.17,4.24,68.83,1.93,28.57,0.61,36.36,0.61,0.28,6.39,61.21,0,,0,,0,0.0,0.0,0.0,,,0.17,,0.0,0.0,0.0,0.06,0,0.0,Santa Fe,Colombia,STF,COL_STF,Defenders
H. Palacios,Millonarios,Millonarios,RB,32.0,1000000,2025-12-31,24,1613,2,1.09,0,1.65,13.73,55.69,Colombia,Colombia,derecho,181,78,no,6.58,5.41,67.01,2.51,53.33,0.06,0.09,0.45,2.9,4.84,1.0,5,0.28,0,0.0,1.67,0.11,2,0.11,0.06,0,0.0,9,0.5,33.33,22.222,2.34,30.95,0.0,0.0,2.34,30.95,0.45,1.45,53.85,4.52,53.09,1.9,1.28,0.33,19.86,2.46,1.34,27.01,80.79,9.32,74.85,4.18,96.0,7.31,77.86,23.71,86.59,1.06,52.63,18.04,19.35,0.09,0.67,0.06,0.0,0.0,0.0,0.45,2.34,76.19,1.73,38.71,0.06,0.0,0.5,0.95,4.58,73.17,0,,0,,0,0.0,0.0,0.0,,,0.33,,0.0,0.0,0.0,0.0,0,0.0,Millonarios,Colombia,MIL,COL_MIL,Defenders
F. Leys,América de Cali,América de Cali,RCMF,31.0,400000,2026-06-30,24,1603,1,0.61,0,0.4,14.15,57.94,Argentina,Argentina,derecho,177,70,no,8.7,7.07,63.49,2.64,51.06,1.12,1.78,0.06,3.09,4.9,1.35,7,0.39,1,0.06,0.34,0.06,1,0.06,0.03,0,0.0,16,0.9,12.5,6.25,0.17,0.0,0.06,0.0,0.11,0.0,0.0,0.56,30.0,2.53,48.89,0.17,0.51,0.11,25.66,0.45,1.01,37.11,88.96,13.19,84.68,5.05,94.44,12.58,91.96,34.19,91.79,2.75,59.18,16.79,28.29,0.02,0.22,0.0,0.0,0.06,100.0,0.06,7.13,78.74,0.9,56.25,0.11,50.0,0.39,0.11,6.57,82.91,0,,0,,0,0.0,0.0,0.0,,,0.84,,0.0,0.0,0.0,0.06,0,0.0,América de Cali,Colombia,AME,COL_AME,Midfield
Jhojan Escobar,Llaneros,Llaneros,LB,25.0,0,,27,1597,0,0.82,0,0.5,16.85,52.51,Colombia,Colombia,izquierdo,175,0,si,7.55,5.69,73.27,3.44,40.98,0.34,0.47,0.11,3.04,4.26,1.01,5,0.28,0,0.0,1.86,0.0,0,0.0,0.05,0,0.0,11,0.62,18.18,0.0,1.86,33.33,1.69,36.67,0.17,0.0,0.11,2.2,51.28,5.52,41.84,0.9,2.03,0.39,18.26,2.31,0.85,27.45,76.59,11.27,66.5,4.45,92.41,6.31,87.5,22.88,83.99,2.82,46.0,17.57,23.13,0.03,0.17,0.0,0.0,0.0,0.0,0.06,2.71,60.42,1.86,57.58,0.11,50.0,0.56,0.51,5.92,65.71,0,,0,,0,0.0,0.0,0.0,,,0.39,,0.0,0.0,0.0,0.17,0,0.0,Llaneros,Colombia,LNR,COL_LNR,Defenders
D. Ruíz,Fortaleza,Fortaleza,LB,27.0,150000,,20,1597,1,0.35,1,1.56,9.52,48.52,Colombia,Colombia,derecho,0,0,no,6.99,4.11,64.38,1.97,48.57,0.39,0.58,0.23,3.94,5.85,0.79,6,0.34,0,0.0,0.96,0.06,1,0.06,0.02,0,0.0,5,0.28,20.0,20.0,1.47,34.62,0.45,50.0,1.01,27.78,0.17,0.62,63.64,2.48,34.09,0.23,0.62,0.06,20.4,0.68,0.11,30.71,79.45,11.61,71.84,4.51,93.75,10.03,83.71,24.63,86.73,4.73,54.76,20.35,32.15,0.09,0.73,0.0,0.06,0.06,0.0,0.23,5.35,66.32,1.63,41.38,0.17,33.33,0.23,0.51,6.65,72.03,0,,0,,0,0.0,0.0,0.0,,,1.01,,0.73,0.0,0.0,1.75,0,0.0,Fortaleza,Colombia,FOZ,COL_FOZ,Defenders
J. Castaño,Once Caldas,Once Caldas,RCB,27.0,0,,24,1592,1,0.27,0,0.02,16.06,61.97,Colombia,Colombia,unknown,0,0,no,12.55,7.18,75.59,5.65,53.0,0.9,1.28,1.24,6.22,8.78,0.96,6,0.34,1,0.06,0.28,0.06,1,0.06,0.02,1,0.06,3,0.17,66.67,33.333,0.28,40.0,0.11,50.0,0.17,33.33,0.0,0.23,25.0,1.07,42.11,0.11,0.17,0.06,16.51,0.68,0.4,28.89,77.89,14.08,69.48,2.71,91.67,9.95,86.93,23.52,84.38,5.14,49.45,21.58,34.24,0.0,0.11,0.0,0.0,0.0,0.0,0.0,3.17,66.07,0.4,28.57,0.0,0.0,0.0,0.11,7.01,57.26,0,,0,,0,0.0,0.0,0.0,,,1.81,,0.0,0.0,0.0,0.0,0,0.0,Once Caldas,Colombia,ONC,COL_ONC,Defenders
E. Peralta Villamayor,Boyacá Chicó,Boyacá Chicó,RCB,24.0,0,,17,1571,0,0.33,0,0.21,10.88,60.0,Paraguay,Paraguay,,0,0,no,8.88,5.84,72.55,2.69,42.55,0.34,0.5,0.74,4.3,6.3,0.92,4,0.23,0,0.0,0.06,0.0,0,0.0,0.02,0,0.0,3,0.17,0.0,0.0,0.06,0.0,0.0,0.0,0.06,0.0,0.0,0.11,50.0,0.29,40.0,0.4,0.23,0.0,16.56,0.17,0.4,30.02,84.16,12.6,71.36,0.69,83.33,14.26,95.98,23.83,89.9,6.13,62.62,23.88,36.64,0.01,0.11,0.0,0.0,0.0,0.0,0.06,3.49,55.74,0.06,0.0,0.0,0.0,0.06,0.0,6.76,67.8,0,,0,,0,0.0,0.0,0.0,,,0.4,,0.0,0.0,0.0,0.0,0,0.0,Boyacá Chicó,Colombia,BYC,COL_BYC,Defenders
Y. Moreno,Junior,Junior,RB,21.0,0,,21,1567,0,0.5,2,2.21,13.1,49.56,Colombia,Colombia,derecho,184,76,no,8.62,5.63,65.31,1.9,57.58,0.34,0.52,0.29,4.59,6.98,0.52,2,0.11,0,0.0,1.78,0.0,0,0.0,0.03,0,0.0,10,0.57,20.0,0.0,3.45,35.0,0.0,0.0,3.45,35.0,0.29,1.26,36.36,3.91,29.41,0.8,0.92,0.11,22.0,2.18,0.52,30.84,77.09,10.28,65.92,4.71,96.34,10.51,78.69,25.27,86.36,2.24,35.9,19.01,30.35,0.13,0.57,0.06,0.06,0.06,0.0,0.29,4.08,64.79,2.81,40.82,0.17,0.0,0.23,1.21,7.01,69.67,0,,0,,0,0.0,0.0,0.0,,,0.52,,0.0,0.0,0.0,0.0,0,0.0,Junior,Colombia,JNR,COL_JNR,Defenders
L. Flores,Atlético Bucaramanga,Atlético Bucaramanga,LCMF,30.0,400000,,30,1562,4,1.72,2,2.33,14.98,53.08,Venezuela,Venezuela,izquierdo,176,70,no,7.84,6.57,63.16,1.84,53.13,0.58,0.91,0.23,3.11,4.91,0.98,5,0.29,3,0.17,2.13,0.23,4,0.23,0.1,0,0.0,20,1.15,45.0,20.0,1.96,44.12,1.44,44.0,0.4,42.86,0.06,1.15,55.0,4.9,45.88,1.09,1.44,0.0,32.78,1.21,1.5,46.04,79.22,16.88,68.94,6.63,94.78,15.85,85.45,38.78,83.8,5.3,58.7,18.79,33.97,0.13,1.44,0.0,0.0,0.23,50.0,0.4,9.33,77.78,3.23,55.36,0.69,50.0,1.09,0.75,10.37,76.67,0,,0,,0,0.0,0.0,0.0,,,0.23,,0.81,0.0,0.0,1.61,0,0.0,Atlético Bucaramanga,Colombia,BUC,COL_BUC,Midfield
S. Merheg,Deportivo Pereira,Deportivo Pereira,CF,18.0,0,,23,1558,4,4.45,2,0.62,22.24,31.69,Colombia,Colombia,derecho,186,0,no,4.16,4.27,54.05,7.22,33.6,0.23,0.34,0.12,1.62,2.39,1.91,5,0.29,0,0.0,1.33,0.23,4,0.23,0.26,0,0.0,25,1.44,44.0,16.0,0.17,66.67,0.06,100.0,0.12,50.0,0.06,1.5,38.46,7.11,23.58,2.66,0.69,0.0,7.97,1.27,0.75,9.99,78.03,2.25,58.97,2.43,92.86,3.06,79.25,9.42,79.14,0.4,57.14,14.99,8.82,0.04,0.35,0.0,0.06,0.12,0.0,0.12,0.98,52.94,0.35,33.33,0.17,33.33,0.29,0.12,0.58,70.0,0,,0,,0,0.0,0.0,0.0,,,0.0,,0.0,0.0,0.0,0.0,0,0.0,Deportivo Pereira,Colombia,PER,COL_PER,Forwards
D. Ramírez,Santa Fe,Santa Fe,CB,23.0,450000,,22,1550,0,0.85,0,0.0,13.47,59.05,Colombia,Colombia,izquierdo,190,80,no,9.99,7.55,66.15,3.37,56.9,0.35,0.53,0.58,4.65,7.02,1.45,4,0.23,0,0.0,0.29,0.0,0,0.0,0.05,0,0.0,8,0.46,0.0,0.0,0.12,0.0,0.12,0.0,0.0,0.0,0.0,0.35,66.67,0.58,50.0,0.81,0.46,0.0,18.64,0.17,0.06,31.12,85.82,12.14,74.64,1.22,95.24,14.81,93.73,27.12,90.58,3.89,55.22,23.02,34.86,0.0,0.0,0.0,0.0,0.12,50.0,0.0,3.6,74.19,0.29,0.0,0.12,100.0,0.06,0.06,5.81,69.0,0,,0,,0,0.0,0.0,0.0,,,0.87,,0.0,0.0,0.0,0.0,0,0.0,Santa Fe,Colombia,STF,COL_STF,Defenders
J. Ramos,Águilas Doradas,Águilas Doradas,CF,32.0,200000,,23,1545,3,5.01,2,0.34,25.34,45.52,Colombia,Colombia,derecho,183,73,no,3.44,2.97,60.78,15.55,46.82,0.47,0.76,0.12,1.17,1.89,1.57,6,0.35,0,0.0,0.93,0.17,2,0.12,0.29,1,0.06,31,1.81,29.03,9.677,0.35,33.33,0.06,100.0,0.29,20.0,0.0,0.29,60.0,3.73,35.94,3.32,0.0,0.0,5.77,1.81,1.34,10.83,72.58,1.98,64.71,2.62,86.67,3.73,65.63,10.08,75.72,0.47,37.5,14.19,9.39,0.02,0.41,0.0,0.0,0.12,100.0,0.23,1.05,66.67,0.64,36.36,0.12,100.0,0.52,0.06,1.11,68.42,0,,0,,0,0.0,0.0,0.0,,,0.0,,0.0,0.0,0.0,0.0,1,100.0,Águilas Doradas,Colombia,AGD,COL_AGD,Forwards
M. Martínez,Unión Magdalena,Unión Magdalena,CF,27.0,400000,,28,1540,2,4.52,1,0.56,18.58,41.51,Colombia,Colombia,derecho,175,70,si,3.33,3.33,56.14,5.14,39.77,0.41,0.6,0.12,1.05,1.55,1.11,3,0.18,1,0.06,1.87,0.12,2,0.12,0.26,1,0.06,31,1.81,45.16,6.452,0.58,10.0,0.35,0.0,0.23,25.0,0.06,1.69,55.17,7.66,39.69,2.69,0.58,0.06,10.99,1.93,2.51,14.55,79.12,3.1,66.04,4.44,90.79,3.74,71.88,13.27,84.14,0.82,35.71,13.24,10.27,0.03,0.58,0.0,0.0,0.23,25.0,0.18,1.87,81.25,0.58,40.0,0.41,14.29,0.41,0.06,1.69,65.52,0,,0,,0,0.0,0.0,0.0,,,0.0,,0.0,0.0,0.0,0.12,0,0.0,Unión Magdalena,Colombia,UMG,COL_UMG,Forwards
J. Largacha,Deportivo Pereira,Deportivo Pereira,RAMF,21.0,0,2027-12-31,24,1538,1,1.92,2,1.41,20.01,40.94,Colombia,Colombia,derecho,168,58,si,4.62,5.03,58.14,2.93,38.0,0.53,0.8,0.0,1.17,1.78,1.46,6,0.35,1,0.06,2.69,0.06,1,0.06,0.11,0,0.0,33,1.93,30.3,3.03,3.39,17.24,0.35,0.0,2.98,17.65,0.41,3.04,50.0,9.54,34.36,3.04,1.05,0.0,15.51,1.58,0.94,19.84,68.44,3.98,64.71,4.8,91.46,5.91,51.49,15.04,82.88,1.58,40.74,18.92,26.63,0.08,0.41,0.12,0.0,0.06,0.0,0.23,2.05,54.29,2.28,35.9,0.23,25.0,0.53,0.53,2.63,82.22,0,,0,,0,0.0,0.0,0.0,,,0.18,,0.0,0.0,0.0,0.82,0,0.0,Deportivo Pereira,Colombia,PER,COL_PER,Attacking Midfield
J. Melendez,Santa Fe,Santa Fe,RB,23.0,600000,2026-06-30,29,1533,2,1.13,0,0.67,16.09,55.84,Colombia,Colombia,derecho,182,73,no,10.04,7.75,67.42,2.29,53.85,0.7,0.98,0.23,4.11,5.74,1.06,6,0.35,0,0.0,1.41,0.12,1,0.06,0.07,0,0.0,6,0.35,33.33,33.333,1.17,25.0,0.0,0.0,1.17,25.0,0.0,1.47,64.0,4.52,42.86,0.76,1.17,0.18,17.03,1.17,0.35,27.83,78.69,11.27,72.4,3.76,87.5,8.22,80.0,23.31,84.63,3.41,55.17,19.26,28.07,0.04,0.53,0.06,0.0,0.06,100.0,0.18,4.64,68.35,1.82,45.16,0.47,62.5,0.7,0.29,6.52,71.17,0,,0,,0,0.0,0.0,0.0,,,0.18,,0.0,0.0,0.0,0.06,1,100.0,Santa Fe,Colombia,STF,COL_STF,Defenders
J. Herrera,Atlético Huila,Atlético Huila,LB,29.0,100000,,20,1532,0,0.27,1,2.12,14.04,52.3,Colombia,Colombia,izquierdo,177,67,no,8.58,5.23,67.42,2.11,50.0,0.53,0.71,0.18,4.52,6.06,1.06,5,0.29,0,0.0,1.88,0.0,0,0.0,0.02,0,0.0,16,0.94,37.5,0.0,2.7,32.61,2.7,32.61,0.0,0.0,0.29,1.76,36.67,4.64,32.91,0.23,0.94,0.0,17.86,1.53,0.94,27.55,77.61,10.22,70.69,4.82,90.24,7.99,77.21,21.68,86.45,3.35,52.63,20.03,27.55,0.12,0.76,0.06,0.0,0.0,0.0,0.29,3.94,68.66,2.29,46.15,0.29,40.0,0.29,1.0,5.99,70.59,0,,0,,0,0.0,0.0,0.0,,,0.41,,0.94,0.12,0.0,0.53,0,0.0,Atlético Huila,Colombia,HUI,COL_HUI,Defenders
N. Gil,Deportivo Pasto,Deportivo Pasto,LCB,28.0,500000,,16,1532,1,1.04,0,0.18,17.45,64.98,Colombia,Colombia,izquierdo,182,77,no,9.81,8.34,74.65,4.58,64.1,0.23,0.37,0.41,3.35,5.23,0.82,4,0.23,1,0.06,0.59,0.06,1,0.06,0.06,0,0.0,11,0.65,27.27,9.091,0.23,50.0,0.18,33.33,0.06,100.0,0.0,0.29,100.0,2.06,48.57,1.12,1.12,0.12,22.97,0.59,0.53,36.66,84.46,18.74,76.8,2.58,95.45,10.81,92.39,29.67,91.49,6.76,54.78,21.08,38.58,0.01,0.23,0.0,0.0,0.06,0.0,0.18,6.29,70.09,0.76,46.15,0.12,0.0,0.41,0.18,8.93,73.03,0,,0,,0,0.0,0.0,0.0,,,0.65,,0.0,0.0,0.0,0.0,0,0.0,Deportivo Pasto,Colombia,PAS,COL_PAS,Defenders
Kelvin Flórez,Fortaleza,Fortaleza,LW,21.0,0,,27,1532,3,3.11,2,1.5,19.56,42.64,Colombia,Colombia,derecho,177,64,si,7.11,5.29,60.0,1.35,26.09,0.35,0.54,0.18,3.58,5.46,0.59,4,0.23,1,0.06,3.52,0.18,3,0.18,0.18,1,0.06,39,2.29,25.64,7.692,1.7,24.14,0.94,18.75,0.7,33.33,0.23,4.88,50.6,11.28,38.02,3.58,3.05,0.18,16.98,2.35,1.53,20.91,74.16,4.52,66.23,5.58,94.74,6.58,67.86,17.86,80.59,1.47,52.0,17.28,17.89,0.09,0.7,0.12,0.0,0.06,100.0,0.29,1.76,50.0,1.76,50.0,0.18,0.0,0.94,0.47,2.88,71.43,0,,0,,0,0.0,0.0,0.0,,,0.12,,0.06,0.0,0.0,0.18,0,0.0,Fortaleza,Colombia,FOZ,COL_FOZ,Wingers
C. Hinestroza,Fortaleza,Fortaleza,LB,35.0,100000,,25,1526,0,1.06,2,1.51,14.8,43.82,Colombia,Colombia,izquierdo,172,71,no,6.96,5.48,60.22,3.13,33.96,0.29,0.53,0.06,3.36,6.06,1.18,2,0.12,0,0.0,2.01,0.0,0,0.0,0.06,0,0.0,8,0.47,25.0,0.0,3.6,32.79,3.54,31.67,0.06,100.0,0.35,1.24,52.38,4.31,31.51,0.53,1.06,0.29,25.66,2.48,0.88,37.1,76.15,12.5,69.81,5.9,95.0,11.26,72.77,30.26,83.82,3.6,52.46,19.89,33.43,0.09,1.06,0.0,0.0,0.12,50.0,0.47,4.01,72.06,3.42,37.93,0.29,20.0,0.59,1.12,8.55,69.66,0,,0,,0,0.0,0.0,0.0,,,0.18,,0.65,0.12,50.0,0.41,1,0.0,Fortaleza,Colombia,FOZ,COL_FOZ,Defenders
S. Giordana,Millonarios,Millonarios,CF,30.0,700000,2026-12-31,39,1523,4,4.7,3,1.0,17.55,40.4,Argentina,Argentina,derecho,177,73,no,4.2,3.96,49.25,3.9,37.88,0.41,0.67,0.06,1.83,2.98,1.71,7,0.41,1,0.06,2.13,0.24,4,0.24,0.28,2,0.12,41,2.42,34.15,9.756,1.18,15.0,0.53,22.22,0.65,9.09,0.12,1.95,45.45,6.26,34.91,3.6,0.83,0.06,11.76,1.3,1.42,15.72,69.17,3.43,50.0,3.72,90.48,4.37,67.57,13.77,73.82,0.83,64.29,18.09,10.54,0.06,0.95,0.06,0.06,0.24,100.0,0.35,1.65,60.71,1.36,13.04,0.24,100.0,0.65,0.3,1.6,70.37,0,,0,,0,0.0,0.0,0.0,,,0.0,,0.0,0.0,0.0,0.06,1,0.0,Millonarios,Colombia,MIL,COL_MIL,Forwards
J. Martínez,Junior,Junior,GK,32.0,350000,2026-12-31,16,1521,0,0.0,0,0.0,1.12,94.74,Colombia,Colombia,derecho,188,85,no,1.18,0.12,50.0,0.65,100.0,0.0,0.0,0.0,1.12,1.74,0.0,2,0.12,0,0.0,0.0,0.0,0,0.0,0.0,0,0.0,0,0.0,0.0,0.0,0.0,0.0,0.0,0.0,0.0,0.0,0.0,0.0,0.0,0.12,100.0,0.0,0.0,0.0,8.05,0.3,0.24,14.02,84.81,8.22,75.54,0.0,0.0,5.15,97.7,10.06,97.65,3.91,53.03,33.9,51.52,0.0,0.0,0.0,0.0,0.0,0.0,0.0,1.07,33.33,0.18,33.33,0.0,0.0,0.06,0.0,3.31,73.21,14,0.83,73,4.32,5,80.82,17.55,1.04,3.55,0.21,0.0,1.48,,,,0.0,0,0.0,Junior,Colombia,JNR,COL_JNR,Goalkeepers
B. Agrón,Envigado,Envigado,LCB,24.0,450000,,18,1513,0,0.34,0,0.08,11.54,60.31,Colombia,Colombia,izquierdo,184,0,no,8.45,5.95,67.0,1.9,56.25,0.54,0.72,0.36,3.93,5.29,0.65,2,0.12,1,0.06,0.77,0.0,0,0.0,0.02,0,0.0,8,0.48,25.0,0.0,0.12,0.0,0.06,0.0,0.06,0.0,0.0,0.95,68.75,2.44,46.34,0.48,0.83,0.06,19.57,0.59,0.59,32.06,82.19,14.1,73.0,2.86,97.92,10.71,88.89,27.12,90.35,4.94,37.35,20.7,36.27,0.0,0.18,0.0,0.0,0.06,0.0,0.06,3.99,61.19,0.65,36.36,0.3,20.0,0.36,0.0,6.78,57.02,0,,0,,0,0.0,0.0,0.0,,,1.73,,0.0,0.0,0.0,0.0,0,0.0,Envigado,Colombia,ENV,COL_ENV,Defenders
J. Murillo,Unión Magdalena,Unión Magdalena,RB,32.0,150000,,18,1507,0,0.29,0,0.4,11.11,56.45,Colombia,Colombia,derecho,178,75,no,7.23,5.43,65.93,1.55,53.85,0.42,0.53,0.24,3.22,4.12,0.84,3,0.18,0,0.0,1.02,0.0,0,0.0,0.02,0,0.0,8,0.48,0.0,0.0,1.55,34.62,0.18,33.33,1.31,36.36,0.12,0.54,88.89,2.63,50.0,0.48,1.19,0.12,20.72,1.31,0.66,29.5,83.0,13.44,76.0,3.52,96.61,7.47,87.2,25.08,89.05,2.99,54.0,19.02,30.33,0.02,0.48,0.0,0.06,0.0,0.0,0.18,3.34,83.93,1.37,47.83,0.0,0.0,0.12,0.54,7.41,77.42,0,,0,,0,0.0,0.0,0.0,,,0.84,,0.0,0.0,0.0,0.0,0,0.0,Unión Magdalena,Colombia,UMG,COL_UMG,Defenders
K. Armesto,Llaneros,Llaneros,GK,27.0,350000,,15,1503,0,0.0,0,0.0,0.72,91.67,Colombia,Colombia,derecho,0,0,no,1.74,0.06,100.0,0.42,100.0,0.0,0.0,0.0,1.68,2.44,0.0,0,0.0,0,0.0,0.0,0.0,0,0.0,0.0,0,0.0,0,0.0,0.0,0.0,0.0,0.0,0.0,0.0,0.0,0.0,0.0,0.0,0.0,0.06,100.0,0.0,0.0,0.0,12.04,0.36,0.06,19.64,87.8,11.32,80.42,0.0,0.0,7.9,99.24,12.34,98.06,7.19,71.67,34.61,49.53,0.0,0.0,0.0,0.0,0.0,0.0,0.0,2.1,45.71,0.06,0.0,0.06,0.0,0.0,0.0,5.21,80.46,23,1.38,66,3.95,1,65.15,25.62,1.53,2.62,0.157,0.0,1.8,,,,0.0,0,0.0,Llaneros,Colombia,LNR,COL_LNR,Goalkeepers
A. Ricaurte,Fortaleza,Fortaleza,AMF,33.0,300000,,29,1502,2,1.03,2,1.91,12.16,45.32,Colombia,Colombia,izquierdo,182,75,no,4.91,3.66,55.74,1.32,36.36,0.54,0.89,0.12,2.34,3.84,1.32,3,0.18,1,0.06,1.38,0.12,2,0.12,0.06,0,0.0,18,1.08,27.78,11.111,1.14,52.63,0.72,50.0,0.42,57.14,0.12,0.6,40.0,5.93,41.41,0.6,1.08,0.06,38.53,0.9,1.92,48.6,82.86,15.1,66.27,10.31,96.51,17.02,87.68,40.99,88.74,6.47,50.93,19.92,31.16,0.11,1.68,0.0,0.0,0.54,44.44,0.36,10.25,67.84,5.39,42.22,1.74,34.48,1.74,0.66,8.51,80.28,0,,0,,0,0.0,0.0,0.0,,,0.6,,0.78,0.06,0.0,2.34,0,0.0,Fortaleza,Colombia,FOZ,COL_FOZ,Attacking Midfield
Y. Guzmán,Fortaleza,Fortaleza,AMF,27.0,2600000,2025-12-31,16,1501,3,4.46,2,3.73,10.25,39.77,Colombia,Colombia,derecho,170,61,no,2.52,2.34,56.41,0.84,28.57,0.12,0.19,0.0,1.08,1.67,0.42,2,0.12,1,0.06,2.34,0.18,1,0.06,0.27,0,0.0,44,2.64,29.55,6.818,1.92,46.88,0.54,55.56,1.32,45.45,0.3,1.26,47.62,5.7,34.74,2.46,2.88,0.06,45.87,2.4,1.08,53.6,88.37,16.49,81.82,10.01,95.81,16.79,88.93,46.83,91.55,4.86,74.07,17.76,35.68,0.22,2.16,0.12,0.0,0.42,14.29,0.6,10.79,84.44,4.2,61.43,1.2,40.0,1.92,1.2,9.71,91.36,0,,0,,0,0.0,0.0,0.0,,,0.12,,1.5,0.6,20.0,4.44,3,66.667,Fortaleza,Colombia,FOZ,COL_FOZ,Attacking Midfield
R. Colpa,Unión Magdalena,Unión Magdalena,LDMF,30.0,400000,,26,1487,2,1.03,0,0.34,12.77,48.34,Colombia,Colombia,derecho,180,76,si,7.51,6.29,54.81,3.03,50.0,0.36,0.52,0.18,3.69,5.24,1.27,7,0.42,1,0.06,0.61,0.12,2,0.12,0.06,2,0.12,10,0.61,60.0,20.0,0.18,66.67,0.12,50.0,0.06,100.0,0.06,0.3,40.0,2.24,27.03,0.79,0.42,0.12,20.76,0.42,0.61,31.84,84.03,9.87,74.85,3.75,87.1,12.53,90.82,29.78,85.37,1.88,64.52,16.06,17.07,0.02,0.24,0.0,0.0,0.0,0.0,0.12,3.75,74.19,0.24,75.0,0.06,0.0,0.24,0.06,4.9,61.73,0,,0,,0,0.0,0.0,0.0,,,0.18,,0.0,0.0,0.0,0.0,0,0.0,Unión Magdalena,Colombia,UMG,COL_UMG,Defensive Midfield
J. Garcia,Atlético Bucaramanga,Atlético Bucaramanga,LCB,22.0,0,2025-12-31,17,1479,0,0.49,1,0.63,12.11,59.3,Colombia,Colombia,unknown,188,0,si,8.52,4.69,67.53,4.5,45.95,0.06,0.1,0.85,5.29,8.47,1.28,3,0.18,0,0.0,0.67,0.0,0,0.0,0.03,0,0.0,8,0.49,12.5,0.0,0.3,40.0,0.3,40.0,0.0,0.0,0.0,0.49,87.5,1.16,57.89,0.79,0.55,0.0,23.49,0.49,0.49,36.09,83.31,18.99,78.53,2.37,89.74,10.65,88.57,30.79,89.33,4.99,48.78,21.28,42.26,0.04,0.24,0.06,0.06,0.06,100.0,0.18,4.26,64.29,0.43,42.86,0.12,50.0,0.37,0.12,9.07,63.76,0,,0,,0,0.0,0.0,0.0,,,1.4,,0.0,0.0,0.0,0.0,0,0.0,Atlético Bucaramanga,Colombia,BUC,COL_BUC,Defenders
S. Jiménez,Deportivo Pasto,Deportivo Pasto,RB,27.0,350000,,22,1478,0,0.13,0,1.01,15.83,56.15,Colombia,Colombia,derecho,180,70,no,9.19,7.12,68.38,2.74,48.89,0.55,0.88,0.24,3.78,6.08,1.1,8,0.49,0,0.0,1.64,0.0,0,0.0,0.01,0,0.0,11,0.67,9.09,0.0,2.01,24.24,0.12,50.0,1.89,22.58,0.12,1.46,66.67,3.84,39.68,0.61,1.64,0.18,25.03,1.46,0.73,37.57,76.5,16.32,71.64,4.99,89.02,10.23,77.38,29.59,84.57,6.09,55.0,19.2,35.57,0.06,0.79,0.12,0.0,0.18,66.67,0.18,7.55,65.32,1.77,37.93,0.43,28.57,0.37,0.37,9.01,73.65,0,,0,,0,0.0,0.0,0.0,,,0.49,,0.0,0.0,0.0,0.06,0,0.0,Deportivo Pasto,Colombia,PAS,COL_PAS,Defenders
D. Alfonzo,Águilas Doradas,Águilas Doradas,RB,25.0,900000,2026-12-31,18,1476,0,0.46,1,1.18,18.23,57.86,Venezuela,Venezuela,derecho,178,72,si,12.13,10.3,66.27,1.77,48.28,0.49,0.74,0.06,4.82,7.34,1.83,6,0.37,0,0.0,1.65,0.0,0,0.0,0.03,0,0.0,11,0.67,9.09,0.0,2.32,42.11,0.0,0.0,2.32,42.11,0.06,1.16,52.63,4.27,38.57,0.73,1.22,0.0,21.46,1.89,0.85,31.65,74.57,12.01,60.41,4.57,97.33,9.51,80.13,25.55,82.1,3.9,45.31,19.39,35.13,0.07,0.49,0.0,0.0,0.0,0.0,0.12,4.33,63.38,2.13,45.71,0.3,0.0,0.37,0.85,7.38,66.94,0,,0,,0,0.0,0.0,0.0,,,0.3,,0.06,0.0,0.0,0.0,0,0.0,Águilas Doradas,Colombia,AGD,COL_AGD,Defenders
B. Montaño,La Equidad,La Equidad,LCB,23.0,450000,,17,1473,0,0.15,0,0.01,7.76,55.91,Colombia,Colombia,izquierdo,188,80,no,5.99,2.99,73.47,2.26,54.05,0.0,0.0,0.31,3.79,5.1,0.55,2,0.12,1,0.06,0.12,0.0,0,0.0,0.01,0,0.0,2,0.12,0.0,0.0,0.12,50.0,0.12,50.0,0.0,0.0,0.0,0.24,25.0,1.1,22.22,0.18,0.37,0.06,23.22,0.31,0.06,35.01,84.64,17.47,74.83,2.51,92.68,11.55,94.71,28.96,91.98,5.93,49.48,20.6,35.45,0.0,0.12,0.0,0.0,0.0,0.0,0.06,4.95,66.67,0.55,55.56,0.18,33.33,0.18,0.12,7.64,76.8,0,,0,,0,0.0,0.0,0.0,,,1.71,,0.0,0.0,0.0,0.0,0,0.0,La Equidad,Colombia,EQU,COL_EQU,Defenders
H. Mancilla,Águilas Doradas,Águilas Doradas,LCMF,33.0,75000,,22,1469,0,0.18,0,0.02,15.99,50.19,Colombia,Colombia,derecho,174,80,no,8.09,7.78,59.84,2.63,53.49,0.49,0.64,0.43,2.94,3.83,1.96,9,0.55,2,0.12,0.43,0.0,0,0.0,0.01,0,0.0,3,0.18,33.33,0.0,0.06,100.0,0.0,0.0,0.06,100.0,0.0,0.86,35.71,3.61,30.51,0.18,0.25,0.06,18.2,0.31,0.98,27.26,82.92,10.91,76.4,2.82,95.65,9.56,87.18,24.26,86.62,2.94,52.08,19.89,28.62,0.0,0.18,0.0,0.06,0.12,0.0,0.06,4.47,68.49,0.55,55.56,0.31,20.0,0.25,0.06,4.35,67.61,0,,0,,0,0.0,0.0,0.0,,,0.31,,0.0,0.0,0.0,0.0,0,0.0,Águilas Doradas,Colombia,AGD,COL_AGD,Midfield
K. Cuesta,Once Caldas,Once Caldas,LCB,25.0,0,,17,1469,1,0.56,0,0.13,11.82,57.51,Colombia,Colombia,,0,0,no,7.05,5.02,67.07,4.53,51.35,0.0,0.0,0.49,3.68,5.56,1.53,7,0.43,0,0.0,0.25,0.06,1,0.06,0.03,0,0.0,5,0.31,60.0,20.0,0.0,0.0,0.0,0.0,0.0,0.0,0.0,0.12,50.0,0.74,25.0,0.49,0.0,0.0,21.14,0.37,0.12,31.67,85.49,12.99,74.06,2.63,95.35,13.11,94.39,27.51,90.65,4.17,51.47,24.08,45.8,0.01,0.06,0.0,0.06,0.06,0.0,0.0,3.74,47.54,0.55,0.0,0.18,0.0,0.0,0.0,6.07,63.64,0,,0,,0,0.0,0.0,0.0,,,2.08,,0.0,0.0,0.0,0.0,0,0.0,Once Caldas,Colombia,ONC,COL_ONC,Defenders
J. Bermúdez,Deportivo Pereira,Deportivo Pereira,LDMF,24.0,0,2026-12-31,23,1452,0,0.41,2,0.64,14.13,55.7,Colombia,Colombia,,0,0,no,8.18,8.0,60.47,1.3,33.33,0.56,0.79,0.25,2.79,3.94,1.43,4,0.25,1,0.06,0.68,0.0,0,0.0,0.03,0,0.0,8,0.5,37.5,0.0,0.31,40.0,0.12,100.0,0.19,0.0,0.0,0.74,50.0,2.79,55.56,0.31,0.87,0.06,25.35,0.25,1.36,35.64,86.61,11.03,75.28,5.76,90.32,12.46,93.53,33.16,89.35,2.17,51.43,17.21,23.47,0.04,0.87,0.0,0.0,0.06,0.0,0.31,5.64,82.42,1.36,45.45,0.19,0.0,0.43,0.12,5.39,81.61,0,,0,,0,0.0,0.0,0.0,,,0.12,,0.0,0.0,0.0,0.0,0,0.0,Deportivo Pereira,Colombia,PER,COL_PER,Defensive Midfield
K. Tamayo,Once Caldas,Once Caldas,LB,25.0,0,,17,1451,0,0.73,0,0.62,12.22,57.36,Colombia,Colombia,izquierdo,0,0,si,7.13,4.78,62.34,1.8,58.62,0.5,0.67,0.31,3.66,4.97,0.56,6,0.37,0,0.0,2.29,0.0,0,0.0,0.05,0,0.0,13,0.81,30.77,0.0,2.11,32.35,2.11,32.35,0.0,0.0,0.12,1.8,75.86,4.34,57.14,1.05,1.55,0.06,22.83,1.49,0.74,32.13,78.57,12.72,73.66,4.47,90.28,8.06,73.85,27.29,85.0,2.98,52.08,17.45,31.68,0.04,0.56,0.0,0.0,0.0,0.0,0.19,4.4,71.83,2.05,33.33,0.25,25.0,0.31,0.5,6.14,70.71,0,,0,,0,0.0,0.0,0.0,,,0.31,,0.06,0.0,0.0,0.06,0,0.0,Once Caldas,Colombia,ONC,COL_ONC,Defenders
L. Ramos,América de Cali,América de Cali,CF,25.0,400000,2026-12-31,26,1445,6,5.06,2,0.2,19.31,31.61,Peru,Peru,derecho,183,76,si,3.36,2.8,53.33,6.91,34.23,0.12,0.18,0.31,1.74,2.51,1.37,3,0.19,0,0.0,1.56,0.37,6,0.37,0.32,2,0.12,30,1.87,56.67,20.0,0.69,36.36,0.31,40.0,0.37,33.33,0.06,0.56,44.44,6.85,20.91,3.3,0.31,0.0,11.96,2.18,1.0,15.01,73.86,2.8,42.22,4.73,93.42,3.92,74.6,13.89,75.78,0.44,71.43,13.2,7.63,0.01,0.44,0.0,0.0,0.06,0.0,0.25,0.69,63.64,0.93,60.0,0.06,0.0,0.44,0.31,1.06,58.82,0,,0,,0,0.0,0.0,0.0,,,0.0,,0.0,0.0,0.0,0.0,0,0.0,América de Cali,Colombia,AME,COL_AME,Forwards
L. Ospina,Atlético Huila,Atlético Huila,RCB,33.0,300000,,15,1423,0,0.79,0,0.01,8.73,64.49,Colombia,Colombia,derecho,190,80,no,7.27,4.24,65.67,3.04,64.58,0.32,0.45,0.32,4.17,5.89,0.76,6,0.38,0,0.0,0.19,0.0,0,0.0,0.05,0,0.0,4,0.25,50.0,0.0,0.0,0.0,0.0,0.0,0.0,0.0,0.0,0.06,100.0,0.38,83.33,0.51,0.44,0.0,22.26,0.13,0.38,32.38,87.89,13.6,76.28,1.71,96.3,14.17,97.77,27.96,92.99,4.43,55.71,21.28,34.0,0.0,0.13,0.0,0.0,0.0,0.0,0.0,2.15,70.59,0.19,33.33,0.25,0.0,0.06,0.0,6.2,63.27,0,,0,,0,0.0,0.0,0.0,,,1.2,,0.0,0.0,0.0,0.0,0,0.0,Atlético Huila,Colombia,HUI,COL_HUI,Defenders
E. Beltrán,Once Caldas,Once Caldas,AMF,25.0,400000,,34,1422,1,2.41,3,2.61,14.49,43.67,Colombia,Colombia,izquierdo,176,70,no,3.99,4.49,43.66,1.52,45.83,0.19,0.28,0.13,1.84,2.71,1.08,2,0.13,0,0.0,2.41,0.06,1,0.06,0.15,0,0.0,26,1.65,19.23,3.846,1.77,35.71,0.82,46.15,0.89,21.43,0.13,2.66,47.62,7.34,45.69,1.58,2.22,0.19,32.28,0.82,1.65,42.09,84.21,12.66,71.5,7.03,94.59,14.75,90.13,36.39,88.52,4.05,64.06,19.63,25.22,0.17,1.9,0.0,0.0,0.57,33.33,0.7,7.97,80.16,3.61,57.89,1.52,41.67,1.58,0.63,6.96,83.64,0,,0,,0,0.0,0.0,0.0,,,0.13,,1.08,0.06,0.0,1.96,0,0.0,Once Caldas,Colombia,ONC,COL_ONC,Attacking Midfield
B. Murillo,Envigado,Envigado,LB,21.0,0,,18,1414,0,0.34,0,0.51,16.8,48.11,Colombia,Colombia,,0,0,no,9.87,7.7,57.85,2.23,54.29,0.64,0.87,0.25,4.77,6.54,1.4,8,0.51,1,0.06,1.21,0.0,0,0.0,0.02,0,0.0,7,0.45,28.57,0.0,0.76,16.67,0.7,18.18,0.0,0.0,0.0,2.55,37.5,5.35,33.33,0.51,1.59,0.38,11.2,0.64,0.57,18.59,72.6,8.02,61.9,2.8,81.82,4.71,79.73,15.28,81.67,2.55,35.0,18.22,37.58,0.03,0.32,0.0,0.0,0.0,0.0,0.06,2.8,47.73,1.15,61.11,0.32,20.0,0.57,0.13,4.46,58.57,0,,0,,0,0.0,0.0,0.0,,,0.0,,0.0,0.0,0.0,0.06,0,0.0,Envigado,Colombia,ENV,COL_ENV,Defenders
M. Rodas,La Equidad,La Equidad,RCB,27.0,300000,,16,1411,2,2.47,0,0.33,11.48,56.11,Colombia,Colombia,derecho,186,84,no,9.38,5.04,65.82,2.74,44.19,0.26,0.32,0.7,5.8,7.22,1.15,6,0.38,1,0.06,1.15,0.13,1,0.06,0.16,0,0.0,15,0.96,73.33,13.333,0.45,14.29,0.19,0.0,0.26,25.0,0.0,0.51,62.5,2.3,55.56,0.45,1.4,0.0,21.94,0.45,1.02,35.34,78.7,16.71,64.89,1.4,95.45,13.78,90.74,26.85,91.21,8.1,40.16,26.03,48.04,0.02,0.13,0.06,0.06,0.06,100.0,0.06,6.12,46.88,0.83,23.08,0.51,25.0,0.19,0.06,6.31,65.66,0,,0,,0,0.0,0.0,0.0,,,0.77,,0.32,0.26,100.0,0.0,1,100.0,La Equidad,Colombia,EQU,COL_EQU,Defenders
J. Mercado,Unión Magdalena,Unión Magdalena,RCMF,22.0,0,,21,1409,1,1.43,1,0.55,15.52,46.09,Colombia,Colombia,derecho,0,0,no,6.71,7.22,52.21,1.85,48.28,0.26,0.34,0.19,2.68,3.57,1.66,2,0.13,0,0.0,2.11,0.06,1,0.06,0.09,0,0.0,24,1.53,45.83,4.167,0.77,25.0,0.13,0.0,0.64,30.0,0.06,1.85,55.17,5.11,38.75,0.77,1.53,0.13,33.09,0.51,0.89,44.46,83.19,16.74,74.43,4.34,91.18,17.82,88.89,38.2,87.63,5.49,60.47,21.29,36.39,0.04,0.45,0.0,0.0,0.38,50.0,0.19,9.71,78.29,2.24,48.57,0.96,40.0,0.77,0.19,8.75,78.83,0,,0,,0,0.0,0.0,0.0,,,0.45,,0.13,0.0,0.0,0.13,0,0.0,Unión Magdalena,Colombia,UMG,COL_UMG,Midfield
E. Restrepo,Llaneros,Llaneros,DMF,26.0,0,,21,1401,1,0.07,1,0.07,11.5,54.19,Colombia,Colombia,,0,0,no,6.94,4.37,60.29,0.9,21.43,0.19,0.31,0.32,4.11,6.58,1.09,7,0.45,0,0.0,1.16,0.06,1,0.06,0.0,0,0.0,4,0.26,25.0,25.0,0.26,25.0,0.0,0.0,0.26,25.0,0.0,1.35,71.43,4.24,62.12,0.0,0.9,0.19,29.29,0.32,1.03,41.18,89.7,10.99,80.7,5.85,97.8,17.92,93.91,38.8,91.56,2.12,63.64,17.26,29.15,0.0,0.26,0.0,0.0,0.06,100.0,0.06,5.07,72.15,0.32,40.0,0.13,50.0,0.0,0.06,3.85,73.33,0,,0,,0,0.0,0.0,0.0,,,0.84,,0.0,0.0,0.0,0.0,0,0.0,Llaneros,Colombia,LNR,COL_LNR,Defensive Midfield
S. Tréllez,Deportivo Pasto,Deportivo Pasto,CF,35.0,50000,,26,1395,2,3.23,0,0.32,18.84,25.34,Colombia,Colombia,derecho,185,76,no,1.87,1.48,43.48,6.06,26.6,0.13,0.18,0.13,1.1,1.56,0.77,6,0.39,0,0.0,0.84,0.13,2,0.13,0.21,1,0.06,27,1.74,37.04,7.407,0.26,25.0,0.13,50.0,0.13,0.0,0.0,0.84,15.38,7.48,19.83,2.97,0.19,0.0,8.45,1.87,0.39,14.06,75.69,2.13,48.48,4.9,82.89,3.94,78.69,13.61,77.25,0.19,33.33,13.31,2.73,0.02,0.39,0.0,0.0,0.06,0.0,0.06,1.23,42.11,0.39,16.67,0.13,0.0,0.19,0.06,0.84,46.15,0,,0,,0,0.0,0.0,0.0,,,0.0,,0.0,0.0,0.0,0.0,0,0.0,Deportivo Pasto,Colombia,PAS,COL_PAS,Forwards
K. Parra,La Equidad,La Equidad,CF,22.0,0,2027-12-31,31,1392,2,1.4,0,0.57,17.2,39.1,Colombia,Colombia,derecho,168,60,no,3.43,2.91,62.22,1.55,33.33,0.0,0.0,0.0,1.62,2.07,0.39,3,0.19,0,0.0,2.0,0.13,2,0.13,0.09,0,0.0,20,1.29,35.0,10.0,1.1,17.65,0.39,33.33,0.71,9.09,0.06,3.3,41.18,11.83,35.52,1.42,2.2,0.52,17.2,1.75,2.13,21.72,77.98,4.4,63.24,4.78,91.89,7.44,86.09,19.4,83.33,1.29,45.0,17.79,17.94,0.04,0.58,0.0,0.06,0.0,0.0,0.19,2.39,62.16,0.97,46.67,0.13,50.0,0.45,0.19,2.72,73.81,0,,0,,0,0.0,0.0,0.0,,,0.39,,0.32,0.19,0.0,0.26,0,0.0,La Equidad,Colombia,EQU,COL_EQU,Forwards
S. Valencia,Once Caldas,Once Caldas,LCB,21.0,350000,2025-12-31,20,1379,0,0.0,0,0.04,12.14,60.75,Ecuador,Ecuador,izquierdo,186,76,no,9.2,6.33,72.16,2.09,62.5,0.07,0.1,0.2,4.57,7.09,0.98,4,0.26,2,0.13,0.33,0.0,0,0.0,0.0,0,0.0,0,0.0,0.0,0.0,0.0,0.0,0.0,0.0,0.0,0.0,0.0,0.59,55.56,2.35,36.11,0.0,0.85,0.0,23.5,0.39,0.33,36.61,85.56,15.92,76.23,2.41,89.19,14.42,95.48,32.11,90.04,4.5,53.62,20.16,35.5,0.0,0.26,0.07,0.07,0.07,0.0,0.0,4.31,66.67,0.52,12.5,0.33,20.0,0.07,0.0,6.46,66.67,0,,0,,0,0.0,0.0,0.0,,,0.98,,0.0,0.0,0.0,0.0,0,0.0,Once Caldas,Colombia,ONC,COL_ONC,Defenders
S. Cuero,Fortaleza,Fortaleza,LB,21.0,0,,29,1376,1,0.52,2,1.81,17.53,53.73,Colombia,Colombia,unknown,0,0,no,9.94,6.67,65.69,3.6,52.73,0.59,0.97,0.2,4.97,8.17,1.05,2,0.13,0,0.0,2.55,0.07,1,0.07,0.03,0,0.0,11,0.72,54.55,9.091,2.03,32.26,1.9,31.03,0.13,50.0,0.26,2.75,54.76,5.63,41.86,1.24,1.83,0.07,17.2,2.35,0.52,25.57,75.45,7.59,66.38,4.71,90.28,7.59,77.59,21.72,82.53,1.96,40.0,16.41,20.75,0.12,0.65,0.0,0.07,0.0,0.0,0.33,3.01,60.87,1.77,37.04,0.2,33.33,0.46,0.65,4.25,64.62,0,,0,,0,0.0,0.0,0.0,,,0.26,,0.0,0.0,0.0,0.0,0,0.0,Fortaleza,Colombia,FOZ,COL_FOZ,Defenders
J. Palacios,Medellín,Medellín,RCB,25.0,400000,,19,1371,0,0.58,0,0.01,11.23,67.25,Colombia,Colombia,derecho,188,81,no,8.67,5.45,68.67,3.35,72.55,0.26,0.4,0.79,4.66,7.08,1.18,5,0.33,0,0.0,0.13,0.0,0,0.0,0.04,0,0.0,7,0.46,0.0,0.0,0.26,0.0,0.0,0.0,0.26,0.0,0.0,0.2,66.67,0.39,66.67,0.53,0.2,0.07,14.31,0.13,0.2,24.68,86.7,10.63,77.16,1.51,91.3,9.85,94.0,21.4,92.33,3.09,53.19,21.1,31.77,0.0,0.07,0.0,0.0,0.0,0.0,0.13,3.28,72.0,0.33,0.0,0.13,50.0,0.0,0.0,5.12,73.08,0,,0,,0,0.0,0.0,0.0,,,0.92,,0.0,0.0,0.0,0.0,0,0.0,Medellín,Colombia,MDL,COL_MDL,Defenders
B. Arce,Atlético Nacional,Atlético Nacional,AMF,27.0,900000,2025-12-31,24,1354,2,1.29,1,2.17,15.29,47.39,Ecuador,Ecuador,derecho,177,66,no,4.65,5.18,42.31,0.53,37.5,0.27,0.51,0.0,2.19,4.19,2.33,6,0.4,0,0.0,1.79,0.13,2,0.13,0.09,0,0.0,33,2.19,21.21,6.061,1.2,16.67,1.06,18.75,0.13,0.0,0.07,1.53,56.52,8.11,52.46,1.73,1.73,0.27,36.82,1.66,2.73,43.27,85.87,14.89,79.91,6.85,94.17,13.09,87.31,40.08,89.72,2.13,50.0,17.25,23.66,0.14,1.93,0.13,0.0,0.53,50.0,0.33,8.24,80.65,2.79,64.29,1.13,35.29,1.93,0.07,8.91,92.54,0,,0,,0,0.0,0.0,0.0,,,0.13,,1.66,0.4,16.67,3.86,0,0.0,Atlético Nacional,Colombia,NAC,COL_NAC,Attacking Midfield
John Quinones,Tolima,Tolima,LCB,21.0,0,2027-06-30,16,1353,0,0.2,0,0.12,8.91,60.45,Colombia,Colombia,unknown,0,0,no,6.39,3.99,63.33,2.73,58.54,0.13,0.19,0.6,3.73,5.28,0.8,3,0.2,0,0.0,0.0,0.0,0,0.0,0.01,0,0.0,2,0.13,0.0,0.0,0.0,0.0,0.0,0.0,0.0,0.0,0.0,0.0,0.0,0.07,0.0,0.6,0.33,0.0,23.28,0.4,0.07,33.53,88.89,14.77,80.63,2.26,100.0,13.24,94.97,30.27,92.31,3.26,57.14,18.6,32.14,0.01,0.07,0.0,0.0,0.0,0.0,0.0,1.93,62.07,0.2,0.0,0.07,0.0,0.07,0.0,5.32,52.5,0,,0,,0,0.0,0.0,0.0,,,1.66,,0.0,0.0,0.0,0.0,0,0.0,Tolima,Colombia,TOL,COL_TOL,Defenders
J. Valencia,Medellín,Medellín,LAMF,25.0,300000,,30,1347,2,2.33,1,1.15,20.58,44.48,Colombia,Colombia,izquierdo,188,80,no,6.28,4.48,65.67,4.28,37.5,0.13,0.21,0.13,3.21,5.09,0.8,2,0.13,0,0.0,2.61,0.13,2,0.13,0.16,0,0.0,24,1.6,37.5,8.333,2.87,27.91,2.81,26.19,0.0,0.0,0.27,2.94,38.64,9.96,37.58,2.87,2.07,0.13,21.11,2.61,1.0,26.46,74.24,6.15,56.52,7.08,94.34,7.42,69.37,22.45,82.14,1.34,40.0,18.2,18.73,0.08,0.87,0.07,0.0,0.2,33.33,0.47,2.54,47.37,3.27,38.78,0.6,22.22,0.8,0.87,3.54,73.58,0,,0,,0,0.0,0.0,0.0,,,0.0,,0.0,0.0,0.0,0.0,0,0.0,Medellín,Colombia,MDL,COL_MDL,Attacking Midfield
C. Tovar,América de Cali,América de Cali,RCB,27.0,750000,,17,1343,1,0.38,0,0.01,12.73,64.21,Colombia,Colombia,derecho,185,80,no,8.51,6.37,70.53,3.69,61.82,0.34,0.49,0.2,3.69,5.36,0.67,2,0.13,1,0.07,0.27,0.07,1,0.07,0.03,1,0.07,5,0.34,20.0,20.0,0.34,40.0,0.0,0.0,0.34,40.0,0.0,0.27,25.0,0.94,35.71,0.54,0.34,0.07,22.58,0.47,0.2,32.9,90.22,13.6,82.76,2.88,95.35,12.6,96.28,29.75,93.69,2.81,59.52,18.84,34.82,0.0,0.07,0.0,0.0,0.07,0.0,0.0,3.89,70.69,0.6,44.44,0.07,0.0,0.13,0.13,5.36,82.5,0,,0,,0,0.0,0.0,0.0,,,1.47,,0.0,0.0,0.0,0.0,0,0.0,América de Cali,Colombia,AME,COL_AME,Defenders
D. Castillo,Deportivo Pasto,Deportivo Pasto,CF,25.0,0,,27,1340,0,2.53,0,0.11,21.43,26.02,Colombia,Colombia,,0,0,no,2.22,1.95,37.93,4.7,25.71,0.13,0.17,0.07,1.34,1.72,0.87,0,0.0,0,0.0,2.75,0.0,0,0.0,0.17,0,0.0,26,1.75,23.08,0.0,1.81,29.63,1.07,37.5,0.74,18.18,0.4,3.96,45.76,11.62,24.28,2.55,1.75,0.47,8.53,2.08,1.14,13.9,71.98,1.88,57.14,5.31,89.87,3.63,57.41,11.75,79.43,0.54,37.5,15.29,12.73,0.01,0.27,0.13,0.0,0.0,0.0,0.0,0.4,100.0,1.61,37.5,0.07,100.0,0.4,0.54,1.34,55.0,0,,0,,0,0.0,0.0,0.0,,,0.0,,0.0,0.0,0.0,0.0,0,0.0,Deportivo Pasto,Colombia,PAS,COL_PAS,Forwards
L. Miranda,Llaneros,Llaneros,RW,28.0,400000,,36,1329,1,0.93,1,1.02,18.62,44.36,Colombia,Colombia,derecho,180,64,no,6.16,5.15,67.11,3.86,36.84,0.54,0.79,0.0,2.17,3.15,1.15,2,0.14,0,0.0,1.76,0.07,1,0.07,0.06,0,0.0,14,0.95,21.43,7.143,2.23,27.27,0.61,33.33,1.56,26.09,0.27,2.23,42.42,7.45,37.27,1.49,1.15,0.07,18.35,2.03,1.42,23.77,74.07,6.09,62.22,5.89,93.1,6.43,67.37,20.18,82.21,1.49,31.82,16.73,18.55,0.07,0.34,0.0,0.0,0.0,0.0,0.27,2.1,67.74,1.83,40.74,0.27,25.0,0.14,0.68,3.18,61.7,0,,0,,0,0.0,0.0,0.0,,,0.14,,0.0,0.0,0.0,0.07,0,0.0,Llaneros,Colombia,LNR,COL_LNR,Wingers
F. Pardo,Alianza,Alianza,CF,35.0,250000,,23,1325,6,4.85,0,0.29,16.78,34.41,Colombia,Colombia,derecho,178,80,no,3.74,4.01,49.15,2.31,14.71,0.0,0.0,0.2,1.77,2.6,1.22,2,0.14,0,0.0,2.58,0.41,5,0.34,0.33,1,0.07,31,2.11,48.39,19.355,0.88,30.77,0.75,27.27,0.14,50.0,0.14,2.04,63.33,8.02,36.44,2.04,2.04,0.2,14.26,1.9,0.75,18.2,81.34,4.82,71.83,3.53,84.62,6.05,86.52,16.1,86.08,1.22,55.56,17.42,16.22,0.02,0.48,0.0,0.0,0.0,0.0,0.07,1.7,80.0,1.56,52.17,0.14,50.0,0.75,0.34,3.06,82.22,0,,0,,0,0.0,0.0,0.0,,,0.0,,0.27,0.07,100.0,0.68,1,100.0,Alianza,Colombia,ALV,COL_ALV,Forwards
H. Castillo,Atlético Nacional,Atlético Nacional,GK,32.0,400000,2025-12-31,14,1319,0,0.0,0,0.0,0.48,71.43,Colombia,Colombia,derecho,188,69,no,1.64,0.14,100.0,0.14,50.0,0.0,0.0,0.0,1.5,2.65,0.0,0,0.0,0,0.0,0.0,0.0,0,0.0,0.0,0,0.0,0,0.0,0.0,0.0,0.0,0.0,0.0,0.0,0.0,0.0,0.0,0.0,0.0,0.14,50.0,0.0,0.0,0.0,16.31,0.34,0.07,26.68,82.61,16.17,75.11,0.07,100.0,9.96,93.84,18.08,96.23,8.6,53.97,30.96,46.56,0.0,0.0,0.07,0.0,0.0,0.0,0.0,1.64,45.83,0.07,100.0,0.2,33.33,0.07,0.0,5.6,53.66,19,1.3,58,3.96,3,67.24,16.97,1.16,-2.03,-0.139,0.07,0.82,,,,0.0,0,0.0,Atlético Nacional,Colombia,NAC,COL_NAC,Goalkeepers
J. Reina,Deportivo Cali,Deportivo Cali,AMF,36.0,250000,,29,1314,3,1.77,0,0.9,17.26,38.49,Colombia,Colombia,izquierdo,173,70,no,5.55,4.25,59.68,2.26,15.15,0.75,1.19,0.07,2.26,3.57,1.1,4,0.27,0,0.0,1.71,0.21,3,0.21,0.12,0,0.0,16,1.1,25.0,18.75,0.89,30.77,0.62,22.22,0.21,33.33,0.07,1.92,57.14,8.63,37.3,1.58,1.23,0.07,29.11,0.82,0.96,38.42,87.88,13.29,78.87,6.92,97.03,10.75,93.63,34.45,92.05,3.08,57.78,15.93,20.79,0.06,0.96,0.0,0.07,0.27,25.0,0.21,7.67,81.25,1.99,55.17,0.34,20.0,0.75,0.27,6.92,83.17,0,,0,,0,0.0,0.0,0.0,,,0.14,,1.85,0.07,100.0,3.08,0,0.0,Deportivo Cali,Colombia,CAL,COL_CAL,Attacking Midfield
D. Quiñónes,Once Caldas,Once Caldas,RW,30.0,700000,,25,1306,1,2.4,1,1.14,24.67,46.93,Colombia,Colombia,izquierdo,171,73,no,3.65,3.31,68.75,1.38,45.0,0.0,0.0,0.0,1.38,1.88,0.41,2,0.14,0,0.0,4.07,0.07,0,0.0,0.17,0,0.0,22,1.52,31.82,4.545,1.79,23.08,0.41,16.67,1.38,25.0,0.34,5.38,57.69,19.09,42.6,2.07,2.83,0.48,22.88,1.52,2.83,31.36,79.12,8.68,71.43,5.58,92.59,9.72,79.43,27.91,83.46,1.72,64.0,16.48,24.26,0.08,0.96,0.28,0.0,0.28,25.0,0.28,4.48,67.69,2.83,51.22,0.69,30.0,1.52,0.48,4.2,81.97,0,,0,,0,0.0,0.0,0.0,,,0.07,,0.21,0.0,0.0,1.03,1,100.0,Once Caldas,Colombia,ONC,COL_ONC,Wingers
J. Lasso,Llaneros,Llaneros,LB,22.0,0,,13,1289,0,0.5,0,0.67,13.13,43.62,Colombia,Colombia,derecho,0,0,no,7.26,5.59,65.0,1.82,34.62,0.35,0.54,0.07,3.28,5.09,0.84,1,0.07,0,0.0,2.23,0.0,0,0.0,0.03,0,0.0,14,0.98,7.14,0.0,3.56,47.06,3.49,48.0,0.07,0.0,0.28,1.4,30.0,3.7,20.75,0.77,1.54,0.42,17.25,1.33,0.28,27.23,79.49,9.57,77.37,4.12,94.92,9.08,74.62,21.71,87.14,2.51,52.78,19.19,39.16,0.05,0.56,0.07,0.0,0.07,100.0,0.21,2.79,77.5,3.0,39.53,0.21,33.33,0.14,1.47,5.1,69.86,0,,0,,0,0.0,0.0,0.0,,,0.42,,0.0,0.0,0.0,0.0,0,0.0,Llaneros,Colombia,LNR,COL_LNR,Defenders
A. López,Llaneros,Llaneros,RCMF,22.0,0,,19,1287,3,1.27,0,1.63,10.91,42.95,Colombia,Colombia,unknown,0,0,no,4.83,5.45,50.0,1.33,15.79,0.14,0.21,0.07,1.96,2.89,0.77,3,0.21,0,0.0,1.26,0.21,3,0.21,0.09,0,0.0,21,1.47,33.33,14.286,0.77,27.27,0.14,50.0,0.56,25.0,0.0,0.7,50.0,2.94,38.1,1.26,0.35,0.0,28.81,1.33,0.77,36.15,87.04,9.02,76.74,7.55,97.22,14.55,87.98,31.33,90.18,4.13,72.88,21.34,33.99,0.11,0.77,0.0,0.0,0.49,42.86,0.14,5.73,80.49,1.4,70.0,0.7,70.0,0.91,0.14,6.5,79.57,0,,0,,0,0.0,0.0,0.0,,,0.98,,0.28,0.0,0.0,0.63,0,0.0,Llaneros,Colombia,LNR,COL_LNR,Midfield
M. Sierra,Llaneros,Llaneros,DMF,31.0,250000,,23,1284,0,0.13,0,0.01,11.29,52.8,Colombia,Colombia,derecho,174,70,no,7.36,5.33,64.47,2.87,46.34,0.14,0.19,0.28,3.79,5.14,0.98,5,0.35,1,0.07,0.35,0.0,0,0.0,0.01,0,0.0,4,0.28,50.0,0.0,0.28,75.0,0.0,0.0,0.28,75.0,0.0,0.07,0.0,1.82,42.31,0.07,0.14,0.0,23.34,0.21,0.49,35.33,84.13,11.0,70.7,4.35,96.77,15.91,89.87,29.72,88.68,5.33,59.21,20.55,35.94,0.0,0.14,0.07,0.07,0.0,0.0,0.07,7.08,62.38,0.84,33.33,0.28,25.0,0.35,0.14,4.91,77.14,0,,0,,0,0.0,0.0,0.0,,,0.98,,0.0,0.0,0.0,0.0,0,0.0,Llaneros,Colombia,LNR,COL_LNR,Defensive Midfield
A. Banguero,Boyacá Chicó,Boyacá Chicó,LCB,25.0,0,,14,1282,1,0.81,0,0.14,11.65,59.64,Colombia,Colombia,,0,0,no,5.97,4.84,63.77,3.86,54.55,0.28,0.44,0.28,2.6,4.04,0.91,5,0.35,1,0.07,0.14,0.07,1,0.07,0.06,1,0.07,10,0.7,20.0,10.0,0.07,0.0,0.07,0.0,0.0,0.0,0.0,0.07,0.0,1.4,45.0,0.91,0.14,0.0,18.39,0.42,0.42,32.64,83.87,17.76,79.45,1.4,85.0,10.18,95.17,28.64,87.75,3.93,57.14,21.41,34.78,0.01,0.07,0.0,0.0,0.0,0.0,0.0,3.02,69.77,0.07,100.0,0.0,0.0,0.21,0.0,8.14,62.93,0,,0,,0,0.0,0.0,0.0,,,0.84,,0.0,0.0,0.0,0.0,0,0.0,Boyacá Chicó,Colombia,BYC,COL_BYC,Defenders
J. Mahecha,La Equidad,La Equidad,DMF,37.0,100000,,24,1247,0,1.04,0,0.04,11.62,52.8,Colombia,Colombia,derecho,176,67,no,6.93,5.7,56.96,2.31,37.5,0.51,0.69,0.14,3.18,4.31,1.73,11,0.79,0,0.0,0.29,0.0,0,0.0,0.07,0,0.0,6,0.43,33.33,0.0,0.36,20.0,0.07,0.0,0.29,25.0,0.0,0.36,20.0,1.8,48.0,0.14,0.22,0.0,24.25,0.14,1.01,36.09,88.2,11.76,82.21,3.25,97.78,16.02,90.54,31.83,91.61,3.97,65.45,19.77,28.45,0.0,0.43,0.07,0.14,0.0,0.0,0.0,6.78,77.66,0.58,62.5,0.22,33.33,0.14,0.07,5.77,78.75,0,,0,,0,0.0,0.0,0.0,,,0.65,,0.22,0.0,0.0,0.07,1,0.0,La Equidad,Colombia,EQU,COL_EQU,Defensive Midfield
J. Tello,Unión Magdalena,Unión Magdalena,LB,23.0,250000,,18,1231,0,0.8,1,0.28,14.18,44.85,Colombia,Colombia,izquierdo,179,76,no,6.07,6.21,57.65,1.9,46.15,0.37,0.46,0.0,2.12,2.68,1.46,1,0.07,1,0.07,1.39,0.0,0,0.0,0.06,0,0.0,13,0.95,15.38,0.0,1.32,38.89,1.32,38.89,0.0,0.0,0.07,1.32,50.0,4.75,27.69,0.88,0.58,0.22,17.47,1.32,0.07,23.4,76.88,7.82,68.22,4.17,94.74,7.46,81.37,19.16,85.88,3.0,36.59,19.14,37.61,0.02,0.37,0.0,0.0,0.07,100.0,0.22,2.92,55.0,1.39,42.11,0.37,40.0,0.07,0.58,4.68,76.56,0,,0,,0,0.0,0.0,0.0,,,0.07,,0.22,0.0,0.0,0.15,0,0.0,Unión Magdalena,Colombia,UMG,COL_UMG,Defenders
Y. Cabrera,Deportivo Pereira,Deportivo Pereira,CF,35.0,400000,2025-12-31,27,1231,4,1.82,0,1.92,11.04,40.4,Colombia,Colombia,derecho,168,62,no,3.87,3.22,54.55,0.95,15.38,0.51,0.79,0.0,1.61,2.47,1.02,6,0.44,0,0.0,1.97,0.29,3,0.22,0.13,1,0.07,11,0.8,63.64,36.364,0.8,27.27,0.22,33.33,0.51,28.57,0.15,1.24,64.71,5.7,32.05,1.02,1.75,0.07,35.24,0.37,0.66,46.57,86.19,14.62,77.5,7.75,94.34,16.16,90.5,41.45,89.42,4.39,65.0,18.16,26.54,0.14,1.17,0.0,0.0,0.95,46.15,0.29,8.19,80.36,2.71,45.95,1.75,41.67,1.17,0.22,7.75,83.96,0,,0,,0,0.0,0.0,0.0,,,0.15,,1.02,0.07,100.0,2.56,1,100.0,Deportivo Pereira,Colombia,PER,COL_PER,Forwards
H. Mena,Llaneros,Llaneros,RCB,24.0,300000,,18,1225,0,0.32,0,0.01,11.46,62.82,Colombia,Colombia,derecho,185,76,si,9.84,5.8,72.15,2.94,62.5,0.96,1.39,1.1,4.7,6.86,1.25,5,0.37,2,0.15,0.15,0.0,0,0.0,0.02,0,0.0,1,0.07,0.0,0.0,0.15,50.0,0.0,0.0,0.15,50.0,0.0,0.15,50.0,1.1,33.33,0.37,0.22,0.07,19.76,0.37,0.51,30.64,85.13,14.47,76.65,2.13,93.1,10.87,95.95,24.69,90.77,5.8,62.03,22.53,37.91,0.0,0.07,0.0,0.0,0.0,0.0,0.0,4.04,69.09,0.44,33.33,0.29,25.0,0.0,0.07,6.83,76.34,0,,0,,0,0.0,0.0,0.0,,,1.69,,0.07,0.07,0.0,0.0,0,0.0,Llaneros,Colombia,LNR,COL_LNR,Defenders
J. Varela,Deportivo Cali,Deportivo Cali,LCB,27.0,750000,2027-12-31,14,1213,0,0.86,0,0.04,11.72,58.23,Uruguay,"Uruguay, Spain",izquierdo,189,85,si,7.2,4.97,67.16,4.75,56.25,0.3,0.43,0.74,3.56,5.11,0.67,2,0.15,0,0.0,0.15,0.0,0,0.0,0.06,0,0.0,5,0.37,0.0,0.0,0.45,16.67,0.45,16.67,0.0,0.0,0.0,0.15,50.0,0.67,44.44,0.45,0.59,0.0,19.14,0.45,0.37,29.98,82.43,16.32,79.55,1.11,100.0,9.65,86.92,23.3,92.68,6.31,48.24,24.37,39.13,0.0,0.07,0.0,0.0,0.0,0.0,0.0,5.05,60.29,0.59,25.0,0.22,0.0,0.15,0.07,8.24,76.58,0,,0,,0,0.0,0.0,0.0,,,0.3,,0.0,0.0,0.0,0.0,0,0.0,Deportivo Cali,Colombia,CAL,COL_CAL,Defenders
N. Lara,Águilas Doradas,Águilas Doradas,LCB,22.0,0,2027-12-31,19,1211,0,0.36,0,0.07,13.15,69.49,Colombia,Colombia,izquierdo,183,74,no,9.66,7.06,81.05,3.2,53.49,0.45,0.67,0.3,3.49,5.22,1.11,6,0.45,0,0.0,0.3,0.0,0,0.0,0.03,0,0.0,5,0.37,0.0,0.0,0.07,100.0,0.0,0.0,0.07,100.0,0.0,0.3,75.0,1.49,60.0,0.52,0.97,0.0,18.13,0.52,0.59,29.73,81.75,13.23,71.35,2.38,90.63,11.3,91.45,24.38,88.11,5.28,52.11,18.93,21.79,0.0,0.22,0.0,0.0,0.0,0.0,0.07,4.09,67.27,0.74,40.0,0.3,25.0,0.22,0.0,7.28,54.08,0,,0,,0,0.0,0.0,0.0,,,0.74,,0.07,0.07,0.0,0.0,0,0.0,Águilas Doradas,Colombia,AGD,COL_AGD,Defenders
J. Mattalia,Unión Magdalena,Unión Magdalena,GK,33.0,50000,2025-12-31,12,1211,0,0.0,0,0.0,0.97,84.62,Argentina,Argentina,derecho,187,81,no,1.41,0.07,100.0,0.52,100.0,0.0,0.0,0.0,1.34,1.72,0.0,4,0.3,0,0.0,0.0,0.0,0,0.0,0.0,0,0.0,0,0.0,0.0,0.0,0.0,0.0,0.0,0.0,0.0,0.0,0.0,0.0,0.0,0.22,100.0,0.0,0.0,0.0,5.28,0.15,0.22,9.74,79.39,4.91,60.61,0.0,0.0,4.46,98.33,6.32,97.65,3.42,45.65,32.91,47.33,0.0,0.0,0.0,0.0,0.0,0.0,0.0,0.82,27.27,0.07,0.0,0.0,0.0,0.0,0.0,2.23,63.33,20,1.49,58,4.31,2,65.52,14.31,1.06,-5.69,-0.423,0.0,1.71,,,,0.0,0,0.0,Unión Magdalena,Colombia,UMG,COL_UMG,Goalkeepers
L. Riascos,Tolima,Tolima,RB,25.0,400000,,17,1208,4,0.37,1,0.95,17.43,49.57,Colombia,Colombia,derecho,177,70,no,8.94,7.3,63.27,2.61,42.86,0.45,0.6,0.07,3.87,5.23,1.49,6,0.45,2,0.15,2.16,0.3,4,0.3,0.03,0,0.0,13,0.97,46.15,30.769,2.31,22.58,0.0,0.0,2.31,22.58,0.22,2.46,48.48,5.81,37.18,0.22,1.79,0.07,17.96,1.79,0.52,27.72,71.51,13.63,68.31,3.35,91.11,6.85,69.57,20.86,80.36,4.77,54.69,22.62,40.08,0.07,0.67,0.0,0.0,0.15,0.0,0.22,5.66,59.21,2.53,32.35,0.82,27.27,0.45,0.45,7.45,80.0,0,,0,,0,0.0,0.0,0.0,,,0.45,,0.3,0.0,0.0,0.6,0,0.0,Tolima,Colombia,TOL,COL_TOL,Defenders
M. Gil,Alianza,Alianza,LAMF,21.0,0,,24,1207,4,3.2,0,0.44,14.17,43.68,Colombia,"Colombia, El Salvador",derecho,175,70,no,3.58,3.58,54.17,2.91,41.03,0.07,0.1,0.07,1.57,2.18,0.82,0,0.0,1,0.07,2.68,0.3,4,0.3,0.24,0,0.0,31,2.31,29.03,12.903,1.64,31.82,0.97,30.77,0.67,33.33,0.07,2.98,47.5,6.64,39.33,1.79,1.19,0.07,15.43,1.71,0.45,19.76,75.09,4.92,60.61,4.32,91.38,7.16,71.88,16.26,83.03,1.86,44.0,17.03,22.75,0.03,0.37,0.0,0.07,0.22,33.33,0.3,2.31,54.84,2.46,42.42,0.67,33.33,0.67,0.67,3.65,71.43,0,,0,,0,0.0,0.0,0.0,,,0.07,,0.0,0.0,0.0,0.22,0,0.0,Alianza,Colombia,ALV,COL_ALV,Attacking Midfield
M. Ortega,Llaneros,Llaneros,GK,30.0,200000,,12,1207,0,0.0,0,0.0,0.82,72.73,Mexico,Mexico,izquierdo,193,74,no,2.39,0.07,100.0,0.37,80.0,0.0,0.0,0.0,2.31,3.07,0.0,3,0.22,0,0.0,0.0,0.0,0,0.0,0.0,0,0.0,0,0.0,0.0,0.0,0.0,0.0,0.0,0.0,0.0,0.0,0.0,0.07,0.0,0.3,75.0,0.0,0.0,0.0,17.37,0.45,0.22,26.1,85.71,13.5,76.24,0.0,0.0,12.23,96.95,16.11,98.61,9.92,65.41,32.77,46.57,0.0,0.0,0.0,0.0,0.0,0.0,0.0,2.16,44.83,0.37,20.0,0.22,33.33,0.0,0.0,7.83,75.24,10,0.75,35,2.61,6,71.43,9.23,0.69,-0.77,-0.057,0.0,1.94,,,,0.0,0,0.0,Llaneros,Colombia,LNR,COL_LNR,Goalkeepers
N. Giraldo,Millonarios,Millonarios,LB,32.0,350000,,15,1198,0,0.18,2,0.15,14.95,53.27,Colombia,Colombia,izquierdo,175,70,no,7.96,6.54,67.82,2.7,47.22,0.23,0.36,0.38,3.31,5.22,0.68,4,0.3,0,0.0,0.75,0.0,0,0.0,0.01,0,0.0,11,0.83,9.09,0.0,1.43,36.84,1.43,36.84,0.0,0.0,0.15,0.38,40.0,4.36,32.76,0.3,0.9,0.08,18.93,1.35,0.98,26.74,76.4,12.1,70.19,2.1,89.29,9.24,79.67,21.26,86.93,4.06,35.19,19.66,31.92,0.01,0.38,0.0,0.08,0.0,0.0,0.15,4.81,67.19,2.1,35.71,0.08,0.0,0.15,0.53,7.59,71.29,0,,0,,0,0.0,0.0,0.0,,,0.0,,0.08,0.08,0.0,0.08,0,0.0,Millonarios,Colombia,MIL,COL_MIL,Defenders
R. Bustamante,Deportivo Cali,Deportivo Cali,RCMF,25.0,400000,,23,1198,0,0.15,0,0.17,17.73,55.93,Colombia,Colombia,derecho,175,66,no,8.79,9.09,57.85,2.25,50.0,0.6,0.87,0.45,2.93,4.24,2.63,8,0.6,0,0.0,0.75,0.0,0,0.0,0.01,0,0.0,6,0.45,0.0,0.0,0.38,40.0,0.0,0.0,0.38,40.0,0.0,0.83,63.64,4.51,61.67,0.15,0.38,0.0,32.75,0.3,1.65,45.3,88.06,16.53,80.45,6.01,93.75,15.7,93.3,41.39,90.93,3.61,58.33,18.14,30.71,0.01,0.38,0.0,0.08,0.08,100.0,0.08,6.24,74.7,0.75,40.0,0.3,75.0,0.23,0.08,7.51,80.0,0,,0,,0,0.0,0.0,0.0,,,0.9,,0.0,0.0,0.0,0.0,0,0.0,Deportivo Cali,Colombia,CAL,COL_CAL,Midfield
E. Banguero,La Equidad,La Equidad,RB,24.0,400000,,16,1196,0,0.88,0,0.11,17.53,40.34,Colombia,Colombia,derecho,177,69,no,5.12,3.39,57.78,1.58,47.62,0.0,0.0,0.08,3.16,4.36,0.6,2,0.15,0,0.0,3.31,0.0,0,0.0,0.07,0,0.0,21,1.58,28.57,0.0,2.93,30.77,1.2,37.5,1.66,27.27,0.3,3.76,52.0,10.84,35.42,0.38,2.11,0.08,15.8,1.51,1.73,25.13,77.84,7.68,74.51,3.91,96.15,8.5,75.22,19.72,86.64,2.71,58.33,19.64,33.27,0.01,0.3,0.0,0.0,0.0,0.0,0.08,2.56,52.94,2.41,40.63,0.3,50.0,0.15,0.83,4.52,75.0,0,,0,,0,0.0,0.0,0.0,,,0.9,,0.83,0.23,33.33,1.05,0,0.0,La Equidad,Colombia,EQU,COL_EQU,Defenders
J. Quiñónes,Tolima,Tolima,AMF,24.0,700000,2027-06-30,27,1187,0,0.32,2,0.9,20.62,40.44,Colombia,Colombia,derecho,170,0,no,5.08,5.31,57.14,2.27,26.67,0.08,0.12,0.0,1.97,3.2,1.29,6,0.45,0,0.0,2.35,0.0,0,0.0,0.02,0,0.0,5,0.38,20.0,0.0,1.21,18.75,0.45,33.33,0.68,11.11,0.15,3.49,56.52,10.92,34.72,1.59,4.47,0.45,27.3,0.91,0.99,37.76,88.35,10.24,87.41,7.2,95.79,10.61,86.43,35.64,91.28,0.91,66.67,18.03,12.11,0.07,1.14,0.0,0.0,0.23,33.33,0.61,4.02,88.68,1.74,69.57,0.45,50.0,1.67,0.23,3.87,88.24,0,,0,,0,0.0,0.0,0.0,,,0.08,,0.08,0.0,0.0,0.23,0,0.0,Tolima,Colombia,TOL,COL_TOL,Attacking Midfield
N. Villarreal,Millonarios,Millonarios,CF,20.0,0,,20,1185,0,2.6,3,2.01,17.62,48.71,Colombia,Colombia,unknown,0,0,no,2.89,2.66,65.71,1.22,18.75,0.0,0.0,0.0,1.14,1.74,0.68,2,0.15,0,0.0,4.41,0.0,0,0.0,0.2,0,0.0,33,2.51,18.18,0.0,1.06,50.0,0.68,44.44,0.38,60.0,0.08,5.92,53.85,12.15,48.13,3.19,3.11,0.23,17.62,1.67,2.28,18.99,81.6,4.1,68.52,4.94,93.85,6.15,82.72,16.94,85.65,1.14,46.67,15.66,19.45,0.15,0.84,0.08,0.0,0.23,100.0,0.68,2.05,70.37,2.35,61.29,0.3,75.0,1.29,0.46,2.66,85.71,0,,0,,0,0.0,0.0,0.0,,,0.0,,0.0,0.0,0.0,0.08,0,0.0,Millonarios,Colombia,MIL,COL_MIL,Forwards
A. Salazar,Atlético Nacional,Atlético Nacional,LB,22.0,750000,2026-06-30,16,1180,1,0.65,1,0.82,12.43,58.28,Colombia,Colombia,izquierdo,182,72,no,9.76,6.64,62.07,1.6,57.14,0.69,1.14,0.23,4.96,8.26,0.99,3,0.23,0,0.0,1.22,0.08,1,0.08,0.05,0,0.0,8,0.61,25.0,12.5,2.67,25.71,2.67,25.71,0.0,0.0,0.38,0.76,50.0,2.36,48.39,1.07,0.84,0.15,25.7,2.67,0.61,36.08,80.13,10.37,72.79,7.4,96.91,12.36,79.63,31.12,87.25,2.44,43.75,17.02,23.64,0.06,0.84,0.15,0.0,0.0,0.0,0.31,3.2,85.71,2.06,40.74,0.31,50.0,0.61,0.61,7.32,67.71,0,,0,,0,0.0,0.0,0.0,,,0.76,,0.76,0.0,0.0,0.15,0,0.0,Atlético Nacional,Colombia,NAC,COL_NAC,Defenders
J. Marulanda,Fortaleza,Fortaleza,RB,29.0,450000,,15,1179,1,0.9,0,0.68,12.98,52.35,Colombia,Colombia,derecho,178,70,no,8.47,6.03,62.03,2.6,50.0,0.23,0.34,0.15,4.5,6.76,0.61,3,0.23,0,0.0,0.99,0.08,1,0.08,0.07,0,0.0,10,0.76,50.0,10.0,1.68,27.27,0.0,0.0,1.68,27.27,0.15,0.38,40.0,2.98,35.9,1.07,0.46,0.08,21.76,1.6,0.99,29.92,77.3,10.31,67.41,7.33,94.79,8.09,76.42,24.12,84.81,4.27,51.79,20.17,38.65,0.05,0.23,0.0,0.0,0.0,0.0,0.15,3.66,70.83,1.45,42.11,0.31,50.0,0.46,0.46,6.56,58.14,0,,0,,0,0.0,0.0,0.0,,,0.61,,0.08,0.08,0.0,0.0,0,0.0,Fortaleza,Colombia,FOZ,COL_FOZ,Defenders
Y. Quintero Rivas,Deportivo Cali,Deportivo Cali,LCMF,23.0,350000,,22,1168,0,0.82,1,0.49,14.95,56.19,Colombia,Colombia,derecho,186,73,si,8.09,6.09,64.56,2.77,55.56,0.15,0.24,0.23,4.01,6.12,0.92,4,0.31,2,0.15,1.08,0.0,0,0.0,0.06,0,0.0,8,0.62,0.0,0.0,0.39,60.0,0.15,100.0,0.15,50.0,0.0,1.16,73.33,4.47,46.55,0.77,1.08,0.08,25.81,0.54,0.85,39.22,86.84,13.48,82.29,5.01,90.77,12.71,90.3,36.99,88.33,1.93,60.0,18.44,20.76,0.04,0.46,0.0,0.08,0.0,0.0,0.15,5.86,82.89,1.54,70.0,0.08,100.0,0.92,0.23,6.47,76.19,0,,0,,0,0.0,0.0,0.0,,,0.15,,0.0,0.0,0.0,0.0,0,0.0,Deportivo Cali,Colombia,CAL,COL_CAL,Midfield
J. Lucumí,América de Cali,América de Cali,CF,21.0,0,,25,1162,1,2.04,1,1.35,25.64,43.2,Colombia,Colombia,derecho,178,68,si,6.04,6.27,62.96,4.18,25.93,0.46,0.71,0.08,1.63,2.49,2.17,2,0.15,1,0.08,3.8,0.08,1,0.08,0.16,1,0.08,29,2.25,27.59,3.448,2.01,30.77,0.62,37.5,1.39,27.78,0.15,3.8,67.35,11.93,44.16,2.32,1.55,0.08,13.17,1.24,1.7,20.83,80.67,3.95,70.59,6.04,93.59,5.65,82.19,17.66,88.6,1.16,46.67,14.66,13.24,0.1,0.85,0.0,0.0,0.0,0.0,0.39,1.94,76.0,1.63,57.14,0.15,0.0,0.62,0.7,3.1,70.0,0,,0,,0,0.0,0.0,0.0,,,0.0,,0.0,0.0,0.0,0.23,0,0.0,América de Cali,Colombia,AME,COL_AME,Forwards
F. Mosquera,Alianza,Alianza,LCB,30.0,400000,,27,1162,1,0.29,0,0.05,11.39,54.42,Colombia,Colombia,derecho,180,73,no,6.74,3.95,68.63,3.25,47.62,0.08,0.11,0.15,3.95,5.37,0.7,6,0.46,0,0.0,0.08,0.08,1,0.08,0.02,0,0.0,8,0.62,12.5,12.5,0.08,0.0,0.0,0.0,0.08,0.0,0.0,0.08,0.0,2.17,46.43,0.31,0.31,0.0,26.02,0.31,0.93,38.11,88.41,12.24,75.32,4.03,98.08,15.96,95.63,34.85,92.0,3.18,51.22,16.55,16.34,0.0,0.15,0.0,0.08,0.0,0.0,0.08,3.49,80.0,0.54,28.57,0.0,0.0,0.23,0.0,5.5,64.79,0,,0,,0,0.0,0.0,0.0,,,1.39,,0.0,0.0,0.0,0.0,0,0.0,Alianza,Colombia,ALV,COL_ALV,Defenders
G. Corujo,Deportivo Cali,Deportivo Cali,LCB,29.0,700000,,18,1156,0,0.34,0,0.0,11.6,66.44,Uruguay,Uruguay,derecho,189,85,no,9.65,5.06,72.31,4.67,61.67,0.47,0.66,0.78,5.53,7.8,0.62,6,0.47,0,0.0,0.0,0.0,0,0.0,0.03,0,0.0,3,0.23,0.0,0.0,0.0,0.0,0.0,0.0,0.0,0.0,0.0,0.0,0.0,0.31,75.0,0.78,0.23,0.0,13.62,0.16,0.54,24.76,82.7,11.6,70.47,0.54,85.71,11.29,93.79,20.79,89.51,3.97,47.06,21.15,30.16,0.0,0.0,0.0,0.0,0.0,0.0,0.0,2.96,52.63,0.16,50.0,0.08,100.0,0.08,0.0,4.9,69.84,0,,0,,0,0.0,0.0,0.0,,,0.23,,0.0,0.0,0.0,0.0,0,0.0,Deportivo Cali,Colombia,CAL,COL_CAL,Defenders
L. Marimón,Millonarios,Millonarios,CF,21.0,0,,23,1152,3,3.31,0,0.4,14.92,37.17,Colombia,Colombia,,0,0,no,4.06,3.36,55.81,3.13,42.5,0.31,0.56,0.16,1.88,3.35,1.64,5,0.39,0,0.0,1.72,0.23,3,0.23,0.26,0,0.0,20,1.56,50.0,15.0,0.23,66.67,0.16,50.0,0.08,100.0,0.0,0.86,81.82,5.63,29.17,3.13,0.55,0.0,10.31,1.25,0.78,12.73,77.91,2.27,58.62,3.91,86.0,2.66,88.24,12.11,80.65,0.39,0.0,12.85,3.22,0.03,0.55,0.0,0.08,0.08,100.0,0.16,0.7,88.89,0.47,83.33,0.16,50.0,0.47,0.16,0.94,50.0,0,,0,,0,0.0,0.0,0.0,,,0.0,,0.0,0.0,0.0,0.0,0,0.0,Millonarios,Colombia,MIL,COL_MIL,Forwards
Á. Meléndez,Patriotas Boyacá,Patriotas Boyacá,RAMF,28.0,250000,2025-06-30,20,1143,2,1.1,2,2.2,13.54,34.88,Colombia,Colombia,derecho,170,62,si,2.91,2.83,55.56,2.68,20.59,0.0,0.0,0.0,1.34,2.01,0.39,1,0.08,0,0.0,2.91,0.16,2,0.16,0.09,0,0.0,18,1.42,38.89,11.111,3.31,38.1,0.63,62.5,2.68,32.35,0.24,2.28,48.28,5.83,36.49,2.52,0.79,0.31,17.56,2.83,0.94,21.73,75.36,4.72,68.33,4.57,87.93,7.32,73.12,17.64,82.14,1.02,76.92,16.9,15.29,0.17,1.26,0.0,0.16,0.08,0.0,0.39,1.57,85.0,2.91,51.35,0.16,0.0,0.71,1.1,4.09,76.92,0,,0,,0,0.0,0.0,0.0,,,0.08,,0.94,0.0,0.0,1.81,0,0.0,Patriotas Boyacá,Colombia,PAT,COL_PAT,Attacking Midfield
D. Rodríguez,Jaguares de Córdoba,Jaguares de Córdoba,RW,28.0,200000,,18,1142,1,0.82,1,2.0,13.95,49.15,Venezuela,Venezuela,derecho,163,61,no,4.65,3.78,75.0,0.55,0.0,0.0,0.0,0.0,1.81,2.7,0.16,0,0.0,0,0.0,2.92,0.08,1,0.08,0.06,0,0.0,19,1.5,21.05,5.263,3.15,22.5,0.87,18.18,2.29,24.14,0.32,3.7,46.81,8.83,44.64,1.5,3.94,1.26,25.61,1.81,1.97,33.89,82.56,6.94,78.41,5.91,96.0,15.29,81.96,28.84,91.26,2.05,50.0,19.64,25.51,0.16,1.18,0.16,0.08,0.24,66.67,0.16,3.47,72.73,3.47,50.0,0.24,33.33,1.18,0.71,4.57,82.76,0,,0,,0,0.0,0.0,0.0,,,0.16,,0.32,0.0,0.0,1.02,0,0.0,Jaguares de Córdoba,Colombia,JAG,COL_JAG,Wingers
G. Tegüé,La Equidad,La Equidad,CB,25.0,100000,,13,1141,0,0.31,0,0.0,11.12,75.89,Colombia,Colombia,derecho,186,76,no,8.05,5.13,78.46,3.94,74.0,0.08,0.11,0.47,3.94,5.7,0.39,0,0.0,1,0.08,0.24,0.0,0,0.0,0.02,0,0.0,6,0.47,33.33,0.0,0.08,0.0,0.08,0.0,0.0,0.0,0.08,0.08,100.0,0.79,70.0,0.95,0.32,0.08,20.9,0.24,0.47,32.97,88.28,12.54,77.36,2.37,100.0,15.3,94.33,28.79,93.97,4.1,50.0,21.65,34.64,0.0,0.08,0.08,0.0,0.0,0.0,0.0,3.47,61.36,0.16,0.0,0.32,50.0,0.08,0.08,5.28,74.63,0,,0,,0,0.0,0.0,0.0,,,1.74,,0.0,0.0,0.0,0.0,0,0.0,La Equidad,Colombia,EQU,COL_EQU,Defenders
J. Hinestroza,Envigado,Envigado,LDMF,23.0,0,,17,1138,0,0.03,0,0.0,11.63,48.98,Colombia,Colombia,,176,70,no,8.3,6.72,56.47,1.5,26.32,0.24,0.33,0.71,4.27,6.02,1.58,7,0.55,0,0.0,0.24,0.0,0,0.0,0.0,0,0.0,3,0.24,0.0,0.0,0.0,0.0,0.0,0.0,0.0,0.0,0.0,0.63,37.5,2.14,29.63,0.0,0.55,0.0,18.11,0.0,0.4,28.63,84.25,8.94,71.68,5.14,93.85,9.65,94.26,26.49,86.87,2.14,51.85,17.88,23.17,0.0,0.0,0.0,0.0,0.0,0.0,0.0,3.32,76.19,0.32,25.0,0.08,0.0,0.08,0.0,3.8,54.17,0,,0,,0,0.0,0.0,0.0,,,0.79,,0.0,0.0,0.0,0.0,0,0.0,Envigado,Colombia,ENV,COL_ENV,Defensive Midfield
J. Aja,Medellín,Medellín,RCB,31.0,400000,2025-12-31,15,1135,0,0.23,1,0.62,12.45,59.24,Uruguay,Uruguay,derecho,191,84,no,7.69,3.81,72.92,6.34,50.0,0.24,0.36,0.48,4.68,7.05,0.48,3,0.24,0,0.0,0.4,0.0,0,0.0,0.02,0,0.0,5,0.4,40.0,0.0,0.0,0.0,0.0,0.0,0.0,0.0,0.0,0.24,100.0,0.56,85.71,0.4,0.0,0.0,18.79,0.48,0.32,29.81,84.57,12.93,71.17,1.51,100.0,13.24,96.41,24.42,90.91,5.39,55.88,21.62,34.92,0.05,0.08,0.0,0.0,0.0,0.0,0.08,2.3,55.17,0.16,0.0,0.16,50.0,0.16,0.0,5.47,60.87,0,,0,,0,0.0,0.0,0.0,,,1.35,,0.0,0.0,0.0,0.0,0,0.0,Medellín,Colombia,MDL,COL_MDL,Defenders
A. Aedo,Boyacá Chicó,Boyacá Chicó,RB,21.0,0,,24,1127,0,0.04,0,0.13,14.29,49.16,Colombia,Colombia,unknown,0,0,no,6.79,5.75,55.56,3.51,52.27,0.16,0.22,0.32,3.43,4.83,1.6,3,0.24,0,0.0,0.64,0.0,0,0.0,0.0,0,0.0,2,0.16,0.0,0.0,0.4,40.0,0.08,100.0,0.32,25.0,0.08,0.72,66.67,3.19,40.0,0.16,0.24,0.0,14.37,0.4,0.72,22.92,80.14,7.43,62.37,3.91,91.84,7.67,87.5,19.57,85.31,2.95,51.35,16.79,19.71,0.01,0.32,0.0,0.0,0.0,0.0,0.08,3.91,63.27,0.8,30.0,0.0,0.0,0.16,0.16,3.51,70.45,0,,0,,0,0.0,0.0,0.0,,,0.24,,0.0,0.0,0.0,0.0,0,0.0,Boyacá Chicó,Colombia,BYC,COL_BYC,Defenders
C. Zapata,Atlético Bucaramanga,Atlético Bucaramanga,CB,38.0,150000,,15,1123,1,1.0,0,0.0,9.54,73.95,Colombia,Colombia,derecho,188,82,no,6.25,3.85,81.25,3.77,76.6,0.08,0.13,0.64,3.05,4.79,0.4,3,0.24,0,0.0,0.4,0.08,1,0.08,0.08,1,0.08,5,0.4,40.0,20.0,0.08,100.0,0.08,100.0,0.0,0.0,0.0,0.16,100.0,1.28,50.0,0.64,0.0,0.08,16.59,0.08,0.64,27.73,87.28,10.26,78.91,1.12,85.71,13.78,94.77,24.36,90.79,3.29,60.98,19.16,25.16,0.0,0.08,0.0,0.0,0.0,0.0,0.0,2.56,75.0,0.16,0.0,0.0,0.0,0.08,0.08,4.73,61.02,0,,0,,0,0.0,0.0,0.0,,,0.48,,0.0,0.0,0.0,0.0,0,0.0,Atlético Bucaramanga,Colombia,BUC,COL_BUC,Defenders
F. Gil,Atlético Bucaramanga,Atlético Bucaramanga,RAMF,30.0,900000,2026-12-31,22,1119,1,2.93,1,1.43,17.86,46.4,Colombia,Colombia,derecho,178,75,si,3.78,3.94,59.18,1.69,57.14,0.08,0.13,0.08,1.37,2.28,1.05,3,0.24,0,0.0,3.94,0.08,2,0.16,0.24,0,0.0,21,1.69,33.33,9.524,3.54,43.18,0.08,0.0,3.46,44.19,0.24,3.7,50.0,10.7,42.11,3.3,2.17,0.32,15.68,3.22,2.9,20.19,73.71,3.7,58.7,5.23,96.92,6.92,67.44,16.09,81.5,0.88,36.36,18.53,17.84,0.12,0.8,0.16,0.0,0.24,0.0,0.32,1.45,50.0,3.7,50.0,0.4,0.0,0.88,1.37,2.98,83.78,0,,0,,0,0.0,0.0,0.0,,,0.16,,0.0,0.0,0.0,0.0,0,0.0,Atlético Bucaramanga,Colombia,BUC,COL_BUC,Attacking Midfield
C. Sención,Unión Magdalena,Unión Magdalena,LCMF,29.0,250000,,15,1100,0,0.36,0,0.26,15.05,58.15,Uruguay,Uruguay,derecho,181,72,no,7.2,6.95,61.18,1.64,65.0,0.41,0.54,0.16,2.54,3.32,1.15,3,0.25,1,0.08,0.98,0.0,0,0.0,0.03,0,0.0,6,0.49,16.67,0.0,0.33,25.0,0.25,33.33,0.08,0.0,0.08,0.98,75.0,4.42,53.7,0.33,0.41,0.0,20.37,0.49,1.31,32.56,82.41,10.96,70.15,4.09,98.0,13.66,91.62,28.06,86.3,4.17,60.78,20.0,33.59,0.02,0.33,0.0,0.0,0.16,50.0,0.08,6.14,78.67,0.74,77.78,0.33,50.0,0.41,0.08,6.05,70.27,0,,0,,0,0.0,0.0,0.0,,,0.16,,1.15,0.08,0.0,0.9,0,0.0,Unión Magdalena,Colombia,UMG,COL_UMG,Midfield
M. Castillo,América de Cali,América de Cali,RB,22.0,0,,15,1096,0,0.95,2,1.41,17.98,57.08,Colombia,Colombia,unknown,0,0,no,7.64,5.34,72.31,2.46,53.33,1.15,1.94,0.41,2.63,4.42,0.9,2,0.16,1,0.08,4.02,0.0,0,0.0,0.08,0,0.0,13,1.07,15.38,0.0,3.04,45.95,0.25,0.0,2.79,50.0,0.33,3.86,63.83,8.54,51.92,1.64,2.63,0.49,25.29,3.12,1.31,35.31,81.86,11.58,75.18,6.16,97.33,11.58,85.11,28.74,89.43,3.86,53.19,19.26,26.23,0.12,0.82,0.08,0.0,0.16,0.0,0.49,4.43,72.22,2.38,55.17,0.49,16.67,0.41,1.23,6.57,77.5,0,,0,,0,0.0,0.0,0.0,,,0.66,,0.0,0.0,0.0,0.0,0,0.0,América de Cali,Colombia,AME,COL_AME,Defenders
R. Pérez,Unión Magdalena,Unión Magdalena,RCB,35.0,550000,2025-12-31,12,1085,0,0.02,0,0.0,10.29,62.9,Colombia,Colombia,derecho,186,82,no,7.88,4.06,81.63,2.9,57.14,0.25,0.38,1.16,4.31,6.5,0.41,2,0.17,1,0.08,0.33,0.0,0,0.0,0.0,0,0.0,1,0.08,0.0,0.0,0.0,0.0,0.0,0.0,0.0,0.0,0.0,0.5,66.67,1.49,44.44,0.41,0.66,0.0,18.41,0.08,0.75,28.04,84.32,10.62,71.88,2.49,90.0,12.94,93.59,24.88,90.33,3.15,36.84,21.65,35.76,0.0,0.0,0.08,0.0,0.0,0.0,0.0,1.74,52.38,0.17,0.0,0.0,0.0,0.0,0.0,4.23,50.98,0,,0,,0,0.0,0.0,0.0,,,1.66,,0.0,0.0,0.0,0.0,0,0.0,Unión Magdalena,Colombia,UMG,COL_UMG,Defenders
J. Quintero,América de Cali,América de Cali,CF,32.0,2500000,2026-12-31,13,1082,3,2.14,0,2.66,9.15,49.09,Colombia,Colombia,izquierdo,168,70,no,1.41,1.58,73.68,0.17,50.0,0.08,0.14,0.0,0.17,0.27,0.42,0,0.0,1,0.08,4.49,0.25,3,0.25,0.18,0,0.0,52,4.33,36.54,5.769,1.08,38.46,0.5,16.67,0.5,50.0,0.17,3.66,54.55,6.99,42.86,2.0,2.41,0.25,56.23,2.41,0.83,61.47,81.87,24.12,76.21,7.49,88.89,18.96,84.21,51.82,85.55,8.57,65.05,18.39,39.51,0.22,2.58,0.17,0.08,1.33,37.5,0.67,13.81,73.49,7.07,62.35,3.41,31.71,4.16,0.42,14.39,94.22,0,,0,,0,0.0,0.0,0.0,,,0.0,,2.25,1.25,33.33,3.24,0,0.0,América de Cali,Colombia,AME,COL_AME,Forwards
J. Contreras,Unión Magdalena,Unión Magdalena,LAMF,26.0,350000,,29,1080,1,1.59,0,1.34,17.75,45.54,Colombia,Colombia,izquierdo,170,64,no,4.92,5.08,63.93,0.67,12.5,0.17,0.26,0.0,1.5,2.36,1.5,7,0.58,0,0.0,2.17,0.08,1,0.08,0.13,0,0.0,11,0.92,36.36,9.091,1.5,27.78,1.0,33.33,0.5,16.67,0.08,2.42,58.62,9.67,40.52,3.42,2.0,0.75,11.33,1.83,2.17,17.0,80.39,3.08,75.68,4.58,89.09,5.0,83.33,15.17,85.16,0.33,100.0,18.3,7.47,0.11,1.0,0.08,0.0,0.08,0.0,0.33,0.92,90.91,0.83,50.0,0.08,0.0,0.83,0.42,1.83,86.36,0,,0,,0,0.0,0.0,0.0,,,0.0,,0.0,0.0,0.0,0.08,0,0.0,Unión Magdalena,Colombia,UMG,COL_UMG,Attacking Midfield
M. Silveira,Junior,Junior,GK,25.0,1000000,2026-07-31,11,1079,0,0.0,0,0.0,1.0,83.33,Uruguay,Uruguay,derecho,187,89,no,1.0,0.17,50.0,0.33,100.0,0.08,0.15,0.0,0.83,1.49,0.08,1,0.08,1,0.08,0.0,0.0,0,0.0,0.0,0,0.0,0,0.0,0.0,0.0,0.0,0.0,0.0,0.0,0.0,0.0,0.0,0.0,0.0,0.25,100.0,0.0,0.0,0.0,7.34,0.25,0.42,13.01,85.9,5.67,73.53,0.0,0.0,6.84,98.78,9.93,94.96,3.0,58.33,29.87,38.34,0.0,0.0,0.0,0.08,0.0,0.0,0.0,0.92,36.36,0.25,0.0,0.08,100.0,0.0,0.0,2.42,62.07,14,1.17,50,4.17,3,72.0,11.51,0.96,-2.49,-0.208,0.0,1.5,,,,0.0,0,0.0,Junior,Colombia,JNR,COL_JNR,Goalkeepers
L. Escorcia,Fortaleza,Fortaleza,CB,21.0,0,2026-12-31,20,1078,0,0.14,0,0.0,10.94,61.07,Colombia,Colombia,unknown,0,0,si,7.68,4.17,68.0,3.92,59.57,0.17,0.25,0.42,4.68,7.06,0.92,1,0.08,0,0.0,0.25,0.0,0,0.0,0.01,0,0.0,5,0.42,0.0,0.0,0.0,0.0,0.0,0.0,0.0,0.0,0.0,0.25,100.0,1.25,60.0,0.08,0.58,0.0,23.96,1.0,0.92,35.82,86.25,16.86,80.69,2.5,100.0,13.02,91.67,30.47,90.96,5.34,59.38,20.15,33.71,0.0,0.0,0.0,0.08,0.0,0.0,0.0,3.01,75.0,0.17,0.0,0.08,100.0,0.0,0.0,7.6,62.64,0,,0,,0,0.0,0.0,0.0,,,1.59,,0.0,0.0,0.0,0.0,0,0.0,Fortaleza,Colombia,FOZ,COL_FOZ,Defenders
E. Valencia,Tolima,Tolima,RW,28.0,550000,,26,1075,1,2.26,1,1.11,18.84,45.33,Colombia,Colombia,izquierdo,175,73,no,5.02,5.11,59.02,1.26,40.0,0.17,0.27,0.0,1.84,2.92,1.0,0,0.0,0,0.0,4.35,0.08,1,0.08,0.19,0,0.0,17,1.42,23.53,5.882,3.52,33.33,2.26,25.93,1.26,46.67,0.59,4.35,65.38,11.22,40.3,3.18,2.93,0.25,32.32,1.93,1.17,40.27,79.63,7.45,69.66,9.63,89.57,13.4,78.75,34.41,86.13,2.34,53.57,17.37,26.18,0.09,1.26,0.17,0.0,0.25,0.0,0.59,4.94,81.36,3.77,48.89,0.5,16.67,1.09,1.26,5.94,76.06,0,,0,,0,0.0,0.0,0.0,,,0.08,,0.84,0.08,0.0,1.0,0,0.0,Tolima,Colombia,TOL,COL_TOL,Wingers
C. Paternina,La Equidad,La Equidad,AMF,24.0,50000,,20,1073,0,0.32,1,0.34,12.58,40.67,Colombia,Colombia,,166,60,no,2.85,3.19,50.0,1.17,14.29,0.17,0.25,0.0,1.09,1.64,0.67,1,0.08,0,0.0,1.68,0.0,0,0.0,0.03,0,0.0,8,0.67,50.0,0.0,0.59,42.86,0.0,0.0,0.59,42.86,0.08,1.93,56.52,6.71,43.75,0.67,1.59,0.34,19.96,0.75,1.85,25.16,81.33,7.88,70.21,5.28,90.48,6.37,80.26,22.31,84.59,2.35,60.71,16.97,24.59,0.03,0.5,0.0,0.0,0.08,0.0,0.25,4.7,73.21,1.09,53.85,0.42,20.0,0.42,0.25,4.36,71.15,0,,0,,0,0.0,0.0,0.0,,,0.17,,1.17,0.34,50.0,1.34,0,0.0,La Equidad,Colombia,EQU,COL_EQU,Attacking Midfield
S. Navarro,Millonarios,Millonarios,RB,22.0,0,2026-12-31,13,1070,0,0.18,0,0.34,14.89,52.54,Colombia,Colombia,derecho,0,0,no,8.5,7.57,70.0,1.35,43.75,0.0,0.0,0.0,3.2,4.54,1.09,1,0.08,0,0.0,1.68,0.0,0,0.0,0.02,0,0.0,4,0.34,50.0,0.0,2.36,28.57,0.0,0.0,2.36,28.57,0.25,1.77,42.86,4.04,31.25,0.67,1.77,0.25,19.6,1.77,0.08,28.93,74.13,10.85,72.09,4.12,95.92,7.49,74.16,25.65,80.33,1.09,15.38,17.8,24.74,0.03,0.59,0.0,0.0,0.17,50.0,0.17,2.52,86.67,2.36,35.71,0.34,25.0,0.34,0.93,6.73,53.75,0,,0,,0,0.0,0.0,0.0,,,0.34,,0.0,0.0,0.0,0.0,0,0.0,Millonarios,Colombia,MIL,COL_MIL,Defenders
J. Micolta,La Equidad,La Equidad,LW,23.0,0,,22,1068,2,2.53,1,0.56,21.66,45.14,Colombia,Colombia,derecho,173,0,no,6.07,5.73,55.88,3.29,30.77,0.34,0.42,0.0,2.53,3.16,1.77,1,0.08,2,0.17,3.03,0.17,2,0.17,0.21,0,0.0,21,1.77,42.86,9.524,1.01,25.0,0.59,28.57,0.42,20.0,0.08,4.21,48.0,11.21,42.11,1.43,2.36,0.51,13.4,1.01,2.36,17.44,66.67,4.55,46.3,3.71,86.36,5.14,73.77,15.34,71.43,1.26,33.33,16.18,21.05,0.05,0.51,0.08,0.17,0.17,0.0,0.34,2.28,40.74,1.18,42.86,0.25,0.0,0.51,0.25,2.44,62.07,0,,0,,0,0.0,0.0,0.0,,,0.0,,0.0,0.0,0.0,0.17,0,0.0,La Equidad,Colombia,EQU,COL_EQU,Wingers
E. Camargo,Boyacá Chicó,Boyacá Chicó,LCMF,23.0,0,,20,1062,0,0.53,0,0.08,13.05,50.65,Colombia,Colombia,derecho,179,73,no,6.1,4.49,67.92,1.44,52.94,0.51,0.78,0.08,2.54,3.91,0.93,3,0.25,0,0.0,0.68,0.0,0,0.0,0.04,0,0.0,15,1.27,20.0,0.0,0.42,20.0,0.08,100.0,0.34,0.0,0.0,0.51,66.67,5.34,44.44,0.76,0.85,0.0,29.92,0.85,1.27,39.32,86.85,11.61,76.64,6.02,92.96,14.49,91.23,36.27,89.49,2.8,57.58,17.1,23.29,0.01,0.25,0.0,0.0,0.0,0.0,0.08,6.95,75.61,0.85,30.0,0.51,66.67,0.17,0.08,5.68,80.6,0,,0,,0,0.0,0.0,0.0,,,0.25,,0.08,0.0,0.0,0.0,0,0.0,Boyacá Chicó,Colombia,BYC,COL_BYC,Midfield
J. Díaz,Once Caldas,Once Caldas,RDMF,24.0,300000,,22,1060,0,0.54,0,0.57,15.54,54.64,Colombia,Colombia,derecho,183,74,no,8.32,8.58,59.41,1.53,61.11,0.17,0.24,0.68,3.06,4.39,2.12,4,0.34,0,0.0,0.59,0.0,0,0.0,0.05,0,0.0,5,0.42,20.0,0.0,0.17,50.0,0.08,0.0,0.08,100.0,0.0,0.59,57.14,3.74,43.18,0.42,0.68,0.08,23.09,0.25,0.42,34.56,90.42,11.89,83.57,4.16,95.92,13.16,94.84,33.37,91.86,1.02,50.0,16.27,15.78,0.05,0.42,0.0,0.0,0.17,50.0,0.34,4.92,81.03,0.59,14.29,0.42,20.0,0.25,0.08,3.99,82.98,0,,0,,0,0.0,0.0,0.0,,,0.42,,0.0,0.0,0.0,0.0,0,0.0,Once Caldas,Colombia,ONC,COL_ONC,Defensive Midfield
Jhon Vásquez,Atlético Bucaramanga,Atlético Bucaramanga,RAMF,30.0,800000,2025-12-31,24,1048,2,3.51,0,1.4,23.27,44.65,Colombia,Colombia,derecho,176,78,no,4.12,3.18,56.76,2.32,48.15,0.26,0.47,0.26,2.06,3.79,1.37,3,0.26,1,0.09,5.41,0.17,2,0.17,0.3,0,0.0,25,2.15,32.0,8.0,5.75,20.9,2.15,16.0,3.61,23.81,0.86,6.44,54.67,14.69,43.86,2.66,3.69,0.43,20.01,2.66,2.06,28.17,70.73,5.5,76.56,6.44,96.0,11.25,56.49,21.3,83.87,1.55,66.67,17.92,18.34,0.12,0.69,0.0,0.0,0.17,0.0,0.6,2.32,81.48,5.84,38.24,0.26,33.33,1.2,1.2,4.38,84.31,0,,0,,0,0.0,0.0,0.0,,,0.0,,0.0,0.0,0.0,0.52,0,0.0,Atlético Bucaramanga,Colombia,BUC,COL_BUC,Attacking Midfield
Á. Rodríguez,Santa Fe,Santa Fe,CF,36.0,300000,,26,1047,2,1.49,4,1.24,21.23,27.53,Colombia,Colombia,derecho,183,83,no,2.15,2.41,42.86,4.3,38.0,0.0,0.0,0.0,1.12,1.59,1.89,5,0.43,1,0.09,1.03,0.17,2,0.17,0.13,1,0.09,9,0.77,33.33,22.222,0.52,33.33,0.26,33.33,0.26,33.33,0.17,1.29,46.67,8.85,19.42,2.06,0.6,0.09,5.07,1.38,0.6,10.92,77.17,3.01,60.0,2.66,87.1,2.41,82.14,10.14,80.51,0.34,50.0,14.44,4.47,0.11,1.29,0.0,0.0,0.17,0.0,0.69,0.95,72.73,0.95,72.73,0.26,0.0,1.2,0.09,1.29,93.33,0,,0,,0,0.0,0.0,0.0,,,0.0,,0.0,0.0,0.0,0.0,0,0.0,Santa Fe,Colombia,STF,COL_STF,Forwards
J. Franco,Deportivo Pasto,Deportivo Pasto,RB,23.0,300000,2026-06-30,15,1045,0,0.1,0,0.6,11.71,49.26,Colombia,Colombia,derecho,178,70,no,6.72,5.77,62.69,1.55,44.44,0.09,0.12,0.0,3.01,4.29,1.55,3,0.26,0,0.0,1.46,0.0,0,0.0,0.01,0,0.0,5,0.43,0.0,0.0,2.58,43.33,0.0,0.0,2.5,41.38,0.0,0.52,66.67,2.41,35.71,0.26,0.86,0.17,21.88,1.64,0.34,28.59,72.89,10.08,58.12,5.51,93.75,8.7,76.24,21.79,81.42,4.39,47.06,17.78,29.57,0.05,0.52,0.09,0.0,0.09,0.0,0.26,3.96,52.17,2.5,41.38,0.43,20.0,0.09,0.95,6.37,63.51,0,,0,,0,0.0,0.0,0.0,,,0.09,,0.0,0.0,0.0,0.0,0,0.0,Deportivo Pasto,Colombia,PAS,COL_PAS,Defenders
J. Holguín,Envigado,Envigado,LB,20.0,0,,13,1033,0,0.4,0,0.19,13.16,52.32,Colombia,Colombia,unknown,178,76,no,8.97,7.41,55.29,2.44,50.0,0.09,0.11,0.17,4.79,6.3,1.57,4,0.35,0,0.0,0.96,0.0,0,0.0,0.03,0,0.0,7,0.61,0.0,0.0,1.74,30.0,1.74,30.0,0.0,0.0,0.26,0.52,83.33,2.18,56.0,1.05,0.7,0.0,19.52,1.13,0.78,27.88,75.0,12.37,66.2,4.09,89.36,6.36,83.56,21.78,86.0,4.44,37.25,22.54,34.31,0.02,0.26,0.0,0.0,0.0,0.0,0.09,4.36,62.0,1.31,26.67,0.0,0.0,0.17,0.52,5.92,64.71,0,,0,,0,0.0,0.0,0.0,,,0.35,,0.0,0.0,0.0,0.0,0,0.0,Envigado,Colombia,ENV,COL_ENV,Defenders
F. Chaverra,La Equidad,La Equidad,LW,22.0,0,2026-06-30,23,1025,1,0.75,1,1.59,20.99,38.91,Colombia,Colombia,,0,0,no,4.39,4.57,57.69,2.55,27.59,0.0,0.0,0.18,1.76,2.32,1.14,3,0.26,0,0.0,3.51,0.09,1,0.09,0.07,0,0.0,20,1.76,25.0,5.0,1.67,36.84,0.61,42.86,1.05,33.33,0.0,5.62,43.75,11.77,35.07,2.02,3.51,1.14,11.94,1.14,1.84,15.19,78.61,2.63,66.67,4.74,92.59,3.42,89.74,13.35,84.87,0.35,25.0,13.75,7.81,0.14,0.97,0.0,0.09,0.0,0.0,0.35,0.97,81.82,1.23,71.43,0.0,0.0,0.61,0.53,1.4,87.5,0,,0,,0,0.0,0.0,0.0,,,0.0,,0.0,0.0,0.0,0.44,0,0.0,La Equidad,Colombia,EQU,COL_EQU,Wingers
Y. Valois,Deportivo Pasto,Deportivo Pasto,CF,20.0,0,2025-12-31,11,1024,6,3.08,0,0.1,19.6,27.35,Colombia,Colombia,,0,0,no,2.11,2.11,29.17,5.98,41.18,0.0,0.0,0.09,1.49,2.01,1.76,4,0.35,0,0.0,1.23,0.53,6,0.53,0.27,3,0.26,19,1.67,47.37,31.579,0.35,0.0,0.09,0.0,0.26,0.0,0.09,1.23,35.71,8.61,20.41,2.02,0.44,0.44,6.68,2.29,1.14,9.32,75.47,1.58,66.67,3.16,94.44,2.29,57.69,8.7,77.78,0.35,75.0,13.98,12.86,0.01,0.26,0.0,0.0,0.0,0.0,0.09,0.88,80.0,0.44,20.0,0.09,100.0,0.44,0.0,0.79,66.67,0,,0,,0,0.0,0.0,0.0,,,0.0,,0.0,0.0,0.0,0.0,0,0.0,Deportivo Pasto,Colombia,PAS,COL_PAS,Forwards
F. Castillo,Deportivo Cali,Deportivo Cali,LAMF,33.0,450000,,20,1021,0,0.4,1,0.73,23.1,39.69,Colombia,Colombia,derecho,171,70,no,5.2,5.38,52.46,1.85,14.29,0.09,0.14,0.0,2.29,3.51,1.32,1,0.09,2,0.18,3.7,0.0,0,0.0,0.04,0,0.0,9,0.79,33.33,0.0,1.5,23.53,1.32,26.67,0.18,0.0,0.18,5.11,55.17,14.28,38.89,1.41,4.5,0.35,23.54,1.41,1.15,32.62,77.3,10.67,72.73,5.55,90.48,8.9,76.24,29.79,81.36,1.32,46.67,15.32,15.29,0.06,0.79,0.0,0.0,0.53,50.0,0.44,4.94,71.43,3.53,42.5,0.53,33.33,0.97,0.44,5.38,80.33,0,,0,,0,0.0,0.0,0.0,,,0.0,,0.26,0.0,0.0,0.62,0,0.0,Deportivo Cali,Colombia,CAL,COL_CAL,Attacking Midfield
R. Hinojosa,Unión Magdalena,Unión Magdalena,AMF,26.0,700000,,20,1020,0,0.9,0,0.65,21.71,41.46,Colombia,Colombia,izquierdo,170,65,no,6.0,5.47,54.84,2.12,16.67,0.71,1.08,0.09,2.29,3.5,2.56,5,0.44,1,0.09,2.74,0.0,0,0.0,0.08,0,0.0,13,1.15,53.85,0.0,1.59,22.22,0.44,20.0,1.15,23.08,0.18,2.65,60.0,11.65,39.39,0.79,0.97,0.09,26.65,1.32,3.18,36.53,78.26,9.0,59.8,8.21,97.85,13.32,78.81,29.38,86.49,5.56,50.79,19.63,26.67,0.06,0.97,0.0,0.0,0.35,50.0,0.09,6.18,57.14,4.32,40.82,1.76,30.0,1.59,0.53,5.56,76.19,0,,0,,0,0.0,0.0,0.0,,,0.26,,0.79,0.18,100.0,2.03,0,0.0,Unión Magdalena,Colombia,UMG,COL_UMG,Attacking Midfield
C. Sarabia,Millonarios,Millonarios,RB,20.0,0,,13,1013,0,0.16,0,0.38,12.7,51.75,Colombia,Colombia,unknown,0,0,no,8.97,7.02,63.29,1.33,40.0,0.09,0.12,0.18,4.44,6.12,1.24,2,0.18,1,0.09,1.24,0.0,0,0.0,0.01,0,0.0,3,0.27,66.67,0.0,2.58,24.14,0.09,0.0,2.49,25.0,0.18,1.24,35.71,3.11,34.29,0.71,1.07,0.27,18.48,1.6,0.44,26.83,74.17,10.04,62.83,4.09,95.65,6.57,74.32,22.12,83.53,2.4,33.33,18.8,33.68,0.03,0.44,0.09,0.0,0.0,0.0,0.09,2.93,60.61,1.95,45.45,0.0,0.0,0.18,0.71,5.77,61.54,0,,0,,0,0.0,0.0,0.0,,,0.09,,0.0,0.0,0.0,0.0,0,0.0,Millonarios,Colombia,MIL,COL_MIL,Defenders
L. Marquinez,Atlético Nacional,Atlético Nacional,GK,22.0,350000,2026-12-31,11,1012,0,0.0,0,0.0,1.42,68.75,Colombia,Colombia,derecho,191,83,no,2.4,0.18,50.0,0.71,87.5,0.09,0.14,0.0,2.22,3.44,0.18,1,0.09,1,0.09,0.0,0.0,0,0.0,0.0,0,0.0,0,0.0,0.0,0.0,0.0,0.0,0.0,0.0,0.0,0.0,0.0,0.0,0.0,0.36,50.0,0.0,0.0,0.0,12.18,0.18,0.27,21.88,80.89,11.83,69.17,0.18,100.0,8.98,95.05,15.65,94.89,6.23,45.71,31.28,47.96,0.0,0.0,0.0,0.0,0.0,0.0,0.0,2.49,39.29,0.27,0.0,0.09,0.0,0.0,0.0,4.62,63.46,11,0.98,43,3.82,0,74.42,8.76,0.78,-2.24,-0.199,0.09,1.78,,,,0.0,0,0.0,Atlético Nacional,Colombia,NAC,COL_NAC,Goalkeepers
O. Bertel,América de Cali,América de Cali,LB,29.0,800000,,13,1012,0,0.16,1,1.39,10.67,53.33,Colombia,Colombia,izquierdo,174,64,no,7.92,5.42,67.21,2.4,48.15,0.0,0.0,0.18,4.27,6.13,0.36,1,0.09,0,0.0,1.6,0.0,0,0.0,0.01,0,0.0,2,0.18,0.0,0.0,2.93,42.42,2.85,43.75,0.0,0.0,0.8,0.44,80.0,1.87,33.33,0.89,0.89,0.18,22.14,2.13,0.09,34.24,79.74,13.34,76.67,4.98,89.29,10.23,80.87,27.75,87.82,3.65,46.34,17.82,27.89,0.12,0.53,0.0,0.0,0.0,0.0,0.53,3.91,65.91,2.31,46.15,0.18,0.0,0.44,1.16,7.03,68.35,0,,0,,0,0.0,0.0,0.0,,,0.53,,0.18,0.0,0.0,0.0,0,0.0,América de Cali,Colombia,AME,COL_AME,Defenders
J. Muñoz,Alianza,Alianza,AMF,31.0,150000,,20,1011,0,1.17,2,1.23,14.42,43.21,Colombia,Colombia,derecho,168,65,no,4.54,4.01,60.0,1.51,23.53,0.27,0.47,0.09,1.87,3.3,1.34,3,0.27,0,0.0,1.42,0.0,0,0.0,0.1,0,0.0,21,1.87,14.29,0.0,1.69,31.58,0.45,20.0,1.16,38.46,0.27,0.98,45.45,6.59,39.19,1.87,0.89,0.0,27.77,1.07,2.05,34.54,79.38,10.5,62.71,5.61,98.41,11.57,83.08,29.47,84.29,3.47,61.54,19.13,26.75,0.11,1.6,0.0,0.0,0.36,50.0,0.62,5.7,68.75,3.38,36.84,0.98,36.36,1.07,0.45,5.96,85.07,0,,0,,0,0.0,0.0,0.0,,,0.0,,1.51,0.18,50.0,4.18,0,0.0,Alianza,Colombia,ALV,COL_ALV,Attacking Midfield
S. Garcia Valero,Atlético Nacional,Atlético Nacional,RCB,20.0,0,,12,1010,0,0.63,0,0.0,8.2,45.65,Colombia,Colombia,unknown,0,0,no,5.35,3.39,36.84,3.12,57.14,0.09,0.16,0.62,4.01,7.07,1.34,2,0.18,0,0.0,0.18,0.0,0,0.0,0.06,0,0.0,4,0.36,25.0,0.0,0.0,0.0,0.0,0.0,0.0,0.0,0.0,0.18,50.0,0.27,33.33,0.45,0.8,0.0,27.27,0.45,0.09,41.44,88.39,17.55,83.25,1.87,100.0,18.36,93.69,37.51,91.69,3.92,56.82,20.64,35.39,0.0,0.09,0.0,0.0,0.0,0.0,0.0,3.12,60.0,0.09,0.0,0.0,0.0,0.09,0.0,8.02,67.78,0,,0,,0,0.0,0.0,0.0,,,1.78,,0.0,0.0,0.0,0.0,0,0.0,Atlético Nacional,Colombia,NAC,COL_NAC,Defenders
M. Gómez,Boyacá Chicó,Boyacá Chicó,CF,28.0,200000,,17,1007,3,3.15,0,1.01,17.43,29.74,Colombia,Colombia,derecho,180,70,no,2.68,2.14,62.5,5.72,29.69,0.18,0.28,0.09,1.16,1.81,0.8,0,0.0,0,0.0,1.61,0.27,2,0.18,0.28,1,0.09,16,1.43,50.0,18.75,1.25,14.29,0.18,0.0,1.07,16.67,0.27,1.34,46.67,8.22,18.48,3.31,0.36,0.0,14.12,1.79,0.45,20.56,75.22,3.66,65.85,5.99,94.03,5.9,69.7,18.77,80.48,0.63,28.57,13.61,11.87,0.09,0.89,0.0,0.0,0.18,50.0,0.0,1.34,73.33,2.06,34.78,0.18,0.0,0.98,0.18,1.79,90.0,0,,0,,0,0.0,0.0,0.0,,,0.0,,0.09,0.0,0.0,0.0,2,50.0,Boyacá Chicó,Colombia,BYC,COL_BYC,Forwards
S. Valencia,Fortaleza,Fortaleza,LB,29.0,0,,11,1004,3,2.28,2,1.3,11.92,50.38,Colombia,Colombia,izquierdo,0,0,no,6.27,5.29,57.63,2.24,52.0,0.18,0.27,0.27,3.05,4.51,1.17,2,0.18,1,0.09,2.33,0.27,1,0.09,0.2,0,0.0,21,1.88,47.62,14.286,4.03,22.22,4.03,22.22,0.0,0.0,0.45,0.9,60.0,2.78,48.39,0.45,1.61,0.09,26.09,3.41,1.34,33.97,69.39,10.76,58.33,5.65,95.24,13.18,68.03,24.38,82.72,6.19,42.03,24.13,44.91,0.12,1.7,0.09,0.0,0.0,0.0,0.45,5.65,55.56,4.3,31.25,0.81,22.22,0.63,1.08,8.61,66.67,0,,0,,0,0.0,0.0,0.0,,,0.36,,1.97,0.63,42.86,2.15,2,100.0,Fortaleza,Colombia,FOZ,COL_FOZ,Defenders
E. Rodríguez,Deportivo Cali,Deportivo Cali,CF,22.0,0,2026-12-31,13,1002,2,4.04,1,0.7,18.5,33.98,Uruguay,Uruguay,izquierdo,190,77,si,2.6,2.16,62.5,2.51,25.0,0.09,0.16,0.09,1.17,2.03,0.81,2,0.18,1,0.09,2.6,0.18,2,0.18,0.36,0,0.0,25,2.25,36.0,8.0,0.99,27.27,0.81,33.33,0.18,0.0,0.09,3.05,50.0,11.95,30.83,3.59,1.17,0.27,10.6,2.16,1.08,13.11,66.44,2.43,37.04,3.41,86.84,3.68,53.66,11.68,71.54,0.54,16.67,14.8,14.33,0.06,0.63,0.0,0.0,0.0,0.0,0.18,1.35,20.0,0.63,42.86,0.0,0.0,0.54,0.27,0.36,100.0,0,,0,,0,0.0,0.0,0.0,,,0.0,,0.0,0.0,0.0,0.0,0,0.0,Deportivo Cali,Colombia,CAL,COL_CAL,Forwards
A. Colorado,Deportivo Cali,Deportivo Cali,RCMF,26.0,800000,2026-06-30,15,1000,1,0.78,0,0.04,13.32,52.03,Colombia,Colombia,derecho,193,81,si,7.38,6.12,58.82,1.89,38.1,0.36,0.54,0.09,3.42,5.16,2.07,7,0.63,0,0.0,0.27,0.09,1,0.09,0.07,0,0.0,7,0.63,42.86,14.286,0.27,0.0,0.0,0.0,0.18,0.0,0.0,0.09,0.0,3.06,58.82,1.26,0.63,0.0,21.87,0.36,1.71,30.69,85.04,9.72,75.93,3.69,95.12,11.7,91.54,28.98,87.27,1.53,52.94,16.96,21.79,0.0,0.54,0.0,0.0,0.09,0.0,0.0,6.12,83.82,0.9,60.0,0.18,0.0,0.45,0.0,4.23,74.47,0,,0,,0,0.0,0.0,0.0,,,0.09,,0.0,0.0,0.0,0.0,0,0.0,Deportivo Cali,Colombia,CAL,COL_CAL,Midfield
P. Grazziani,Alianza,Alianza,GK,30.0,300000,,10,996,0,0.0,0,0.0,0.54,66.67,Colombia,Colombia,derecho,183,75,no,1.17,0.0,0.0,0.54,66.67,0.0,0.0,0.0,1.17,1.88,0.0,1,0.09,0,0.0,0.0,0.0,0,0.0,0.0,0,0.0,0,0.0,0.0,0.0,0.0,0.0,0.0,0.0,0.0,0.0,0.0,0.0,0.0,0.0,0.0,0.0,0.0,0.0,6.33,0.0,0.09,12.38,91.24,6.87,86.84,0.0,0.0,4.88,98.15,8.67,100.0,3.61,72.5,32.6,47.05,0.0,0.0,0.0,0.0,0.0,0.0,0.0,1.08,83.33,0.0,0.0,0.0,0.0,0.0,0.0,3.43,71.05,15,1.36,50,4.52,1,70.0,13.93,1.26,-1.07,-0.097,0.0,1.72,,,,0.0,0,0.0,Alianza,Colombia,ALV,COL_ALV,Goalkeepers
C. Vivas,La Equidad,La Equidad,LCB,23.0,0,,10,995,0,0.0,0,0.05,10.13,57.14,Venezuela,Venezuela,derecho,182,72,no,6.96,3.53,76.92,3.89,39.53,0.36,0.41,0.45,3.89,4.37,0.27,2,0.18,0,0.0,0.36,0.0,0,0.0,0.0,0,0.0,0,0.0,0.0,0.0,0.0,0.0,0.0,0.0,0.0,0.0,0.0,0.36,100.0,1.36,60.0,0.0,0.09,0.0,20.71,0.0,0.72,30.57,87.57,12.75,78.01,0.27,100.0,13.75,96.71,26.68,92.2,3.89,55.81,20.3,41.68,0.0,0.09,0.0,0.0,0.0,0.0,0.0,2.26,68.0,0.18,0.0,0.09,0.0,0.0,0.0,3.98,68.18,0,,0,,0,0.0,0.0,0.0,,,0.27,,0.0,0.0,0.0,0.09,0,0.0,La Equidad,Colombia,EQU,COL_EQU,Defenders
H. Urrego,Unión Magdalena,Unión Magdalena,RCB,32.0,0,,10,993,0,0.71,0,0.0,13.5,61.74,Colombia,Colombia,derecho,187,72,no,8.25,5.35,69.49,4.35,58.33,0.63,0.82,0.63,3.9,5.06,0.73,4,0.36,0,0.0,0.54,0.0,0,0.0,0.06,0,0.0,5,0.45,40.0,0.0,0.36,100.0,0.0,0.0,0.36,100.0,0.0,0.0,0.0,1.27,57.14,0.45,0.54,0.0,17.58,0.36,1.0,29.09,74.45,15.77,61.49,1.81,85.0,9.88,91.74,23.02,85.43,5.71,28.57,22.87,40.01,0.0,0.0,0.0,0.09,0.0,0.0,0.0,4.71,42.31,1.0,45.45,0.18,0.0,0.09,0.36,5.53,45.9,0,,0,,0,0.0,0.0,0.0,,,0.91,,0.0,0.0,0.0,0.0,0,0.0,Unión Magdalena,Colombia,UMG,COL_UMG,Defenders
A. Plata,Águilas Doradas,Águilas Doradas,RAMF,34.0,300000,,19,970,1,0.81,0,0.96,20.41,45.45,Colombia,Colombia,derecho,172,65,no,6.22,7.98,55.81,1.95,23.81,0.19,0.27,0.0,1.58,2.27,1.95,3,0.28,0,0.0,4.36,0.09,1,0.09,0.08,0,0.0,10,0.93,20.0,10.0,3.34,41.67,0.65,42.86,2.69,41.38,0.37,4.73,58.82,9.0,40.21,2.51,2.6,0.28,11.88,2.23,0.84,19.21,66.18,3.99,65.12,2.88,77.42,7.61,68.29,14.85,71.25,1.02,72.73,17.73,16.52,0.09,0.65,0.0,0.0,0.19,0.0,0.37,0.74,62.5,3.34,50.0,0.28,0.0,0.84,1.3,3.43,72.97,0,,0,,0,0.0,0.0,0.0,,,0.0,,0.0,0.0,0.0,0.09,0,0.0,Águilas Doradas,Colombia,AGD,COL_AGD,Attacking Midfield
S. Aponza,Alianza,Alianza,RAMF,20.0,0,,25,967,2,0.79,1,1.51,20.1,40.28,Colombia,Colombia,unknown,0,0,no,5.77,5.03,57.41,2.33,24.0,0.37,0.54,0.19,2.51,3.67,2.14,5,0.47,0,0.0,3.63,0.19,2,0.19,0.07,0,0.0,11,1.02,27.27,18.182,3.16,44.12,0.65,57.14,2.42,38.46,0.28,4.19,46.67,10.61,35.96,2.23,2.89,0.65,14.71,2.89,1.49,20.57,72.4,3.82,48.78,4.75,88.24,7.07,75.0,16.57,80.34,1.3,35.71,19.27,16.49,0.14,1.02,0.0,0.09,0.0,0.0,0.28,1.58,41.18,1.77,52.63,0.0,0.0,0.56,1.12,2.7,62.07,0,,0,,0,0.0,0.0,0.0,,,0.0,,0.0,0.0,0.0,0.0,0,0.0,Alianza,Colombia,ALV,COL_ALV,Attacking Midfield
D. Mera,Unión Magdalena,Unión Magdalena,RB,25.0,250000,,12,961,0,0.25,0,0.55,14.42,50.65,Colombia,Colombia,derecho,183,0,no,7.49,6.27,64.18,2.81,53.33,0.28,0.4,0.28,3.18,4.49,1.03,3,0.28,1,0.09,2.06,0.0,0,0.0,0.02,0,0.0,2,0.19,100.0,0.0,2.72,51.72,0.0,0.0,2.72,51.72,0.19,1.12,41.67,3.37,27.78,0.47,0.66,0.28,24.44,1.78,0.37,33.43,78.43,14.7,70.7,3.65,92.31,10.3,81.82,26.22,86.07,4.68,48.0,20.44,36.99,0.05,0.56,0.09,0.0,0.0,0.0,0.19,4.4,57.45,2.81,53.33,0.28,0.0,0.19,1.31,8.62,76.09,0,,0,,0,0.0,0.0,0.0,,,0.37,,0.0,0.0,0.0,0.0,0,0.0,Unión Magdalena,Colombia,UMG,COL_UMG,Defenders
C. Valencia,Llaneros,Llaneros,LCB,33.0,100000,,11,958,0,0.61,0,0.0,9.77,57.69,Colombia,Colombia,izquierdo,186,85,no,7.14,2.54,74.07,5.26,51.79,0.09,0.14,0.75,5.17,7.71,0.09,1,0.09,1,0.09,0.28,0.0,0,0.0,0.06,0,0.0,7,0.66,14.29,0.0,0.28,66.67,0.09,100.0,0.19,50.0,0.09,0.0,0.0,0.19,0.0,1.32,0.09,0.0,22.92,0.66,0.28,36.54,91.0,14.56,81.29,2.35,100.0,16.25,98.27,30.44,96.6,5.82,62.9,23.11,38.44,0.0,0.0,0.0,0.0,0.0,0.0,0.0,2.54,59.26,0.47,20.0,0.28,0.0,0.09,0.19,6.11,80.0,0,,0,,0,0.0,0.0,0.0,,,2.16,,0.0,0.0,0.0,0.0,0,0.0,Llaneros,Colombia,LNR,COL_LNR,Defenders
V. Sánchez,Unión Magdalena,Unión Magdalena,LW,23.0,0,,16,952,1,1.15,0,0.67,15.41,49.08,Argentina,Argentina,derecho,173,68,si,6.71,5.67,60.0,1.8,21.05,0.09,0.14,0.0,3.21,4.93,1.13,4,0.38,0,0.0,2.27,0.09,1,0.09,0.11,0,0.0,17,1.61,17.65,5.882,1.23,30.77,0.47,20.0,0.76,37.5,0.28,2.55,55.56,6.43,52.94,1.89,1.42,0.09,24.39,1.23,1.42,32.62,74.78,9.55,54.46,7.56,86.25,9.64,78.43,27.89,80.34,3.5,45.95,19.02,30.92,0.06,0.76,0.0,0.0,0.38,50.0,0.19,4.35,54.35,2.55,37.04,0.76,50.0,0.66,0.47,3.97,78.57,0,,0,,0,0.0,0.0,0.0,,,0.19,,0.0,0.0,0.0,0.09,0,0.0,Unión Magdalena,Colombia,UMG,COL_UMG,Wingers
W. Hurtado,Envigado,Envigado,AMF,21.0,550000,2026-06-30,21,951,0,0.94,2,2.08,19.5,38.35,Colombia,Colombia,,170,64,no,3.22,4.83,45.1,1.14,16.67,0.0,0.0,0.0,1.04,1.43,2.08,6,0.57,1,0.09,3.6,0.0,0,0.0,0.09,0,0.0,19,1.8,26.32,0.0,1.8,57.89,0.47,40.0,1.23,69.23,0.19,3.22,55.88,11.07,37.61,0.95,3.31,0.38,22.52,1.61,1.7,30.09,80.82,8.61,58.24,6.53,94.2,8.71,88.04,26.31,85.97,2.08,36.36,17.91,29.76,0.2,1.8,0.09,0.09,0.57,50.0,0.57,5.21,56.36,2.56,59.26,1.23,38.46,0.66,0.76,4.07,88.37,0,,0,,0,0.0,0.0,0.0,,,0.19,,2.08,0.28,33.33,2.37,0,0.0,Envigado,Colombia,ENV,COL_ENV,Attacking Midfield
N. Ramos,Unión Magdalena,Unión Magdalena,LCB,26.0,200000,,10,951,0,0.08,0,0.0,9.75,66.02,Uruguay,Uruguay,derecho,184,82,no,8.23,4.45,74.47,3.6,50.0,0.66,0.89,0.66,4.26,5.72,0.47,2,0.19,0,0.0,0.09,0.0,0,0.0,0.01,0,0.0,3,0.28,0.0,0.0,0.19,50.0,0.0,0.0,0.19,50.0,0.0,0.0,0.0,0.19,100.0,0.38,0.38,0.0,20.16,0.09,0.66,30.66,79.32,16.28,66.86,1.42,93.33,11.17,94.92,23.56,89.96,6.91,43.84,24.04,39.88,0.0,0.0,0.0,0.09,0.0,0.0,0.0,4.16,52.27,0.38,0.0,0.19,0.0,0.0,0.0,7.1,62.67,0,,0,,0,0.0,0.0,0.0,,,0.85,,0.0,0.0,0.0,0.0,0,0.0,Unión Magdalena,Colombia,UMG,COL_UMG,Defenders
Y. Góez,Llaneros,Llaneros,RCMF,25.0,250000,2025-12-31,17,948,2,2.5,0,0.5,16.8,45.2,Colombia,Colombia,derecho,177,75,no,4.46,4.18,56.82,1.42,46.67,0.0,0.0,0.09,2.09,3.22,0.95,5,0.47,1,0.09,1.23,0.19,1,0.09,0.24,0,0.0,12,1.14,33.33,16.667,0.57,33.33,0.09,0.0,0.38,50.0,0.0,1.42,46.67,8.54,41.11,1.42,1.33,0.28,25.16,0.85,2.37,33.51,80.17,8.92,64.89,6.65,91.43,13.48,86.62,28.67,83.77,4.46,61.7,21.05,38.13,0.05,0.85,0.09,0.0,0.09,0.0,0.19,6.93,69.86,1.42,33.33,0.66,57.14,0.57,0.09,5.22,69.09,0,,0,,0,0.0,0.0,0.0,,,0.66,,0.09,0.0,0.0,0.28,1,100.0,Llaneros,Colombia,LNR,COL_LNR,Midfield
C. Graciano,Deportivo Cali,Deportivo Cali,LB,22.0,0,,24,937,0,0.28,0,0.42,14.89,61.29,Colombia,Colombia,derecho,0,0,si,9.89,7.01,83.56,2.69,35.71,0.0,0.0,0.19,4.03,5.92,0.29,0,0.0,0,0.0,1.25,0.0,0,0.0,0.03,0,0.0,6,0.58,33.33,0.0,1.15,16.67,0.19,0.0,0.96,20.0,0.0,1.34,57.14,3.94,43.9,0.67,1.06,0.29,24.49,1.34,0.48,35.15,80.6,10.66,69.37,5.86,96.72,12.49,80.0,27.47,88.46,6.72,58.57,22.01,32.47,0.04,0.48,0.0,0.0,0.1,100.0,0.38,5.67,66.1,1.82,52.63,0.19,50.0,0.67,0.29,7.2,66.67,0,,0,,0,0.0,0.0,0.0,,,0.67,,0.0,0.0,0.0,0.0,0,0.0,Deportivo Cali,Colombia,CAL,COL_CAL,Defenders
T. Gutiérrez,Junior,Junior,CF,40.0,50000,,21,936,1,0.96,2,1.07,13.46,45.0,Colombia,Colombia,derecho,177,81,no,3.17,3.27,67.65,2.02,4.76,0.1,0.18,0.0,0.87,1.59,0.58,3,0.29,0,0.0,2.31,0.1,1,0.1,0.09,0,0.0,8,0.77,62.5,12.5,1.44,46.67,0.77,37.5,0.67,57.14,0.29,1.25,69.23,6.44,44.78,1.92,2.02,0.0,42.98,2.4,1.63,50.96,79.06,15.58,66.05,11.15,89.66,14.13,81.63,44.9,82.44,4.71,57.14,16.08,22.47,0.1,1.25,0.19,0.0,0.38,75.0,0.58,7.5,70.51,4.81,52.0,1.06,36.36,2.79,0.58,8.46,89.77,0,,0,,0,0.0,0.0,0.0,,,0.1,,0.19,0.1,0.0,1.73,0,0.0,Junior,Colombia,JNR,COL_JNR,Forwards
K. Valencia,Llaneros,Llaneros,CF,23.0,350000,2025-12-31,23,928,3,1.42,0,0.34,18.14,32.09,Colombia,Colombia,derecho,184,79,si,2.62,2.52,61.54,5.33,30.91,0.29,0.45,0.0,0.78,1.2,1.55,1,0.1,0,0.0,1.26,0.29,3,0.29,0.14,1,0.1,16,1.55,37.5,18.75,0.87,0.0,0.29,0.0,0.58,0.0,0.1,1.36,50.0,7.37,23.68,2.42,1.16,0.19,8.63,1.84,0.58,9.89,72.55,1.84,52.63,1.84,94.74,3.01,70.97,8.92,80.43,0.39,0.0,13.78,7.25,0.03,0.58,0.0,0.0,0.0,0.0,0.0,0.68,28.57,0.29,0.0,0.0,0.0,0.1,0.1,0.29,33.33,0,,0,,0,0.0,0.0,0.0,,,0.0,,0.0,0.0,0.0,0.0,0,0.0,Llaneros,Colombia,LNR,COL_LNR,Forwards
Julián Angulo,Llaneros,Llaneros,RW,23.0,250000,,18,921,1,1.35,3,1.54,24.53,45.02,Colombia,Colombia,izquierdo,183,76,si,6.45,5.86,73.33,3.52,27.78,0.0,0.0,0.0,2.15,3.24,0.78,1,0.1,1,0.1,3.22,0.1,1,0.1,0.13,0,0.0,11,1.07,18.18,9.091,1.17,33.33,0.0,0.0,1.17,33.33,0.1,5.67,46.55,12.61,37.98,3.03,3.32,0.2,13.49,1.56,0.78,21.5,81.36,5.08,75.0,6.35,90.77,4.79,85.71,20.23,84.54,0.1,0.0,14.61,2.7,0.15,1.86,0.0,0.0,0.0,0.0,0.98,1.27,84.62,1.47,80.0,0.0,0.0,1.86,0.29,3.22,81.82,0,,0,,0,0.0,0.0,0.0,,,0.1,,0.0,0.0,0.0,0.0,0,0.0,Llaneros,Colombia,LNR,COL_LNR,Wingers
H. Lópes,Águilas Doradas,Águilas Doradas,RCB,34.0,200000,,9,912,0,0.03,0,0.0,9.77,66.67,Argentina,Argentina,derecho,180,79,no,8.39,4.34,72.73,3.65,64.86,0.2,0.27,0.39,5.03,6.83,0.39,4,0.39,0,0.0,0.0,0.0,0,0.0,0.0,0,0.0,1,0.1,0.0,0.0,0.0,0.0,0.0,0.0,0.0,0.0,0.0,0.1,0.0,0.59,33.33,0.0,0.3,0.0,17.66,0.39,0.3,29.8,82.78,14.01,69.01,1.58,100.0,13.13,94.74,24.38,86.64,5.43,65.45,24.25,40.11,0.0,0.1,0.0,0.1,0.0,0.0,0.0,4.34,63.64,0.1,0.0,0.0,0.0,0.0,0.0,6.51,68.18,0,,0,,0,0.0,0.0,0.0,,,1.09,,0.0,0.0,0.0,0.0,0,0.0,Águilas Doradas,Colombia,AGD,COL_AGD,Defenders
J. García,Once Caldas,Once Caldas,RCMF,28.0,200000,,21,911,0,0.19,0,0.18,15.61,50.63,Colombia,Colombia,derecho,184,73,no,9.58,10.08,51.96,0.99,40.0,1.19,1.6,0.4,3.16,4.27,2.37,7,0.69,0,0.0,0.4,0.0,0,0.0,0.02,0,0.0,5,0.49,0.0,0.0,0.3,0.0,0.0,0.0,0.3,0.0,0.0,0.59,66.67,2.86,55.17,0.3,0.49,0.1,21.73,0.2,0.3,33.0,87.13,12.15,82.11,4.84,97.96,10.47,87.74,30.13,89.18,2.57,73.08,18.75,18.59,0.02,0.49,0.1,0.0,0.1,0.0,0.0,4.35,77.27,0.59,50.0,0.3,0.0,0.3,0.0,6.72,64.71,0,,0,,0,0.0,0.0,0.0,,,0.3,,0.0,0.0,0.0,0.0,0,0.0,Once Caldas,Colombia,ONC,COL_ONC,Midfield
H. Rivera,Junior,Junior,DMF,32.0,500000,,14,910,1,0.24,0,0.13,11.18,54.87,Colombia,Colombia,derecho,176,73,no,8.41,6.33,56.25,1.29,69.23,1.38,2.04,0.1,3.46,5.1,1.29,2,0.2,0,0.0,0.4,0.1,1,0.1,0.02,0,0.0,7,0.69,14.29,14.286,0.2,50.0,0.1,0.0,0.1,100.0,0.0,0.2,100.0,2.18,36.36,0.3,0.59,0.0,22.75,0.69,0.49,33.33,87.24,12.66,82.81,5.04,94.12,10.78,87.16,30.56,89.64,2.57,61.54,18.79,26.33,0.01,0.59,0.1,0.0,0.1,0.0,0.0,6.53,83.33,0.99,50.0,0.3,33.33,0.4,0.2,5.84,84.75,0,,0,,0,0.0,0.0,0.0,,,0.3,,0.2,0.1,0.0,0.1,0,0.0,Junior,Colombia,JNR,COL_JNR,Defensive Midfield
J. Maza,Jaguares de Córdoba,Jaguares de Córdoba,LB,30.0,250000,,9,906,1,0.53,0,0.22,13.01,45.04,Colombia,Colombia,izquierdo,174,69,no,6.16,5.17,48.08,0.7,14.29,0.1,0.14,0.1,3.58,5.09,0.99,3,0.3,0,0.0,3.08,0.1,1,0.1,0.05,0,0.0,11,1.09,27.27,9.091,2.19,18.18,2.09,19.05,0.1,0.0,0.2,3.58,63.89,6.26,47.62,1.09,1.89,0.4,23.64,1.49,0.5,37.05,79.62,14.9,72.67,4.37,100.0,10.43,79.05,29.8,90.67,5.26,41.51,20.91,40.96,0.02,0.5,0.0,0.1,0.2,50.0,0.1,7.35,64.86,2.38,29.17,0.5,40.0,0.7,0.3,8.74,80.68,0,,0,,0,0.0,0.0,0.0,,,0.2,,0.3,0.1,0.0,0.0,0,0.0,Jaguares de Córdoba,Colombia,JAG,COL_JAG,Defenders
S. Gómez,La Equidad,La Equidad,RW,27.0,250000,,16,898,0,1.35,3,1.15,10.92,47.71,Colombia,Colombia,derecho,180,0,no,7.92,6.11,67.21,1.2,33.33,0.4,0.55,0.2,3.41,4.7,0.5,0,0.0,0,0.0,1.2,0.0,0,0.0,0.14,0,0.0,8,0.8,12.5,0.0,2.31,26.09,0.0,0.0,2.31,26.09,0.7,0.9,22.22,2.61,19.23,1.6,1.4,0.1,19.24,1.9,0.4,26.96,69.52,9.52,62.11,4.81,91.67,7.42,63.51,21.55,79.53,3.31,33.33,17.93,34.91,0.12,1.0,0.0,0.0,0.5,60.0,0.4,3.41,58.82,3.01,40.0,1.1,36.36,0.9,0.8,6.41,67.19,0,,0,,0,0.0,0.0,0.0,,,0.3,,0.6,0.0,0.0,1.2,0,0.0,La Equidad,Colombia,EQU,COL_EQU,Wingers
D. Novoa,Millonarios,Millonarios,GK,36.0,250000,,10,897,0,0.0,0,0.0,0.3,66.67,Colombia,Colombia,derecho,186,80,no,0.8,0.0,0.0,0.2,100.0,0.0,0.0,0.0,0.8,1.33,0.0,1,0.1,0,0.0,0.0,0.0,0,0.0,0.0,0,0.0,0,0.0,0.0,0.0,0.0,0.0,0.0,0.0,0.0,0.0,0.0,0.0,0.0,0.1,0.0,0.0,0.0,0.0,6.62,0.1,0.0,12.24,85.25,7.12,76.06,0.0,0.0,4.62,100.0,9.23,98.91,2.91,44.83,28.69,44.66,0.0,0.0,0.0,0.0,0.0,0.0,0.0,1.4,35.71,0.2,0.0,0.1,0.0,0.0,0.0,2.21,68.18,10,1.0,31,3.11,2,67.74,9.27,0.93,-0.73,-0.073,0.0,0.7,,,,0.0,0,0.0,Millonarios,Colombia,MIL,COL_MIL,Goalkeepers
R. Blanco,Unión Magdalena,Unión Magdalena,CF,26.0,250000,,15,892,0,2.35,1,0.89,23.81,36.02,Colombia,Colombia,derecho,180,74,no,5.85,6.05,50.0,4.04,25.0,0.91,1.44,0.0,1.92,3.03,2.52,3,0.3,0,0.0,2.22,0.0,0,0.0,0.24,0,0.0,28,2.83,28.57,0.0,1.11,27.27,0.61,33.33,0.4,25.0,0.1,2.22,45.45,10.7,29.25,3.53,1.21,0.1,13.02,1.61,1.92,18.16,76.11,3.63,63.89,3.63,88.89,4.84,75.0,16.14,81.25,0.91,44.44,16.73,13.15,0.09,0.61,0.0,0.0,0.2,50.0,0.2,2.12,66.67,1.41,64.29,0.1,100.0,0.81,0.61,1.72,70.59,0,,0,,0,0.0,0.0,0.0,,,0.0,,0.0,0.0,0.0,0.0,0,0.0,Unión Magdalena,Colombia,UMG,COL_UMG,Forwards
R. Caicedo,Boyacá Chicó,Boyacá Chicó,GK,31.0,300000,,9,891,0,0.0,0,0.0,0.3,100.0,Colombia,Colombia,derecho,187,83,no,2.02,0.2,100.0,0.1,100.0,0.0,0.0,0.0,1.82,2.37,0.0,1,0.1,0,0.0,0.0,0.0,0,0.0,0.0,0,0.0,0,0.0,0.0,0.0,0.0,0.0,0.0,0.0,0.0,0.0,0.0,0.0,0.0,0.0,0.0,0.0,0.0,0.0,9.8,0.3,0.1,16.26,80.12,9.19,64.84,0.0,0.0,6.67,100.0,9.8,95.88,6.46,56.25,31.11,44.35,0.0,0.0,0.0,0.0,0.0,0.0,0.0,1.31,61.54,0.0,0.0,0.1,0.0,0.0,0.0,4.65,63.04,21,2.12,43,4.34,3,51.16,14.94,1.51,-6.06,-0.612,0.0,0.91,,,,0.0,0,0.0,Boyacá Chicó,Colombia,BYC,COL_BYC,Goalkeepers
J. Figueroa,Jaguares de Córdoba,Jaguares de Córdoba,GK,31.0,200000,,9,889,0,0.0,0,0.0,0.61,83.33,Colombia,Colombia,derecho,183,75,no,0.61,0.0,0.0,0.4,100.0,0.0,0.0,0.0,0.61,0.82,0.0,0,0.0,0,0.0,0.0,0.0,0,0.0,0.0,0,0.0,0,0.0,0.0,0.0,0.0,0.0,0.0,0.0,0.0,0.0,0.0,0.0,0.0,0.1,100.0,0.0,0.0,0.0,9.01,0.0,0.2,15.69,90.32,7.8,85.71,0.0,0.0,7.19,95.77,12.05,98.32,3.64,63.89,27.27,44.77,0.0,0.0,0.0,0.0,0.0,0.0,0.0,0.4,75.0,0.0,0.0,0.0,0.0,0.0,0.0,2.83,71.43,11,1.11,48,4.86,2,77.08,12.26,1.24,1.26,0.128,0.0,1.21,,,,0.0,0,0.0,Jaguares de Córdoba,Colombia,JAG,COL_JAG,Goalkeepers
J. Sánchez,Boyacá Chicó,Boyacá Chicó,LW,30.0,50000,,19,887,0,0.42,0,0.07,18.67,45.11,Colombia,Colombia,derecho,170,60,no,3.86,4.16,56.1,1.62,25.0,0.0,0.0,0.0,1.52,2.36,1.01,2,0.2,0,0.0,3.35,0.0,0,0.0,0.04,0,0.0,8,0.81,37.5,0.0,1.32,46.15,0.2,0.0,1.12,54.55,0.1,3.75,64.86,10.86,44.86,0.51,2.23,0.51,9.54,0.81,2.13,15.83,82.05,3.65,66.67,4.26,92.86,5.38,81.13,14.0,86.23,0.81,50.0,15.13,15.98,0.01,0.2,0.0,0.0,0.0,0.0,0.1,1.52,73.33,1.22,58.33,0.0,0.0,0.2,0.51,2.23,72.73,0,,0,,0,0.0,0.0,0.0,,,0.0,,0.1,0.0,0.0,0.0,0,0.0,Boyacá Chicó,Colombia,BYC,COL_BYC,Wingers
J. Lerma,Unión Magdalena,Unión Magdalena,RB,22.0,0,,15,886,0,0.25,0,0.29,18.89,53.23,Colombia,Colombia,derecho,177,71,si,7.72,6.3,62.9,1.52,60.0,0.2,0.28,0.3,3.56,4.95,1.32,4,0.41,0,0.0,2.54,0.0,0,0.0,0.03,0,0.0,7,0.71,28.57,0.0,1.52,33.33,0.0,0.0,1.52,33.33,0.3,2.95,62.07,9.24,47.25,1.12,2.03,0.0,18.49,1.12,0.91,27.93,78.18,9.85,62.89,4.67,93.48,8.63,81.18,23.97,83.9,2.64,50.0,16.52,20.66,0.03,0.41,0.0,0.0,0.2,0.0,0.1,3.35,66.67,1.83,27.78,0.2,0.0,0.51,0.41,4.77,59.57,0,,0,,0,0.0,0.0,0.0,,,0.3,,0.0,0.0,0.0,0.0,0,0.0,Unión Magdalena,Colombia,UMG,COL_UMG,Defenders
M. Uribe,Atlético Nacional,Atlético Nacional,RDMF,34.0,4000000,2026-06-30,16,883,0,0.75,3,1.69,11.62,46.49,Colombia,Colombia,derecho,182,77,no,6.42,5.5,48.15,2.04,40.0,0.51,0.9,0.1,3.26,5.78,1.94,4,0.41,1,0.1,1.12,0.0,0,0.0,0.08,0,0.0,4,0.41,75.0,0.0,0.31,33.33,0.1,0.0,0.2,50.0,0.1,0.61,83.33,2.65,53.85,1.12,0.51,0.0,40.87,1.53,0.41,52.59,90.31,16.92,79.52,9.07,100.0,19.26,94.18,47.5,93.56,4.79,61.7,18.0,32.9,0.17,1.22,0.1,0.0,0.2,100.0,0.51,9.78,82.29,1.83,44.44,0.51,60.0,0.82,0.1,8.05,91.14,0,,0,,0,0.0,0.0,0.0,,,1.53,,0.1,0.0,0.0,0.0,0,0.0,Atlético Nacional,Colombia,NAC,COL_NAC,Defensive Midfield
J. Mosquera,Atlético Bucaramanga,Atlético Bucaramanga,LAMF,23.0,0,2025-12-31,19,882,3,1.41,0,0.98,14.49,47.89,Colombia,Colombia,izquierdo,187,0,no,6.63,4.08,72.5,2.55,40.0,0.71,1.25,0.0,2.96,5.18,1.02,5,0.51,0,0.0,2.45,0.31,3,0.31,0.14,1,0.1,10,1.02,60.0,30.0,1.84,50.0,1.84,50.0,0.0,0.0,0.31,1.94,47.37,5.61,40.0,2.96,1.53,0.71,15.0,1.94,1.53,22.96,77.78,7.14,65.71,4.49,93.18,6.02,76.27,19.9,82.56,1.33,38.46,16.36,15.1,0.1,0.92,0.1,0.1,0.0,0.0,0.2,2.04,65.0,1.63,62.5,0.1,0.0,0.92,1.02,3.16,58.06,0,,0,,0,0.0,0.0,0.0,,,0.1,,0.0,0.0,0.0,0.0,0,0.0,Atlético Bucaramanga,Colombia,BUC,COL_BUC,Attacking Midfield
E. Moreno,Deportivo Pereira,Deportivo Pereira,RB,23.0,25000,,20,880,0,0.26,1,0.73,13.19,49.61,Colombia,Colombia,derecho,179,68,no,7.16,6.34,61.29,2.05,55.0,0.1,0.15,0.1,3.17,4.77,0.2,0,0.0,0,0.0,1.64,0.0,0,0.0,0.03,0,0.0,3,0.31,33.33,0.0,1.84,61.11,0.41,75.0,1.43,57.14,0.2,0.82,50.0,3.17,32.26,1.13,0.82,0.0,21.68,1.84,0.2,30.68,82.67,9.82,70.83,4.91,91.67,10.53,91.26,26.9,86.69,2.05,45.0,17.48,16.8,0.07,0.72,0.0,0.1,0.0,0.0,0.1,3.38,72.73,1.94,63.16,0.1,0.0,0.41,1.23,6.44,69.84,0,,0,,0,0.0,0.0,0.0,,,0.2,,0.0,0.0,0.0,0.0,0,0.0,Deportivo Pereira,Colombia,PER,COL_PER,Defenders
V. Hernández,Boyacá Chicó,Boyacá Chicó,AMF,36.0,300000,,15,879,0,0.92,0,1.12,14.03,29.93,Colombia,Colombia,derecho,160,61,no,2.15,2.56,28.0,1.64,18.75,0.2,0.34,0.0,1.23,2.01,0.41,0,0.0,0,0.0,1.84,0.0,0,0.0,0.09,0,0.0,6,0.61,16.67,0.0,0.72,100.0,0.2,100.0,0.41,100.0,0.0,1.95,52.63,8.91,34.48,0.92,1.54,0.2,28.77,1.43,1.95,35.53,85.88,9.42,70.65,6.76,90.91,10.24,96.0,32.76,87.5,2.15,57.14,14.89,22.51,0.11,1.54,0.1,0.0,0.1,0.0,0.31,4.91,75.0,2.15,61.9,0.41,0.0,0.82,0.61,4.2,87.8,0,,0,,0,0.0,0.0,0.0,,,0.0,,1.23,0.0,0.0,1.43,1,0.0,Boyacá Chicó,Colombia,BYC,COL_BYC,Attacking Midfield
J. Herrera,Jaguares de Córdoba,Jaguares de Córdoba,RB,24.0,0,2025-11-30,9,877,0,1.92,0,1.36,18.78,53.01,Colombia,Colombia,,172,0,no,3.69,2.67,57.69,1.95,21.05,0.0,0.0,0.0,2.16,3.07,0.31,4,0.41,0,0.0,6.16,0.0,0,0.0,0.2,0,0.0,27,2.77,22.22,0.0,4.31,28.57,0.51,20.0,3.69,30.56,0.41,6.77,62.12,12.21,57.98,2.16,3.59,0.62,21.24,1.44,3.28,26.78,73.56,7.29,60.56,4.31,90.48,9.44,79.35,20.42,84.42,2.26,59.09,21.32,31.65,0.14,1.03,0.0,0.0,0.31,33.33,0.51,3.49,61.76,3.18,41.94,0.51,20.0,0.72,1.33,4.62,84.44,0,,0,,0,0.0,0.0,0.0,,,0.0,,1.85,0.51,20.0,0.82,0,0.0,Jaguares de Córdoba,Colombia,JAG,COL_JAG,Defenders
José Masllorens,La Equidad,La Equidad,DMF,24.0,150000,,10,877,0,0.4,0,0.02,11.19,61.47,Spain,"Spain, Colombia",ambidiestro,188,71,no,8.11,5.03,79.59,1.95,57.89,0.41,0.45,0.41,3.69,4.06,0.41,0,0.0,0,0.0,0.31,0.0,0,0.0,0.04,0,0.0,5,0.51,20.0,0.0,0.1,0.0,0.0,0.0,0.1,0.0,0.0,0.21,50.0,3.18,41.94,0.41,0.31,0.0,27.09,0.21,1.03,36.43,88.73,9.44,75.0,4.82,97.87,16.93,93.94,32.84,92.5,3.49,55.88,19.21,40.96,0.0,0.1,0.0,0.0,0.1,100.0,0.0,4.62,68.89,0.31,33.33,0.21,50.0,0.21,0.0,5.03,67.35,0,,0,,0,0.0,0.0,0.0,,,0.21,,0.1,0.0,0.0,0.1,0,0.0,La Equidad,Colombia,EQU,COL_EQU,Defensive Midfield
J. Peña,Junior,Junior,LCB,25.0,850000,2027-12-31,9,870,0,0.66,0,0.07,10.76,58.65,Colombia,Colombia,derecho,187,80,no,7.03,3.83,59.46,2.79,59.26,0.21,0.41,0.31,4.55,8.98,0.31,1,0.1,1,0.1,0.72,0.0,0,0.0,0.07,0,0.0,11,1.14,9.09,0.0,0.31,66.67,0.21,50.0,0.0,0.0,0.1,0.72,57.14,2.59,56.0,1.03,2.17,0.21,30.83,0.93,0.83,46.86,84.55,18.31,74.58,2.17,80.95,22.03,93.9,39.52,91.1,7.03,48.53,22.49,40.56,0.01,0.1,0.1,0.0,0.0,0.0,0.0,6.72,60.0,0.72,42.86,0.83,12.5,0.1,0.21,9.0,64.37,0,,0,,0,0.0,0.0,0.0,,,0.83,,0.0,0.0,0.0,0.0,0,0.0,Junior,Colombia,JNR,COL_JNR,Defenders
K. Moreno,Alianza,Alianza,RCB,25.0,300000,,12,861,0,0.55,0,0.13,7.63,58.9,Colombia,Colombia,derecho,187,87,si,5.12,2.51,66.67,2.93,64.29,0.0,0.0,0.52,3.45,4.97,0.94,3,0.31,0,0.0,0.1,0.0,0,0.0,0.06,0,0.0,4,0.42,0.0,0.0,0.31,33.33,0.1,0.0,0.21,50.0,0.1,0.0,0.0,1.15,36.36,0.73,0.21,0.0,25.61,0.21,0.21,36.59,85.43,17.35,75.9,2.93,100.0,13.38,94.53,30.0,93.38,6.27,50.0,20.6,32.51,0.01,0.31,0.0,0.0,0.0,0.0,0.0,4.29,53.66,1.05,40.0,0.21,50.0,0.52,0.1,6.48,72.58,0,,0,,0,0.0,0.0,0.0,,,2.3,,0.0,0.0,0.0,0.0,0,0.0,Alianza,Colombia,ALV,COL_ALV,Defenders
D. Barrera,Fortaleza,Fortaleza,RCMF,21.0,0,,18,860,0,0.69,0,1.32,15.07,40.97,Colombia,Colombia,unknown,0,0,no,5.76,4.81,47.83,2.51,41.67,0.31,0.55,0.21,3.14,5.52,1.05,2,0.21,0,0.0,0.84,0.0,0,0.0,0.07,0,0.0,13,1.36,23.08,0.0,0.52,60.0,0.42,50.0,0.1,100.0,0.0,0.63,33.33,5.97,40.35,0.52,1.88,0.31,31.92,0.0,1.88,42.38,90.86,12.24,81.2,6.91,98.48,16.22,95.48,38.83,93.26,3.03,65.52,18.47,31.71,0.14,1.47,0.0,0.0,0.0,0.0,0.21,7.01,80.6,1.47,50.0,0.21,0.0,0.52,0.21,5.34,82.35,0,,0,,0,0.0,0.0,0.0,,,0.94,,0.63,0.21,0.0,2.3,0,0.0,Fortaleza,Colombia,FOZ,COL_FOZ,Midfield
A. Hurtado,Deportivo Cali,Deportivo Cali,CF,38.0,600000,,9,856,6,4.71,1,0.24,17.77,39.05,Colombia,"Colombia, Mexico",derecho,171,65,no,3.15,3.15,53.33,3.79,19.44,0.11,0.16,0.0,1.37,2.13,1.05,0,0.0,0,0.0,3.26,0.63,2,0.21,0.5,0,0.0,21,2.21,52.38,28.571,0.74,14.29,0.21,0.0,0.53,20.0,0.0,3.15,50.0,9.46,42.22,2.73,1.26,0.0,19.66,2.42,2.0,23.13,83.64,6.31,75.0,4.63,95.45,6.52,87.1,20.61,87.24,1.79,70.59,17.75,22.13,0.03,0.84,0.0,0.0,0.42,100.0,0.63,3.47,78.79,2.31,54.55,0.74,71.43,1.37,0.11,3.68,91.43,0,,0,,0,0.0,0.0,0.0,,,0.0,,0.21,0.21,0.0,0.11,4,100.0,Deportivo Cali,Colombia,CAL,COL_CAL,Forwards
B. Duarte,Atlético Bucaramanga,Atlético Bucaramanga,RB,22.0,0,2025-12-31,10,850,0,0.38,1,0.42,17.15,51.85,Colombia,Colombia,,0,0,no,10.16,8.47,65.0,3.07,51.72,0.32,0.49,0.32,4.34,6.72,1.16,2,0.21,1,0.11,1.59,0.0,0,0.0,0.04,0,0.0,7,0.74,42.86,0.0,2.65,40.0,0.0,0.0,2.65,40.0,0.42,1.06,20.0,3.92,24.32,0.53,1.06,0.21,20.01,1.48,0.53,29.86,74.82,13.87,68.7,2.54,91.67,8.79,80.72,23.61,82.51,3.81,52.78,19.77,33.19,0.04,0.53,0.0,0.0,0.0,0.0,0.32,4.13,66.67,2.54,33.33,0.42,25.0,0.32,0.85,6.99,63.64,0,,0,,0,0.0,0.0,0.0,,,0.74,,0.0,0.0,0.0,0.0,0,0.0,Atlético Bucaramanga,Colombia,BUC,COL_BUC,Defenders
J. Ramírez,Millonarios,Millonarios,AMF,23.0,0,,16,845,0,0.13,0,1.51,14.49,44.12,Colombia,Colombia,,0,0,no,6.07,5.33,60.0,1.49,21.43,1.7,2.89,0.11,1.17,1.99,0.53,2,0.21,0,0.0,2.13,0.0,0,0.0,0.01,0,0.0,9,0.96,33.33,0.0,1.81,47.06,0.53,60.0,1.28,41.67,0.43,1.17,45.45,6.82,37.5,0.75,2.02,0.32,38.77,1.07,1.49,46.22,83.87,14.8,73.38,7.24,97.06,16.62,89.74,40.37,87.07,4.26,65.0,18.46,25.27,0.16,1.92,0.11,0.0,0.75,57.14,0.11,9.05,81.18,3.2,66.67,0.75,42.86,1.28,0.85,7.88,90.54,0,,0,,0,0.0,0.0,0.0,,,0.21,,1.38,0.0,0.0,4.58,0,0.0,Millonarios,Colombia,MIL,COL_MIL,Attacking Midfield
K. Balanta,Fortaleza,Fortaleza,RCMF,21.0,0,,11,843,0,0.06,0,0.14,14.73,58.7,Colombia,Colombia,,0,0,no,8.75,6.62,70.97,2.46,52.17,0.43,0.65,0.32,3.63,5.48,1.17,3,0.32,0,0.0,0.32,0.0,0,0.0,0.01,0,0.0,1,0.11,0.0,0.0,0.11,100.0,0.0,0.0,0.11,100.0,0.0,0.53,40.0,4.16,43.59,0.0,0.32,0.11,21.35,0.21,1.28,30.64,88.15,9.93,74.19,3.42,90.63,12.38,94.83,28.29,90.19,2.24,61.9,15.8,29.48,0.02,0.32,0.0,0.0,0.0,0.0,0.11,4.38,75.61,0.53,40.0,0.21,0.0,0.11,0.11,4.59,74.42,0,,0,,0,0.0,0.0,0.0,,,0.64,,0.0,0.0,0.0,0.0,0,0.0,Fortaleza,Colombia,FOZ,COL_FOZ,Midfield
J. Cantillo,Deportivo Cali,Deportivo Cali,RW,22.0,0,,19,833,0,2.21,0,0.46,27.55,48.24,Colombia,Colombia,,175,0,no,7.02,7.78,61.11,3.46,53.13,0.32,0.45,0.22,1.94,2.7,1.4,3,0.32,0,0.0,3.24,0.0,0,0.0,0.24,0,0.0,18,1.94,27.78,0.0,2.05,36.84,0.97,44.44,1.08,30.0,0.22,3.35,58.06,12.75,40.68,3.24,1.73,0.0,10.59,1.94,2.7,16.75,71.61,4.43,58.54,4.11,94.74,4.32,62.5,13.29,78.86,1.4,53.85,14.32,14.99,0.05,0.76,0.0,0.0,0.0,0.0,0.11,1.19,54.55,2.27,28.57,0.22,0.0,0.32,0.65,2.81,61.54,0,,0,,0,0.0,0.0,0.0,,,0.0,,0.0,0.0,0.0,0.11,0,0.0,Deportivo Cali,Colombia,CAL,COL_CAL,Wingers
J. Roa,Jaguares de Córdoba,Jaguares de Córdoba,RCMF,30.0,350000,,9,830,1,1.66,0,0.75,16.48,61.18,Colombia,Colombia,derecho,178,65,no,9.76,8.46,70.51,3.25,53.33,0.0,0.0,0.54,3.8,5.61,1.41,1,0.11,0,0.0,1.41,0.11,1,0.11,0.18,1,0.11,8,0.87,37.5,12.5,0.43,100.0,0.11,100.0,0.11,100.0,0.11,0.87,50.0,3.14,41.38,0.98,0.87,0.11,30.04,0.65,0.65,43.27,89.97,15.94,79.59,5.42,98.0,15.07,96.4,38.6,92.98,4.23,61.54,17.65,27.16,0.08,1.08,0.0,0.0,0.22,100.0,0.11,6.61,78.69,1.19,63.64,0.54,80.0,0.76,0.33,7.48,86.96,0,,0,,0,0.0,0.0,0.0,,,0.43,,0.11,0.0,0.0,0.0,0,0.0,Jaguares de Córdoba,Colombia,JAG,COL_JAG,Midfield
E. Rivero Almario,Atlético Nacional,Atlético Nacional,RDMF,19.0,0,,17,829,0,0.06,0,0.61,13.79,48.82,Colombia,Colombia,unknown,0,0,no,6.62,6.73,51.61,1.52,35.71,1.19,1.96,0.33,1.95,3.21,1.63,4,0.43,0,0.0,0.65,0.0,0,0.0,0.01,0,0.0,6,0.65,0.0,0.0,0.11,0.0,0.0,0.0,0.11,0.0,0.0,0.98,66.67,3.37,54.84,0.0,0.0,0.0,28.34,0.33,1.41,37.24,87.46,11.07,80.39,6.19,96.49,14.76,88.24,33.76,90.35,3.37,61.29,19.16,24.99,0.07,0.43,0.22,0.0,0.0,0.0,0.22,6.62,78.69,1.19,45.45,0.54,40.0,0.54,0.0,5.54,82.35,0,,0,,0,0.0,0.0,0.0,,,0.76,,0.0,0.0,0.0,0.0,0,0.0,Atlético Nacional,Colombia,NAC,COL_NAC,Defensive Midfield
A. Estacio,Deportivo Pereira,Deportivo Pereira,RAMF,27.0,500000,,16,824,0,1.54,0,0.5,17.58,52.17,Colombia,Colombia,izquierdo,178,78,no,6.23,6.01,70.91,1.75,25.0,0.11,0.17,0.11,1.86,2.91,1.2,4,0.44,0,0.0,3.06,0.0,0,0.0,0.17,0,0.0,28,3.06,35.71,0.0,1.53,28.57,0.66,16.67,0.87,37.5,0.11,2.73,56.0,8.19,46.67,1.42,2.4,0.11,14.09,1.31,2.18,19.11,75.43,5.24,66.67,3.93,88.89,6.33,79.31,15.62,80.42,2.18,70.0,21.08,28.43,0.05,0.55,0.22,0.0,0.11,0.0,0.22,3.28,60.0,1.75,31.25,0.11,0.0,0.55,0.33,3.06,78.57,0,,0,,0,0.0,0.0,0.0,,,0.11,,0.98,0.87,62.5,1.09,0,0.0,Deportivo Pereira,Colombia,PER,COL_PER,Attacking Midfield
J. Mina,Llaneros,Llaneros,RCB,25.0,300000,,16,819,1,0.63,0,0.0,16.37,63.09,Colombia,Colombia,derecho,188,0,no,10.11,7.69,72.86,3.3,63.33,0.22,0.33,0.33,4.29,6.36,1.98,2,0.22,0,0.0,0.44,0.11,1,0.11,0.07,1,0.11,3,0.33,66.67,33.333,0.22,0.0,0.0,0.0,0.22,0.0,0.11,0.22,100.0,2.09,31.58,0.44,0.55,0.33,15.49,0.33,0.77,25.71,80.34,12.31,70.54,1.98,100.0,8.02,90.41,22.2,85.15,3.3,53.33,17.69,24.41,0.0,0.0,0.0,0.0,0.0,0.0,0.0,2.86,53.85,0.55,20.0,0.11,0.0,0.11,0.0,4.84,61.36,0,,0,,0,0.0,0.0,0.0,,,1.43,,0.0,0.0,0.0,0.0,0,0.0,Llaneros,Colombia,LNR,COL_LNR,Defenders
Y. Perlaza,Santa Fe,Santa Fe,RB,22.0,0,,18,819,1,0.55,1,1.88,14.73,53.73,Colombia,Colombia,unknown,180,63,si,4.4,3.08,71.43,2.42,50.0,0.0,0.0,0.11,2.2,2.94,0.44,0,0.0,0,0.0,3.85,0.11,1,0.11,0.06,0,0.0,9,0.99,55.56,11.111,2.97,51.85,0.11,100.0,2.86,50.0,0.11,2.75,64.0,7.47,50.0,1.54,1.87,0.33,14.73,1.32,1.32,19.89,76.24,6.04,69.09,2.2,80.0,7.91,80.56,15.71,81.82,1.43,61.54,20.72,21.02,0.21,1.21,0.22,0.0,0.0,0.0,0.77,2.09,89.47,2.53,65.22,0.11,0.0,0.66,1.43,4.84,72.73,0,,0,,0,0.0,0.0,0.0,,,0.0,,0.0,0.0,0.0,0.22,0,0.0,Santa Fe,Colombia,STF,COL_STF,Defenders
M. Amaya Peña,La Equidad,La Equidad,RCB,21.0,0,,10,819,0,0.09,0,0.01,12.53,64.04,Colombia,Colombia,,0,0,no,9.67,8.02,72.6,2.42,54.55,0.22,0.31,0.55,3.63,5.1,1.21,3,0.33,0,0.0,0.22,0.0,0,0.0,0.01,0,0.0,4,0.44,0.0,0.0,0.22,50.0,0.0,0.0,0.22,50.0,0.0,0.0,0.0,0.88,37.5,0.0,0.99,0.0,23.85,0.88,0.22,36.26,86.06,19.12,82.76,1.87,94.12,12.31,91.07,31.32,89.82,4.73,62.79,20.6,32.76,0.0,0.11,0.0,0.0,0.22,50.0,0.0,7.25,83.33,0.33,66.67,0.33,66.67,0.22,0.11,8.57,76.92,0,,0,,0,0.0,0.0,0.0,,,1.21,,0.0,0.0,0.0,0.0,0,0.0,La Equidad,Colombia,EQU,COL_EQU,Defenders
S. Silva,América de Cali,América de Cali,GK,26.0,700000,,8,810,0,0.0,0,0.0,0.78,42.86,Uruguay,Uruguay,derecho,190,78,no,1.44,0.22,0.0,0.11,100.0,0.0,0.0,0.0,1.44,2.1,0.0,0,0.0,0,0.0,0.0,0.0,0,0.0,0.0,0,0.0,0,0.0,0.0,0.0,0.0,0.0,0.0,0.0,0.0,0.0,0.0,0.0,0.0,0.22,50.0,0.0,0.0,0.0,8.44,0.33,0.22,16.44,85.14,11.22,80.2,0.11,100.0,4.78,95.35,8.0,94.44,8.44,76.32,35.07,46.42,0.0,0.0,0.0,0.0,0.0,0.0,0.0,1.56,64.29,0.0,0.0,0.11,0.0,0.0,0.0,7.44,76.12,9,1.0,44,4.89,4,79.55,12.82,1.42,3.82,0.424,0.11,1.89,,,,0.0,0,0.0,América de Cali,Colombia,AME,COL_AME,Goalkeepers
J. Montoya,Envigado,Envigado,GK,26.0,200000,,8,808,0,0.0,0,0.0,0.78,100.0,Colombia,Colombia,,0,0,si,1.45,0.0,0.0,0.56,100.0,0.0,0.0,0.0,1.45,1.86,0.0,2,0.22,0,0.0,0.0,0.0,0,0.0,0.0,0,0.0,0,0.0,0.0,0.0,0.0,0.0,0.0,0.0,0.0,0.0,0.0,0.0,0.0,0.22,100.0,0.0,0.0,0.0,7.02,0.11,0.22,15.37,76.81,10.69,69.79,0.0,0.0,4.34,92.31,7.69,98.55,7.69,55.07,40.1,54.75,0.0,0.0,0.0,0.0,0.0,0.0,0.0,3.12,60.71,0.11,0.0,0.33,66.67,0.0,0.0,4.9,79.55,6,0.67,35,3.9,2,82.86,4.92,0.55,-1.08,-0.12,0.0,2.34,,,,0.0,0,0.0,Envigado,Colombia,ENV,COL_ENV,Goalkeepers
A. Ramos,América de Cali,América de Cali,CF,39.0,150000,,18,808,4,3.98,0,0.88,15.93,42.66,Colombia,Colombia,derecho,185,75,no,2.45,1.45,76.92,8.02,43.06,0.0,0.0,0.22,1.34,2.13,0.45,2,0.22,0,0.0,1.56,0.45,4,0.45,0.44,2,0.22,23,2.56,43.48,17.391,0.67,50.0,0.33,66.67,0.33,33.33,0.0,0.67,16.67,4.46,27.5,5.01,0.33,0.0,13.25,2.34,0.67,16.15,68.28,3.56,46.88,3.9,77.14,5.35,72.92,14.93,68.66,0.56,80.0,15.59,5.15,0.1,1.0,0.0,0.0,0.11,0.0,0.45,1.11,70.0,1.78,43.75,0.11,0.0,1.0,0.22,1.34,66.67,0,,0,,0,0.0,0.0,0.0,,,0.0,,0.0,0.0,0.0,0.0,0,0.0,América de Cali,Colombia,AME,COL_AME,Forwards
Marcus Vinicius,Medellín,Medellín,CF,28.0,800000,2027-06-30,22,787,2,2.67,1,0.47,18.87,43.64,Brazil,Brazil,derecho,188,82,no,4.69,4.12,69.44,1.94,11.76,0.0,0.0,0.0,1.83,2.98,1.6,0,0.0,0,0.0,2.97,0.23,2,0.23,0.31,1,0.11,23,2.63,30.43,8.696,1.14,10.0,0.57,0.0,0.57,20.0,0.0,3.32,62.07,10.18,42.7,1.6,2.4,0.11,23.56,1.72,2.29,28.48,78.71,7.32,65.63,5.49,93.75,9.15,75.0,25.5,86.1,1.83,18.75,17.78,14.95,0.05,0.91,0.0,0.0,0.0,0.0,0.34,4.0,57.14,2.17,42.11,0.8,28.57,0.91,0.11,3.32,72.41,0,,0,,0,0.0,0.0,0.0,,,0.11,,0.57,0.23,0.0,2.63,0,0.0,Medellín,Colombia,MDL,COL_MDL,Forwards
J. Ojeda,Boyacá Chicó,Boyacá Chicó,LCB,27.0,75000,,9,787,0,0.4,0,0.06,8.46,52.7,Paraguay,Paraguay,derecho,188,78,no,6.18,4.57,60.0,2.74,45.83,0.0,0.0,0.91,3.43,4.84,0.57,3,0.34,0,0.0,0.23,0.0,0,0.0,0.05,0,0.0,3,0.34,66.67,0.0,0.0,0.0,0.0,0.0,0.0,0.0,0.0,0.0,0.0,0.23,50.0,0.23,0.57,0.0,14.75,0.11,0.23,25.04,84.93,11.78,75.73,0.69,100.0,11.32,95.96,20.81,92.86,4.23,45.95,23.66,40.09,0.01,0.11,0.11,0.0,0.0,0.0,0.0,2.74,54.17,0.23,0.0,0.0,0.0,0.0,0.0,4.35,63.16,0,,0,,0,0.0,0.0,0.0,,,0.46,,0.0,0.0,0.0,0.0,0,0.0,Boyacá Chicó,Colombia,BYC,COL_BYC,Defenders
C. Esparragoza,Junior,Junior,RDMF,26.0,450000,,13,785,0,0.44,0,0.03,13.99,54.1,Colombia,Colombia,derecho,179,71,no,8.83,8.48,55.41,1.26,45.45,0.23,0.39,0.0,3.9,6.62,1.61,3,0.34,0,0.0,1.49,0.0,0,0.0,0.05,0,0.0,9,1.03,55.56,0.0,0.57,40.0,0.46,50.0,0.11,0.0,0.0,0.92,75.0,2.87,48.0,0.69,0.11,0.0,41.27,0.34,1.03,54.69,86.58,20.18,77.27,6.31,94.55,18.0,92.36,48.84,89.67,5.39,61.7,19.27,38.53,0.0,0.34,0.0,0.0,0.0,0.0,0.11,7.91,72.46,1.49,30.77,0.23,0.0,0.57,0.11,9.06,78.48,0,,0,,0,0.0,0.0,0.0,,,0.23,,0.0,0.0,0.0,0.0,0,0.0,Junior,Colombia,JNR,COL_JNR,Defensive Midfield
J. Bernal,Deportivo Pasto,Deportivo Pasto,RWB,23.0,0,,14,780,0,0.41,0,0.66,20.65,45.81,Panama,Panama,unknown,180,0,no,6.58,5.65,65.31,1.73,40.0,0.46,0.61,0.0,2.42,3.2,0.69,1,0.12,0,0.0,3.46,0.0,0,0.0,0.05,0,0.0,10,1.15,30.0,0.0,2.65,34.78,0.92,37.5,1.73,33.33,0.69,4.27,51.35,10.15,40.91,0.81,1.85,0.23,16.62,2.88,2.19,21.92,71.05,6.0,53.85,4.73,92.68,7.38,73.44,17.54,78.95,1.85,43.75,18.49,27.77,0.08,0.58,0.0,0.0,0.12,0.0,0.12,1.96,64.71,2.19,31.58,0.0,0.0,0.23,0.69,4.62,57.5,0,,0,,0,0.0,0.0,0.0,,,0.0,,0.92,0.23,50.0,0.46,0,0.0,Deportivo Pasto,Colombia,PAS,COL_PAS,Defenders
A. Ibargüen,Once Caldas,Once Caldas,AMF,33.0,450000,,10,779,0,1.3,0,0.16,14.56,50.79,Colombia,Colombia,derecho,175,67,no,4.39,3.58,77.42,2.08,33.33,0.0,0.0,0.12,1.62,2.47,0.58,0,0.0,1,0.12,2.31,0.0,0,0.0,0.15,0,0.0,11,1.27,18.18,0.0,1.5,30.77,0.35,33.33,1.04,33.33,0.12,2.31,65.0,7.86,41.18,2.2,1.04,0.0,25.65,1.27,1.39,34.31,87.54,9.82,82.35,6.35,94.55,10.4,88.89,30.5,91.67,2.43,66.67,16.69,39.62,0.02,0.81,0.0,0.0,0.12,100.0,0.0,5.08,86.36,2.77,62.5,0.46,25.0,1.27,0.35,4.74,90.24,0,,0,,0,0.0,0.0,0.0,,,0.12,,0.35,0.0,0.0,0.92,0,0.0,Once Caldas,Colombia,ONC,COL_ONC,Attacking Midfield
J. Medranda,Deportivo Pereira,Deportivo Pereira,LCB,23.0,150000,,8,777,1,0.8,1,0.43,10.19,67.05,Colombia,Colombia,izquierdo,186,78,no,7.3,3.47,76.67,2.9,60.0,0.0,0.0,0.46,4.63,6.38,0.58,3,0.35,0,0.0,0.58,0.12,1,0.12,0.09,0,0.0,5,0.58,20.0,20.0,0.12,100.0,0.12,100.0,0.0,0.0,0.0,0.35,100.0,1.51,46.15,0.69,0.69,0.0,20.62,0.23,0.23,33.01,80.0,14.59,67.46,2.08,88.89,12.97,89.29,26.87,88.79,6.02,40.38,23.11,45.85,0.05,0.12,0.0,0.0,0.0,0.0,0.12,4.52,51.28,0.35,33.33,0.58,20.0,0.0,0.12,7.07,55.74,0,,0,,0,0.0,0.0,0.0,,,1.39,,0.0,0.0,0.0,0.0,0,0.0,Deportivo Pereira,Colombia,PER,COL_PER,Defenders
J. Torres,Tolima,Tolima,CF,21.0,0,2025-12-31,16,775,0,1.27,1,1.26,16.72,47.92,Colombia,Colombia,derecho,170,65,si,5.46,4.53,66.67,1.39,8.33,0.46,0.73,0.0,1.97,3.09,1.28,2,0.23,0,0.0,2.9,0.0,0,0.0,0.15,0,0.0,23,2.67,34.78,0.0,0.46,50.0,0.12,100.0,0.35,33.33,0.12,3.25,50.0,8.59,47.3,2.21,2.79,0.23,35.42,1.28,1.74,43.78,85.94,12.31,75.47,7.66,96.97,15.68,93.33,40.18,88.44,3.14,59.26,17.05,26.21,0.15,1.63,0.0,0.0,0.46,25.0,0.46,6.97,76.67,2.79,75.0,1.16,30.0,2.21,0.23,6.04,88.46,0,,0,,0,0.0,0.0,0.0,,,0.35,,0.58,0.23,0.0,1.39,0,0.0,Tolima,Colombia,TOL,COL_TOL,Forwards
J. Giraldo,Unión Magdalena,Unión Magdalena,LCMF,28.0,200000,,18,771,0,0.33,0,0.27,14.01,50.83,Colombia,Colombia,izquierdo,173,70,no,9.22,7.12,60.66,1.28,72.73,0.35,0.46,0.58,4.55,6.03,1.87,2,0.23,0,0.0,0.35,0.0,0,0.0,0.04,0,0.0,5,0.58,40.0,0.0,0.23,0.0,0.12,0.0,0.12,0.0,0.12,0.35,33.33,4.44,34.21,0.23,0.47,0.0,23.11,0.0,1.05,35.72,86.93,11.67,80.0,5.95,94.12,11.67,87.0,31.98,91.24,3.62,51.61,17.79,28.87,0.03,0.35,0.0,0.0,0.0,0.0,0.23,6.07,84.62,0.58,20.0,0.47,50.0,0.23,0.0,7.0,73.33,0,,0,,0,0.0,0.0,0.0,,,0.0,,0.12,0.0,0.0,0.0,0,0.0,Unión Magdalena,Colombia,UMG,COL_UMG,Midfield
H. Loboa Diaz,Medellín,Medellín,LCMF,19.0,0,,13,761,0,0.07,0,0.04,17.03,56.94,Colombia,Colombia,unknown,0,0,no,8.4,8.52,69.44,1.18,40.0,0.12,0.17,0.12,2.37,3.49,1.06,3,0.35,0,0.0,0.83,0.0,0,0.0,0.01,0,0.0,3,0.35,0.0,0.0,0.35,66.67,0.12,100.0,0.24,50.0,0.0,1.06,55.56,5.32,44.44,0.0,0.83,0.0,33.47,0.24,1.42,44.11,90.88,11.24,80.0,5.8,89.8,17.86,96.69,41.63,92.9,2.13,55.56,18.11,22.41,0.0,0.24,0.0,0.0,0.0,0.0,0.0,4.85,90.24,0.35,33.33,0.0,0.0,0.0,0.24,4.38,59.46,0,,0,,0,0.0,0.0,0.0,,,0.35,,0.0,0.0,0.0,0.0,0,0.0,Medellín,Colombia,MDL,COL_MDL,Midfield
A. Peñaranda,Atlético Bucaramanga,Atlético Bucaramanga,CF,27.0,200000,2026-05-31,18,749,1,2.15,2,1.35,26.44,37.73,Venezuela,"Venezuela, Spain",derecho,186,83,si,2.88,3.85,37.5,2.4,25.0,0.24,0.39,0.0,1.2,1.97,1.92,1,0.12,0,0.0,4.69,0.12,0,0.0,0.26,0,0.0,16,1.92,25.0,6.25,1.44,33.33,0.48,0.0,0.96,50.0,0.24,7.45,50.0,17.54,39.04,4.09,3.48,1.2,15.26,1.56,2.52,21.51,80.45,4.69,76.92,6.73,89.29,5.53,80.43,19.95,83.73,0.12,100.0,15.62,1.99,0.16,0.72,0.24,0.0,0.12,0.0,0.36,2.16,83.33,0.72,50.0,0.0,0.0,0.84,0.48,3.48,68.97,0,,0,,0,0.0,0.0,0.0,,,0.0,,0.36,0.0,0.0,0.36,1,100.0,Atlético Bucaramanga,Colombia,BUC,COL_BUC,Forwards
M. Pérez,Deportivo Pereira,Deportivo Pereira,CF,35.0,250000,,24,743,2,1.67,1,0.5,11.51,43.16,Colombia,Colombia,derecho,182,76,no,0.97,1.09,44.44,5.57,50.0,0.0,0.0,0.0,0.48,0.85,0.48,4,0.48,0,0.0,1.09,0.24,2,0.24,0.2,1,0.12,17,2.06,35.29,11.765,0.61,40.0,0.12,100.0,0.24,50.0,0.24,0.36,33.33,2.66,27.27,4.24,0.24,0.0,9.08,1.09,0.61,10.9,77.78,1.94,62.5,3.39,100.0,3.03,60.0,10.05,79.52,0.24,100.0,12.54,1.83,0.06,0.36,0.0,0.0,0.0,0.0,0.24,0.61,80.0,0.97,37.5,0.0,0.0,0.85,0.12,1.33,72.73,0,,0,,0,0.0,0.0,0.0,,,0.12,,0.24,0.24,0.0,0.0,0,0.0,Deportivo Pereira,Colombia,PER,COL_PER,Forwards
C. Lucumí,Alianza,Alianza,CF,25.0,350000,,14,735,5,4.23,0,0.6,15.55,39.37,Colombia,Colombia,derecho,186,81,no,1.22,0.61,20.0,7.35,50.0,0.0,0.0,0.0,1.1,1.66,0.61,2,0.24,0,0.0,2.33,0.61,4,0.49,0.52,3,0.37,27,3.31,44.44,18.519,0.49,25.0,0.0,0.0,0.49,25.0,0.0,1.71,42.86,6.12,34.0,4.29,0.61,0.0,10.65,1.47,0.73,12.61,77.67,3.55,65.52,3.06,96.0,2.45,70.0,11.88,81.44,0.24,0.0,12.64,6.58,0.07,0.98,0.0,0.0,0.0,0.0,0.37,1.22,50.0,0.86,57.14,0.12,0.0,1.1,0.12,1.59,76.92,0,,0,,0,0.0,0.0,0.0,,,0.0,,0.12,0.12,0.0,0.0,1,100.0,Alianza,Colombia,ALV,COL_ALV,Forwards
S. Colón,Boyacá Chicó,Boyacá Chicó,CF,27.0,0,,23,734,1,2.07,1,0.49,21.7,28.81,Colombia,Colombia,derecho,177,72,no,3.43,2.57,61.9,5.4,22.73,0.0,0.0,0.12,1.84,3.13,2.45,3,0.37,0,0.0,0.98,0.12,1,0.12,0.25,0,0.0,14,1.72,35.71,7.143,0.12,0.0,0.0,0.0,0.12,0.0,0.0,0.98,37.5,8.95,23.29,2.57,0.37,0.0,11.4,1.72,1.72,14.71,81.67,2.94,70.83,5.03,85.37,2.7,77.27,14.1,83.48,0.49,50.0,12.88,4.71,0.06,0.61,0.0,0.0,0.0,0.0,0.12,1.23,100.0,0.61,40.0,0.12,0.0,0.74,0.0,0.37,100.0,0,,0,,0,0.0,0.0,0.0,,,0.0,,0.0,0.0,0.0,0.0,0,0.0,Boyacá Chicó,Colombia,BYC,COL_BYC,Forwards
S. Salazar,Boyacá Chicó,Boyacá Chicó,RCMF,29.0,200000,,10,729,0,0.05,0,0.0,10.74,45.98,Colombia,Colombia,derecho,180,79,no,8.27,5.8,53.19,0.74,33.33,0.62,0.87,0.62,4.57,6.42,0.99,0,0.0,0,0.0,0.49,0.0,0,0.0,0.01,0,0.0,2,0.25,50.0,0.0,0.12,0.0,0.0,0.0,0.12,0.0,0.0,0.86,28.57,2.96,33.33,0.0,0.25,0.0,19.14,0.12,0.86,29.01,87.66,8.15,77.27,4.07,100.0,11.23,93.41,26.67,91.2,2.22,50.0,15.91,16.65,0.0,0.0,0.0,0.0,0.12,100.0,0.0,3.09,68.0,0.37,0.0,0.25,50.0,0.0,0.0,3.33,70.37,0,,0,,0,0.0,0.0,0.0,,,0.49,,0.0,0.0,0.0,0.0,0,0.0,Boyacá Chicó,Colombia,BYC,COL_BYC,Midfield
D. Mosquera,Llaneros,Llaneros,RCMF,27.0,300000,,12,723,0,0.06,1,0.09,16.56,56.39,Colombia,Colombia,derecho,183,0,no,10.08,8.09,66.15,0.87,71.43,0.75,0.97,0.0,3.98,5.19,1.49,1,0.12,0,0.0,1.24,0.0,0,0.0,0.01,0,0.0,3,0.37,0.0,0.0,1.0,25.0,0.0,0.0,1.0,25.0,0.12,1.49,66.67,6.1,44.9,0.5,1.87,0.37,27.76,0.75,1.12,38.96,82.75,14.19,73.68,5.85,95.74,13.07,84.76,34.73,87.1,3.36,51.85,18.21,22.98,0.01,0.5,0.12,0.0,0.37,0.0,0.12,6.97,71.43,1.74,42.86,0.62,0.0,0.5,0.25,6.72,85.19,0,,0,,0,0.0,0.0,0.0,,,0.5,,0.0,0.0,0.0,0.0,0,0.0,Llaneros,Colombia,LNR,COL_LNR,Midfield
S. Londoño,Envigado,Envigado,CF,17.0,0,,18,712,1,0.98,0,0.06,19.21,32.89,Colombia,Colombia,unknown,0,0,no,5.18,4.93,53.85,3.16,28.0,0.0,0.0,0.0,2.53,3.92,2.4,5,0.63,0,0.0,0.51,0.13,1,0.13,0.12,0,0.0,4,0.51,50.0,25.0,0.38,0.0,0.0,0.0,0.38,0.0,0.0,1.26,20.0,8.09,21.88,1.9,1.14,0.13,7.46,1.77,1.14,13.78,74.31,3.79,70.0,4.3,76.47,2.53,90.0,12.89,79.41,0.51,0.0,19.42,11.14,0.01,0.25,0.0,0.0,0.0,0.0,0.0,0.76,33.33,0.51,75.0,0.0,0.0,0.38,0.0,0.63,80.0,0,,0,,0,0.0,0.0,0.0,,,0.51,,0.0,0.0,0.0,0.0,0,0.0,Envigado,Colombia,ENV,COL_ENV,Forwards
J. Jordán Riascos,Boyacá Chicó,Boyacá Chicó,LB,24.0,0,,9,710,0,0.48,0,0.25,22.31,50.57,Colombia,Colombia,,0,0,si,7.99,7.23,71.93,0.63,40.0,0.13,0.21,0.0,2.66,4.38,0.76,0,0.0,0,0.0,3.42,0.0,0,0.0,0.06,0,0.0,12,1.52,16.67,0.0,3.93,22.58,3.68,24.14,0.13,0.0,1.27,4.18,54.55,12.42,37.76,1.01,1.9,0.13,20.66,1.39,1.27,31.31,71.26,7.23,61.4,5.96,87.23,10.01,69.62,25.48,83.08,2.28,27.78,18.44,42.34,0.03,0.51,0.0,0.0,0.0,0.0,0.13,4.56,58.33,3.3,23.08,0.25,0.0,0.38,0.38,4.69,59.46,0,,0,,0,0.0,0.0,0.0,,,0.0,,0.13,0.13,0.0,0.13,0,0.0,Boyacá Chicó,Colombia,BYC,COL_BYC,Defenders
G. Ramírez,Tolima,Tolima,CF,35.0,200000,,16,706,3,2.36,1,1.05,15.3,40.83,Paraguay,"Paraguay, Mexico",derecho,181,74,no,4.21,3.06,54.17,4.33,38.24,0.13,0.23,0.51,2.42,4.29,1.15,3,0.38,0,0.0,2.17,0.38,3,0.38,0.3,1,0.13,18,2.29,61.11,16.667,1.02,25.0,0.13,0.0,0.89,28.57,0.13,1.02,50.0,5.74,37.78,3.19,0.25,0.0,13.13,2.04,1.15,19.63,80.52,3.7,79.31,4.72,91.89,5.61,79.55,17.46,83.21,1.15,88.89,21.01,14.33,0.13,0.38,0.13,0.0,0.0,0.0,0.25,2.04,81.25,0.51,50.0,0.25,100.0,0.76,0.25,2.55,80.0,0,,0,,0,0.0,0.0,0.0,,,0.0,,0.0,0.0,0.0,0.0,0,0.0,Tolima,Colombia,TOL,COL_TOL,Forwards
Y. Rodallega,Medellín,Medellín,LWB,24.0,650000,,16,703,0,0.05,0,1.35,12.16,47.37,Colombia,Colombia,izquierdo,178,73,si,5.5,5.38,61.9,2.69,47.62,0.13,0.21,0.0,2.05,3.29,0.64,1,0.13,0,0.0,2.56,0.0,0,0.0,0.01,0,0.0,2,0.26,0.0,0.0,4.61,50.0,4.61,50.0,0.0,0.0,0.38,0.77,33.33,3.2,28.0,1.92,0.51,0.13,21.64,2.94,0.38,25.73,70.65,5.38,61.9,5.25,87.8,9.86,72.73,20.23,76.58,1.79,57.14,18.59,26.33,0.17,1.41,0.0,0.0,0.0,0.0,0.64,1.41,63.64,3.84,56.67,0.13,0.0,0.77,2.05,5.5,69.77,0,,0,,0,0.0,0.0,0.0,,,0.26,,0.0,0.0,0.0,0.0,0,0.0,Medellín,Colombia,MDL,COL_MDL,Defenders
J. Pimentel,Boyacá Chicó,Boyacá Chicó,CF,23.0,150000,,19,702,0,1.03,0,0.34,15.51,42.15,Colombia,Colombia,derecho,176,68,no,2.82,4.36,50.0,1.54,41.67,0.13,0.2,0.13,0.51,0.79,0.9,1,0.13,0,0.0,1.54,0.0,0,0.0,0.13,0,0.0,10,1.28,30.0,0.0,1.03,37.5,0.51,0.0,0.51,75.0,0.0,1.28,60.0,7.44,41.38,1.03,1.28,0.0,20.0,1.41,2.82,20.9,80.98,5.64,68.18,5.64,93.18,6.15,81.25,19.1,83.89,0.9,71.43,16.39,12.72,0.04,0.9,0.0,0.0,0.13,0.0,0.0,2.82,68.18,1.54,41.67,0.26,0.0,0.64,0.26,3.33,57.69,0,,0,,0,0.0,0.0,0.0,,,0.13,,0.51,0.13,0.0,0.77,0,0.0,Boyacá Chicó,Colombia,BYC,COL_BYC,Forwards
A. Tovar,Envigado,Envigado,GK,19.0,0,,7,701,0,0.0,0,0.0,1.67,69.23,Colombia,Colombia,izquierdo,180,80,no,0.51,0.51,50.0,0.9,100.0,0.0,0.0,0.0,0.26,0.4,0.13,1,0.13,0,0.0,0.0,0.0,0,0.0,0.0,0,0.0,0,0.0,0.0,0.0,0.0,0.0,0.0,0.0,0.0,0.0,0.0,0.0,0.0,0.26,0.0,0.0,0.0,0.0,6.29,0.13,0.13,10.14,86.08,5.91,78.26,0.0,0.0,3.85,96.67,6.03,100.0,4.11,65.63,35.5,54.42,0.0,0.0,0.0,0.0,0.0,0.0,0.0,1.93,53.33,0.13,0.0,0.0,0.0,0.0,0.0,3.08,83.33,10,1.28,22,2.82,1,54.55,7.14,0.92,-2.86,-0.367,0.0,2.31,,,,0.0,0,0.0,Envigado,Colombia,ENV,COL_ENV,Goalkeepers
Y. González,Jaguares de Córdoba,Jaguares de Córdoba,LCB,35.0,100000,,11,700,0,0.95,1,0.29,11.44,57.3,Colombia,"Colombia, Equatorial Guinea",derecho,178,80,no,7.97,5.01,61.54,4.24,51.52,0.0,0.0,0.26,4.89,6.44,0.77,0,0.0,0,0.0,0.39,0.0,0,0.0,0.12,0,0.0,3,0.39,66.67,0.0,0.26,50.0,0.0,0.0,0.26,50.0,0.13,0.13,0.0,0.9,57.14,0.64,0.13,0.0,25.59,0.26,0.26,36.77,88.46,16.59,81.4,1.29,90.0,16.59,95.35,30.86,93.33,5.66,63.64,22.08,35.14,0.04,0.13,0.0,0.0,0.0,0.0,0.13,3.21,72.0,0.39,0.0,0.13,0.0,0.0,0.26,7.97,77.42,0,,0,,0,0.0,0.0,0.0,,,0.77,,0.0,0.0,0.0,0.0,0,0.0,Jaguares de Córdoba,Colombia,JAG,COL_JAG,Defenders
