"jugador","equipo","equipo_durante_el_periodo_seleccionado","posicion_especifica","edad","valor_de_mercado","vencimiento_contrato","partidos_jugados","minutos","goles","x_g","asistencias","x_a","duelos_90","duelos_ganados_percent","pais_de_nacimiento","pasaporte","pie","altura","peso","en_prestamo","acciones_defensivas_realizadas_90","duelos_defensivos_90","duelos_defensivos_ganados_percent","duelos_aereos_ganados_percent","entradas_90","posesion_conquistada_despues_de_una_entrada","tiros_interceptados_90","interceptaciones_90","posesion_conquistada_despues_de_una_interceptacion","faltas_90","tarjetas_amarillas","tarjetas_amarillas_90","tarjetas_rojas","tarjetas_rojas_90","acciones_de_ataque_exitosas_90","goles_90","goles_excepto_los_penaltis","goles_excepto_los_penaltis_90","x_g_90","goles_de_cabeza","goles_de_cabeza_90","remates","remates_90","tiros_a_la_porteria_percent","goles_hechos_percent","centros_90","precision_centros_percent","centros_desde_la_banda_izquierda_90","precision_centros_desde_la_banda_izquierda_percent","centros_desde_la_banda_derecha_90","precision_centros_desde_la_banda_derecha_percent","centros_al_area_pequena_90","regates_90","regates_realizados_percent","duelos_atacantes_90","duelos_atacantes_ganados_percent","toques_en_el_area_de_penalti_90","carreras_en_progresion_90","aceleraciones_90","pases_recibidos_90","pases_largos_recibidos_90","faltas_recibidas_90","pases_90","precision_pases_percent","pases_hacia_adelante_90","precision_pases_hacia_adelante_percent","pases_hacia_atras_90","precision_pases_hacia_atras_percent","pases_laterales_90","precision_pases_laterales_percent","pases_cortos_medios_90","precision_pases_cortos_medios_percent","pases_largos_90","precision_pases_largos_percent","longitud_media_pases_m","longitud_media_pases_largos_m","x_a_90","asistencias_90","second_assists_90","third_assists_90","desmarques_90","precision_desmarques_percent","jugadas_claves_90","pases_en_el_ultimo_tercio_90","precision_pases_en_el_ultimo_tercio_percent","pases_al_area_de_penalti_90","pases_hacia_el_area_pequena_percent","pases_en_profundidad_90","precision_pases_en_profundidad_percent","ataque_en_profundidad_90","centros_desde_el_ultimo_tercio_90","pases_progresivos_90","precision_pases_progresivos_percent","goles_recibidos","goles_recibidos_90","remates_en_contra","remates_en_contra_90","porterias_imbatidas_en_los_90","paradas_percent","x_g_en_contra","x_g_en_contra_90","goles_evitados","goles_evitados_90","pases_hacia_atras_recibidos_del_arquero_90","salidas_90","duelos_aereos_en_los_90","tiros_libres_90","tiros_libres_directos_90","tiros_libres_directos_percent","corneres_90","penaltis_a_favor","penaltis_realizados_percent","source","league","valor_de_mercado_transfermarkt","en_prestamo_2","country_teams","Country","Code","logo_team","categoria","archivo_png"
"A. Mosquera","Santa Fe","Santa Fe","GK",34,750000,"2026-12-31",53,5295,0,0,0,0,0.65,84.21,"Colombia","Colombia","derecho",186,78,"no",1.07,0.12,71.43,95,0,0,0,0.99,1.45,0.02,7,0.12,0,0,0.03,0,0,0,0,0,0,0,0,0,0,0,0,0,0,0,0,0,0.05,66.67,0.15,66.67,0,0,0,6.39,0.15,0.1,12.75,83.33,7.36,72.52,0,0,4.78,98.22,8.62,98.03,4.13,52.67,31.57,52.25,0,0,0,0,0,0,0,1.55,53.85,0.08,20,0.1,33.33,0.02,0,2.99,71.59,51,0.87,221,3.76,18,76.92,59.15,1.01,8.15,0.139,0,1.31,0.34,NA,NA,NA,0,0,0,"2Search results-9.xlsx","COLOMBIA_A",NA,NA,"COL","Colombia","STF","COL_STF","Goalkeepers",NA
"J. Nieto","Tolima","Tolima","RDMF",32,NA,NA,51,4489,5,2.63,5,4.27,11.25,51.52,"Colombia","Colombia","derecho",177,75,NA,5.67,4.37,68.35,33.33,0.22,0.32,0.26,2.47,3.62,0.6,5,0.1,0,0,1.1,0.1,5,0.1,0.05,0,0,36,0.72,50,13.889,0.72,50,0.26,46.15,0.38,47.37,0.06,0.62,51.61,4.57,39.47,0.9,1.64,0.24,39.98,0.26,1.08,51.59,91.26,15.3,83.49,7.38,96.47,19.15,94.76,47.78,93.83,3.11,61.29,17.07,31.14,0.09,0.78,0.06,0.02,0.16,37.5,0.22,7.48,88.74,1.74,51.72,0.38,52.63,0.78,0.36,6.6,82.37,0,NA,0,NA,0,0,0,0,NA,NA,0.22,NA,NA,0.02,0,0,0,0,0,"players_2025-09-27.xlsx","COLOMBIA_A",5e+05,"no","COL","Colombia","TOL","COL_TOL","Defensive Midfield",NA
"W. Tesillo","Atlético Nacional","Atlético Nacional","LCB",35,550000,NA,46,4468,0,3.41,0,0.89,10.37,63.88,"Colombia","Colombia","izquierdo",184,78,"no",8.1,4.13,71.22,67.11,0.06,0.1,0.5,5.1,8.54,0.6,11,0.22,1,0.02,0.62,0,0,0,0.07,0,0,30,0.6,36.67,0,0.48,50,0.46,47.83,0,0,0.06,0.28,57.14,1.79,42.7,0.62,1.01,0,35.17,0.75,0.36,49.37,88.09,25.26,83.09,2.6,97.67,17.22,94.04,40.27,93.95,8.66,62.79,21.97,37.75,0.02,0.24,0.02,0.02,0,0,0.1,8.2,73.96,1.21,46.67,0.54,29.63,0.4,0.22,12.13,82.23,0,NA,0,NA,0,0,0,0,NA,NA,1.81,NA,NA,0,0,0,0,0,0,"2Search results-9.xlsx","COLOMBIA_A",NA,NA,"COL","Colombia","NAC","COL_NAC","Defenders",NA
"J. Aguirre","Once Caldas","Once Caldas","GK",33,NA,"2027-06-30",45,4460,0,0,0,0,1.05,86.54,"Colombia","Colombia","derecho",180,70,NA,1.96,0.08,75,100,0.02,0.03,0,1.88,2.62,0,10,0.2,0,0,0.02,0,0,0,0,0,0,0,0,0,0,0,0,0,0,0,0,0,0.02,100,0.3,73.33,0,0,0,9.95,0.26,0.3,17.66,76.34,12.15,67.11,0,0,5.15,98.04,9.52,96.61,8.07,53,39.67,55.71,0,0,0,0.04,0,0,0,4.08,48.51,0.52,19.23,0.28,14.29,0.1,0,5.77,73.08,49,0.99,190,3.83,12,74.21,52.98,1.07,3.98,0.08,0,1.51,0.54,NA,NA,NA,0,0,0,"players_2025-09-27.xlsx","COLOMBIA_A",3e+05,"no","COL","Colombia","ONC","COL_ONC","Goalkeepers",NA
"H. Rodallega","Santa Fe","Santa Fe","CF",40,NA,"2025-12-31",47,4459,17,22.36,7,3.95,15.24,36.42,"Colombia","Colombia","derecho",181,75,NA,2.1,1.37,55.88,38.1,0,0,0.12,1.33,1.97,0.77,11,0.22,0,0,1.74,0.34,11,0.22,0.45,0,0,165,3.33,33.94,10.303,0.28,21.43,0.04,0,0.2,20,0.02,1.21,40,4.82,28.87,2.87,0.46,0.04,12.25,1.88,0.95,15.6,74.13,4.34,63.26,3.17,89.81,4.95,74.69,14.47,76.85,0.85,45.24,16.59,17.27,0.08,0.71,0.04,0,0.22,27.27,0.38,2.4,63.87,1.37,57.35,0.34,41.18,0.95,0.08,1.76,83.91,0,NA,0,NA,0,0,0,0,NA,NA,0,NA,NA,0.67,0.36,22.22,0.02,6,100,"players_2025-09-27.xlsx","COLOMBIA_A",150000,"no","COL","Colombia","STF","COL_STF","Forwards",NA
"Y. Hurtado","Tolima","Tolima","RB",28,550000,NA,49,4444,3,2.53,4,4.32,10.71,52.17,"Colombia","Colombia","derecho",170,67,"no",6.12,4.27,63.98,54.47,0.24,0.35,0.26,3.14,4.55,0.69,11,0.22,0,0,2.49,0.06,3,0.06,0.05,0,0,38,0.77,31.58,7.895,3.65,46.11,0.08,25,3.56,46.59,0.36,0.93,56.52,2.73,39.26,1.01,1.5,0.34,33.09,2.29,0.45,42.57,80.45,16.42,73.24,5.27,95.77,12.82,82.46,34.69,87.27,4.5,53.6,19.39,36.79,0.09,0.97,0.02,0.08,0.16,25,0.47,5.99,75.34,4.31,50.7,0.38,42.11,0.79,1.48,9.86,75.56,0,NA,0,NA,0,0,0,0,NA,NA,0.69,NA,NA,0.04,0,0,0,0,0,"2Search results-9.xlsx","COLOMBIA_A",NA,NA,"COL","Colombia","TOL","COL_TOL","Defenders Wingers",NA
"C. Mafla","Santa Fe","Santa Fe","LB",32,250000,NA,47,4399,3,3.78,0,3.47,11.33,53.79,"Colombia","Colombia","izquierdo",175,70,"no",6.65,4.52,63.35,48.6,0.18,0.27,0.27,3.6,5.25,0.8,7,0.14,0,0,1.33,0.06,3,0.06,0.08,1,0.02,28,0.57,39.29,10.714,1.84,26.67,1.82,26.97,0,0,0.2,1.1,55.56,3.42,50.3,1.33,0.82,0.08,14.06,1.19,0.78,20.54,71.91,8.45,64.65,3.36,90.85,5.24,70.7,16.27,81.76,2.62,40.63,20.42,35.06,0.07,0.61,0,0,0.02,0,0.16,2.99,63.7,1.58,31.17,0.1,20,0.37,0.53,4.58,62.95,0,NA,0,NA,0,0,0,0,NA,NA,0.41,NA,NA,0.04,0,0,0.08,0,0,"2Search results-9.xlsx","COLOMBIA_A",NA,NA,"COL","Colombia","STF","COL_STF","Defenders Wingers",NA
"D. Banguero","Millonarios","Millonarios","LB",35,350000,"2025-12-31",46,4369,2,1.03,2,2.28,14.3,54.61,"Colombia","Colombia","izquierdo",185,85,"no",8.78,6.61,62.93,58.99,0.54,0.8,0.16,4.08,6.1,1.15,11,0.23,1,0.02,1.81,0.04,2,0.04,0.02,0,0,31,0.64,22.58,6.452,2.22,38.89,2.22,38.89,0,0,0.1,1.17,59.65,3.5,41.18,0.87,1.48,0.12,32.26,1.54,0.29,44.7,79.59,21.98,73.95,4.14,93.03,11.39,84.81,37.35,85.88,5.25,52.16,19.42,35.18,0.05,0.51,0,0.02,0.16,62.5,0.31,8.84,70.16,3.36,45.4,0.66,31.25,0.7,0.84,12.22,77.23,0,NA,0,NA,0,0,0,0,NA,NA,0.74,NA,NA,0.14,0.08,25,0.02,0,0,"2Search results-9.xlsx","COLOMBIA_A",NA,NA,"COL","Colombia","MIL","COL_MIL","Defenders Wingers",NA
"Y. Chará","Junior","Junior","AMF",34,5e+05,"2025-12-31",52,4336,4,3.57,5,5.44,13.74,46.83,"Colombia","Colombia","derecho",168,65,"no",4.73,3.34,70.19,45,0.21,0.33,0.15,2.18,3.44,0.52,2,0.04,0,0,1.7,0.08,4,0.08,0.07,1,0.02,38,0.79,36.84,10.526,1.45,32.86,0.5,41.67,0.95,28.26,0.27,1.56,49.33,7.64,39.13,2.26,1.62,0.31,34.46,1.37,1.58,44.69,87.13,12.64,79.8,7.99,95.32,15.98,89.74,39.87,91.1,3.4,63.41,17.64,34.37,0.11,1.1,0.04,0.04,0.27,61.54,0.44,6.91,80.18,2.53,59.84,0.83,32.5,1.58,0.5,6.64,84.69,0,NA,0,NA,0,0,0,0,NA,NA,0.15,NA,NA,0.29,0.02,0,0.27,0,0,"2Search results-9.xlsx","COLOMBIA_A",NA,NA,"COL","Colombia","JNR","COL_JNR","Attacking Midfield",NA
"E. Olivera","Santa Fe","Santa Fe","RCB",35,5e+05,NA,44,4267,3,2.99,0,0.53,10.06,62.05,"Argentina","Argentina","derecho",180,73,"no",8.77,4.68,70.72,51.35,0.59,0.87,0.59,4.87,7.16,0.72,11,0.23,2,0.04,0.27,0.06,3,0.06,0.06,2,0.04,26,0.55,30.77,11.538,0.04,0,0,0,0.04,0,0,0.17,62.5,0.61,62.07,0.49,0.7,0,22.8,0.21,0.23,35.81,85.34,16.73,74.91,1.46,98.55,15.25,95.02,29.7,91.9,6.1,53.63,23.72,42.12,0.01,0.13,0,0,0,0,0,5.1,61.16,0.46,18.18,0.32,13.33,0.08,0,8.06,72.77,0,NA,0,NA,0,0,0,0,NA,NA,1.08,NA,NA,0,0,0,0,0,0,"2Search results-9.xlsx","COLOMBIA_A",NA,NA,"COL","Colombia","STF","COL_STF","Defenders",NA
"D. Torres","Santa Fe","Santa Fe","DMF",35,3e+05,"2025-12-31",52,4247,1,1.67,0,0.77,13.9,49.54,"Colombia","Colombia","derecho",183,84,"no",8.1,5.34,61.51,41.48,0.23,0.34,0.38,4.58,6.59,1.06,17,0.36,0,0,0.55,0.02,1,0.02,0.04,0,0,21,0.45,23.81,4.762,0.32,33.33,0.11,40,0.19,33.33,0,0.66,41.94,3.54,38.32,0.59,0.53,0,23.76,0.32,1.02,35.6,83.75,13.99,73.48,4.32,94.61,11.66,91.09,30.58,88.91,4.73,53.81,19,33.7,0.02,0.3,0.02,0.02,0.23,27.27,0.15,7.71,72.8,1.23,43.1,0.76,33.33,0.53,0.08,6.53,79.87,0,NA,0,NA,0,0,0,0,NA,NA,0.23,NA,NA,0,0,0,0,0,0,"2Search results-9.xlsx","COLOMBIA_A",NA,NA,"COL","Colombia","STF","COL_STF","Defensive Midfield",NA
"D. Moreno","Once Caldas","Once Caldas","CF",39,NA,"2025-12-31",47,4218,20,17.04,3,2.78,5.78,38.38,"Colombia","Colombia","derecho",178,83,NA,1.26,0.94,68.18,24.59,0.04,0.06,0.02,0.58,0.79,0.13,7,0.15,0,0,1.47,0.43,14,0.3,0.36,2,0.04,125,2.67,36.8,16,0.64,30,0.26,25,0.38,33.33,0.11,0.6,42.86,2.52,31.36,2.73,0.77,0.17,13.12,1.47,0.41,16.32,79.61,3.93,67.39,3.41,93.75,5.74,81.41,14.02,83.41,1.69,65.82,17.41,23.93,0.06,0.83,0.04,0.04,0.11,40,0.28,2.28,73.83,1.3,49.18,0.38,33.33,0.77,0.19,2.41,78.76,0,NA,0,NA,0,0,0,0,NA,NA,0.38,NA,NA,0.38,0.38,33.33,0.13,6,100,"players_2025-09-27.xlsx","COLOMBIA_A",2e+05,"no","COL","Colombia","ONC","COL_ONC","Forwards",NA
"J. Cuesta","Once Caldas","Once Caldas","RB",27,NA,"2027-06-30",43,4161,1,0.8,3,4.57,9.6,57.66,"Colombia","Colombia","derecho",174,73,NA,7.22,4.93,70.18,46.75,0.26,0.36,0.22,3.5,4.85,0.69,5,0.11,0,0,1.71,0.02,1,0.02,0.02,1,0.02,19,0.41,21.05,5.263,3.22,42.28,0.22,50,3.01,41.73,0.32,0.5,52.17,1.99,42.39,0.84,1.19,0.24,25.61,1.64,0.58,35.54,79.37,13.13,71.99,6.45,95.97,9.86,76.75,28.4,88.27,4.04,45.99,19.33,33.85,0.1,0.82,0,0,0,0,0.35,3.63,64.29,3.16,47.95,0.22,30,0.45,1.36,7.66,65.54,0,NA,0,NA,0,0,0,0,NA,NA,0.69,NA,NA,0,0,0,0.02,0,0,"players_2025-09-27.xlsx","COLOMBIA_A",450000,"no","COL","Colombia","ONC","COL_ONC","Defenders Wingers",NA
"S. Ichazo","Deportivo Pereira","Deportivo Pereira","GK",33,350000,"2027-12-31",40,4061,0,0,0,0,0.6,74.07,"Uruguay","Uruguay, Italy","izquierdo",187,83,"no",1.37,0.11,100,91.67,0.02,0.03,0,1.24,1.79,0,7,0.16,0,0,0.02,0,0,0,0,0,0,0,0,0,0,0,0,0,0,0,0,0,0.04,50,0.18,37.5,0,0,0,6.34,0.24,0.07,11.83,78.65,7.54,68.53,0.02,100,3.83,97.11,6.4,97.23,5.41,56.97,36.81,52.65,0,0,0.02,0,0,0,0,1.75,45.57,0.09,50,0.13,16.67,0.04,0,3.97,72.07,39,0.86,168,3.72,15,76.79,43.68,0.97,4.68,0.104,0.02,1.24,0.27,NA,NA,NA,0,0,0,"Search results-4.xlsx","COLOMBIA_A",NA,NA,"COL","Colombia","PER","COL_PER","Goalkeepers",NA
"V. Moreno","Santa Fe","Santa Fe","LCB",30,NA,NA,40,3933,1,1.45,3,0.47,10.43,58.77,"Colombia","Colombia","derecho",184,78,NA,7.09,4.37,72.25,53.94,0.23,0.32,0.39,3.71,5.26,0.69,11,0.25,0,0,0.07,0.02,1,0.02,0.03,1,0.02,13,0.3,7.69,7.692,0.07,66.67,0.02,0,0.05,100,0,0.07,0,0.66,24.14,0.48,0.34,0.07,18.15,0.37,0.16,28.67,87.95,11.69,76.71,1.44,95.24,13.43,96.42,24.62,92.66,3.98,59.2,22.33,36.23,0.01,0.02,0,0,0,0,0.05,2.36,59.22,0.21,33.33,0.18,62.5,0.16,0.05,5.1,64.57,0,NA,0,NA,0,0,0,0,NA,NA,1.1,NA,NA,0,0,0,0,0,0,"players_2025-09-27.xlsx","COLOMBIA_A",5e+05,"no","COL","Colombia","STF","COL_STF","Defenders",NA
"A. Quintana","Atlético Bucaramanga","Atlético Bucaramanga","GK",31,9e+05,NA,39,3933,0,0,1,0.25,0.73,87.5,"Colombia","Colombia","izquierdo",195,85,"no",1.24,0.14,100,100,0,0,0,1.1,1.7,0,2,0.05,0,0,0,0,0,0,0,0,0,0,0,0,0,0,0,0,0,0,0,0,0,0,0.09,75,0,0,0.02,7.12,0.27,0.16,13.41,87.37,6.84,77.59,0,0,6.02,97.72,9.73,98.12,3.68,59.01,29.72,46.76,0.01,0.02,0,0,0,0,0.02,1.21,39.62,0.11,20,0.09,50,0.02,0,2.84,74.19,34,0.78,141,3.23,17,75.89,39.76,0.91,5.76,0.132,0,1.21,0.37,NA,NA,NA,0,0,0,"2Search results-9.xlsx","COLOMBIA_A",NA,NA,"COL","Colombia","BUC","COL_BUC","Goalkeepers",NA
"F. Lozano","Águilas Doradas","Águilas Doradas","DMF",32,NA,NA,39,3914,3,3.02,1,1.18,12.12,54.65,"Colombia","Colombia","derecho",175,69,NA,8.42,4.3,63.1,53.38,0.34,0.48,0.48,5.36,7.53,0.74,4,0.09,0,0,0.74,0.07,2,0.05,0.07,1,0.02,24,0.55,50,12.5,0.34,13.33,0.14,0,0.14,16.67,0.07,0.62,59.26,3.2,46.04,0.78,0.51,0,16.9,0.48,0.97,29.36,81.75,12.39,71.43,2.3,96,10.65,90.71,25.02,87.68,4,50.57,19.61,33.98,0.03,0.32,0.02,0.02,0.07,66.67,0.07,5.56,66.53,0.9,25.64,0.37,18.75,0.44,0.07,5.66,73.58,0,NA,0,NA,0,0,0,0,NA,NA,0.37,NA,NA,0,0,0,0.02,1,100,"players_2025-09-27.xlsx","COLOMBIA_A",450000,"no","COL","Colombia","AGD","COL_AGD","Defensive Midfield",NA
"A. Angulo","Tolima","Tolima","LCB",29,3e+05,NA,41,3893,2,0.9,1,0.23,12,61.85,"Colombia","Colombia","derecho",187,80,"no",8.28,4.42,76.44,59.28,0.05,0.07,0.65,4.85,7.46,0.81,12,0.28,0,0,0.23,0.05,2,0.05,0.02,1,0.02,8,0.18,37.5,25,0.07,66.67,0,0,0.05,100,0,0.18,50,1.71,44.59,0.35,0.81,0.05,25.18,0.3,0.55,38.24,89.78,16.69,83.38,2.5,96.3,15.26,96.97,33.59,93.46,4.58,63.13,20.36,35.09,0.01,0.16,0,0,0.02,100,0.02,3.75,77.78,0.32,35.71,0.21,44.44,0.07,0.05,6.54,67.49,0,NA,0,NA,0,0,0,0,NA,NA,2.06,NA,NA,0,0,0,0,0,0,"2Search results-9.xlsx","COLOMBIA_A",NA,NA,"COL","Colombia","TOL","COL_TOL","Defenders",NA
"Á. Montero","Vélez Sarsfield","Vélez Sarsfield","GK",30,NA,"2027-12-31",39,3888,0,0,2,0.31,0.83,80.56,"Colombia","Colombia","derecho",196,85,NA,1.6,0.14,66.67,89.47,0.02,0.03,0,1.48,2.18,0.05,9,0.21,0,0,0,0,0,0,0,0,0,0,0,0,0,0,0,0,0,0,0,0,0,0,0.16,71.43,0,0,0,5.95,0.21,0.23,13.15,81.51,8.36,72.85,0,0,4.54,97.45,9.1,94.15,4,53.76,33.92,52.23,0.01,0.02,0,0,0,0,0.02,1.62,38.57,0.16,0,0.21,33.33,0.05,0,3.4,72.79,22,0.51,133,3.08,24,83.46,32.68,0.76,10.68,0.247,0,1.57,0.44,NA,NA,NA,0,0,0,"players_2025-09-27.xlsx","COLOMBIA_A",2200000,"si","COL",NA,NA,NA,"Goalkeepers",NA
"D. Londoño","Medellín","Medellín","LCB",30,450000,NA,43,3876,1,1.41,0,1.74,12.12,64.94,"Colombia","Colombia","izquierdo",185,82,"no",7.41,5.15,72.52,71,0.26,0.43,0.3,3.41,5.69,0.65,10,0.23,1,0.02,1.07,0.02,1,0.02,0.03,0,0,50,1.16,24,2,0.93,35,0.86,37.84,0.05,0,0.16,0.58,68,2.88,49.19,0.46,2,0.12,34.37,0.77,0.65,48.37,86.27,21.5,78.51,4.02,95.38,15.28,91.79,40.96,92.97,6.62,50.88,20.7,40.82,0.04,0.49,0.05,0,0.14,50,0.26,8.71,74.13,1.7,43.84,0.81,37.14,0.44,0.33,9.29,79,0,NA,0,NA,0,0,0,0,NA,NA,1,NA,NA,0.3,0.23,20,0.05,0,0,"Search results-4.xlsx","COLOMBIA_A",NA,NA,"COL","Colombia","MDL","COL_MDL","Defenders",NA
"J. Soto","América de Cali","América de Cali","GK",32,NA,"2026-06-30",39,3833,0,0,1,0.52,0.59,80,"Colombia","Colombia","derecho",187,82,NA,1.36,0.02,100,86.67,0,0,0,1.34,2.05,0,3,0.07,0,0,0,0,0,0,0,0,0,0,0,0,0,0,0,0,0,0,0,0,0,0,0.07,100,0,0.02,0,10.57,0.23,0.12,18.15,79.04,12.35,71.48,0.02,0,5.42,97.4,9.84,96.42,8.24,58.69,37.77,54.06,0.01,0.05,0,0,0.02,0,0.02,3.24,47.83,0.35,20,0.14,33.33,0.09,0,6.32,72.49,32,0.75,128,3.01,16,75,31.83,0.75,-0.17,-0.004,0,1.67,0.35,NA,NA,NA,0,0,0,"players_2025-09-27.xlsx","COLOMBIA_A",550000,"no","COL","Colombia","AME","COL_AME","Goalkeepers",NA
"J. Campuzano","Atlético Nacional","Atlético Nacional","RDMF",29,0,NA,45,3830,1,1.19,1,1.58,13.61,56.99,"Colombia","Colombia, Argentina","derecho",175,77,"no",7.52,5.97,59.84,54.76,0.12,0.19,0.14,3.83,6.35,1.29,12,0.28,1,0.02,0.54,0.02,0,0,0.03,0,0,11,0.26,9.09,9.091,0.19,25,0,0,0.19,25,0.05,0.56,66.67,3.95,56.55,0.09,1.48,0.07,32.59,0.4,1.41,45.33,91.86,11.19,81.51,6.81,97.59,21.36,95.27,42.11,93.97,3.03,66.67,18.66,27.51,0.04,0.59,0.07,0.02,0.16,57.14,0.14,6.16,83.97,0.94,47.5,0.38,37.5,0.42,0.07,6.18,82.89,0,NA,0,NA,0,0,0,0,NA,NA,2.07,NA,NA,0.02,0,0,0,1,100,"Search results-4.xlsx","COLOMBIA_A",NA,NA,"COL","Colombia","NAC","COL_NAC","Defensive Midfield",NA
"L. Pico","Fortaleza","Fortaleza","RDMF",33,NA,NA,40,3800,0,0.3,1,0.92,9.54,53.85,"Colombia","Colombia","derecho",177,77,NA,6.21,4.62,62.56,40.43,0.19,0.3,0.19,3.13,4.98,0.59,5,0.12,0,0,0.31,0,0,0,0.01,0,0,12,0.28,8.33,0,0.07,66.67,0.05,50,0.02,100,0.02,0.36,60,2.61,47.27,0.09,0.78,0.09,29.08,0.26,0.66,39.48,89.74,11.84,85,4.81,93.1,16.53,94.27,37.28,91.23,2.13,64.44,17.8,31.28,0.02,0.36,0.02,0.02,0.02,100,0.05,5.33,81.33,0.54,47.83,0.09,50,0.19,0.05,5.49,77.59,0,NA,0,NA,0,0,0,0,NA,NA,0.66,NA,NA,0,0,0,0,0,0,"players_2025-09-27.xlsx","COLOMBIA_A",250000,"no","COL","Colombia","FOZ","COL_FOZ","Defensive Midfield",NA
"D. Moreno","Junior","Junior","RDMF",33,NA,"2025-12-31",41,3711,5,5.04,0,0.23,15.72,52.47,"Colombia","Colombia","derecho",179,78,NA,8.42,5.97,60.16,49.35,0.27,0.41,0.34,4.56,6.95,1.48,13,0.32,1,0.02,0.56,0.12,5,0.12,0.12,2,0.05,30,0.73,36.67,16.667,0.15,16.67,0.07,0,0.07,33.33,0.02,0.53,50,3.61,44.3,1.02,0.24,0.02,31.55,0.68,1.26,44.79,85.87,16.27,78.09,5.97,94.31,15.93,91.93,41.57,88.39,3.08,55.12,17.6,29.26,0.01,0.22,0,0.02,0.05,0,0.02,6.72,79.06,0.8,36.36,0.34,50,0.27,0.02,8.12,74.63,0,NA,0,NA,0,0,0,0,NA,NA,0.44,NA,NA,0,0,0,0,0,0,"players_2025-09-27.xlsx","COLOMBIA_A",5e+05,"no","COL","Colombia","JNR","COL_JNR","Defensive Midfield",NA
"K. Londoño","Atlético Bucaramanga","Atlético Bucaramanga","CF",31,450000,NA,44,3705,5,6.25,6,6.12,12.53,42.83,"Colombia","Colombia","derecho",180,72,"no",3.77,3.43,55.32,36.36,0.02,0.04,0.12,1.85,2.84,0.73,6,0.15,0,0,2.57,0.12,3,0.07,0.15,1,0.02,54,1.31,37.04,7.407,3.4,33.57,0.66,25.93,2.72,34.82,0.24,1.36,66.07,4.76,39.8,2.33,0.83,0.1,25.82,2.33,0.53,32.74,75.89,7.94,63.3,8.16,94.64,9.89,68.8,27.18,84.18,2.38,38.78,16.81,25.59,0.15,1.38,0.02,0,0.17,28.57,0.39,4.15,61.4,3.16,39.23,0.53,18.18,0.58,1,4.71,72.68,0,NA,0,NA,0,0,0,0,NA,NA,0.07,NA,NA,0.41,0,0,1.26,1,100,"2Search results-9.xlsx","COLOMBIA_A",NA,NA,"COL","Colombia","BUC","COL_BUC","Forwards",NA
"A. Morelos","Atlético Nacional","Atlético Nacional","CF",29,0,"2026-12-31",49,3698,18,20.78,11,4.14,15.65,38.26,"Colombia","Colombia","izquierdo",177,79,"si",2.65,2.75,52.21,45.83,0.1,0.17,0.12,1.12,1.92,1.05,14,0.34,1,0.02,2.34,0.44,16,0.39,0.51,3,0.07,136,3.31,42.65,13.235,0.54,31.82,0.24,30,0.27,36.36,0.1,1.24,47.06,7.52,30.1,4.41,0.66,0.05,21.22,2.29,1.44,26.04,80.75,5.38,64.25,6.94,91.58,8.25,79.65,23.63,83.83,1.92,54.43,15.71,27.16,0.1,1.22,0.1,0.05,0.34,50,0.49,3.02,66.94,1.36,58.93,0.51,42.86,1.07,0.17,2.6,80.37,0,NA,0,NA,0,0,0,0,NA,NA,0.07,NA,NA,0.02,0.02,100,0,3,66.667,"2Search results-9.xlsx","COLOMBIA_A",NA,NA,"COL","Colombia","NAC","COL_NAC","Forwards",NA
"J. Patiño","Nacional","Nacional","LB",26,NA,"2027-12-31",38,3697,0,0.58,3,1.4,12.88,55.01,"Colombia","Colombia","izquierdo",183,82,NA,8.76,7.08,62.54,51.35,0.58,0.79,0.27,3.75,5.09,1.02,11,0.27,2,0.05,1.41,0,0,0,0.01,0,0,28,0.68,21.43,0,2.46,23.76,2.46,23.76,0,0,0.41,1.29,52.83,2.6,45.79,0.37,1.14,0.15,20.64,1.12,0.49,30.02,75.02,12.32,66.8,4.65,93.72,8.59,74.22,23.98,85.48,3.75,40.91,20.96,38.04,0.03,0.41,0,0,0.02,0,0.24,4.21,62.43,2.31,31.58,0.41,29.41,0.39,0.58,6.72,64.13,0,NA,0,NA,0,0,0,0,NA,NA,0.58,NA,NA,0.02,0.02,100,0.02,0,0,"players_2025-09-27.xlsx","COLOMBIA_A",4e+05,"no","COL",NA,NA,NA,"Defenders Wingers",NA
"J. Guerrero","Junior","Junior","RB",24,0,NA,42,3683,2,1.14,2,2.27,18.55,50.72,"Colombia","Colombia",NA,170,0,"no",8.02,7.28,58.72,44.83,0.32,0.49,0.17,3.42,5.3,0.95,5,0.12,0,0,2.66,0.05,2,0.05,0.03,0,0,24,0.59,25,8.333,2.22,24.18,0.44,11.11,1.76,27.78,0.39,3.27,57.46,7.94,45.85,1,2.93,0.49,24.56,1.78,1.2,34.31,80.2,12.1,71.31,6.74,93.84,8.77,81.06,29.52,86.59,2.71,57.66,16.33,30.14,0.06,0.46,0.02,0,0.15,66.67,0.29,4.15,70.59,2.35,35.42,0.37,46.67,0.59,0.51,5.79,66.67,0,NA,0,NA,0,0,0,0,NA,NA,0.56,NA,NA,0,0,0,0.02,0,0,"2Search results-9.xlsx","COLOMBIA_A",NA,NA,"COL","Colombia","JNR","COL_JNR","Defenders Wingers",NA
"Yulian Gomez","La Equidad","La Equidad","LB",28,450000,"2025-12-31",38,3605,0,1.23,0,2.46,9.94,55.03,"Colombia","Colombia","izquierdo",182,72,"no",6.27,4.07,64.42,53.93,0.2,0.27,0.17,3.45,4.66,0.47,4,0.1,0,0,1.45,0,0,0,0.03,0,0,13,0.32,30.77,0,1.87,29.33,1.85,28.38,0,0,0.15,1.27,62.75,2.77,49.55,0.97,1,0.17,18.27,1.6,0.55,25.84,82.42,8.46,75.22,4.62,95.68,6.99,84.64,22.27,89.8,1.8,43.06,16.97,25.92,0.06,0.37,0,0,0,0,0.1,1.5,83.33,1.27,41.18,0,0,0.3,0.52,3.89,54.49,0,NA,0,NA,0,0,0,0,NA,NA,0.2,NA,NA,0,0,0,0.02,0,0,"Search results-4.xlsx","COLOMBIA_A",NA,NA,"COL","Colombia","EQU","COL_EQU","Defenders Wingers","DEFENDERS_WINGERS_LA_EQUIDAD_YULIAN_GOMEZ.png"
"J. Moya","Deportivo Pereira","Deportivo Pereira","LCB",33,NA,NA,36,3593,2,1.72,0,0.52,11.92,61.76,"Colombia","Colombia","derecho",185,77,NA,9.42,4.88,68.72,62.5,0.45,0.65,0.9,5.61,8.14,1.08,7,0.18,1,0.03,0.48,0.05,2,0.05,0.04,1,0.03,22,0.55,45.45,9.091,0,0,0,0,0,0,0,0.35,64.29,1.05,45.24,0.8,0.3,0.03,17.51,0.35,0.35,30.78,84.05,13.95,71.27,1.48,93.22,12.72,95.67,26.08,89.72,4.71,52.66,22.04,37.74,0.01,0.15,0,0,0,0,0.05,3.81,62.5,0.33,38.46,0.13,40,0.3,0,5.76,61.3,0,NA,0,NA,0,0,0,0,NA,NA,1,NA,NA,0,0,0,0,0,0,"players_2025-09-27.xlsx","COLOMBIA_A",4e+05,"no","COL","Colombia","PER","COL_PER","Defenders",NA
"A. Rodríguez","Deportivo Cali","Deportivo Cali","GK",24,0,NA,36,3580,0,0,0,0,0.6,79.17,"Colombia","Colombia",NA,0,0,"no",0.85,0.13,80,81.82,0.03,0.04,0,0.73,1.11,0,4,0.1,0,0,0,0,0,0,0,0,0,0,0,0,0,0,0,0,0,0,0,0,0,0,0.15,66.67,0,0,0,6.03,0.28,0.18,10.26,80.39,6.01,70.29,0,0,3.9,94.84,5.83,97.84,4.42,57.39,34.53,51.37,0,0,0,0,0,0,0,1.43,52.63,0.08,33.33,0.05,50,0.03,0,3.14,75.2,40,1.01,145,3.65,13,72.41,39.03,0.98,-0.97,-0.024,0,1.21,0.28,NA,NA,NA,0,0,0,"Search results-4.xlsx","COLOMBIA_A",NA,NA,"COL","Colombia","CAL","COL_CAL","Goalkeepers",NA
"M. Torres","Tolima","Tolima","RCB",29,NA,NA,38,3540,0,0.99,0,0.89,10.47,57.04,"Colombia","Colombia","derecho",180,74,NA,6.74,4.02,71.52,43.16,0.05,0.07,0.79,3.81,5.35,0.71,15,0.38,0,0,0.53,0,0,0,0.03,0,0,10,0.25,20,0,0.15,66.67,0.03,100,0.13,60,0,0.56,63.64,2.03,45,0.36,1.47,0.05,25.02,0.31,0.46,37.81,89.51,17.29,82.79,2.34,98.91,14.19,96.24,34.14,93,3.51,56.52,19.44,33.2,0.02,0.15,0.08,0.05,0.03,100,0.05,5.11,79.1,0.36,57.14,0.15,33.33,0.13,0.1,6.48,75.29,0,NA,0,NA,0,0,0,0,NA,NA,1.6,NA,NA,0,0,0,0,0,0,"players_2025-09-27.xlsx","COLOMBIA_A",650000,"no","COL","Colombia","TOL","COL_TOL","Defenders",NA
"L. Díaz","Envigado","Envigado","LAMF",21,0,"2025-12-31",38,3532,1,6.32,4,2.51,18.98,44.56,"Colombia","Colombia","izquierdo",178,73,"no",5.15,3.77,68.24,53.13,0.05,0.07,0.18,2.52,3.4,0.89,4,0.1,1,0.03,1.78,0.03,1,0.03,0.16,0,0,49,1.25,24.49,2.041,1.17,21.74,0.48,21.05,0.66,23.08,0.23,2.78,44.04,7.64,30.33,2.6,2.22,0.23,10.24,1.73,0.76,14.35,74.96,2.75,52.78,4.59,91.67,3.67,76.39,12.74,80.6,0.46,50,16.57,18.86,0.06,0.64,0,0.03,0.03,0,0.33,0.92,50,0.99,38.46,0.03,0,0.51,0.31,1.55,63.93,0,NA,0,NA,0,0,0,0,NA,NA,0.08,NA,NA,0,0,0,0,0,0,"Search results-4.xlsx","COLOMBIA_A",NA,NA,"COL","Colombia","ENV","COL_ENV","Attacking Midfield",NA
"B. Rovira","Tolima","Tolima","LDMF",28,0,NA,41,3496,5,1.16,5,2.6,10.32,55.36,"Colombia","Colombia","derecho",177,75,"no",7.18,4.79,65.59,51.85,0.26,0.38,0.18,3.78,5.58,0.9,6,0.15,2,0.05,0.82,0.13,5,0.13,0.03,1,0.03,39,1,41.03,12.821,0.39,33.33,0.21,12.5,0.18,57.14,0.03,0.28,81.82,1.78,44.93,0.31,0.62,0.08,35.29,0.23,0.51,48.45,90.28,14,80.88,6.98,97.05,20.31,92.27,43.66,92.63,4.43,72.09,18.62,36.13,0.07,0.75,0.05,0,0.05,100,0.13,7.21,85,0.93,38.89,0.18,42.86,0.26,0.18,6.02,82.05,0,NA,0,NA,0,0,0,0,NA,NA,0.62,NA,NA,1.34,0.41,43.75,1.78,0,0,"Search results-4.xlsx","COLOMBIA_A",NA,NA,"COL","Colombia","TOL","COL_TOL","Defensive Midfield",NA
"Y. Súarez","Junior","Junior","LB",28,550000,NA,39,3488,5,2.01,3,3.5,11.61,60.44,"Colombia","Colombia","izquierdo",174,68,"si",8.13,5.75,73.99,49.35,0.1,0.15,0.1,3.77,5.54,0.67,4,0.1,0,0,1.63,0.13,4,0.1,0.05,0,0,33,0.85,33.33,15.152,2.45,31.58,2.45,31.58,0,0,0.28,0.72,71.43,2.45,48.42,0.83,0.7,0.03,23.45,2.01,0.62,32.25,78.56,12.08,70.3,4.98,93.78,9.73,79.84,25.93,87.96,4.1,45.91,19.86,33.72,0.09,0.88,0.05,0.03,0.05,100,0.41,3.84,64.43,2.35,47.25,0.15,66.67,0.46,0.75,7.3,67.49,0,NA,0,NA,0,0,0,0,NA,NA,0.26,NA,NA,0.59,0.21,37.5,0.7,1,100,"Search results-4.xlsx","COLOMBIA_A",NA,NA,"COL","Colombia","JNR","COL_JNR","Defenders Wingers",NA
"M. Barrios","Once Caldas","Once Caldas","LAMF",34,NA,NA,41,3465,8,6.82,4,4.94,13.97,39.41,"Colombia","Colombia","derecho",163,60,NA,3.61,3.4,58.02,24.39,0.13,0.18,0,1.51,2.06,0.96,8,0.21,0,0,2.91,0.21,8,0.21,0.18,0,0,62,1.61,38.71,12.903,2,33.77,1.19,39.13,0.81,25.81,0.23,3.53,44.12,6.47,36.95,2.68,2.23,0.36,14.52,2.68,0.94,18.39,74.15,3.51,66.67,4.03,87.1,6.55,68.65,15.58,80.17,0.83,56.25,16.89,16.68,0.13,1.04,0.08,0.08,0.1,50,0.49,1.3,68,2.44,47.87,0.26,30,1.01,0.68,2.44,79.79,0,NA,0,NA,0,0,0,0,NA,NA,0.05,NA,NA,0,0,0,0.05,0,0,"players_2025-09-27.xlsx","COLOMBIA_A",6e+05,"no","COL","Colombia","ONC","COL_ONC","Attacking Midfield",NA
"P. Franco","Alianza","Alianza","LCB",34,275000,NA,35,3459,0,0.62,1,1.02,11.34,60.32,"Colombia","Colombia","derecho",184,79,"no",8.95,5.26,72.28,53.51,0.18,0.26,0.39,4.97,7,0.62,5,0.13,0,0,0.16,0,0,0,0.02,0,0,11,0.29,27.27,0,0.05,50,0,0,0.03,0,0,0.13,40,1.46,35.71,0.44,0.86,0.03,32.06,0.31,0.57,45.79,87.39,19.59,78.22,3.49,95.52,17.72,95.74,39.05,92.07,6.69,60.31,20.44,37.08,0.03,0.31,0.03,0,0.05,0,0.08,6.97,70.9,1.3,46,0.68,30.77,0.6,0.03,9.86,74.67,0,NA,0,NA,0,0,0,0,NA,NA,1.27,NA,NA,0.05,0.03,0,0,0,0,"Search results-4.xlsx","COLOMBIA_A",NA,NA,"COL","Colombia","ALV","COL_ALV","Defenders",NA
"H. Mosquera","Santa Fe","Santa Fe","CF",30,450000,"2025-12-31",46,3429,8,8.31,6,6.88,22.02,42.79,"Colombia","Colombia","derecho",172,70,"no",3.33,2.97,67.26,29.67,0.21,0.31,0.08,1.13,1.66,0.66,2,0.05,2,0.05,6.06,0.21,7,0.18,0.22,1,0.03,98,2.57,40.82,8.163,4.83,29.35,2.02,24.68,2.81,32.71,0.5,5.25,65.5,13.65,42.12,3.28,2.68,0.16,18.74,1.55,1,28.22,69.77,6.27,65.27,5.07,88.08,11.23,68.46,20.84,81.49,2.97,49.56,20.11,28.36,0.18,1.26,0.1,0.05,0.26,60,0.81,3.46,74.24,4.46,41.76,0.79,40,1.13,1.31,5.01,82.2,0,NA,0,NA,0,0,0,0,NA,NA,0.05,NA,NA,0.29,0.13,20,0.89,2,50,"2Search results-9.xlsx","COLOMBIA_A",NA,NA,"COL","Colombia","STF","COL_STF","Forwards",NA
"J. Arias","Millonarios","Millonarios","LCB",32,550000,"2025-12-31",35,3427,1,2.05,0,0.59,10.22,60.93,"Colombia","Colombia","izquierdo",183,77,"no",8.17,3.65,69.06,55.97,0.47,0.69,0.58,5.17,7.58,0.5,13,0.34,0,0,0.32,0.03,1,0.03,0.05,0,0,14,0.37,21.43,7.143,0.08,33.33,0.08,33.33,0,0,0,0.16,83.33,1.18,51.11,0.32,1.6,0,20.48,0.18,0.63,35.27,86.37,17.1,79.72,1.34,92.16,13.42,92.95,30.02,91.95,5.17,54.82,21.56,39.84,0.02,0.39,0.03,0,0.08,100,0.05,6.09,69.83,0.87,45.45,0.63,50,0.42,0.03,8.14,77.1,0,NA,0,NA,0,0,0,0,NA,NA,0.39,NA,NA,0.16,0.11,0,0,0,0,"2Search results-9.xlsx","COLOMBIA_A",NA,NA,"COL","Colombia","MIL","COL_MIL","Defenders",NA
"I. Rojas","Once Caldas","Once Caldas","LDMF",28,650000,"2026-12-31",43,3416,0,0.56,1,0.81,8.93,54.57,"Colombia","Colombia","izquierdo",178,76,"no",7.09,6.22,55.08,62.5,0.55,0.74,0.21,3.11,4.15,1.11,6,0.16,0,0,0.16,0,0,0,0.01,0,0,11,0.29,18.18,0,0.34,23.08,0.34,23.08,0,0,0,0.08,33.33,0.66,44,0.26,0.13,0.03,17.39,0.13,0.29,25.93,86.48,7.85,74.5,3.74,92.96,9.54,91.16,23.71,89.56,1.87,59.15,16.58,21.99,0.02,0.29,0,0.03,0,0,0.03,3.69,82.86,0.55,38.1,0.11,50,0.13,0.08,3.21,68.03,0,NA,0,NA,0,0,0,0,NA,NA,0.11,NA,NA,0,0,0,0,0,0,"2Search results-9.xlsx","COLOMBIA_A",NA,NA,"COL","Colombia","ONC","COL_ONC","Defensive Midfield",NA
"S. Vega","Millonarios","Millonarios","LDMF",27,8e+05,"2026-12-31",40,3394,0,0.13,2,0.88,10.66,53.98,"Colombia","Colombia","derecho",178,65,"no",7.53,5.38,63.05,48.53,0.19,0.28,0.27,3.95,5.93,0.98,4,0.11,0,0,0.37,0,0,0,0,0,0,5,0.13,0,0,0.27,50,0.03,0,0.21,50,0.03,0.32,58.33,1.99,44,0.21,0.29,0,31.24,0.27,0.66,45.32,88.71,16.87,81.6,5.17,94.36,16.73,93.34,42.19,90.82,2.89,61.47,17.53,24.73,0.02,0.37,0,0,0.11,50,0.13,7.48,88.3,0.74,57.14,0.37,35.71,0.37,0.08,8.06,80.92,0,NA,0,NA,0,0,0,0,NA,NA,0.45,NA,NA,0.03,0,0,0,0,0,"2Search results-9.xlsx","COLOMBIA_A",NA,NA,"COL","Colombia","MIL","COL_MIL","Defensive Midfield",NA
"M. Hinestroza","Atlético Nacional","Atlético Nacional","RAMF",23,0,NA,42,3328,4,5.01,8,5.71,18.04,44.98,"Colombia","Colombia","izquierdo",172,73,"no",4.35,3.84,63.38,30.77,0.19,0.32,0.08,1.73,2.88,0.73,5,0.14,0,0,4,0.11,4,0.11,0.14,0,0,55,1.49,23.64,7.273,2.95,26.61,0.03,0,2.89,27.1,0.38,5.44,51.24,11.57,39.95,2.95,3.06,0.51,21.66,2.6,1.76,27.18,79,5.14,72.11,7.22,93.26,8.44,74.04,23.45,86.04,1.05,51.28,16.51,21.02,0.15,1.57,0.11,0.05,0.14,60,0.84,2.06,77.63,3.27,56.2,0.19,57.14,1.54,0.92,4.06,82,0,NA,0,NA,0,0,0,0,NA,NA,0.14,NA,NA,0.05,0.03,0,0.32,0,0,"Search results-4.xlsx","COLOMBIA_A",NA,NA,"COL","Colombia","NAC","COL_NAC","Attacking Midfield",NA
"J. Rios","Deportivo Pasto","Deportivo Pasto","LCB",27,0,NA,36,3321,1,2.34,0,0.63,10.95,63.37,"Colombia","Colombia","izquierdo",184,75,"no",9.35,4.99,73.37,56.19,0.3,0.38,0.65,5.39,6.84,0.81,8,0.22,1,0.03,0.62,0.03,1,0.03,0.06,1,0.03,19,0.51,36.84,5.263,0.73,33.33,0.73,33.33,0,0,0.14,0.27,60,1.71,53.97,0.46,1.03,0.11,22.49,0.57,0.79,34.34,84.06,16.67,77.72,2.22,89.02,11.57,91.33,28.43,90.85,5.31,53.57,20.88,37.83,0.02,0.19,0.03,0,0.03,100,0.03,4.55,67.86,0.65,50,0.24,44.44,0.16,0.3,7.75,70.63,0,NA,0,NA,0,0,0,0,NA,NA,0.87,NA,NA,0,0,0,0,0,0,"Search results-4.xlsx","COLOMBIA_A",NA,NA,"COL","Colombia","PAS","COL_PAS","Defenders",NA
"A. Llinás","Millonarios","Millonarios","RCB",28,NA,"2026-12-31",36,3291,1,2.44,1,0.13,12.63,61.9,"Colombia","Colombia, Spain","derecho",188,73,NA,7.6,5.66,71.5,56.82,0.36,0.55,0.33,3.2,4.94,0.79,9,0.25,0,0,0.41,0.03,1,0.03,0.07,1,0.03,14,0.38,35.71,7.143,0.08,33.33,0.03,0,0.05,50,0,0.27,90,1.2,54.55,0.6,0.96,0,20.13,0.25,0.44,32.68,89.37,14.38,83.46,1.8,92.42,12.91,94.92,29.34,92.45,3.25,63.03,19.73,30.6,0,0.16,0,0,0,0,0.05,3.83,83.57,0.19,71.43,0.08,66.67,0.16,0.03,6.34,72.84,0,NA,0,NA,0,0,0,0,NA,NA,1.07,NA,NA,0,0,0,0,0,0,"players_2025-09-27.xlsx","COLOMBIA_A",2200000,"no","COL","Colombia","MIL","COL_MIL","Defenders",NA
"D. Palacios","Envigado","Envigado","LCB",21,0,NA,34,3291,2,2.15,1,0.09,10.61,61.86,"Colombia","Colombia","unknown",185,72,"no",7.47,4.4,66.46,60,0.36,0.48,0.68,4.18,5.63,0.79,14,0.38,1,0.03,0.22,0.05,2,0.05,0.06,2,0.05,17,0.46,29.41,11.765,0,0,0,0,0,0,0,0.16,50,0.71,50,0.6,0.33,0,14.49,0.22,0.38,23.11,79.76,11.4,65.95,1.2,93.18,8.7,94.03,18.4,89,4.7,43.6,22.51,39.07,0,0.05,0,0,0,0,0.03,2.3,58.33,0.22,37.5,0.14,40,0.14,0,4.65,54.12,0,NA,0,NA,0,0,0,0,NA,NA,0.68,NA,NA,0,0,0,0,0,0,"2Search results-9.xlsx","COLOMBIA_A",NA,NA,"COL","Colombia","ENV","COL_ENV","Defenders",NA
"J. Pestaña","América de Cali","América de Cali","LCB",28,650000,"2026-12-31",35,3291,2,1.46,0,0.09,11.05,59.65,"Colombia","Colombia","derecho",186,81,"si",6.75,4.48,68.29,49.07,0.11,0.17,0.68,3.58,5.59,0.98,10,0.27,0,0,0.22,0.05,2,0.05,0.04,1,0.03,11,0.3,27.27,18.182,0.08,33.33,0.05,50,0.03,0,0,0.14,80,1.15,47.62,0.38,0.49,0.05,26.12,0.79,0.49,37.96,89.77,14.77,81.67,2.65,94.85,16.27,95.8,34.05,92.45,3.83,67.14,20.64,36.9,0,0.11,0,0.03,0,0,0,3.34,74.59,0.33,50,0.14,60,0.11,0.03,5.91,68.52,0,NA,0,NA,0,0,0,0,NA,NA,1.83,NA,NA,0.03,0.03,0,0,0,0,"Search results-4.xlsx","COLOMBIA_A",NA,NA,"COL","Colombia","AME","COL_AME","Defenders",NA
"J. Mena","Águilas Doradas","Águilas Doradas","LB",21,NA,NA,37,3287,0,1.4,3,1.28,16.13,54.16,"Colombia","Colombia","unknown",0,0,NA,8.27,6.74,66.26,52.73,0.19,0.28,0.16,3.61,5.26,1.37,7,0.19,1,0.03,1.37,0,0,0,0.04,0,0,14,0.38,7.14,0,1.62,35.59,1.59,34.48,0.03,100,0.16,1.7,43.55,4.22,39.61,0.74,1.26,0.14,14.87,1.78,0.52,23,73.21,10.16,66.85,2.93,85.98,6.02,76.36,18.67,81.09,2.9,42.45,19.11,31.76,0.04,0.41,0,0,0.03,100,0.16,3.01,62.73,1.75,42.19,0.25,44.44,0.33,0.55,5.48,62,0,NA,0,NA,0,0,0,0,NA,NA,0.11,NA,NA,0,0,0,0,0,0,"players_2025-09-27.xlsx","COLOMBIA_A",0,"no","COL","Colombia","AGD","COL_AGD","Defenders Wingers",NA
"J. Báez","Junior","Junior","RCB",35,4e+05,NA,33,3272,2,3.49,1,0.11,9.02,63.11,"Paraguay","Paraguay, Argentina","derecho",180,77,"no",6.44,3.14,71.05,57.65,0.11,0.18,0.47,4.1,6.58,0.5,6,0.17,1,0.03,0.28,0.06,2,0.06,0.1,1,0.03,17,0.47,35.29,11.765,0.3,18.18,0.08,0,0.19,28.57,0.03,0.08,66.67,0.69,40,0.58,0.3,0,25.47,0.74,0.41,38.81,85.33,19.01,78.44,1.6,98.28,15.84,92.88,30.72,92.21,7.81,60.56,25.32,42.61,0,0.08,0,0.03,0,0,0.03,5.8,65.4,0.61,31.82,0.39,21.43,0.19,0.08,10.09,77.38,0,NA,0,NA,0,0,0,0,NA,NA,1.18,NA,NA,0.06,0.06,0,0,2,0,"Search results-4.xlsx","COLOMBIA_A",NA,NA,"COL","Colombia","JNR","COL_JNR","Defenders",NA
"D. Ospina","Atlético Nacional","Atlético Nacional","GK",37,2e+06,"2026-06-30",33,3261,0,0,0,0,0.97,91.43,"Colombia","Colombia, France","derecho",183,80,"no",1.63,0.14,80,100,0.03,0.05,0,1.49,2.45,0,4,0.11,0,0,0.03,0,0,0,0,0,0,0,0,0,0,0,0,0,0,0,0,0,0.03,100,0.36,92.31,0,0,0,15.68,0.36,0.3,23.9,90.76,12.06,83.98,0.03,100,11.43,98.07,17.91,98.92,5.96,66.67,28.97,46.11,0,0,0,0,0,0,0,1.35,44.9,0.11,25,0.08,33.33,0.03,0,4.28,72.9,23,0.63,101,2.79,14,77.23,24.11,0.67,1.11,0.031,0.03,1.35,0.44,NA,NA,NA,0,0,0,"Search results-4.xlsx","COLOMBIA_A",NA,NA,"COL","Colombia","NAC","COL_NAC","Goalkeepers",NA
"J. Palacios","Envigado","Envigado","RDMF",22,750000,NA,38,3260,0,0.3,0,0.23,10.44,51.06,"Colombia","Colombia","derecho",180,82,"no",6.54,4.39,59.75,49.02,0.17,0.22,0.36,3.75,4.95,0.99,11,0.3,0,0,0.58,0,0,0,0.01,0,0,13,0.36,7.69,0,0.14,40,0.03,0,0.11,50,0,0.83,60,3.12,44.25,0.17,0.63,0,17.72,0.11,0.52,28.46,84.38,11.07,73.82,2.73,92.93,10.41,92.57,24.24,90.09,4.09,52.03,20.57,36.78,0.01,0.28,0,0,0.03,0,0,5.16,74.87,0.83,53.33,0.5,27.78,0.33,0.03,5.38,70.26,0,NA,0,NA,0,0,0,0,NA,NA,0.3,NA,NA,0.06,0,0,0,0,0,"Search results-4.xlsx","COLOMBIA_A",NA,NA,"COL","Colombia","ENV","COL_ENV","Defensive Midfield",NA
"D. Vergara","Racing Club","Racing Club","LAMF",28,NA,"2027-06-30",39,3257,13,12.41,1,5.46,19.2,45.9,"Colombia","Colombia","derecho",177,68,NA,2.96,2.79,65.35,21.62,0.14,0.22,0.03,0.99,1.57,0.61,7,0.19,0,0,5,0.36,9,0.25,0.34,0,0,105,2.9,43.81,12.381,1.82,34.85,1.41,33.33,0.39,42.86,0.14,5.55,53.23,13.82,45.4,2.02,3.79,0.5,23.46,1.85,2.46,29.73,79.28,9.23,65.87,6.85,95.16,8.57,80.97,25.34,85.17,2.63,51.58,18.15,31.58,0.15,1.11,0.11,0,0.36,38.46,0.44,4.12,65.77,3.62,54.96,0.91,30.3,1.19,0.69,5.25,87.89,0,NA,0,NA,0,0,0,0,NA,NA,0.03,NA,NA,0.99,0.19,28.57,2.18,6,66.667,"players_2025-09-27.xlsx","COLOMBIA_A",1800000,"no","COL",NA,NA,NA,"Attacking Midfield",NA
"Á. Castro","Millonarios","Millonarios","LAMF",31,7e+05,"2026-06-30",42,3234,3,2.9,5,4.52,18.23,43.21,"Colombia","Colombia","izquierdo",170,62,"no",5.93,6.54,58.72,22.5,0.03,0.04,0.03,2.06,2.98,1.14,12,0.33,0,0,3.53,0.08,3,0.08,0.08,1,0.03,40,1.11,32.5,7.5,3.73,32.09,3.01,29.63,0.72,42.31,0.47,3.98,48.25,8.85,36.48,2.34,3.09,0.7,31.09,2.25,0.97,38.93,76.98,9.35,66.96,8.63,94.19,12.58,73.45,32.7,83.49,2.81,56.44,17.27,32.11,0.13,1.5,0.08,0.06,0.11,50,0.56,4.17,66.67,3.9,46.43,0.39,35.71,1.11,1.31,6.51,74.79,0,NA,0,NA,0,0,0,0,NA,NA,0.08,NA,NA,0.25,0,0,1.2,0,0,"2Search results-9.xlsx","COLOMBIA_A",NA,NA,"COL","Colombia","MIL","COL_MIL","Attacking Midfield",NA
"E. Herrera","Junior","Junior","LB",26,NA,"2026-12-31",39,3228,2,0.43,0,2.11,12.99,56.01,"Colombia","Colombia","derecho",172,68,NA,8.03,5.94,68.54,57.89,0.36,0.57,0.25,3.6,5.7,0.78,9,0.25,0,0,1.59,0.06,2,0.06,0.01,0,0,20,0.56,45,10,1.95,30,1.31,27.66,0.64,34.78,0.11,1.56,48.21,3.4,39.34,0.47,1.03,0.17,26.51,1.87,0.31,38.31,82.17,14.55,74.9,6.72,96.27,11.43,82.44,31.78,88.51,4.77,59.06,18.58,32.56,0.06,0.45,0.03,0.03,0,0,0.08,4.01,72.92,1.95,41.43,0.42,60,0.42,0.5,7.61,70.33,0,NA,0,NA,0,0,0,0,NA,NA,0.42,NA,NA,0.14,0.03,0,0.2,0,0,"players_2025-09-27.xlsx","COLOMBIA_A",750000,"no","COL","Colombia","JNR","COL_JNR","Defenders Wingers",NA
"A. Alarcón","Deportivo Pasto","Deportivo Pasto","CB",24,NA,NA,34,3215,5,2.6,0,0.2,11.84,60.99,"Colombia","Colombia","derecho",192,0,NA,8.12,4.67,68.86,62.2,0.34,0.44,0.36,4.56,5.93,1.04,13,0.36,1,0.03,0.36,0.14,5,0.14,0.07,3,0.08,19,0.53,47.37,26.316,0.08,0,0.03,0,0.06,0,0.03,0.2,57.14,1.68,40,0.84,0.39,0.06,20.72,0.28,0.36,34.77,88.81,13.63,83.78,2.41,97.67,15.4,92.36,30.18,92.67,4.51,64.6,21.79,39.74,0.01,0.2,0.03,0,0,0,0.08,2.88,75.73,0.31,54.55,0.11,50,0.17,0,6.3,67.11,0,NA,0,NA,0,0,0,0,NA,NA,1.26,NA,NA,0,0,0,0,0,0,"players_2025-09-27.xlsx","COLOMBIA_A",0,"si","COL","Colombia","PAS","COL_PAS","Defenders",NA
"J. Angulo","Llaneros","Llaneros","RCB",24,0,NA,32,3202,0,0.64,0,0.1,12.48,65.09,"Colombia","Colombia","unknown",0,0,"no",9.28,5.51,77.55,59.81,0.11,0.16,0.59,4.89,6.89,0.62,3,0.08,0,0,0.37,0,0,0,0.02,0,0,8,0.22,25,0,0.31,27.27,0,0,0.31,27.27,0.03,0.42,53.33,2.33,49.4,0.37,0.9,0.11,23.89,0.62,0.48,36.71,83.54,15.09,72.25,2.67,94.74,15.26,93,31.03,90.13,5.42,49.22,21.33,36.93,0,0.08,0,0,0.06,0,0.03,3.65,54.62,0.37,23.08,0.17,0,0,0.06,7.14,63.78,0,NA,0,NA,0,0,0,0,NA,NA,1.8,NA,NA,0,0,0,0,0,0,"Search results-4.xlsx","COLOMBIA_A",NA,NA,"COL","Colombia","LNR","COL_LNR","Defenders",NA
"L. Chaverra","Medellín","Medellín","RCB",28,NA,"2026-06-30",35,3196,6,5.37,0,2.54,11.01,57.8,"Colombia","Colombia","derecho",177,70,NA,7.52,4.73,67.86,48.84,0.2,0.33,0.28,4.11,6.97,0.7,7,0.2,0,0,1.3,0.17,0,0,0.15,0,0,24,0.68,37.5,25,1.3,43.48,0.06,50,1.18,42.86,0.11,0.62,72.73,2.51,44.94,0.23,1.01,0.03,36.27,1.27,0.56,50.86,86.6,20.73,77.17,4.53,98.14,19.15,92.65,43.34,91.81,6.25,59.01,20.98,37.48,0.07,0.7,0.03,0,0.06,50,0.23,7.91,73.31,2.34,54.22,0.76,33.33,0.7,0.56,10.64,79.1,0,NA,0,NA,0,0,0,0,NA,NA,1.46,NA,NA,0.34,0,0,0.84,6,100,"players_2025-09-27.xlsx","COLOMBIA_A",450000,"no","COL","Colombia","MDL","COL_MDL","Defenders",NA
"Y. Velásquez","Santa Fe","Santa Fe","RCMF",26,0,NA,43,3184,4,1.79,0,0.98,16.22,47.21,"Colombia","Colombia","derecho",184,76,"no",8.79,7.72,58.24,45.59,0.57,0.84,0.23,3.73,5.57,2.06,12,0.34,1,0.03,0.73,0.11,4,0.11,0.05,0,0,20,0.57,30,20,0.65,39.13,0.17,33.33,0.45,37.5,0,0.51,50,4.44,33.12,1.1,0.59,0.03,23.97,0.37,0.59,35.93,82.3,12.61,74.22,4.66,90.3,12.55,86.26,32.79,85,2.52,58.43,16.56,26.83,0.03,0.45,0,0,0.17,33.33,0.14,6.59,74.68,1.53,51.85,0.28,50,0.68,0.23,6.3,81.17,0,NA,0,NA,0,0,0,0,NA,NA,0.17,NA,NA,0,0,0,0,0,0,"2Search results-9.xlsx","COLOMBIA_A",NA,NA,"COL","Colombia","STF","COL_STF","Midfield",NA
"J. Ríos","Deportivo Pereira","Deportivo Pereira","RDMF",33,NA,"2026-12-31",35,3182,2,0.26,1,0.57,15.75,54.94,"Colombia","Colombia","derecho",174,67,NA,8.54,9.16,54.63,52.38,0.74,1.06,0.34,2.8,4.05,2.88,22,0.62,1,0.03,0.54,0.06,2,0.06,0.01,0,0,14,0.4,28.57,14.286,0.25,11.11,0.08,0,0.17,16.67,0.08,0.57,65,3.48,57.72,0.06,0.57,0.03,21.07,0.08,1.27,32.87,84.6,12.25,75.06,3.22,90.35,13.21,92.51,27.89,89.76,4.75,57.74,19.73,31.9,0.02,0.37,0,0.03,0.06,50,0.08,6.39,76.55,0.85,46.67,0.54,42.11,0.28,0.06,6.56,71.12,0,NA,0,NA,0,0,0,0,NA,NA,0.48,NA,NA,0,0,0,0,0,0,"players_2025-09-27.xlsx","COLOMBIA_A",5e+05,"no","COL","Colombia","PER","COL_PER","Defensive Midfield",NA
"J. Cardona","Once Caldas","Once Caldas","RCB",26,NA,"2026-06-30",37,3167,2,1.22,0,0.12,12.13,59.25,"Colombia","Colombia","derecho",184,78,NA,8.98,4.4,63.23,63.16,0.43,0.59,0.68,5.77,7.97,0.97,8,0.23,1,0.03,0.37,0.06,2,0.06,0.03,1,0.03,11,0.31,54.55,18.182,0.09,33.33,0.03,0,0.06,50,0,0.23,75,0.91,50,0.45,0.06,0,19.81,0.34,0.63,31.83,83.21,15.72,72.51,1.79,93.65,11.88,94.26,26.46,91.84,5.29,40.86,22.54,38.83,0,0.06,0.03,0.03,0,0,0.03,3.58,49.21,0.48,23.53,0.28,20,0.09,0.03,5.8,61.27,0,NA,0,NA,0,0,0,0,NA,NA,1.48,NA,NA,0,0,0,0,0,0,"players_2025-09-27.xlsx","COLOMBIA_A",350000,"no","COL","Colombia","ONC","COL_ONC","Defenders",NA
"J. Cuenú","Junior","Junior","CB",30,NA,NA,35,3159,1,1.38,0,0.03,9.32,60.86,"Colombia","Colombia","derecho",192,86,NA,7.64,3.59,71.43,58.14,0.11,0.17,0.66,4.96,7.22,0.8,12,0.34,0,0,0.11,0.03,1,0.03,0.04,1,0.03,15,0.43,20,6.667,0.11,25,0.06,50,0.06,0,0,0.06,0,0.6,33.33,0.68,0.09,0.03,18.95,0.46,0.37,30.2,82.74,12.91,70.64,1.34,93.62,13.93,93.25,25.58,89.2,4.53,47.17,23.73,41.53,0,0.06,0,0,0,0,0.06,2.68,54.26,0.4,21.43,0.2,14.29,0.09,0.03,5.84,62.44,0,NA,0,NA,0,0,0,0,NA,NA,0.97,NA,NA,0,0,0,0,0,0,"players_2025-09-27.xlsx","COLOMBIA_A",4e+05,"no","COL","Colombia","JNR","COL_JNR","Defenders",NA
"C. Fiermarín","Tolima","Tolima","GK",27,1500000,"2027-12-31",32,3148,0,0,0,0,0.51,83.33,"Uruguay","Uruguay","derecho",189,72,"no",1.69,0.09,66.67,100,0,0,0,1.63,2.25,0.09,7,0.2,0,0,0,0,0,0,0,0,0,0,0,0,0,0,0,0,0,0,0,0,0,0,0.09,66.67,0,0,0,11.58,0.26,0.09,19.84,82.56,12.38,75.75,0,0,7,94.29,11.09,96.65,8.69,65.13,33.76,46.53,0,0,0,0,0,0,0,2.06,55.56,0.09,33.33,0.11,75,0.03,0,6.86,71.67,25,0.71,111,3.17,14,77.48,25.9,0.74,0.9,0.026,0,1.34,0.31,NA,NA,NA,0,0,0,"Search results-4.xlsx","COLOMBIA_A",NA,NA,"COL","Colombia","TOL","COL_TOL","Goalkeepers",NA
"F. Chaverra","Medellín","Medellín","LWB",25,0,NA,42,3140,7,4.61,7,5.14,14.36,47.9,"Colombia","Colombia","izquierdo",172,64,"no",4.16,3.44,56.67,50,0.09,0.15,0.2,2.12,3.62,1.03,8,0.23,1,0.03,3.15,0.2,6,0.17,0.13,1,0.03,77,2.21,33.77,9.091,3.53,33.33,3.01,32.38,0.49,35.29,0.52,2.21,55.84,8.43,43.2,1.86,1.69,0.2,28.43,2.69,1.81,35.31,78.73,7.22,62.3,8.37,93.84,13.47,79.57,28.15,88.29,3.96,50,20.73,37.42,0.15,1.43,0,0.03,0.09,0,0.49,4.41,66.88,3.78,40.15,0.46,12.5,0.6,1.09,5.59,76.41,0,NA,0,NA,0,0,0,0,NA,NA,0.03,NA,NA,0.97,0.34,50,2.41,1,100,"2Search results-9.xlsx","COLOMBIA_A",NA,NA,"COL","Colombia","MDL","COL_MDL","Defenders Wingers",NA
"S. Navarro","América de Cali","América de Cali","AMF",25,NA,NA,41,3139,2,2.29,4,4.19,12.62,48.41,"Colombia","Colombia","derecho",187,74,NA,4.9,4.19,59.59,41.89,0.32,0.52,0.2,2.09,3.44,1.15,6,0.17,0,0,1.2,0.06,2,0.06,0.07,0,0,48,1.38,20.83,4.167,0.8,32.14,0.37,38.46,0.43,26.67,0.11,1.29,48.89,4.73,40,1.63,0.83,0.03,27.78,1.03,1.18,37.19,88.28,10.38,80.11,7.43,94.98,13.22,89.37,33.17,91.53,3.21,68.75,17.96,30.79,0.12,0.97,0.03,0.09,0.09,33.33,0.46,6.19,81.48,1.43,46,0.26,11.11,0.8,0.34,5.79,81.68,0,NA,0,NA,0,0,0,0,NA,NA,0.26,NA,NA,0.29,0.09,0,0.69,0,0,"players_2025-09-27.xlsx","COLOMBIA_A",6e+05,"si","COL","Colombia","AME","COL_AME","Attacking Midfield",NA
"G. Lencina","Tolima","Tolima","CF",27,7e+05,NA,40,3131,13,15.98,5,3.06,16.7,34.6,"Argentina","Argentina","derecho",178,74,"no",3.42,2.9,49.5,29.32,0.29,0.41,0.17,1.7,2.43,1.35,5,0.14,0,0,1.78,0.37,10,0.29,0.46,1,0.03,91,2.62,37.36,14.286,0.57,35,0.26,33.33,0.32,36.36,0.06,1.44,42,6.24,32.72,3.45,0.49,0.03,9.97,1.72,1.29,13.77,70.35,3.54,56.1,3.36,88.89,3.51,67.21,12.59,72.37,0.63,59.09,15.5,13.92,0.09,0.69,0.06,0.03,0.11,0,0.32,1.64,57.89,1.12,41.03,0.2,14.29,0.6,0.23,1.44,80,0,NA,0,NA,0,0,0,0,NA,NA,0,NA,NA,0,0,0,0,5,60,"Search results-4.xlsx","COLOMBIA_A",NA,NA,"COL","Colombia","TOL","COL_TOL","Forwards",NA
"F. Viáfara","Deportivo Cali","Deportivo Cali","RB",33,450000,NA,36,3125,0,0.98,2,2.6,14.95,51.45,"Colombia","Colombia","derecho",167,65,"no",9.33,7.57,65.4,51.85,0.32,0.48,0.17,4.06,6.1,0.98,4,0.12,0,0,2.76,0,0,0,0.03,0,0,31,0.89,29.03,0,3.66,40.94,0.03,0,3.63,41.27,0.37,2.22,44.16,4.52,35.03,1.01,1.12,0.2,23.85,1.21,0.4,35.25,78.19,15.18,75.52,4.49,94.23,10.43,75.14,26.76,87.62,5.16,52.51,20.2,34.27,0.07,0.52,0.03,0.03,0.06,50,0.29,4.81,73.05,3.2,48.65,0.2,42.86,0.43,1.38,9.36,74.77,0,NA,0,NA,0,0,0,0,NA,NA,0.58,NA,NA,0,0,0,0.12,0,0,"Search results-4.xlsx","COLOMBIA_A",NA,NA,"COL","Colombia","CAL","COL_CAL","Defenders Wingers",NA
"D. Rivera","Junior","Junior","LCB",26,NA,NA,34,3116,0,0.93,0,0.07,12.33,57.61,"Colombia","Colombia","derecho",186,79,NA,8.38,5.6,71.65,45.05,0.06,0.09,0.58,4.3,6.89,0.61,9,0.26,0,0,0.46,0,0,0,0.03,0,0,11,0.32,45.45,0,0.4,14.29,0.17,0,0.23,25,0.09,0.49,52.94,1.73,41.67,0.46,0.87,0.14,26.63,0.55,0.46,38.24,83.76,17.65,76.1,1.99,92.75,15.45,93.08,32.06,91.44,5.81,45.77,22.93,39.71,0,0.09,0.03,0,0.03,0,0,5,62.43,0.61,14.29,0.32,9.09,0.14,0.12,7.91,66.06,0,NA,0,NA,0,0,0,0,NA,NA,1.16,NA,NA,0,0,0,0,0,0,"players_2025-09-27.xlsx","COLOMBIA_A",6e+05,"no","COL","Colombia","JNR","COL_JNR","Defenders",NA
"S. Mele","Monterrey","Monterrey","GK",27,NA,"2026-12-31",32,3110,0,0.18,0,0,1.01,82.86,"Uruguay","Uruguay, Italy","derecho",185,78,NA,1.3,0.09,66.67,95.24,0.03,0.04,0,1.22,1.85,0.06,2,0.06,1,0.03,0,0,0,0,0.01,0,0,1,0.03,0,0,0,0,0,0,0,0,0,0,0,0.17,83.33,0.03,0,0,9.69,0.17,0.26,15.8,84.43,8.02,72.56,0.03,0,7.15,96.76,10.82,97.86,4.98,55.23,28.99,43.1,0,0,0,0,0,0,0,1.24,34.88,0.14,0,0.06,0,0,0,3.21,65.77,31,0.9,141,4.08,11,78.01,34.6,1,3.6,0.104,0,1.48,0.61,NA,NA,NA,0,0,0,"players_2025-09-27.xlsx","COLOMBIA_A",2500000,"no","COL",NA,NA,NA,"Goalkeepers",NA
"G. Celis","Junior","Junior","DMF",32,450000,"2027-06-30",35,3106,2,1.1,1,0.44,15.73,54.88,"Colombia","Colombia","derecho",178,73,"no",8.35,7.62,60.84,35.71,0.09,0.14,0.32,3.62,5.72,2.06,12,0.35,0,0,0.52,0.06,2,0.06,0.03,1,0.03,6,0.17,33.33,33.333,0.23,25,0.14,20,0.09,33.33,0,0.67,60.87,3.48,50.83,0.49,0.49,0.12,25.27,0.32,1.85,36.68,91.63,10.17,86.32,5.39,96.24,15.39,95.1,34.63,93.64,1.83,61.9,17.54,28.23,0.01,0.2,0,0,0,0,0.03,3.94,87.5,0.52,61.11,0.12,50,0.38,0.06,4.11,73.24,0,NA,0,NA,0,0,0,0,NA,NA,0.61,NA,NA,0.03,0,0,0,0,0,"2Search results-9.xlsx","COLOMBIA_A",NA,NA,"COL","Colombia","JNR","COL_JNR","Defensive Midfield",NA
"A. Correa","Deportivo Cali","Deportivo Cali","LB",31,4e+05,NA,34,3078,1,1.26,1,2.98,13.95,57.86,"Colombia","Colombia","izquierdo",178,73,"no",8.51,6.73,73.48,52.56,0.23,0.34,0.26,3.33,4.84,1.2,7,0.2,0,0,1.96,0.03,1,0.03,0.04,0,0,34,0.99,11.76,2.941,2.89,41.41,2.89,41.41,0,0,0.5,0.96,60.61,3.01,38.83,1.02,1.35,0.2,19.97,1.67,0.35,28.92,79.47,11.11,71.58,4.65,93.71,8.51,79.38,22.6,87.58,3.63,58.06,19.53,33.96,0.09,0.85,0.09,0,0.09,66.67,0.38,4.06,72.66,3.16,50,0.44,66.67,0.64,1.17,6.67,76.32,0,NA,0,NA,0,0,0,0,NA,NA,0.5,NA,NA,0.06,0,0,0.12,0,0,"Search results-4.xlsx","COLOMBIA_A",NA,NA,"COL","Colombia","CAL","COL_CAL","Defenders Wingers",NA
"W. Pacheco","Deportivo Pereira","Deportivo Pereira","RB",30,NA,"2027-06-30",34,3063,0,1.12,0,0.86,13.25,54.77,"Colombia","Colombia","derecho",172,67,NA,8.52,5.76,62.24,42.25,0.82,1.21,0.26,4.11,6.03,1.26,11,0.32,0,0,1.26,0,0,0,0.03,0,0,22,0.65,13.64,0,1.97,29.85,0,0,1.97,29.85,0.15,0.88,63.33,3.41,55.17,0.38,0.82,0.15,21.19,1.59,1.41,31.18,80.02,12.34,73.57,3.97,92.59,10.61,81.99,25.77,87.57,3.56,52.07,20.37,38.2,0.03,0.38,0,0,0.06,50,0.15,4.82,66.46,2.62,33.71,0.47,31.25,0.5,0.59,7.46,73.62,0,NA,0,NA,0,0,0,0,NA,NA,0.32,NA,NA,0.03,0,0,0.12,0,0,"players_2025-09-27.xlsx","COLOMBIA_A",8e+05,"no","COL","Colombia","PER","COL_PER","Defenders Wingers",NA
"O. Fernández","Santa Fe","Santa Fe","LAMF",32,1e+06,"2025-12-31",36,3058,4,3.65,7,5.15,9.89,44.64,"Colombia","Colombia","izquierdo",165,72,"no",3.62,2.88,63.27,8,0.18,0.26,0.06,1.62,2.38,0.38,5,0.15,0,0,2.35,0.12,4,0.12,0.11,0,0,37,1.09,29.73,10.811,2.33,39.24,1.35,32.61,0.91,48.39,0.15,2.18,47.3,5,42.35,2.12,2.27,0.74,24.81,2,0.91,32.26,83.21,8.03,73.99,7.5,96.08,9.59,78.83,27.67,88.94,2.33,58.23,16.94,31.04,0.15,1.8,0.09,0,0.15,60,0.59,3.21,73.39,3.36,54.39,0.47,31.25,1.47,1,5.68,81.35,0,NA,0,NA,0,0,0,0,NA,NA,0.03,NA,NA,0.71,0,0,2.44,0,0,"Search results-4.xlsx","COLOMBIA_A",NA,NA,"COL","Colombia","STF","COL_STF","Attacking Midfield",NA
"C. Barrios","América de Cali","América de Cali","RW",27,1400000,NA,38,3020,4,8.44,5,3.75,18.03,45.45,"Colombia","Colombia","derecho",166,65,"no",5.1,4.32,68.97,18.75,0.09,0.14,0.12,2.03,3.18,0.54,3,0.09,1,0.03,2.65,0.12,3,0.09,0.25,0,0,52,1.55,38.46,7.692,0.89,33.33,0.12,25,0.75,36,0.09,3.34,50.89,10.91,40.71,3.13,1.58,0.42,20.5,2.18,1.94,26.25,82.75,7.48,73.71,5.66,93.68,7.33,82.52,23.75,86.45,1.61,55.56,17.15,25.97,0.11,1.07,0.03,0.03,0.24,25,0.45,3.31,72.07,2.68,60,0.77,34.62,2.03,0.3,3.78,88.19,0,NA,0,NA,0,0,0,0,NA,NA,0,NA,NA,0.03,0,0,0.48,1,100,"Search results-4.xlsx","COLOMBIA_A",NA,NA,"COL","Colombia","AME","COL_AME","Wingers",NA
"V. Mejía","Deportivo Pereira","Deportivo Pereira","DMF",32,NA,NA,38,2992,0,0.45,0,0.38,15.67,55.09,"Colombia","Colombia","derecho",184,70,NA,8.69,7.88,65.27,42.37,0.03,0.05,0.18,3.52,5.37,1.26,8,0.24,1,0.03,0.75,0,0,0,0.01,0,0,11,0.33,36.36,0,0.39,7.69,0.03,0,0.36,8.33,0.06,0.78,69.23,4.24,48.23,0.27,1.23,0.09,28.37,0.33,0.81,41.3,87.4,12.78,79.53,6.23,95.65,16.54,91.64,38.26,89.62,2.65,67.05,18.28,30.61,0.01,0.6,0.03,0.03,0.09,66.67,0.12,6.35,78.2,1.02,47.06,0.18,50,0.36,0.06,6.29,77.03,0,NA,0,NA,0,0,0,0,NA,NA,0.96,NA,NA,0,0,0,0,0,0,"players_2025-09-27.xlsx","COLOMBIA_A",4e+05,"no","COL","Colombia","PER","COL_PER","Defensive Midfield",NA
"J. Contreras","Barcelona","Barcelona","GK",30,NA,"2025-12-31",30,2992,0,0,0,0,0.75,100,"Venezuela","Venezuela","derecho",189,83,NA,1.11,0,0,100,0,0,0,1.11,1.63,0,6,0.18,0,0,0,0,0,0,0,0,0,0,0,0,0,0,0,0,0,0,0,0,0,0,0.18,100,0,0.03,0,9.6,0.21,0.42,16.51,79.42,11.61,72.28,0,0,4.63,96.75,7.22,97.08,9.26,65.91,39.76,50.67,0,0,0,0,0,0,0,3.79,54.76,0.27,0,0.21,28.57,0,0,6.71,82.51,33,0.99,116,3.49,8,71.55,30.5,0.92,-2.5,-0.075,0,1.65,0.54,NA,NA,NA,0,0,0,"players_2025-09-27.xlsx","COLOMBIA_A",8e+05,"no","COL",NA,NA,NA,"Goalkeepers",NA
"D. Martínez","Deportivo Pasto","Deportivo Pasto","GK",35,NA,NA,30,2985,0,0,0,0,0.75,80,"Colombia","Colombia","derecho",180,74,NA,0.9,0.09,33.33,88.89,0,0,0,0.87,1.2,0.06,8,0.24,1,0.03,0,0,0,0,0,0,0,0,0,0,0,0,0,0,0,0,0,0,0,0,0.18,100,0,0,0,6.06,0.3,0.18,11.67,83.46,7.66,76.77,0,0,3.71,96.75,6.36,98.1,5.28,65.71,36.41,52.56,0,0,0,0,0,0,0.03,1.81,65,0.03,100,0.06,50,0.03,0,4.25,77.3,29,0.87,104,3.14,9,72.12,25.8,0.78,-3.2,-0.096,0,1.06,0.27,NA,NA,NA,0,0,0,"players_2025-09-27.xlsx","COLOMBIA_A",250000,"no","COL","Colombia","PAS","COL_PAS","Goalkeepers",NA
"D. Hernández","Águilas Doradas","Águilas Doradas","LCB",25,0,NA,31,2977,0,1.16,0,0.24,12.33,67.65,"Colombia","Colombia","derecho",190,82,"no",9.46,5.14,80,69.6,0.45,0.64,0.63,4.9,6.87,0.67,6,0.18,0,0,0.33,0,0,0,0.04,0,0,14,0.42,28.57,0,0.09,0,0.06,0,0.03,0,0.03,0.3,70,1.45,47.92,0.54,0.27,0,19.95,0.67,0.3,33.19,84.97,16.2,77.05,1.9,92.06,12.61,94.96,28.3,89.85,4.81,57.86,22.85,40.67,0.01,0.09,0,0,0.03,0,0.03,4.26,63.12,0.48,18.75,0.18,0,0.15,0,7.35,68.72,0,NA,0,NA,0,0,0,0,NA,NA,1.12,NA,NA,0,0,0,0,0,0,"Search results-4.xlsx","COLOMBIA_A",NA,NA,"COL","Colombia","AGD","COL_AGD","Defenders",NA
"I. Alba","Atlético Bucaramanga","Atlético Bucaramanga","RB",30,NA,NA,33,2948,4,1.72,2,3.73,9.46,49.35,"Colombia","Colombia","derecho",175,0,NA,7.05,4.37,63.64,37.78,0.21,0.28,0.18,4.06,5.3,0.7,6,0.18,0,0,2.44,0.12,4,0.12,0.05,0,0,40,1.22,32.5,10,3.94,38.76,0,0,3.88,38.58,0.27,1.04,47.06,2.32,36.84,0.46,1.31,0.09,23.23,2.2,0.4,31.29,68.88,13.37,60.5,3.72,90.98,9.92,70.77,20.58,80.86,6.93,50.22,23.52,38.97,0.11,1.34,0.03,0,0.12,25,0.46,6.56,54.88,4.18,42.34,0.95,22.58,0.43,1.68,9.37,75.9,0,NA,0,NA,0,0,0,0,NA,NA,0.03,NA,NA,0.95,0.15,20,0.7,0,0,"players_2025-09-27.xlsx","COLOMBIA_A",4e+05,"no","COL","Colombia","BUC","COL_BUC","Defenders Wingers",NA
"R. Pájaro","Fortaleza","Fortaleza","LDMF",23,NA,NA,34,2932,2,1.24,1,0.67,13.08,50,"Colombia","Colombia","derecho",172,67,NA,7.21,5.56,59.12,46.38,0.89,1.41,0.31,3.04,4.82,1.69,12,0.37,0,0,0.89,0.06,2,0.06,0.04,0,0,38,1.17,18.42,5.263,0.74,41.67,0.31,50,0.43,35.71,0.06,0.58,57.89,3.25,41.51,0.52,1.2,0.06,34.41,0.34,0.98,46.01,89.66,15.13,85.6,5.8,95.24,18.29,91.78,40.79,92.93,4.54,66.89,17.93,34.96,0.02,0.52,0,0.03,0.06,50,0.09,8.01,85.44,1.53,54,0.37,50,0.58,0.31,8.32,85.61,0,NA,0,NA,0,0,0,0,NA,NA,0.58,NA,NA,0,0,0,0,0,0,"players_2025-09-27.xlsx","COLOMBIA_A",550000,"no","COL","Colombia","FOZ","COL_FOZ","Defensive Midfield",NA
"D. Denis","Boyacá Chicó","Boyacá Chicó","GK",33,350000,NA,29,2929,0,0,0,0,0.46,86.67,"Uruguay","Uruguay","derecho",186,72,"no",1.17,0.12,75,100,0,0,0,1.08,1.58,0.03,7,0.22,0,0,0.03,0,0,0,0,0,0,0,0,0,0,0,0,0,0,0,0,0,0.03,100,0.12,75,0,0,0,4.92,0.28,0.09,9.96,81.79,6.42,74.16,0,0,2.98,95.88,5.35,96.55,4.61,64.67,34.73,49.19,0,0,0,0,0,0,0,1.29,57.14,0.06,0,0,0,0,0,3.6,75.21,48,1.47,126,3.87,8,61.9,41.44,1.27,-6.56,-0.202,0,0.83,0.18,NA,NA,NA,0,0,0,"Search results-4.xlsx","COLOMBIA_A",NA,NA,"COL","Colombia","BYC","COL_BYC","Goalkeepers",NA
"B. Carabalí","Beitar Jerusalem","Beitar Jerusalem","RCB",26,NA,NA,31,2910,2,1.21,0,0.03,12.71,61.8,"Colombia","Colombia","derecho",188,90,NA,8.2,4.76,71.43,64.83,0.15,0.21,0.49,4.64,6.34,0.9,11,0.34,1,0.03,0.34,0.06,2,0.06,0.04,2,0.06,19,0.59,26.32,10.526,0.15,20,0,0,0.15,20,0.06,0.37,41.67,2.01,40,0.62,0.22,0,16.79,0.34,0.49,28.73,82.02,14.85,73.75,1.67,94.44,10.14,90.85,23.88,88.47,4.73,50.98,23.36,43.89,0,0.06,0,0,0,0,0,4.36,54.61,0.68,13.64,0.19,0,0,0.12,6.74,68.35,0,NA,0,NA,0,0,0,0,NA,NA,0.84,NA,NA,0,0,0,0,0,0,"players_2025-09-27.xlsx","COLOMBIA_A",250000,"no","COL",NA,NA,NA,"Defenders",NA
"Y. Quiñones","Deportivo Pereira","Deportivo Pereira","LAMF",22,350000,NA,37,2904,9,4.21,1,2.09,16.7,44.9,"Colombia","Colombia","izquierdo",173,65,"no",5.18,4.96,54.37,32.08,0.06,0.09,0.03,2.42,3.58,1.05,8,0.25,0,0,3.32,0.28,9,0.28,0.13,0,0,63,1.95,42.86,14.286,2.57,31.33,2.23,31.94,0.31,30,0.31,2.88,56.99,8.49,44.16,2.01,1.52,0.31,17.17,1.83,1.74,22.78,75.78,4.68,64.24,5.21,88.1,7.07,72.81,18.9,83.44,1.55,50,18.09,27.96,0.06,1.02,0.09,0,0.12,25,0.28,1.86,58.33,2.08,44.78,0.19,16.67,0.5,0.87,2.88,74.19,0,NA,0,NA,0,0,0,0,NA,NA,0.06,NA,NA,0.5,0.22,42.86,1.33,0,0,"Search results-4.xlsx","COLOMBIA_A",NA,NA,"COL","Colombia","PER","COL_PER","Attacking Midfield",NA
"E. Cardona","Atlético Nacional","Atlético Nacional","AMF",32,8e+05,NA,42,2895,11,6.86,11,10.7,13.4,43.85,"Colombia","Colombia","derecho",185,88,"no",3.45,3.08,59.6,35.48,0.19,0.31,0.09,1.43,2.34,0.78,11,0.34,0,0,3.39,0.34,6,0.19,0.21,0,0,99,3.08,43.43,11.111,2.02,33.85,0.87,35.71,1.09,31.43,0.31,2.3,45.95,7.77,38,0.68,1.9,0.16,36.06,1.55,1.31,44.15,80.77,16.07,71.57,6.93,93.27,14.92,85,34.97,86.67,7.27,64.96,21.17,37.67,0.33,2.77,0.25,0.03,0.44,71.43,0.96,10.32,78.92,5.28,55.88,1.55,48,2.21,0.68,9.85,87.38,0,NA,0,NA,0,0,0,0,NA,NA,0.34,NA,NA,2.3,0.65,42.86,4.57,5,100,"Search results-4.xlsx","COLOMBIA_A",NA,NA,"COL","Colombia","NAC","COL_NAC","Attacking Midfield",NA
"J. Hernández","Tolima","Tolima","LB",26,NA,"2026-12-30",36,2889,0,0.74,2,1.91,13.93,49.66,"Colombia","Colombia","izquierdo",172,69,NA,7.41,6.04,58.25,40.63,0.09,0.14,0.28,3.8,5.6,1,8,0.25,0,0,2.43,0,0,0,0.02,0,0,23,0.72,17.39,0,2.68,30.23,2.65,29.41,0,0,0.19,2.15,66.67,5.7,44.81,0.75,0.81,0.06,23.96,1.18,0.56,35.48,78.4,15.05,73.91,4.02,92.25,9.72,79.49,27.6,88.37,5.33,49.71,19.75,34.68,0.06,0.53,0,0,0.09,66.67,0.34,3.93,65.08,3.08,40.4,0.53,52.94,0.84,0.72,7.73,72.58,0,NA,0,NA,0,0,0,0,NA,NA,0.34,NA,NA,0.09,0.03,100,0.09,0,0,"players_2025-09-27.xlsx","COLOMBIA_A",1200000,"no","COL","Colombia","TOL","COL_TOL","Defenders Wingers",NA
"B. Perlaza","Medellín","Medellín","RCMF",33,5e+05,NA,39,2888,5,4.01,3,1.01,14.93,51.15,"Colombia","Colombia","derecho",187,83,"no",5.64,4.05,62.31,47.46,0.06,0.1,0.06,3.05,4.94,1.12,6,0.19,0,0,0.87,0.16,5,0.16,0.12,2,0.06,40,1.25,27.5,12.5,0.25,12.5,0.03,0,0.22,14.29,0.03,0.78,64,5.2,44.31,1.37,0.84,0.06,24.43,0.62,1.18,33.28,87.36,9.5,74.43,6.17,96.97,11.62,91.96,30.66,89.94,2.4,62.34,17.17,25.67,0.03,0.62,0,0,0.09,0,0.22,4.11,77.27,1.18,50,0.22,42.86,0.72,0.03,4.24,80.88,0,NA,0,NA,0,0,0,0,NA,NA,0.09,NA,NA,0,0,0,0,0,0,"2Search results-9.xlsx","COLOMBIA_A",NA,NA,"COL","Colombia","MDL","COL_MDL","Midfield",NA
"S. Velásquez","Tolima","Tolima","LB",22,0,NA,36,2874,1,1.19,2,2.55,10.74,50.44,"Colombia","Colombia","izquierdo",174,70,"si",6.7,5.54,58.76,56.52,0.28,0.4,0.09,3.16,4.51,0.56,3,0.09,0,0,1.72,0.03,1,0.03,0.04,0,0,23,0.72,21.74,4.348,2.85,34.07,2.76,34.09,0.06,50,0.25,0.97,54.84,2.51,36.25,1.28,1.57,0.16,28.68,2.16,0.31,37.58,82.5,12.53,74.75,5.82,97.31,11.65,82.26,31.69,90.51,3.13,44,17.64,31.47,0.08,0.66,0.03,0,0.06,100,0.28,3.88,78.23,2.66,41.18,0.28,33.33,0.5,0.88,7.33,69.66,0,NA,0,NA,0,0,0,0,NA,NA,0.53,NA,NA,0.03,0.03,0,0.09,0,0,"2Search results-9.xlsx","COLOMBIA_A",NA,NA,"COL","Colombia","TOL","COL_TOL","Defenders Wingers",NA
"H. Martínez","Medellín","Medellín","DMF",27,NA,"2027-06-30",40,2873,2,3.43,1,2.34,12.91,57.52,"Colombia","Colombia","derecho",185,73,NA,7.93,7.33,66.67,25,0.16,0.27,0.13,2.88,4.89,1.22,9,0.28,1,0.03,1.16,0.06,2,0.06,0.11,0,0,40,1.25,22.5,5,0.94,30,0.41,23.08,0.5,37.5,0.06,0.81,69.23,3.04,50.52,1.07,2.22,0.22,34.93,0.75,0.72,48.81,84.92,16.79,76.49,5.95,93.16,17.79,88.91,41.38,89.02,6.48,66.67,18.83,31.52,0.07,0.81,0.03,0.03,0.16,20,0.34,8.96,79.37,2.57,46.34,1.38,43.18,1.07,0.25,8.49,81.18,0,NA,0,NA,0,0,0,0,NA,NA,0.63,NA,NA,0.09,0,0,0.44,0,0,"players_2025-09-27.xlsx","COLOMBIA_A",7e+05,"no","COL","Colombia","MDL","COL_MDL","Defensive Midfield",NA
"J. Sarmiento","Unión Magdalena","Unión Magdalena","CF",25,0,NA,30,2873,8,5.2,2,3.76,11.03,47.16,"Colombia","Colombia","izquierdo",179,70,"no",3.29,3.01,68.75,30.3,0.16,0.21,0.03,1.07,1.44,0.34,2,0.06,0,0,3.07,0.25,7,0.22,0.16,0,0,57,1.79,38.6,14.035,2.29,43.84,1.32,38.1,0.97,51.61,0.22,2.26,58.33,5.51,40.34,1.53,2.19,0.47,26.72,2.07,0.47,35.12,79.75,8.61,72.36,8.08,93.41,11.21,79.05,30.26,84.78,2.76,54.55,17.38,33.59,0.12,1.75,0.03,0,0.16,40,0.5,5.36,70.76,3.35,49.53,0.66,23.81,0.91,0.91,5.48,84.57,0,NA,0,NA,0,0,0,0,NA,NA,0.13,NA,NA,1.91,0.22,14.29,1.97,1,100,"Search results-4.xlsx","COLOMBIA_A",NA,NA,"COL","Colombia","UMG","COL_UMG","Forwards",NA
"N. Gil","Deportivo Pasto","Deportivo Pasto","LCB",27,NA,NA,30,2872,1,1.11,1,0.5,18.27,62.09,"Colombia","Colombia","izquierdo",182,77,NA,10.59,8.9,69.01,61.78,0.31,0.46,0.28,4.14,6.09,1.25,9,0.28,0,0,0.47,0.03,1,0.03,0.03,0,0,12,0.38,33.33,8.333,0.28,44.44,0.25,37.5,0.03,100,0.03,0.28,77.78,2.04,40,0.56,1,0.13,20.15,0.34,0.47,34.38,83.5,17.8,76.06,2.1,94.03,10.75,90.96,27.67,90.37,6.42,55.61,21.53,37.99,0.02,0.19,0,0,0.03,0,0.09,4.73,69.54,0.63,40,0.06,0,0.22,0.16,8.4,68.66,0,NA,0,NA,0,0,0,0,NA,NA,0.44,NA,NA,0,0,0,0,0,0,"players_2025-09-27.xlsx","COLOMBIA_A",5e+05,"no","COL","Colombia","PAS","COL_PAS","Defenders",NA
"A. Román","Atlético Nacional","Atlético Nacional","RB",29,0,NA,32,2826,8,4.67,2,1.96,9.14,45.64,"Colombia","Colombia","derecho",183,80,"no",4.81,3.38,58.49,39.22,0.06,0.1,0.16,2.77,4.49,0.51,4,0.13,1,0.03,1.46,0.25,8,0.25,0.15,0,0,47,1.5,42.55,17.021,1.02,34.38,0,0,1.02,34.38,0.06,0.99,45.16,3.22,36.63,2.07,2.1,0.38,20.51,2.36,0.41,26.15,80.88,10.1,75.39,4.65,94.52,6.82,78.97,23.28,85.36,1.91,50,17.12,25.07,0.06,0.61,0.03,0.1,0.1,33.33,0.29,4.39,73.19,0.99,64.52,0.19,16.67,0.32,0.29,5.16,83.95,0,NA,0,NA,0,0,0,0,NA,NA,0.48,NA,NA,0,0,0,0,0,0,"2Search results-9.xlsx","COLOMBIA_A",NA,NA,"COL","Colombia","NAC","COL_NAC","Defenders Wingers",NA
"L. Sandoval","Medellín","Medellín","CF",26,NA,"2027-06-30",40,2801,4,6.47,2,4.36,12.34,41.41,"Colombia","Colombia","derecho",183,78,NA,2.57,2.7,50,44.44,0.22,0.41,0,1,1.8,0.9,12,0.39,2,0.06,2.15,0.13,4,0.13,0.21,0,0,49,1.57,34.69,8.163,1.83,36.84,1,45.16,0.71,27.27,0.26,1.77,49.09,6.3,38.78,3.63,0.9,0.13,26.48,1.67,1.29,31.55,76.68,7.52,64.1,6.94,91.67,10.35,77.02,27.18,80.97,2.57,60,16.93,23.98,0.14,1.45,0.03,0.03,0.55,11.76,0.51,3.41,64.15,3.73,43.97,0.96,23.33,1.74,0.67,4.4,83.21,0,NA,0,NA,0,0,0,0,NA,NA,0.03,NA,NA,0.06,0.03,0,0.39,0,0,"players_2025-09-27.xlsx","COLOMBIA_A",6e+05,"no","COL","Colombia","MDL","COL_MDL","Forwards",NA
"J. torres","Santa Fe","Santa Fe","RCMF",20,NA,NA,42,2793,1,1.12,1,0.99,17.34,47.21,"Colombia","Colombia","unknown",0,0,NA,7.38,8.09,61.35,27.78,0.16,0.23,0.06,2.26,3.15,1.48,7,0.23,1,0.03,1.1,0.03,1,0.03,0.04,1,0.03,30,0.97,6.67,3.333,1.06,30.3,0.19,33.33,0.84,30.77,0.13,1.64,41.18,5.57,35.84,0.81,1.32,0.16,22.62,0.55,1.32,32.48,80.75,12.28,72.18,4.22,94.66,10.15,85.08,28.39,85.24,3.09,55.21,18.78,34.04,0.03,0.42,0,0,0.19,16.67,0.19,7.15,73.42,1.77,45.45,0.52,31.25,0.52,0.39,6.41,79.4,0,NA,0,NA,0,0,0,0,NA,NA,0.35,NA,NA,0,0,0,0.1,0,0,"players_2025-09-27.xlsx","COLOMBIA_A",0,"no","COL","Colombia","STF","COL_STF","Midfield",NA
"A. Sarmiento","Atlético Nacional","Atlético Nacional","LAMF",27,7e+05,NA,45,2787,9,7.1,6,2.04,18.37,40.6,"Colombia","Colombia","derecho",176,60,"no",5.2,5.26,57.06,47.06,0.1,0.16,0.1,2.1,3.43,1.32,3,0.1,0,0,2.2,0.29,9,0.29,0.23,0,0,64,2.07,34.38,14.063,1.07,36.36,0.84,30.77,0.19,66.67,0.06,2.65,40.24,9.85,30.82,2.29,2.23,0.48,18.47,1.16,1.45,22.35,82.23,5.52,71.35,5.62,90.8,6.2,85.42,20.22,85.78,1.16,61.11,16.34,20.15,0.07,0.81,0.03,0,0.13,25,0.39,2.71,75,1.78,56.36,0.29,44.44,0.84,0.29,2.65,82.93,0,NA,0,NA,0,0,0,0,NA,NA,0.03,NA,NA,0.13,0.03,100,0.42,0,0,"2Search results-9.xlsx","COLOMBIA_A",NA,NA,"COL","Colombia","NAC","COL_NAC","Attacking Midfield",NA
"F. Acosta","Real Cartagena","Real Cartagena","RCMF",31,NA,NA,30,2781,1,2.77,0,0.7,16.28,50.7,"Colombia","Colombia, Spain","derecho",192,70,NA,7.41,6.31,58.46,58.47,0.45,0.62,0.29,3.27,4.49,1.23,8,0.26,0,0,0.97,0.03,1,0.03,0.09,0,0,43,1.39,32.56,2.326,0.52,25,0.06,50,0.45,21.43,0.03,0.91,39.29,4.24,37.4,1.13,0.65,0.1,21.2,0.71,1.29,30.87,80.08,9.48,64.16,5.76,91.57,11.13,86.05,26.47,85.21,3.92,52.89,19.25,35.81,0.02,0.52,0.03,0,0.16,20,0.19,5.6,61.85,1.46,37.78,0.65,20,0.49,0.1,4.95,71.24,0,NA,0,NA,0,0,0,0,NA,NA,0.39,NA,NA,0,0,0,0,0,0,"players_2025-09-27.xlsx","COLOMBIA_A",6e+05,"no","COL",NA,NA,NA,"Midfield",NA
"F. Castro","Atlético Bucaramanga","Atlético Bucaramanga","RDMF",33,NA,"2025-12-31",30,2780,3,1.99,1,0.38,12.85,55.92,"Colombia","Colombia","derecho",183,74,NA,7.9,6.41,68.18,37.7,0.58,0.92,0.16,2.95,4.63,1.36,4,0.13,1,0.03,0.49,0.1,3,0.1,0.06,2,0.06,26,0.84,15.38,11.538,0.16,20,0.1,0,0.06,50,0.03,0.36,63.64,2.75,45.88,0.58,0.55,0,29.17,0.23,0.71,38.43,88.54,13.73,80.19,4.47,95.65,14.54,93.54,35.64,90.74,2.65,62.2,17.56,32.78,0.01,0.29,0,0.06,0.16,60,0.06,5.7,82.95,0.78,50,0.29,55.56,0.32,0.03,6.28,85.05,0,NA,0,NA,0,0,0,0,NA,NA,0.19,NA,NA,0,0,0,0,0,0,"players_2025-09-27.xlsx","COLOMBIA_A",2e+05,"no","COL","Colombia","BUC","COL_BUC","Defensive Midfield",NA
"D. Arcila","León","León","AMF",23,NA,NA,33,2775,7,5.35,1,3.05,17.87,45.55,"Colombia","Colombia","derecho",0,0,NA,3.66,3.76,58.62,28.77,0.06,0.09,0.03,1.39,1.87,0.75,7,0.23,1,0.03,2.46,0.23,4,0.13,0.17,0,0,55,1.78,32.73,12.727,1.1,41.18,0.58,33.33,0.49,46.67,0.06,2.85,48.86,10.44,45.96,1.36,2.69,0.88,20.95,1.49,1.85,29.64,84.9,7.98,72.76,7.01,94.44,9.02,89.93,26.59,88.41,2.01,61.29,18.4,31.5,0.1,1.33,0.03,0,0.16,20,0.29,3.92,75.21,2.14,57.58,0.45,28.57,1.01,0.26,4.61,74.65,0,NA,0,NA,0,0,0,0,NA,NA,0.1,NA,NA,1.07,0.13,25,2.11,3,100,"players_2025-09-27.xlsx","COLOMBIA_A",0,"no","COL",NA,NA,NA,"Attacking Midfield",NA
"D. Silva","Millonarios","Millonarios","AMF",38,NA,NA,36,2765,5,4.34,3,4.91,14.91,43.23,"Colombia","Colombia","derecho",175,74,NA,4.98,3.84,58.47,35.71,0.49,0.73,0.1,2.25,3.35,0.52,3,0.1,0,0,2.18,0.16,5,0.16,0.14,1,0.03,35,1.14,40,14.286,1.14,40,0.39,41.67,0.75,39.13,0.29,1.86,50.88,7.19,39.37,2.05,2.21,0.13,37.89,1.59,1.11,49.05,83.54,15.01,71.37,8.1,94.38,15.23,87.18,44.37,85.99,3.61,66.67,16.86,34.06,0.16,1.53,0.03,0.07,0.85,38.46,0.62,8.82,78.23,3.39,55.77,1.33,29.27,1.73,0.36,7.06,82.49,0,NA,0,NA,0,0,0,0,NA,NA,0.16,NA,NA,0.65,0,0,0.94,0,0,"players_2025-09-27.xlsx","COLOMBIA_A",350000,"no","COL","Colombia","MIL","COL_MIL","Attacking Midfield",NA
"Jesus Rivas","Junior","Junior","LDMF",28,0,"2026-12-31",34,2756,5,3.32,0,1.59,18.52,46.21,"Colombia","Colombia","derecho",175,70,"no",6.34,6.34,61.34,36.84,0.07,0.1,0.1,2.38,3.82,1.5,10,0.33,0,0,1.96,0.16,5,0.16,0.11,1,0.03,57,1.86,24.56,8.772,0.65,40,0.46,35.71,0.13,50,0.07,1.96,55,8.07,39.27,1.73,1.57,0.2,28.35,0.85,1.37,39.55,84.31,13.72,75,5.26,94.41,11.92,89.04,35.24,87.21,3.72,63.16,17.1,35.13,0.05,0.88,0.07,0.03,0.26,62.5,0.2,6.56,77.11,2.02,58.06,0.33,40,1.08,0.26,6.66,80.88,0,NA,0,NA,0,0,0,0,NA,NA,0.16,NA,NA,0.16,0.07,0,0.49,0,0,"2Search results-9.xlsx","COLOMBIA_A",NA,NA,"COL","Colombia","JNR","COL_JNR","Defensive Midfield",NA
"J. Árevalo","Millonarios","Millonarios","RDMF",22,0,NA,30,2756,1,1.95,3,3.06,14.92,50.98,"Colombia","Colombia","derecho",176,68,"no",9.11,7.35,62.22,35.42,0.1,0.15,0.16,4.44,6.71,1.11,6,0.2,0,0,1.44,0.03,1,0.03,0.06,0,0,44,1.44,36.36,2.273,0.56,41.18,0.16,60,0.39,33.33,0.03,1.08,54.55,4.38,41.79,0.62,1.53,0.16,32.53,0.33,0.91,45.26,86.58,15.02,77.39,5.45,91.62,17.11,91.79,41.34,89.34,3.4,60.58,17.77,34.01,0.1,1.31,0.1,0.07,0.42,23.08,0.29,8.07,81.38,2.22,48.53,0.85,23.08,1.18,0.16,6.92,79.25,0,NA,0,NA,0,0,0,0,NA,NA,0.23,NA,NA,0.56,0.23,28.57,0.82,0,0,"Search results-4.xlsx","COLOMBIA_A",NA,NA,"COL","Colombia","MIL","COL_MIL","Defensive Midfield",NA
"K. Osorio","Deportivo Pereira","Deportivo Pereira","LDMF",31,450000,NA,33,2749,1,1.82,1,1.19,12.02,55.04,"Colombia","Colombia","izquierdo",181,74,"no",7.86,5.14,61.78,55,0.62,0.89,0.26,4.06,5.78,0.88,7,0.23,0,0,1.21,0.03,1,0.03,0.06,0,0,23,0.75,39.13,4.348,0.82,44,0.75,43.48,0.03,100,0.1,0.72,63.64,2.65,50.62,0.85,1.21,0.03,24,0.72,0.75,34.8,82.31,12.05,72.55,5.4,95.15,11.69,87.39,30.41,86.54,3.63,54.95,18.71,32.83,0.04,0.59,0,0.03,0.13,75,0.13,5.99,73.77,1.7,51.92,0.43,46.15,0.59,0.36,6.06,71.89,0,NA,0,NA,0,0,0,0,NA,NA,0.39,NA,NA,0.36,0.07,50,0.26,0,0,"Search results-4.xlsx","COLOMBIA_A",NA,NA,"COL","Colombia","PER","COL_PER","Defensive Midfield",NA
"F. Salazar","Junior","Junior","RAMF",30,NA,"2026-12-31",34,2747,0,1.95,3,6.93,15.07,42.61,"Colombia","Colombia","derecho",178,76,NA,4.32,3.73,53.51,32.43,0.56,0.86,0,1.77,2.74,0.66,3,0.1,0,0,3.57,0,0,0,0.06,0,0,60,1.97,35,0,4.46,33.82,0.29,33.33,4.1,34.4,0.33,2,63.93,8.09,42.11,1.57,2.13,0.29,31.88,2.72,1.9,38.43,75.28,11.4,66.38,7.04,90.23,12.74,74.81,29.68,84.99,4.88,49.66,18.73,34.69,0.23,2.06,0.13,0,0.16,60,0.49,5.77,59.66,4.72,45.14,0.72,50,1.21,1.24,6.91,83.41,0,NA,0,NA,0,0,0,0,NA,NA,0.1,NA,NA,2.59,0.36,36.36,3.7,0,0,"players_2025-09-27.xlsx","COLOMBIA_A",9e+05,"no","COL","Colombia","JNR","COL_JNR","Attacking Midfield",NA
"J. Mena","Atlético Bucaramanga","Atlético Bucaramanga","RCB",36,150000,"2025-12-31",30,2743,1,2.98,0,0,10.7,64.42,"Colombia","Colombia","derecho",183,79,"no",8.17,4.89,70.47,64.81,0.46,0.71,0.49,4.27,6.57,0.82,9,0.3,1,0.03,0.16,0.03,1,0.03,0.1,0,0,20,0.66,20,5,0.1,0,0.07,0,0.03,0,0,0.16,20,0.85,34.62,0.79,0.13,0,17.42,0.33,0.23,28.15,86.71,11.78,77.16,1.21,89.19,11.94,95.88,25.03,91.22,3.02,52.17,19.66,33.88,0,0.03,0,0.03,0,0,0,2.07,50.79,0.26,25,0.13,25,0.03,0,4.23,58.14,0,NA,0,NA,0,0,0,0,NA,NA,0.75,NA,NA,0,0,0,0,0,0,"Search results-4.xlsx","COLOMBIA_A",NA,NA,"COL","Colombia","BUC","COL_BUC","Defenders",NA
"R. Carrascal","América de Cali","América de Cali","RCMF",32,5e+05,NA,30,2734,3,3.12,2,2.4,13.66,51.33,"Colombia","Colombia","derecho",177,75,"no",8.1,6.91,59.52,47.37,0.56,0.88,0.23,3.42,5.39,1.42,9,0.3,0,0,0.99,0.1,1,0.03,0.1,0,0,35,1.15,20,8.571,0.92,64.29,0.2,33.33,0.72,72.73,0.2,0.46,35.71,3.56,38.89,0.33,0.92,0.07,46.98,0.76,1.02,62.97,90.9,21.17,84.6,8,95.06,24.62,94.12,54.55,94.09,7.6,70.56,19.78,37.02,0.08,1.28,0.13,0,0.03,0,0.3,12.97,83.76,2.17,60.61,0.69,33.33,0.79,0.53,12.02,88.22,0,NA,0,NA,0,0,0,0,NA,NA,1.22,NA,NA,0.92,0.3,11.11,1.28,3,66.667,"Search results-4.xlsx","COLOMBIA_A",NA,NA,"COL","Colombia","AME","COL_AME","Midfield",NA
"J. Enamorado","Junior","Junior","RAMF",26,2400000,"2026-12-31",47,2725,5,3.38,7,5.17,20.77,40.54,"Colombia","Colombia","derecho",170,59,"no",5.15,5.68,56.98,22.22,0,0,0.1,1.92,3.16,1.26,8,0.26,1,0.03,4.66,0.17,5,0.17,0.11,1,0.03,41,1.35,34.15,12.195,4.16,39.68,1.19,52.78,2.94,34.83,0.4,5.22,43.67,12.48,36.77,2.87,3.5,0.79,19.95,1.88,1.82,26.36,74.56,6.64,72.14,5.88,91.57,8.59,64.62,20.91,83.25,1.55,51.06,17.42,22.26,0.17,1.29,0.1,0,0.43,61.54,0.63,2.34,70.42,4.23,48.44,0.46,35.71,1.39,1.65,4.72,81.82,0,NA,0,NA,0,0,0,0,NA,NA,0,NA,NA,0.3,0.07,100,1.95,0,0,"Search results-4.xlsx","COLOMBIA_A",NA,NA,"COL","Colombia","JNR","COL_JNR","Attacking Midfield",NA
"M. García","Once Caldas","Once Caldas","RDMF",27,NA,"2027-06-30",32,2716,2,1.9,1,1.14,16.17,54.51,"Colombia","Colombia","derecho",178,0,NA,8.02,7.82,61.44,52.08,0.4,0.58,0.17,2.82,4.08,1.52,8,0.27,0,0,1.23,0.07,2,0.07,0.06,1,0.03,48,1.59,37.5,4.167,0.56,23.53,0.1,0,0.46,28.57,0.07,0.96,51.72,5.07,49.02,1.19,1.13,0.07,34.16,0.6,1.62,46.39,88.86,15.18,83.41,6.26,98.41,17.03,91.44,41.89,92.25,4.04,62.3,18.49,40.03,0.04,0.89,0.03,0.03,0.07,0,0.13,7.99,81.33,0.93,60.71,0.4,16.67,0.6,0.13,7.09,78.04,0,NA,0,NA,0,0,0,0,NA,NA,0.5,NA,NA,0,0,0,0,0,0,"players_2025-09-27.xlsx","COLOMBIA_A",7e+05,"no","COL","Colombia","ONC","COL_ONC","Defensive Midfield",NA
"J. Molina","Boyacá Chicó","Boyacá Chicó","CF",32,50000,NA,29,2706,10,12.06,3,1.2,19.92,29.22,"Colombia","Colombia","derecho",183,78,"no",2.2,1.63,53.06,30.6,0.13,0.2,0.23,1.2,1.76,1.06,7,0.23,1,0.03,1.16,0.33,7,0.23,0.4,2,0.07,62,2.06,40.32,16.129,0.23,14.29,0.03,0,0.2,16.67,0,0.67,45,7.72,21.98,2.66,0.33,0,5.35,1.23,1.43,8.88,83.9,1.1,63.64,3.46,94.23,1.9,75.44,8.55,86.38,0.1,33.33,13.35,1.31,0.04,0.47,0,0,0,0,0.2,0.5,60,0.33,30,0,0,0.4,0.03,0.47,50,0,NA,0,NA,0,0,0,0,NA,NA,0,NA,NA,0,0,0,0,4,75,"Search results-4.xlsx","COLOMBIA_A",NA,NA,"COL","Colombia","BYC","COL_BYC","Forwards",NA
"J. Zapata","Atlético Nacional","Atlético Nacional","RDMF",25,1500000,"2026-06-30",37,2703,4,4.14,0,0.93,11.39,47.95,"Colombia","Colombia","derecho",179,71,"no",5.73,5.66,57.06,44.9,0.23,0.37,0.13,2.26,3.64,1.33,8,0.27,2,0.07,0.77,0.13,4,0.13,0.14,0,0,58,1.93,20.69,6.897,0.4,16.67,0.03,0,0.37,18.18,0.1,0.43,69.23,2.96,39.33,1.3,0.97,0.07,37.59,0.7,0.4,47.55,90.27,15.25,84.06,7.23,96.31,18.18,93.04,43.09,92.81,4.06,70.49,19.28,36.21,0.03,0.63,0.07,0.07,0.07,0,0.1,9.82,83.05,0.87,50,0.33,40,0.63,0.03,8.52,87.89,0,NA,0,NA,0,0,0,0,NA,NA,0.77,NA,NA,0.03,0.03,0,0.1,0,0,"2Search results-9.xlsx","COLOMBIA_A",NA,NA,"COL","Colombia","NAC","COL_NAC","Defensive Midfield",NA
"A. García","Once Caldas","Once Caldas","AMF",24,NA,"2025-12-31",39,2699,1,2.07,1,2.57,16.57,48.69,"Colombia","Colombia","derecho",180,68,NA,4.9,5,58.67,35.94,0.33,0.46,0.03,1.63,2.24,1.17,4,0.13,0,0,1.9,0.03,1,0.03,0.07,0,0,33,1.1,27.27,3.03,0.97,37.93,0.5,33.33,0.47,42.86,0.07,1.87,62.5,7.4,46.85,1.6,2.43,0.27,28.34,0.93,1.7,37.65,85.21,11.14,73.65,6.7,92.54,12.67,90.53,34.68,87.98,2.07,59.68,18.2,29.63,0.09,1.43,0,0,0.2,33.33,0.23,5.84,75.43,2.2,54.55,0.47,21.43,0.97,0.27,5.34,83.75,0,NA,0,NA,0,0,0,0,NA,NA,0.13,NA,NA,1.13,0.03,0,2,0,0,"players_2025-09-27.xlsx","COLOMBIA_A",6e+05,"no","COL","Colombia","ONC","COL_ONC","Attacking Midfield",NA
"Y. Rosales","Alianza","Alianza","RB",24,150000,NA,31,2690,0,3.39,0,1.75,14.86,57.43,"Colombia","Colombia","derecho",183,76,"no",9.27,7.36,69.09,54.22,0.03,0.05,0.1,4.15,5.96,1.1,3,0.1,0,0,1.24,0,0,0,0.11,0,0,22,0.74,27.27,0,1.24,32.43,0,0,1.2,33.33,0,1.07,59.38,3.45,40.78,1.17,1.1,0.33,22.48,0.87,0.64,32.69,79.94,14.45,73.38,3.58,92.52,8.9,84.59,28.97,84.76,2.54,46.05,17.1,30.05,0.06,0.57,0.07,0,0,0,0.1,4.01,64.17,1.41,35.71,0.07,0,0.27,0.37,6.89,65.05,0,NA,0,NA,0,0,0,0,NA,NA,0.64,NA,NA,0,0,0,0,0,0,"Search results-4.xlsx","COLOMBIA_A",NA,NA,"COL","Colombia","ALV","COL_ALV","Defenders Wingers",NA
"D. Quintero","Deportivo Pereira","Deportivo Pereira","AMF",38,3e+05,"2025-12-31",34,2685,7,7.68,6,5,18.07,37.48,"Colombia","Colombia, Mexico","derecho",166,59,"no",3.02,3.02,62.22,27.12,0.34,0.5,0,0.8,1.2,0.47,4,0.13,0,0,3.22,0.23,7,0.23,0.26,1,0.03,52,1.74,40.38,13.462,0.84,36,0.23,57.14,0.6,27.78,0.1,4.49,43.28,11.06,35.45,2.21,2.75,0.37,23.93,1.91,1.14,31.14,73.95,12.5,67.29,4.16,88.71,9.82,77.47,27.59,76.31,2.75,62.2,18.72,28.17,0.17,1.84,0.1,0.07,0.67,40,0.67,6.77,69.8,3.82,54.39,0.97,44.83,2.08,0.3,6.07,83.43,0,NA,0,NA,0,0,0,0,NA,NA,0.03,NA,NA,1.07,0.13,25,1.84,1,0,"Search results-4.xlsx","COLOMBIA_A",NA,NA,"COL","Colombia","PER","COL_PER","Attacking Midfield",NA
"A. Zapata","Santa Fe","Santa Fe","AMF",30,NA,NA,41,2683,4,3.81,3,3.97,17.44,41.35,"Colombia","Colombia","izquierdo",176,72,NA,4.66,4.06,57.85,46.48,0.17,0.24,0.1,2.15,3.12,0.97,5,0.17,0,0,2.42,0.13,4,0.13,0.13,1,0.03,58,1.95,34.48,6.897,1.68,38,1.11,45.45,0.5,20,0.2,2.18,49.23,9.19,31.39,2.15,2.01,0.1,21.84,1.34,0.91,29.59,81.52,7.04,72.38,6.04,93.33,9.8,83.56,26.2,85.15,1.71,68.63,18.24,23.98,0.13,1.24,0.07,0,0.17,20,0.3,4.53,83.7,2.01,48.33,0.47,42.86,0.67,0.7,4.39,71.76,0,NA,0,NA,0,0,0,0,NA,NA,0.1,NA,NA,0.84,0.23,42.86,1.78,0,0,"players_2025-09-27.xlsx","COLOMBIA_A",550000,"no","COL","Colombia","STF","COL_STF","Attacking Midfield",NA
"E. López","Envigado","Envigado","LDMF",25,250000,NA,35,2680,3,1.86,1,0.98,13.94,46.99,"Colombia","Colombia","derecho",178,74,"no",8.46,8.13,51.65,38.71,0.3,0.4,0.47,3.96,5.18,1.75,14,0.47,0,0,0.84,0.1,3,0.1,0.06,0,0,27,0.91,29.63,11.111,0.5,33.33,0.13,50,0.37,27.27,0.03,0.71,52.38,3.39,42.57,0.77,1.24,0.17,24.95,0.4,0.71,36.57,85.22,12.09,73.33,4.4,93.89,14,92.57,32.07,89.11,4.03,60,19.02,33.06,0.03,0.71,0,0,0.07,50,0.17,5.41,70.19,1.11,33.33,0.44,23.08,0.47,0.13,5.57,68.67,0,NA,0,NA,0,0,0,0,NA,NA,0.24,NA,NA,0.3,0,0,0.2,0,0,"Search results-4.xlsx","COLOMBIA_A",NA,NA,"COL","Colombia","ENV","COL_ENV","Defensive Midfield",NA
"Y. Díaz","Fortaleza","Fortaleza","RCB",28,250000,NA,29,2674,1,1.17,0,0.2,9.63,63.29,"Colombia","Colombia","derecho",178,70,"no",8.11,4.78,72.54,54.17,0.27,0.42,0.61,4.38,6.9,0.5,4,0.13,1,0.03,0.44,0.03,1,0.03,0.04,0,0,14,0.47,21.43,7.143,0.3,55.56,0.17,40,0.13,75,0.07,0.2,83.33,1.31,61.54,0.61,1.58,0,32.31,0.4,0.4,47.05,86.77,22.45,78.86,3.2,95.79,16.53,93.48,38.57,93.28,8.21,57.38,22.22,42.8,0.01,0.13,0,0,0,0,0.03,8.01,72.27,0.77,30.43,0.54,12.5,0.27,0.13,10.84,77.64,0,NA,0,NA,0,0,0,0,NA,NA,1.88,NA,NA,0.03,0.03,0,0,0,0,"2Search results-9.xlsx","COLOMBIA_A",NA,NA,"COL","Colombia","FOZ","COL_FOZ","Defenders",NA
"J. Zapata","Once Caldas","Once Caldas","RAMF",25,0,NA,45,2669,11,7.68,3,3.8,27.89,42.08,"Colombia","Colombia","izquierdo",0,0,"no",6.07,5.77,59.65,42.28,0.2,0.29,0.27,2.43,3.43,1.55,11,0.37,1,0.03,4.25,0.37,11,0.37,0.26,4,0.13,72,2.43,34.72,15.278,2.5,29.73,0.1,33.33,2.39,29.58,0.24,5.13,51.32,14.2,38.24,2.83,3.03,0.13,20.94,2.06,1.55,29.13,77.78,7.86,70.39,6.64,91.37,7.82,78.45,25.43,83.16,1.42,59.52,16.08,22.21,0.13,1.01,0,0,0.07,50,0.57,2.77,78.05,2.6,49.35,0.13,25,0.88,0.64,3.64,72.22,0,NA,0,NA,0,0,0,0,NA,NA,0.17,NA,NA,0.03,0,0,0.07,0,0,"Search results-4.xlsx","COLOMBIA_A",NA,NA,"COL","Colombia","ONC","COL_ONC","Attacking Midfield",NA
"J. Castro","Atlético Nacional","Atlético Nacional","RB",28,7e+05,NA,40,2663,5,2.16,2,1.57,12.84,49.74,"Colombia","Colombia","derecho",176,72,"no",6.42,5,56.08,53.13,0.2,0.34,0.2,3.41,5.75,1.35,10,0.34,0,0,1.35,0.17,5,0.17,0.07,1,0.03,26,0.88,50,19.231,2.03,20,0.07,0,1.96,20.69,0.27,0.91,48.15,3.18,39.36,1.42,0.57,0.07,24.13,1.93,0.61,32.44,81.35,11.52,75.66,6.02,93.82,9.19,81.62,28.36,88.32,2.23,46.97,20,26.34,0.05,0.34,0.03,0.07,0.07,100,0.17,4.26,77.78,1.83,38.89,0.24,57.14,0.57,0.37,6.32,74.33,0,NA,0,NA,0,0,0,0,NA,NA,0.61,NA,NA,0,0,0,0,0,0,"2Search results-9.xlsx","COLOMBIA_A",NA,NA,"COL","Colombia","NAC","COL_NAC","Defenders Wingers",NA
"M. Payares","Nacional Potosí","Nacional Potosí","LCB",30,NA,NA,27,2649,2,0.49,0,0.22,13.66,62.94,"Colombia","Colombia","derecho",183,72,NA,9.04,6.08,68.16,59.26,0.1,0.14,0.71,4.79,6.54,1.22,11,0.37,0,0,0.14,0.07,2,0.07,0.02,2,0.07,5,0.17,40,40,0.07,50,0.03,0,0.03,100,0,0.07,50,0.51,46.67,0.58,0.1,0.03,19.91,0.17,0.27,33.57,79.25,17.06,65.94,2.41,95.77,11.82,95.4,26.02,87.86,7.47,49.55,23.67,37.99,0.01,0.1,0,0,0,0,0.03,4.08,55.83,0.41,16.67,0.2,16.67,0.14,0.03,8.15,59.58,0,NA,0,NA,0,0,0,0,NA,NA,2.07,NA,NA,0.07,0,0,0,0,0,"players_2025-09-27.xlsx","COLOMBIA_A",4e+05,"no","COL",NA,NA,NA,"Defenders",NA
"J. Riquett","Once Caldas","Once Caldas","LCB",35,NA,"2025-12-31",30,2648,1,0.87,0,0,10.47,61.69,"Colombia","Colombia","izquierdo",188,80,NA,8.26,5.51,67.28,53.75,0.31,0.43,0.44,4.25,6.01,0.92,10,0.34,1,0.03,0.14,0.03,1,0.03,0.03,0,0,3,0.1,100,33.333,0,0,0,0,0,0,0,0.03,100,0.88,53.85,0.31,0.07,0,18.22,0.07,0.65,29.09,85.16,11.96,73.01,2.38,97.14,12.27,93.91,23.72,94.13,5.37,45.57,22.29,37.48,0,0,0.03,0,0,0,0,3.7,58.72,0.14,25,0.2,33.33,0.07,0,5.1,67.33,0,NA,0,NA,0,0,0,0,NA,NA,2.01,NA,NA,0,0,0,0,0,0,"players_2025-09-27.xlsx","COLOMBIA_A",2e+05,"no","COL","Colombia","ONC","COL_ONC","Defenders",NA
"A. Estupiñán","Deportivo Cali","Deportivo Cali","CF",31,350000,NA,35,2635,10,11.02,1,2.34,22.71,42.26,"Colombia","Colombia","derecho",175,75,"no",5.26,4.88,51.05,32.79,0.2,0.32,0.14,2.56,4.03,2.08,11,0.38,1,0.03,2.7,0.34,5,0.17,0.38,2,0.07,50,1.71,52,20,1.5,29.55,0.89,34.62,0.61,22.22,0.2,2.7,50.63,10.42,43.93,2.36,1.84,0.38,18.34,2.08,3.28,24.63,78.36,5.53,66.05,6.18,87.85,6.87,77.61,22.44,82.04,0.75,63.64,15.5,18.49,0.08,0.72,0.03,0,0.03,0,0.34,2.29,77.61,2.02,35.59,0.14,25,0.58,0.41,2.83,77.11,0,NA,0,NA,0,0,0,0,NA,NA,0.03,NA,NA,0.24,0.1,0,0.58,5,100,"Search results-4.xlsx","COLOMBIA_A",NA,NA,"COL","Colombia","CAL","COL_CAL","Forwards",NA
"J. Alvarado","Medellín","Medellín","DMF",26,NA,"2026-12-31",43,2631,0,0.25,1,0.91,11.66,56.6,"Colombia","Colombia","derecho",180,76,NA,5.47,4.69,56.93,65.22,0.34,0.57,0.1,2.46,4.11,0.89,8,0.27,0,0,0.75,0,0,0,0.01,0,0,5,0.17,40,0,0.62,38.89,0.27,37.5,0.27,50,0,0.68,60,2.84,53.01,0.17,0.62,0,36.02,0.1,0.82,49.64,87.46,17.72,80.5,5.82,96.47,19.57,90.03,41.97,91.28,7.12,69.23,19.04,33.39,0.03,0.55,0.03,0,0.1,33.33,0.14,11.36,81.33,2.67,53.85,0.82,54.17,1.2,0.34,10.84,84.86,0,NA,0,NA,0,0,0,0,NA,NA,0.34,NA,NA,0.31,0.07,50,0.24,0,0,"players_2025-09-27.xlsx","COLOMBIA_A",1400000,"no","COL","Colombia","MDL","COL_MDL","Defensive Midfield",NA
"M. Mina","América de Cali","América de Cali","LB",26,4e+05,NA,28,2629,0,0.84,3,1.97,13.04,50.39,"Colombia","Colombia","izquierdo",177,72,"no",6.81,4.83,68.79,31.75,0.14,0.22,0.17,3.35,5.27,0.86,8,0.27,0,0,1.34,0,0,0,0.03,0,0,17,0.58,17.65,0,2.05,30,2.05,30,0,0,0.21,1.13,54.55,4.59,37.31,1.2,1.47,0.41,23.83,2.19,0.92,34.06,80.6,12.77,74.8,6.09,96.07,8.76,76.17,29.2,87.1,3.01,50,17.54,33.36,0.07,0.55,0,0,0.03,0,0.31,3.46,70.3,1.88,45.45,0.27,37.5,0.51,0.51,6.47,69.84,0,NA,0,NA,0,0,0,0,NA,NA,0.62,NA,NA,0.03,0,0,0,0,0,"2Search results-9.xlsx","COLOMBIA_A",NA,NA,"COL","Colombia","AME","COL_AME","Defenders Wingers",NA
"W. Aguerre","Medellín","Medellín","GK",32,NA,NA,26,2615,0,0,0,0,0.76,72.73,"Uruguay","Uruguay","derecho",188,85,NA,1.38,0.14,75,88.89,0.03,0.06,0,1.24,2.14,0.03,8,0.28,0,0,0,0,0,0,0,0,0,0,0,0,0,0,0,0,0,0,0,0,0.03,0,0.24,57.14,0,0,0,5.85,0.17,0.21,12.42,83.38,8.4,76.23,0,0,3.68,98.13,7.4,98.14,4.99,62.07,36.51,51.91,0,0,0,0,0,0,0,1.86,57.41,0.07,0,0.1,0,0,0,3.58,80.77,20,0.69,90,3.1,12,77.78,18.24,0.63,-1.76,-0.061,0,0.89,0.31,NA,NA,NA,0,0,0,"players.xlsx","COLOMBIA_A",8e+05,"no","COL","Colombia","MDL","COL_MDL","Goalkeepers",NA
"J. Chaverra","Alianza","Alianza","GK",32,2e+05,NA,27,2611,0,0,0,0,0.93,88.89,"Colombia","Colombia","derecho",185,75,"no",0.9,0.14,75,88.89,0,0,0,0.79,1.16,0.03,0,0,0,0,0,0,0,0,0,0,0,0,0,0,0,0,0,0,0,0,0,0,0,0,0.03,100,0,0,0,8.07,0.1,0.14,14.24,88.38,8.62,82.8,0,0,4.89,97.18,9.38,98.53,4.83,69.29,31.26,44.77,0,0,0.03,0,0,0,0,0.69,65,0.03,100,0,0,0.03,0,3.79,74.55,31,1.07,101,3.48,10,69.31,21.62,0.75,-9.38,-0.323,0,1.48,0.62,NA,NA,NA,0,0,0,"Search results-4.xlsx","COLOMBIA_A",NA,NA,"COL","Colombia","ALV","COL_ALV","Goalkeepers",NA
"J. Castilla","La Equidad","La Equidad","LCMF",21,0,NA,41,2610,1,0.93,4,2.17,12.62,49.18,"Colombia","Colombia, United States","izquierdo",179,58,"no",5.97,5.14,62.42,38.78,0.31,0.39,0.14,2.45,3.11,1.17,6,0.21,0,0,1.28,0.03,1,0.03,0.03,0,0,22,0.76,9.09,4.545,1.28,43.24,0.93,48.15,0.34,30,0.1,0.93,70.37,4.31,42.4,0.48,0.9,0.1,26.93,0.79,1.24,34.93,84.8,9.76,70.32,7.31,95.75,12.17,88.39,30.9,89.84,2.83,46.34,17.87,29.07,0.07,0.9,0,0.07,0.03,0,0.34,4.93,69.93,1.97,38.6,0.38,27.27,0.28,0.66,5.1,71.62,0,NA,0,NA,0,0,0,0,NA,NA,0.1,NA,NA,0.34,0.03,0,1,0,0,"Search results-4.xlsx","COLOMBIA_A",NA,NA,"COL","Colombia","EQU","COL_EQU","Midfield","MIDFIELD_LA_EQUIDAD_J_CASTILLA.png"
"J. Pineda","Águilas Doradas","Águilas Doradas","RB",28,6e+05,NA,36,2599,1,1.48,3,1.88,15.1,55.5,"Colombia","Colombia","derecho",180,70,"no",8,6.82,61.42,68,0.52,0.77,0.07,3.29,4.87,1.45,9,0.31,1,0.03,2.18,0.03,1,0.03,0.05,1,0.03,44,1.52,22.73,2.273,2.18,44.44,0.24,42.86,1.9,43.64,0.17,1.28,62.16,4.29,43.55,0.55,0.83,0.17,27.7,1.07,0.69,40.38,83.28,14.72,76.94,6.75,93.33,14.06,87.44,31.17,89.67,7.1,66.83,21.72,36.44,0.06,0.87,0.07,0,0.1,66.67,0.35,8.38,74.38,2.74,63.29,0.38,54.55,0.9,0.93,9.11,83.65,0,NA,0,NA,0,0,0,0,NA,NA,0.55,NA,NA,0.55,0.31,11.11,0.55,0,0,"2Search results-9.xlsx","COLOMBIA_A",NA,NA,"COL","Colombia","AGD","COL_AGD","Defenders Wingers",NA
"R. Escobar","Envigado","Envigado","GK",34,NA,NA,26,2589,0,0,0,0,1.15,84.85,"Paraguay","Paraguay","derecho",190,91,NA,1.7,0.1,66.67,91.67,0,0,0,1.63,2.12,0.07,6,0.21,0,0,0,0,0,0,0,0,0,0,0,0,0,0,0,0,0,0,0,0,0,0,0.1,66.67,0,0,0,4.87,0.1,0.17,11.19,73.29,7.3,62.38,0,0,3.48,94,5.91,95.88,5.21,48.67,37.97,54.15,0,0,0,0,0,0,0,2.09,43.33,0.28,0,0.03,0,0,0,4.21,62.81,27,0.94,118,4.1,6,77.12,29.57,1.03,2.57,0.089,0,2.5,0.83,NA,NA,NA,0,0,0,"players_2025-09-27.xlsx","COLOMBIA_A",50000,"no","COL","Colombia","ENV","COL_ENV","Goalkeepers",NA
"E. Perlaza","Santa Fe","Santa Fe","RB",36,250000,"2025-12-31",38,2583,1,0.75,3,4.75,10.84,47.91,"Colombia","Colombia","derecho",172,75,"no",4.88,5.71,45.73,31.25,0.38,0.56,0.14,1.88,2.75,1.67,16,0.56,0,0,2.33,0.03,1,0.03,0.03,0,0,15,0.52,20,6.667,4.08,41.88,0.17,20,3.9,42.86,0.24,0.87,56,2.72,57.69,0.63,1.29,0.03,30.77,1.36,0.98,38.33,78.91,12.23,70.37,7.32,95.71,12.54,78.06,28.95,87.73,5.54,57.86,22.08,37.77,0.17,1.46,0.03,0.03,0.1,33.33,0.7,5.64,67.28,4.29,51.22,0.66,36.84,0.63,1.64,9.16,84.41,0,NA,0,NA,0,0,0,0,NA,NA,0.87,NA,NA,0.8,0.03,0,1.88,0,0,"2Search results-9.xlsx","COLOMBIA_A",NA,NA,"COL","Colombia","STF","COL_STF","Defenders Wingers",NA
"J. Arias","Atlético Nacional","Atlético Nacional","RCB",21,0,NA,30,2583,0,1.26,0,0.01,10.98,57.78,"Colombia","Colombia","derecho",184,80,"no",8.22,4.91,72.34,45.45,0.8,1.35,0.28,3.87,6.53,0.49,7,0.24,2,0.07,0.35,0,0,0,0.04,0,0,9,0.31,33.33,0,0.03,0,0,0,0.03,0,0,0.52,46.67,1.71,34.69,0.56,0.56,0.1,31.67,0.73,0.42,45.05,92.81,18.71,87.71,3.41,94.9,19.44,98.03,42.72,94.7,2.3,59.09,19.97,28.4,0,0.03,0,0,0.03,0,0,2.93,83.33,0.07,50,0.03,0,0.03,0,7.42,76.06,0,NA,0,NA,0,0,0,0,NA,NA,2.89,NA,NA,0,0,0,0,0,0,"Search results-4.xlsx","COLOMBIA_A",NA,NA,"COL","Colombia","NAC","COL_NAC","Defenders",NA
"J. Aguirre","Atlético Nacional","Atlético Nacional","RCB",28,NA,"2025-12-31",28,2569,0,0.94,0,0.48,10.16,68.28,"Colombia","Colombia","derecho",185,75,NA,7.71,3.75,77.57,65.22,0.28,0.44,0.74,4.52,7.05,0.91,9,0.32,1,0.04,0.21,0,0,0,0.03,0,0,8,0.28,37.5,0,0.04,0,0,0,0.04,0,0,0.07,100,0.42,50,0.7,0.81,0,22.63,0.6,0.39,32.83,89.33,16.15,83.95,2.8,100,10.69,94.1,29.46,92.63,3.33,61.05,20.29,36.05,0.02,0.14,0,0.07,0.04,100,0.07,4.52,75.19,0.18,40,0.18,20,0.14,0,6.87,84.18,0,NA,0,NA,0,0,0,0,NA,NA,2.28,NA,NA,0,0,0,0,0,0,"players_2025-09-27.xlsx","COLOMBIA_A",850000,"no","COL","Colombia","NAC","COL_NAC","Defenders",NA
"F. Hinestroza","Atlético Bucaramanga","Atlético Bucaramanga","LB",35,NA,"2025-12-31",30,2564,0,0.35,2,0.81,12.04,54.52,"Colombia","Colombia","izquierdo",178,76,NA,6.56,4.56,63.08,62,0.77,1.23,0,2.91,4.64,0.81,10,0.35,0,0,1.16,0,0,0,0.01,0,0,19,0.67,15.79,0,2.39,16.18,2.32,15.15,0.04,0,0.18,1.02,65.52,4.32,47.15,0.28,1.26,0.14,29.8,1.9,0.88,41.07,82.22,15.3,78.21,6.21,92.66,12.67,79.22,35.24,89.54,3.79,50.93,18.58,33.27,0.03,0.53,0,0,0,0,0.14,5.9,73.81,2.18,29.03,0.25,57.14,0.28,0.35,8.07,76.96,0,NA,0,NA,0,0,0,0,NA,NA,0.7,NA,NA,0.14,0.11,33.33,0,0,0,"players_2025-09-27.xlsx","COLOMBIA_A",4e+05,"no","COL","Colombia","BUC","COL_BUC","Defenders Wingers",NA
"G. Fuentes","Fluminense","Fluminense","LB",27,NA,"2028-08-31",26,2557,1,1.68,3,5.42,15.52,54.88,"Colombia","Colombia","izquierdo",180,74,NA,7.71,6.65,68.78,50,0.11,0.17,0.07,3.03,4.8,0.99,7,0.25,0,0,2.43,0.04,1,0.04,0.06,0,0,18,0.63,66.67,5.556,2.57,39.73,2.57,39.73,0,0,0.32,1.76,48,4.86,36.96,1.58,1.23,0.32,28.02,2.01,1.06,38.05,84.09,10.14,77.08,6.16,95.43,14.29,84.48,33.3,88.9,2.25,64.06,18.75,34.2,0.19,0.92,0.04,0,0.32,44.44,0.67,4.05,80,2.78,50.63,0.56,37.5,1.09,0.95,6.9,80.1,0,NA,0,NA,0,0,0,0,NA,NA,0.35,NA,NA,0.39,0.25,71.43,0,0,0,"players_2025-09-27.xlsx","COLOMBIA_A",1800000,"no","COL",NA,NA,NA,"Defenders Wingers",NA
"K. Perez","Tolima","Tolima","AMF",28,650000,NA,42,2552,3,4.8,3,4.54,24.02,43.47,"Colombia","Colombia","derecho",170,69,"no",6.31,6.31,65.36,37.97,0.21,0.31,0.07,1.97,2.87,0.99,9,0.32,1,0.04,3.46,0.11,3,0.11,0.17,0,0,45,1.59,35.56,6.667,1.66,44.68,1.27,47.22,0.32,33.33,0.21,4.48,47.24,13.15,33.51,2.33,2.36,0.32,25.43,1.45,1.2,34.28,82.41,7.72,68.04,8.61,90.16,10.76,83.61,30.72,85.76,1.94,60,16.13,24.77,0.16,1.52,0.11,0.04,0.25,14.29,0.67,2.93,80.72,2.93,59.04,0.42,41.67,1.27,0.78,4.44,74.6,0,NA,0,NA,0,0,0,0,NA,NA,0.14,NA,NA,0.11,0.07,0,0.56,1,0,"Search results-4.xlsx","COLOMBIA_A",NA,NA,"COL","Colombia","TOL","COL_TOL","Attacking Midfield",NA
"J. Ortiz","Medellín","Medellín","CB",26,1e+06,"2026-12-31",28,2541,2,1.81,0,0.3,10.13,62.94,"Colombia","Colombia","derecho",179,70,"no",8.29,4.5,79.53,48.05,0.18,0.28,0.81,4.53,7.26,0.5,6,0.21,0,0,0.07,0.07,2,0.07,0.06,0,0,7,0.25,28.57,28.571,0.07,0,0.04,0,0.04,0,0.04,0,0,0.81,30.43,0.25,0.5,0,23.66,0.28,0.21,36.41,89.79,17.04,82.54,1.28,91.67,14.13,96.74,31.1,94.87,5.24,60.81,21.08,38.82,0.01,0.18,0,0.04,0,0,0.11,3.93,79.28,0.32,44.44,0.32,33.33,0.21,0.04,7.23,76.47,0,NA,0,NA,0,0,0,0,NA,NA,0.74,NA,NA,0.04,0.04,0,0,0,0,"Search results-4.xlsx","COLOMBIA_A",NA,NA,"COL","Colombia","MDL","COL_MDL","Defenders",NA
"J. Rodríguez","Águilas Doradas","Águilas Doradas","RCB",24,250000,NA,28,2538,0,1.72,0,0.66,9.47,60.3,"Colombia","Colombia","derecho",185,75,"no",7.7,3.55,72,60,0.25,0.35,0.78,4.89,6.92,0.74,4,0.14,1,0.04,0.35,0,0,0,0.06,0,0,17,0.6,41.18,0,0,0,0,0,0,0,0,0.11,66.67,0.64,16.67,0.71,0.18,0,19.08,0.39,0.18,29.65,78.95,14.86,67.78,1.52,93.02,11.95,89.91,21.52,88.96,8.12,52.4,27.62,43.67,0.02,0.14,0,0,0.07,50,0.04,4.86,54.74,0.5,42.86,0.28,37.5,0.28,0,7.7,68.66,0,NA,0,NA,0,0,0,0,NA,NA,1.21,NA,NA,0,0,0,0,0,0,"2Search results-9.xlsx","COLOMBIA_A",NA,NA,"COL","Colombia","AGD","COL_AGD","Defenders",NA
"C. Trujillo","Tolima","Tolima","LDMF",27,NA,NA,39,2537,0,1.35,0,0.25,15.11,55.4,"Colombia","Colombia","derecho",174,65,NA,8.94,8.12,68.12,48.33,0.32,0.44,0.35,3.09,4.29,1.7,8,0.28,0,0,0.5,0,0,0,0.05,0,0,14,0.5,28.57,0,0.14,50,0,0,0.14,50,0,0.67,42.11,2.8,31.65,0.5,0.5,0.04,27.1,0.11,0.64,36.26,89.24,11.07,79.49,5.43,98.04,13.34,92.55,34.16,91.38,1.99,53.57,16.13,23.59,0.01,0.25,0,0,0,0,0.11,5,82.27,0.6,41.18,0.28,12.5,0.18,0.07,4.93,72.66,0,NA,0,NA,0,0,0,0,NA,NA,0.43,NA,NA,0,0,0,0,0,0,"players_2025-09-27.xlsx","COLOMBIA_A",550000,"no","COL","Colombia","TOL","COL_TOL","Defensive Midfield",NA
"D. Moreno","Amed SK","Amed SK","CF",30,NA,"2025-06-30",35,2532,17,14.41,1,1.67,21.04,35.3,"Colombia","Colombia","derecho",179,78,NA,3.59,2.52,69.01,32.22,0.11,0.16,0.04,1.74,2.64,0.68,6,0.21,0,0,3.23,0.6,10,0.36,0.51,0,0,94,3.34,37.23,18.085,2.13,26.67,1.03,31.03,1.07,23.33,0.25,2.63,52.7,8.89,31.2,3.2,1.39,0.07,12.12,1.95,0.89,16.32,73.2,2.74,66.23,5.05,86.62,4.98,66.43,13.29,80.75,1.07,66.67,18.14,25.55,0.06,0.64,0,0,0.07,50,0.28,1.46,70.73,1.67,34.04,0.14,50,0.39,0.53,1.81,86.27,1,NA,3,NA,0,66.67,1.26,0.04,NA,NA,0.07,NA,NA,0,0,0,0.04,7,100,"players_2025-09-27.xlsx","COLOMBIA_A",4e+05,"no","COL",NA,NA,NA,"Forwards",NA
"W. Cuesta","Tolima","Tolima","GK",32,NA,NA,26,2529,0,0,0,0.25,0.89,84,"Colombia","Colombia","derecho",195,87,NA,1.57,0.11,33.33,93.33,0.04,0.05,0,1.49,2.21,0.04,4,0.14,0,0,0,0,0,0,0,0,0,0,0,0,0,0,0,0,0,0,0,0,0,0,0.11,66.67,0,0,0,7.69,0.14,0.21,15.02,85.07,9.93,78.85,0,0,4.48,97.62,10.78,95.71,4.23,57.98,30.63,47.58,0.01,0.04,0,0,0,0,0.04,0.96,51.85,0.07,50,0.07,50,0.04,0,4.2,67.8,25,0.89,92,3.27,11,72.83,25.36,0.9,0.36,0.013,0,1.96,0.53,NA,NA,NA,0,0,0,"players_2025-09-27.xlsx","COLOMBIA_A",150000,"no","COL","Colombia","TOL","COL_TOL","Goalkeepers",NA
"J. Barrera","Medellín","Medellín","CF",30,7e+05,NA,31,2526,2,2.84,6,4,15.96,43.53,"Colombia","Colombia","izquierdo",172,75,"no",3.67,3.24,57.14,28.57,0.75,1.16,0.04,1.07,1.66,0.86,7,0.25,1,0.04,2.89,0.07,2,0.07,0.1,1,0.04,56,2,28.57,3.571,2.14,30,0.82,26.09,1.32,32.43,0.14,3.03,49.41,10.23,42.16,1.6,1.43,0.04,36.16,1.67,1.92,46,80.64,16.46,74.24,6.48,91.76,13.93,82.1,35.74,86.44,8.3,67.38,19.17,37.21,0.14,2.07,0.14,0.04,0.39,45.45,0.64,10.58,71.72,4.67,45.04,1.75,34.69,1.64,0.86,9.83,86.59,0,NA,0,NA,0,0,0,0,NA,NA,0.25,NA,NA,2.07,0.25,42.86,2.49,0,0,"Search results-4.xlsx","COLOMBIA_A",NA,NA,"COL","Colombia","MDL","COL_MDL","Forwards",NA
"E. Mena","Medellín","Medellín","RB",27,450000,"2026-12-31",32,2516,1,1.66,4,4.04,14.24,50.5,"Colombia","Colombia","derecho",178,63,"no",5.15,4.54,67.72,44.29,0.07,0.11,0.04,2,3.18,0.64,2,0.07,0,0,3.33,0.04,1,0.04,0.06,0,0,26,0.93,34.62,3.846,3.86,38.89,0.43,41.67,3.43,38.54,0.43,2.4,62.69,5.79,41.36,2.07,1.97,0.61,23.93,2.47,0.5,32.19,80,8.16,74.12,6.62,94.59,10.59,77.7,26.43,87.28,2,62.5,17.99,22.56,0.14,1.43,0,0,0.04,0,0.86,2.93,75.61,3.68,50.49,0.07,0,0.97,1.4,5.97,76.65,0,NA,0,NA,0,0,0,0,NA,NA,0.36,NA,NA,0,0,0,0.04,0,0,"2Search results-9.xlsx","COLOMBIA_A",NA,NA,"COL","Colombia","MDL","COL_MDL","Defenders Wingers",NA
"E. López","Santa Fe","Santa Fe","CF",30,5e+05,NA,40,2514,1,1.87,3,1.57,16.65,43.23,"Colombia","Colombia","derecho",179,77,"no",6.09,4.3,62.5,44.86,0.04,0.06,0.18,3.37,5.21,0.5,8,0.29,0,0,1.9,0.04,1,0.04,0.07,0,0,25,0.89,40,4,2.11,27.12,1.07,30,1.04,24.14,0.11,2.36,40.91,6.8,32.11,1.79,2.15,0.25,15.75,2.22,0.93,23.16,75.43,5.91,68.48,5.01,90,7.27,72.91,20.16,82.24,1.18,39.39,17.67,21.09,0.06,0.79,0,0.04,0.04,0,0.29,1.9,67.92,1.83,43.14,0.18,0,0.61,0.61,3.4,66.32,0,NA,0,NA,0,0,0,0,NA,NA,0.18,NA,NA,0.04,0,0,0.07,0,0,"2Search results-9.xlsx","COLOMBIA_A",NA,NA,"COL","Colombia","STF","COL_STF","Forwards",NA
"B. Léon","Medellín","Medellín","CF",24,0,NA,32,2512,9,12.68,3,1.79,19.74,36.48,"Colombia","Colombia","derecho",175,68,"no",3.05,3.98,49.55,26.67,0.04,0.06,0.04,1.04,1.87,2.04,18,0.64,2,0.07,3.08,0.32,9,0.32,0.45,1,0.04,87,3.12,39.08,10.345,0.93,46.15,0.36,40,0.54,46.67,0,2.29,57.81,8.03,35.27,3.83,1.11,0.14,12.83,2.29,1.29,15.76,71.14,2.83,58.23,3.51,84.69,4.98,67.63,13.97,73.85,0.93,57.69,14.87,13.91,0.06,0.86,0.07,0,0.18,60,0.36,1.18,66.67,2.15,51.67,0.43,41.67,1.15,0.36,1.61,84.44,0,NA,0,NA,0,0,0,0,NA,NA,0,NA,NA,0,0,0,0,0,0,"Search results-4.xlsx","COLOMBIA_A",NA,NA,"COL","Colombia","MDL","COL_MDL","Forwards",NA
"K. Londoño","Boyacá Chicó","Boyacá Chicó","LCMF",25,0,NA,32,2501,0,2.35,0,0.57,9.28,49.22,"Colombia","Colombia","derecho",180,71,"no",6.44,4.03,51.79,54.9,0.14,0.2,0.32,4.21,5.91,0.94,7,0.25,0,0,0.54,0,0,0,0.08,0,0,26,0.94,11.54,0,0.68,15.79,0.22,16.67,0.47,15.38,0.07,0.47,69.23,2.48,44.93,0.58,0.4,0,28.5,0.22,0.65,40.38,84.85,14.07,77.49,4.25,95.76,15.51,88.63,35.05,89.22,4.68,61.54,19.06,33.97,0.02,0.65,0.04,0,0.04,0,0.18,8.67,78.01,1.04,44.83,0.25,85.71,0.5,0.14,7.31,82.27,0,NA,0,NA,0,0,0,0,NA,NA,0.47,NA,NA,0,0,0,0.14,0,0,"2Search results-9.xlsx","COLOMBIA_A",NA,NA,"COL","Colombia","BYC","COL_BYC","Midfield",NA
"E. Velasco","Deportivo Pereira","Deportivo Pereira","LB",33,NA,NA,28,2498,1,1.21,0,0.89,14.16,51.65,"Colombia","Colombia","izquierdo",179,75,NA,6.85,5.19,67.36,54.22,0.18,0.25,0.11,3.17,4.42,1.15,6,0.22,2,0.07,1.19,0.04,1,0.04,0.04,1,0.04,9,0.32,44.44,11.111,1.95,27.78,1.95,27.78,0,0,0.07,1.19,42.42,4.07,33.63,1.04,1.15,0.22,20.68,1.12,0.72,30.19,79.83,12.14,73,4.79,92.48,9.19,80.39,25.18,88.27,3.21,42.7,18.93,36.68,0.03,0.43,0,0,0,0,0.14,4.11,69.3,1.48,46.34,0.29,37.5,0.22,0.54,5.87,71.78,0,NA,0,NA,0,0,0,0,NA,NA,0.86,NA,NA,0,0,0,0,0,0,"players_2025-09-27.xlsx","COLOMBIA_A",3e+05,"no","COL","Colombia","PER","COL_PER","Defenders Wingers",NA
"B. Urueña","Llaneros","Llaneros","LW",32,3e+05,NA,31,2498,2,1.5,5,3.94,12.47,40.46,"Colombia","Colombia","derecho",175,77,"no",3.06,2.38,54.55,17.39,0.18,0.26,0.04,1.59,2.3,0.32,2,0.07,0,0,2.95,0.07,2,0.07,0.05,0,0,20,0.72,40,10,4.04,32.14,2.23,35.48,1.66,26.09,0.58,2.59,50,7.89,40.64,0.76,2.2,0.29,32.5,2.85,1.51,41.65,76.82,12.93,68.25,6.38,93.22,15.6,75.52,30.41,86.49,7.28,60.89,20.97,36.12,0.14,1.84,0,0,0.29,25,0.47,8.39,68.24,5.87,39.26,1.41,33.33,1.3,1.37,9.94,85.87,0,NA,0,NA,0,0,0,0,NA,NA,0.25,NA,NA,1.73,0.18,40,3.31,1,0,"Search results-4.xlsx","COLOMBIA_A",NA,NA,"COL","Colombia","LNR","COL_LNR","Wingers",NA
"A. Gutiérrez","Atlético Bucaramanga","Atlético Bucaramanga","RB",27,450000,NA,29,2484,0,0.22,1,1.32,14.24,50.89,"Colombia","Colombia","derecho",175,70,"no",9.75,7.97,61.36,48.98,0.76,1.13,0.25,4.09,6.06,1.96,8,0.29,0,0,1.81,0,0,0,0.01,0,0,7,0.25,14.29,0,2.9,41.25,0.04,0,2.83,42.31,0.4,0.87,66.67,2.64,35.62,0.69,0.91,0.04,28.55,1.85,0.43,38.33,76.94,16.23,68.08,3.26,93.33,13.12,83.15,29.75,84.9,5.91,53.37,21.13,37.6,0.05,0.65,0.04,0,0.04,0,0.22,6.34,68,3.41,44.68,0.47,23.08,0.58,1.01,9.06,74,0,NA,0,NA,0,0,0,0,NA,NA,0.18,NA,NA,0,0,0,0,0,0,"2Search results-9.xlsx","COLOMBIA_A",NA,NA,"COL","Colombia","BUC","COL_BUC","Defenders Wingers",NA
"J. Balanta","Fortaleza","Fortaleza","LCB",27,150000,NA,28,2475,1,0.24,0,0.06,10.25,57.09,"Colombia","Colombia","derecho",0,0,"no",6.29,3.49,68.75,52.17,0.07,0.11,0.55,3.82,5.8,0.84,7,0.25,1,0.04,0.44,0.04,1,0.04,0.01,1,0.04,2,0.07,50,50,0,0,0,0,0,0,0,0.55,73.33,2.62,54.17,0.22,1.02,0.07,21.02,0.33,1.16,32.65,91.43,11.85,85.28,2.69,93.24,14.36,96.46,30.47,93.56,2.18,61.67,19.74,27.68,0,0.11,0,0,0,0,0,2.95,76.54,0.11,33.33,0.07,0,0.07,0,5.09,70.71,0,NA,0,NA,0,0,0,0,NA,NA,1.93,NA,NA,0,0,0,0,0,0,"Search results-4.xlsx","COLOMBIA_A",NA,NA,"COL","Colombia","FOZ","COL_FOZ","Defenders",NA
"I. Scarpeta","Santa Fe","Santa Fe","LCB",29,4e+05,NA,38,2470,2,2.96,1,0.62,10.75,63.73,"Colombia","Colombia","derecho",180,76,"no",7.98,4.41,77.69,57.01,0.22,0.32,0.66,4.34,6.43,0.77,5,0.18,1,0.04,0.58,0.07,2,0.07,0.11,2,0.07,19,0.69,36.84,10.526,0.29,75,0.07,100,0.22,66.67,0,0.18,60,0.77,61.9,0.87,0.55,0,22.15,0.36,0.36,36.73,84.42,17.96,75.25,1.35,97.3,14.94,94.63,29.51,91.6,6.96,54.45,23.35,32.29,0.02,0.33,0.07,0,0.04,0,0.11,5.76,65.19,0.84,39.13,0.22,66.67,0.29,0.18,7.69,71.56,0,NA,0,NA,0,0,0,0,NA,NA,0.69,NA,NA,0,0,0,0,0,0,"2Search results-9.xlsx","COLOMBIA_A",NA,NA,"COL","Colombia","STF","COL_STF","Defenders",NA
"Y. Candelo","América de Cali","América de Cali","RB",33,NA,"2026-06-30",30,2460,0,1.7,3,4.19,11.63,52.83,"Colombia","Colombia","derecho",173,70,NA,6.84,5.23,74.83,40.54,0,0,0.18,2.93,4.55,0.44,2,0.07,0,0,2.67,0,0,0,0.06,0,0,21,0.77,14.29,0,4.98,36.03,0,0,4.98,36.03,0.59,1.43,48.72,3.77,31.07,1.35,0.73,0.07,30.4,3.99,0.37,40.9,74.6,14.74,66.75,7.06,94.3,12.29,73.81,30.62,83.39,5.67,58.06,21.27,36.56,0.15,1.72,0.04,0.04,0.15,50,0.7,5.82,63.52,5.2,44.37,0.88,58.33,0.99,1.57,9.11,77.11,0,NA,0,NA,0,0,0,0,NA,NA,0.66,NA,NA,0.88,0.07,50,1.32,0,0,"players_2025-09-27.xlsx","COLOMBIA_A",6e+05,"no","COL","Colombia","AME","COL_AME","Defenders Wingers",NA
"C. Bacca","Junior","Junior","CF",38,NA,NA,37,2454,10,9.66,3,1.6,6.56,39.11,"Colombia","Colombia","derecho",181,77,NA,1.69,0.92,60,48.21,0.04,0.06,0.04,1.1,1.69,0.29,3,0.11,0,0,1.21,0.37,7,0.26,0.35,4,0.15,46,1.69,47.83,21.739,0.26,42.86,0.18,60,0.07,0,0.04,0.81,27.27,2.42,28.79,2.27,0.29,0,8.55,0.77,0.18,11,75.67,2.13,50,2.97,91.36,3.85,72.38,10.38,77.03,0.37,60,15.96,8.85,0.06,0.62,0,0,0.26,28.57,0.37,1.06,55.17,1.25,52.94,0.22,33.33,0.81,0.11,1.06,75.86,0,NA,0,NA,0,0,0,0,NA,NA,0,NA,NA,0.04,0.04,100,0,4,75,"players_2025-09-27.xlsx","COLOMBIA_A",4e+05,"no","COL","Colombia","JNR","COL_JNR","Forwards",NA
"S. Aguilar","Deportivo Pereira","Deportivo Pereira","RCB",27,0,NA,27,2451,1,0.47,1,0.2,10.98,62.88,"Colombia","Colombia",NA,0,0,"no",7.64,4.7,74.22,63.04,0.29,0.43,0.51,3.86,5.6,0.66,3,0.11,0,0,0.4,0.04,1,0.04,0.02,1,0.04,6,0.22,33.33,16.667,0.51,42.86,0.11,66.67,0.37,40,0.07,0.18,60,0.99,37.04,0.62,0.59,0.07,18.18,0.4,0.22,29.82,80.91,14.43,70.48,1.58,97.67,11.09,90.4,24.01,88.69,5.32,48.97,23.5,44.55,0.01,0.15,0,0,0,0,0.11,5.25,65.03,0.92,24,0.84,39.13,0.15,0.22,7.09,71.5,0,NA,0,NA,0,0,0,0,NA,NA,1.14,NA,NA,0.04,0,0,0,0,0,"2Search results-9.xlsx","COLOMBIA_A",NA,NA,"COL","Colombia","PER","COL_PER","Defenders",NA
"F. Jaramillo","Deportivo Pasto","Deportivo Pasto","RCMF",29,NA,NA,28,2445,0,0.35,0,0.5,12.22,54.22,"Colombia","Colombia","derecho",185,80,NA,8.06,6.74,59.56,40.91,0.29,0.36,0.48,3.75,4.55,1.88,10,0.37,1,0.04,0.44,0,0,0,0.01,0,0,16,0.59,18.75,0,0.29,0,0.04,0,0.26,0,0.11,0.37,70,2.02,54.55,0.11,0.52,0,26.39,0.15,0.92,36.77,85.99,11.3,72.64,5.82,96.84,14.02,91.08,32.72,89.99,3.79,57.28,18.97,36.26,0.02,0.33,0,0,0.18,40,0.04,5.6,68.42,0.59,18.75,0.48,53.85,0.11,0.04,5.85,73.58,0,NA,0,NA,0,0,0,0,NA,NA,0.55,NA,NA,0.07,0.04,0,0,0,0,"players_2025-09-27.xlsx","COLOMBIA_A",350000,"no","COL","Colombia","PAS","COL_PAS","Midfield",NA
"M. García","Medellín","Medellín","RWB",26,NA,NA,37,2439,4,4.98,2,3.24,16.38,42.12,"Colombia","Colombia","derecho",180,66,NA,4.61,3.91,59.43,38.32,0,0,0.11,2.29,3.81,0.96,4,0.15,0,0,1.96,0.15,4,0.15,0.18,1,0.04,35,1.29,28.57,11.429,2.25,31.15,0.22,16.67,1.99,31.48,0.22,1.99,42.59,6.31,38.01,3.76,1.18,0,18.71,3.1,0.96,24.46,76.17,5.46,58.11,7.08,90.1,6.64,80.56,20.7,83.07,1.59,46.51,17.24,19.58,0.12,1.11,0.11,0.04,0.11,33.33,0.52,1.92,59.62,1.96,49.06,0.22,33.33,1,0.66,3.39,75,0,NA,0,NA,0,0,0,0,NA,NA,0.07,NA,NA,0.04,0.04,0,0.04,0,0,"players_2025-09-27.xlsx","COLOMBIA_A",9e+05,"no","COL","Colombia","MDL","COL_MDL","Defenders Wingers",NA
"C. Arrieta","Tolima","Tolima","DMF",29,NA,NA,37,2434,1,0.44,0,0.91,13.39,54.7,"Colombia","Colombia","derecho",171,75,NA,6.62,4.62,64,60.78,0.07,0.11,0.04,3.59,5.11,0.74,9,0.33,0,0,1.26,0.04,1,0.04,0.02,0,0,6,0.22,50,16.667,0.63,35.29,0.22,16.67,0.37,40,0.07,1.22,66.67,5.55,48,0.44,0.96,0.18,26.33,0.55,1.11,38.79,88.18,12.68,79.59,5.95,97.52,12.57,91.76,35.72,91.3,2.44,56.06,15.96,23.55,0.03,0.63,0,0.04,0.11,100,0.11,6.1,76.97,1.07,65.52,0.3,87.5,0.55,0.22,6.18,79.04,0,NA,0,NA,0,0,0,0,NA,NA,0.33,NA,NA,0,0,0,0.04,0,0,"players_2025-09-27.xlsx","COLOMBIA_A",450000,"si","COL","Colombia","TOL","COL_TOL","Defensive Midfield",NA
"F. Meza","Llaneros","Llaneros","LCB",34,3e+05,NA,25,2423,1,1.34,1,1.36,9.14,64.23,"Colombia","Colombia","derecho",184,79,"no",7.99,3.94,77.36,51.81,0.97,1.37,0.63,3.97,5.62,0.71,2,0.07,0,0,0.22,0.04,1,0.04,0.05,0,0,6,0.22,50,16.667,0.07,100,0.04,100,0.04,100,0,0.04,100,0.3,37.5,0.67,1.11,0,23.03,0.33,0.45,36.18,86.86,15.45,78.85,2.53,91.18,14.52,94.63,31.28,91.69,4.83,55.38,20.55,34.26,0.05,0.3,0,0,0,0,0.19,3.27,75,0.26,57.14,0.07,100,0.37,0.07,6.65,59.22,0,NA,0,NA,0,0,0,0,NA,NA,1.82,NA,NA,0.04,0,0,0,0,0,"2Search results-9.xlsx","COLOMBIA_A",NA,NA,"COL","Colombia","LNR","COL_LNR","Defenders",NA
"E. Beltran","La Equidad","La Equidad","GK",25,250000,NA,24,2423,0,0,0,0,0.85,86.96,"Colombia","Colombia",NA,0,0,"no",1.19,0.04,0,100,0,0,0,1.19,1.5,0.04,1,0.04,0,0,0,0,0,0,0,0,0,0,0,0,0,0,0,0,0,0,0,0,0,0,0.22,83.33,0,0,0,7.28,0.19,0.26,13.3,86.31,7.21,76.29,0.04,0,5.39,100,7.84,98.58,5.42,69.18,30.96,44.48,0,0,0,0,0,0,0,0.71,52.63,0.07,0,0.04,0,0,0,3.57,69.79,32,1.19,113,4.2,6,71.68,32.65,1.21,0.65,0.024,0,1.56,0.48,NA,NA,NA,0,0,0,"Search results-4.xlsx","COLOMBIA_A",NA,NA,"COL","Colombia","EQU","COL_EQU","Goalkeepers","GOALKEEPERS_LA_EQUIDAD_E_BELTRAN.png"
"D. Ruiz","Millonarios","Millonarios","RAMF",24,NA,"2027-06-30",38,2418,4,5.67,4,4.73,16.15,45.39,"Colombia","Colombia","izquierdo",171,69,NA,5.84,4.69,58.73,23.53,0.52,0.81,0,2.57,4.01,0.19,6,0.22,0,0,3.91,0.15,3,0.11,0.21,0,0,75,2.79,36,5.333,2.72,35.62,1.53,41.46,1.19,28.13,0.22,3.98,43.93,9.71,41,1.6,1.94,0.19,34.88,1.56,1.27,42.25,78.33,12.92,67.44,7.26,90.26,14.48,80.98,33.91,84.41,5.77,61.29,19,33.96,0.18,1.9,0,0.04,0.63,29.41,0.6,8.49,72.81,4.69,50.79,1.49,27.5,1.6,1.04,8.3,81.61,0,NA,0,NA,0,0,0,0,NA,NA,0,NA,NA,1.53,0.33,33.33,2.94,2,50,"players_2025-09-27.xlsx","COLOMBIA_A",2e+06,"no","COL","Colombia","MIL","COL_MIL","Attacking Midfield",NA
"C. Cándido","Atlético Nacional","Atlético Nacional","LB",30,0,NA,27,2415,0,0.67,2,1.97,11.7,46.18,"Uruguay","Uruguay, Italy","izquierdo",174,65,"si",8.68,6.3,56.8,40.54,0.34,0.61,0.11,4.77,8.71,0.56,5,0.19,1,0.04,1.9,0,0,0,0.02,0,0,11,0.41,18.18,0,3.09,38.55,2.98,38.75,0.07,0,0.3,0.97,46.15,2.8,28,1.12,0.41,0.04,27.24,1.9,0.15,37.64,80.4,11.52,71.52,6.97,96.26,12.3,79.39,29.59,88.29,5.11,60.58,19.39,32.06,0.07,0.93,0.04,0.07,0.22,83.33,0.41,5.48,65.31,3.73,48,0.67,55.56,0.86,1.04,7.71,80.68,0,NA,0,NA,0,0,0,0,NA,NA,0.86,NA,NA,0.52,0.04,0,0.22,0,0,"Search results-4.xlsx","COLOMBIA_A",NA,NA,"COL","Colombia","NAC","COL_NAC","Defenders Wingers",NA
"É. Balanta","América de Cali","América de Cali","LDMF",32,NA,"2026-06-30",29,2414,1,0.76,1,0.35,16.37,55.13,"Colombia","Colombia","izquierdo",180,84,NA,8.28,7.05,60.85,58.06,0.19,0.28,0.26,3.8,5.8,1.9,11,0.41,0,0,0.89,0.04,1,0.04,0.03,0,0,10,0.37,50,10,0.3,37.5,0.19,20,0.11,66.67,0,0.78,76.19,4.03,43.52,0.3,0.41,0.07,24.64,0.26,0.93,37.66,87.62,12.12,74.77,3.95,98.11,16.85,92.92,32.7,92.59,4.66,56,20,35.64,0.01,0.26,0.04,0,0,0,0.15,5.78,70.97,0.93,40,0.41,45.45,0.26,0.11,5.89,75.95,0,NA,0,NA,0,0,0,0,NA,NA,0.63,NA,NA,0,0,0,0,0,0,"players_2025-09-27.xlsx","COLOMBIA_A",1200000,"no","COL","Colombia","AME","COL_AME","Defensive Midfield",NA
"D. Mosquera","Unión Magdalena","Unión Magdalena","LB",33,450000,NA,31,2413,0,0.73,0,0.62,14.96,61.35,"Colombia","Colombia","izquierdo",178,72,"no",11.56,7.46,69.5,51.35,1.16,1.54,0.37,5.22,6.97,1.34,6,0.22,0,0,1.42,0,0,0,0.03,0,0,10,0.37,20,0,1.27,44.12,1.27,44.12,0,0,0.15,1.01,74.07,2.83,61.84,0.56,0.67,0.04,19.77,1.23,0.67,30.81,78.45,13.13,70.17,4.7,91.27,8.58,83.48,25.77,85.96,3.88,37.5,20.02,33.84,0.02,0.22,0,0,0.04,100,0.11,3.66,67.35,1.45,43.59,0.37,30,0.22,0.56,7.65,60.49,0,NA,0,NA,0,0,0,0,NA,NA,0.41,NA,NA,0,0,0,0,0,0,"2Search results-9.xlsx","COLOMBIA_A",NA,NA,"COL","Colombia","UMG","COL_UMG","Defenders Wingers",NA
"J. Gamboa","Envigado","Envigado","RCB",24,0,NA,24,2413,0,0.97,0,0.16,9.44,61.66,"Colombia","Colombia",NA,0,0,"no",8.32,3.69,71.72,55.36,0,0,0.82,5.67,7.92,0.56,8,0.3,0,0,0.15,0,0,0,0.04,0,0,9,0.34,33.33,0,0,0,0,0,0,0,0,0.07,50,0.45,33.33,0.6,0.37,0,16.45,0.15,0.15,27.26,78.93,13.99,65.6,1.12,100,9.92,93.98,21.26,88.95,6,43.48,25.42,42.32,0.01,0.07,0,0,0,0,0.04,3.43,54.35,0.48,15.38,0.34,44.44,0.19,0,6,60.87,0,NA,0,NA,0,0,0,0,NA,NA,0.75,NA,NA,0,0,0,0,0,0,"Search results-4.xlsx","COLOMBIA_A",NA,NA,"COL","Colombia","ENV","COL_ENV","Defenders",NA
"W. Morelo","Águilas Doradas","Águilas Doradas","CF",38,NA,NA,32,2412,6,6.7,0,0.71,15.9,34.51,"Colombia","Colombia","derecho",171,68,NA,1.57,1.79,52.08,31.71,0.07,0.1,0.07,0.56,0.76,0.82,6,0.22,0,0,1.38,0.22,6,0.22,0.25,1,0.04,29,1.08,44.83,20.69,0.15,25,0.07,0,0.07,50,0.04,1.79,45.83,8.1,32.26,2.24,0.97,0.11,12.84,1.9,1.64,17.39,82.62,2.65,61.97,6.16,91.52,5.22,86.43,16.31,83.52,0.93,76,15.04,18.09,0.03,0.49,0.04,0,0.11,33.33,0.11,1.42,65.79,0.63,47.06,0.11,0,0.52,0.04,0.9,75,0,NA,0,NA,0,0,0,0,NA,NA,0.04,NA,NA,0,0,0,0,1,0,"players_2025-09-27.xlsx","COLOMBIA_A",2e+05,"no","COL","Colombia","AGD","COL_AGD","Forwards",NA
"Á. Angulo","Independiente","Independiente","LB",27,NA,NA,30,2394,5,1.11,2,1.04,12.89,58.6,"Colombia","Colombia","izquierdo",175,72,NA,7.67,4.55,71.9,61.11,0.71,1.05,0.11,3.68,5.41,0.64,8,0.3,1,0.04,1.62,0.19,5,0.19,0.04,0,0,32,1.2,31.25,15.625,1.69,31.11,1.69,31.11,0,0,0,1.2,50,3.65,42.27,0.98,0.94,0.26,19.25,1.88,0.45,28.12,80.35,10.23,72.43,5.11,94.12,7.82,81.25,24.47,86.48,2.11,42.86,20.25,34.16,0.04,0.53,0,0.04,0.15,75,0.23,3.2,77.65,1.5,42.5,0.23,50,0.19,0.53,6.17,64.63,0,NA,0,NA,0,0,0,0,NA,NA,0.6,NA,NA,0.04,0,0,0,0,0,"players_2025-09-27.xlsx","COLOMBIA_A",9e+05,"no","COL",NA,NA,NA,"Defenders Wingers",NA
"M. Rangel","Llaneros","Llaneros","CF",34,2e+05,NA,38,2376,7,6.31,2,0.96,16.82,30.86,"Colombia","Colombia","derecho",188,77,"no",1.97,1.17,51.61,34.48,0.11,0.17,0.11,1.25,1.88,0.68,2,0.08,0,0,1.1,0.27,7,0.27,0.24,2,0.08,44,1.67,34.09,15.909,0.19,40,0.08,100,0.11,0,0,0.72,42.11,6.1,26.09,2.61,0.04,0,9.43,1.4,0.57,14.85,73.98,2.92,59.74,4.32,84.21,4.51,72.27,13.86,75.68,0.8,52.38,16.19,16.77,0.04,0.57,0,0.04,0.23,66.67,0.15,1.97,55.77,0.72,42.11,0.23,66.67,0.49,0.08,1.36,66.67,0,NA,0,NA,0,0,0,0,NA,NA,0.04,NA,NA,0,0,0,0.04,0,0,"2Search results-9.xlsx","COLOMBIA_A",NA,NA,"COL","Colombia","LNR","COL_LNR","Forwards",NA
"B. Medina","América de Cali","América de Cali","LCB",23,NA,"2030-06-30",24,2366,0,2.79,0,0.28,13.62,68.99,"Colombia","Colombia","unknown",0,0,NA,9.09,6.31,72.29,72.62,0.11,0.18,0.65,4.41,6.81,1.26,7,0.27,0,0,0.53,0,0,0,0.11,0,0,18,0.68,22.22,0,0.11,0,0.08,0,0.04,0,0.04,0.65,58.82,1.75,56.52,0.91,1.33,0,22.67,0.87,0.11,34.62,85.49,16.28,77.34,2.4,95.24,12.74,93.13,29.86,91.08,4.64,51.64,21.93,41.55,0.01,0.27,0,0.04,0.04,0,0.08,5.9,70.97,0.76,20,0.42,18.18,0.23,0,8.86,74.25,0,NA,0,NA,0,0,0,0,NA,NA,1.18,NA,NA,0,0,0,0,0,0,"players_2025-09-27.xlsx","COLOMBIA_A",0,"no","COL","Colombia","AME","COL_AME","Defenders",NA
"B. Medina","Tondela","Tondela","LCB",23,0,NA,24,2366,0,2.79,0,0.28,13.62,68.99,"Colombia","Colombia","unknown",0,0,"no",9.09,6.31,72.29,72.62,0.11,0.18,0.65,4.41,6.81,1.26,7,0.27,0,0,0.53,0,0,0,0.11,0,0,18,0.68,22.22,0,0.11,0,0.08,0,0.04,0,0.04,0.65,58.82,1.75,56.52,0.91,1.33,0,22.67,0.87,0.11,34.62,85.49,16.28,77.34,2.4,95.24,12.74,93.13,29.86,91.08,4.64,51.64,21.93,41.55,0.01,0.27,0,0.04,0.04,0,0.08,5.9,70.97,0.76,20,0.42,18.18,0.23,0,8.86,74.25,0,NA,0,NA,0,0,0,0,NA,NA,1.18,NA,NA,0,0,0,0,0,0,"2Search results-9.xlsx","COLOMBIA_A",NA,NA,"COL",NA,NA,NA,"Defenders",NA
"L. Saldaña","Alianza","Alianza","LB",35,NA,NA,24,2348,0,0.77,1,2.16,10.23,56.93,"Colombia","Colombia","izquierdo",171,66,NA,6.82,5.02,63.36,38.89,0.27,0.38,0.15,3.37,4.8,0.8,4,0.15,1,0.04,1.34,0,0,0,0.03,0,0,15,0.57,26.67,0,2.3,41.67,2.26,42.37,0.04,0,0.15,0.38,50,1.95,64.71,0.5,1.26,0.11,21.04,1.26,0.96,28.82,79.12,12.61,74.16,3.14,93.9,9.05,81.36,22.5,87.22,4.18,55.05,20.72,36.34,0.08,0.77,0,0,0.15,25,0.19,4.71,67.48,2.22,53.45,0.5,46.15,0.57,0.8,8.36,76.61,0,NA,0,NA,0,0,0,0,NA,NA,0.23,NA,NA,0.61,0.11,0,0.15,0,0,"players_2025-09-27.xlsx","COLOMBIA_A",3e+05,"no","COL","Colombia","ALV","COL_ALV","Defenders Wingers",NA
"S. Mosquera","Millonarios","Millonarios","RCB",31,4e+05,NA,27,2348,0,0.5,0,0.13,8.74,59.65,"Colombia","Colombia","derecho",185,77,"no",6.63,3.37,70.45,57.41,0.15,0.23,0.38,4.1,6.03,0.73,10,0.38,2,0.08,0.27,0,0,0,0.02,0,0,14,0.54,14.29,0,0.19,40,0,0,0.19,40,0,0.23,50,1.19,41.94,0.23,0.27,0.04,20.32,0.23,0.27,32.54,84.22,16.44,76.46,1.42,97.3,12.53,92.97,27.37,91.32,4.98,46.92,22.82,42.72,0.01,0.08,0,0,0,0,0.04,4.37,63.16,0.38,30,0.19,60,0.11,0.08,7.86,69.27,0,NA,0,NA,0,0,0,0,NA,NA,1.11,NA,NA,0.11,0.11,0,0,0,0,"2Search results-9.xlsx","COLOMBIA_A",NA,NA,"COL","Colombia","MIL","COL_MIL","Defenders",NA
"O. Albornoz","Deportivo Pereira","Deportivo Pereira","LB",29,350000,NA,36,2341,4,1.93,1,2.69,12.46,52.78,"Colombia","Colombia","izquierdo",183,79,"no",4.88,4.04,66.67,44.44,0.12,0.17,0,2.08,3.13,0.42,5,0.19,0,0,2.96,0.15,4,0.15,0.07,0,0,31,1.19,35.48,12.903,3.27,23.53,2.84,24.32,0.42,18.18,0.35,2.81,60.27,5.96,49.68,1.46,2,0.23,22.49,1.46,0.81,30.41,76.74,9.96,69.88,4.77,92.74,10.26,75.28,24.3,87.82,3.04,41.77,18.42,26.68,0.1,1,0.04,0.04,0.08,100,0.31,3.46,71.11,3.04,37.97,0.31,75,0.65,0.73,5.54,78.47,0,NA,0,NA,0,0,0,0,NA,NA,0.04,NA,NA,0.5,0.08,0,1.27,0,0,"2Search results-9.xlsx","COLOMBIA_A",NA,NA,"COL","Colombia","PER","COL_PER","Defenders Wingers",NA
"B. Garcés","Envigado","Envigado","CF",32,4e+05,NA,38,2340,5,5.09,2,0.81,10.69,34.17,"Colombia","Colombia","derecho",174,70,"no",2.08,2.5,56.92,20,0,0,0.04,0.65,0.88,1,3,0.12,1,0.04,0.77,0.19,5,0.19,0.2,0,0,41,1.58,26.83,12.195,0.5,15.38,0.31,12.5,0.19,20,0.04,0.96,28,4.5,28.21,2.27,0.58,0.12,7.88,1.62,0.81,10.73,78.14,2.46,68.75,3.38,94.32,2.38,72.58,9.77,81.5,0.5,69.23,16.11,9.94,0.03,0.23,0,0,0.15,0,0.12,1.31,70.59,0.69,44.44,0.15,0,0.5,0.08,1.19,74.19,0,NA,0,NA,0,0,0,0,NA,NA,0.15,NA,NA,0.12,0.04,0,0.04,1,0,"Search results-4.xlsx","COLOMBIA_A",NA,NA,"COL","Colombia","ENV","COL_ENV","Forwards",NA
"J. Caballero","Águilas Doradas","Águilas Doradas","LAMF",27,5e+05,NA,34,2323,4,4.16,3,3.51,14.3,44.99,"Colombia","Colombia","derecho",185,72,"no",5.62,4.03,61.54,37.5,0.15,0.21,0.23,2.98,4.11,0.54,2,0.08,0,0,2.56,0.15,4,0.15,0.16,0,0,34,1.32,44.12,11.765,2.25,31.03,0.89,34.78,1.28,30.3,0.23,1.98,58.82,6.7,39.31,1.82,2.21,0.31,23.48,2.01,1.2,32,78.33,7.79,65.67,7.52,91.75,10.11,74.71,26.58,85.57,3.29,51.76,19.03,33.25,0.14,1.28,0,0,0.12,100,0.31,3.95,68.63,2.71,45.71,0.5,53.85,1.16,0.62,5.39,76.26,0,NA,0,NA,0,0,0,0,NA,NA,0.12,NA,NA,0.66,0,0,1.43,0,0,"Search results-4.xlsx","COLOMBIA_A",NA,NA,"COL","Colombia","AGD","COL_AGD","Attacking Midfield",NA
"N. Uribe","Envigado","Envigado","RB",21,0,NA,26,2321,0,0.13,1,1,14.5,47.06,"Colombia","Colombia","unknown",172,65,"no",8.49,7.21,53.23,31.58,0.47,0.6,0.27,4.19,5.36,1.43,10,0.39,0,0,1.51,0,0,0,0.01,0,0,8,0.31,12.5,0,1.36,40,0.04,100,1.28,36.36,0.08,1.59,53.66,4.11,48.11,0.43,1.16,0.16,15.39,0.58,0.81,24.31,72.57,10.47,54.07,3.64,93.62,6.86,85.88,18.92,84.02,4.11,29.25,23.02,40.88,0.04,0.47,0,0,0.12,66.67,0.27,4.34,48.21,1.86,39.58,0.74,21.05,0.23,0.54,5.23,60.74,0,NA,0,NA,0,0,0,0,NA,NA,0.85,NA,NA,0,0,0,0,0,0,"Search results-4.xlsx","COLOMBIA_A",NA,NA,"COL","Colombia","ENV","COL_ENV","Defenders Wingers",NA
"B. Castrillón","Junior","Junior","LAMF",26,0,NA,43,2314,7,4.66,7,5.39,12.33,44.79,"Colombia","Colombia","derecho",173,67,"no",3.66,3.07,64.56,31.58,0.16,0.25,0.08,1.52,2.46,0.47,4,0.16,1,0.04,3.19,0.27,7,0.27,0.18,1,0.04,55,2.14,38.18,12.727,2.84,27.4,2.1,33.33,0.74,10.53,0.39,3.69,40,7.31,40.96,3.34,2.29,0.39,23.73,1.63,1.13,29.13,78.5,7.7,71.21,5.91,94.74,9.14,77.02,24.89,86.09,1.59,48.78,17.11,20.32,0.21,1.52,0,0.08,0.19,60,0.58,3.07,77.22,2.88,43.24,0.31,25,1.09,0.78,4.67,80,0,NA,0,NA,0,0,0,0,NA,NA,0.08,NA,NA,0.7,0.04,100,1.71,0,0,"2Search results-9.xlsx","COLOMBIA_A",NA,NA,"COL","Colombia","JNR","COL_JNR","Attacking Midfield",NA
"D. Victoria","Millonarios","Millonarios","LDMF",24,NA,NA,30,2312,2,1.88,1,0.8,13.86,46.91,"Colombia","Colombia","derecho",176,68,NA,7.59,6.19,57.86,44.64,0.08,0.12,0.23,3.93,5.91,1.52,11,0.43,0,0,0.97,0.08,2,0.08,0.07,1,0.04,23,0.9,34.78,8.696,0.51,23.08,0.04,0,0.43,18.18,0.04,0.97,56,3.66,42.55,0.62,0.93,0.04,29.9,0.43,0.78,40.06,85.42,11.64,71.24,5.06,96.92,16.39,91.21,36.83,89.22,2.72,45.71,18.49,32.25,0.03,0.66,0,0,0.04,0,0.12,7.05,71.82,1.25,34.38,0.31,25,0.39,0.16,5.06,70.77,0,NA,0,NA,0,0,0,0,NA,NA,0.82,NA,NA,0.04,0,0,0,0,0,"players_2025-09-27.xlsx","COLOMBIA_A",0,"no","COL","Colombia","MIL","COL_MIL","Defensive Midfield",NA
"F. Cantillo","Unión Magdalena","Unión Magdalena","RCMF",28,4e+05,NA,24,2302,3,0.73,0,1.12,11.06,44.52,"Colombia","Colombia","derecho",184,79,"no",5.55,4.61,55.08,43.18,0.2,0.26,0.23,2.81,3.73,1.29,6,0.23,1,0.04,0.82,0.12,3,0.12,0.03,0,0,18,0.7,38.89,16.667,0.66,23.53,0.12,0,0.51,23.08,0.08,0.7,55.56,2.93,29.33,0.66,1.6,0.23,25.8,0.78,0.55,34.76,82.23,12,68.73,5.32,94.12,12.24,90.73,30.61,88.12,3.52,41.11,18.79,35.53,0.04,0.63,0.08,0.04,0.08,0,0.08,7.19,73.37,1.17,36.67,0.31,25,0.27,0.2,5.43,75.54,0,NA,0,NA,0,0,0,0,NA,NA,0.35,NA,NA,0,0,0,0,0,0,"Search results-4.xlsx","COLOMBIA_A",NA,NA,"COL","Colombia","UMG","COL_UMG","Midfield",NA
"J. González","Tolima","Tolima","RAMF",24,1200000,NA,41,2301,5,5.02,2,1.89,18.38,41.91,"Colombia","Colombia","derecho",172,67,"si",6.3,4.97,66.14,29.73,0.59,0.83,0.12,2.43,3.44,1.02,4,0.16,0,0,2.54,0.2,5,0.2,0.2,0,0,36,1.41,36.11,13.889,2.11,33.33,0.08,0,2.03,34.62,0.04,2.74,48.57,9.78,35.6,3.13,2.31,0.59,16.54,1.88,1.84,20.26,78.57,3.79,63.92,6.41,95.12,5.63,74.31,17.72,84.11,0.51,69.23,15.62,9.15,0.07,0.78,0.04,0.04,0,0,0.43,1.17,60,1.76,51.11,0,0,0.78,0.59,2.19,75,0,NA,0,NA,0,0,0,0,NA,NA,0.12,NA,NA,0,0,0,0,0,0,"2Search results-9.xlsx","COLOMBIA_A",NA,NA,"COL","Colombia","TOL","COL_TOL","Attacking Midfield",NA
"J. Mosquera","Newell's Old Boys","Newell's Old Boys","RWB",25,NA,"2026-12-31",30,2294,1,0.82,2,2.26,11.22,54.2,"Colombia","Colombia","derecho",175,72,NA,6.24,4.39,67.86,50,0.35,0.55,0.16,2.9,4.56,0.82,4,0.16,2,0.08,1.1,0.04,1,0.04,0.03,0,0,7,0.27,42.86,14.286,1.29,57.58,0,0,1.29,57.58,0.16,0.47,50,3.06,38.46,1.22,1.14,0.12,26.6,2,0.63,35,86.66,11.1,81.63,5.73,95.21,11.1,88.34,31.35,89.49,2.39,65.57,16.75,28.22,0.09,0.71,0,0,0,0,0.27,4.63,81.36,1.61,53.66,0.16,75,0.9,0.59,6.32,79.5,0,NA,0,NA,0,0,0,0,NA,NA,0.55,NA,NA,0,0,0,0,0,0,"players_2025-09-27.xlsx","COLOMBIA_A",275000,"no","COL",NA,NA,NA,"Defenders Wingers",NA
"S. Mayo","La Equidad","La Equidad","RW",22,0,NA,29,2292,3,2.85,1,3.63,16.18,43.93,"Colombia","Colombia",NA,0,0,"no",5.73,6.16,53.5,56,0.12,0.15,0.04,2.32,2.97,1.37,6,0.24,0,0,1.77,0.12,3,0.12,0.11,0,0,25,0.98,24,12,1.49,42.11,0.39,40,1.1,42.86,0.16,1.96,44,7.07,33.89,0.86,1.61,0.51,19.67,0.9,1.1,28.15,78.1,8.29,61.14,4.63,91.53,9.7,84.62,24.35,81.94,2.4,60.66,17.59,26.55,0.14,1.3,0.04,0.08,0.16,25,0.27,4.55,66.38,1.81,58.7,0.31,25,0.55,0.67,4.71,73.33,0,NA,0,NA,0,0,0,0,NA,NA,0.08,NA,NA,0.94,0.16,0,1.37,0,0,"Search results-4.xlsx","COLOMBIA_A",NA,NA,"COL","Colombia","EQU","COL_EQU","Wingers","WINGERS_LA_EQUIDAD_S_MAYO.png"
"D. Chávez","Atlético Bucaramanga","Atlético Bucaramanga","RCMF",27,NA,NA,36,2287,3,2.78,0,2.15,13.26,48.07,"Argentina","Argentina","derecho",180,71,NA,6.34,6.1,56.77,22.58,0.98,1.52,0.16,1.89,2.92,1.3,4,0.16,0,0,1.53,0.12,2,0.08,0.11,0,0,33,1.3,36.36,9.091,1.18,33.33,0.59,33.33,0.59,33.33,0.12,0.83,61.9,4.37,45.05,1.02,0.94,0.04,33.88,0.63,0.91,45.26,85.65,16.29,76.33,6.93,97.16,15.07,89.03,38.61,91.44,5.55,56.03,19.06,33.75,0.08,1.22,0.08,0,0.35,44.44,0.31,10.07,77.34,2.75,44.29,1.42,38.89,0.91,0.39,9.13,87.07,0,NA,0,NA,0,0,0,0,NA,NA,0.28,NA,NA,0.71,0.2,60,2.01,1,100,"players_2025-09-27.xlsx","COLOMBIA_A",5e+05,"no","COL","Colombia","BUC","COL_BUC","Midfield",NA
"W. Fariñez","Águilas Doradas","Águilas Doradas","GK",27,7e+05,"2025-12-31",23,2287,0,0,0,0,0.94,83.33,"Venezuela","Venezuela","derecho",180,77,"no",1.77,0.16,75,91.67,0,0,0,1.65,2.26,0,1,0.04,0,0,0,0,0,0,0,0,0,0,0,0,0,0,0,0,0,0,0,0,0.04,0,0.28,71.43,0,0,0,4.96,0.08,0.24,11.49,78.42,6.85,66.09,0,0,4.33,96.36,6.89,97.14,4.6,50.43,34.67,52.99,0,0,0,0,0,0,0,1.22,41.94,0.2,0,0.12,0,0.04,0,3.15,70,26,1.02,93,3.66,8,72.04,24.31,0.96,-1.69,-0.067,0,1.61,0.47,NA,NA,NA,0,0,0,"Search results-4.xlsx","COLOMBIA_A",NA,NA,"COL","Colombia","AGD","COL_AGD","Goalkeepers",NA
"J. Monroy","Deportivo Pereira","Deportivo Pereira","RB",29,4e+05,"2026-06-30",39,2284,0,0.58,4,3.13,9.85,48.8,"Colombia","Colombia, Armenia","derecho",185,80,"si",5.32,3.82,63.92,50,0.24,0.37,0.08,2.64,4.11,0.59,5,0.2,0,0,2.32,0,0,0,0.02,0,0,9,0.35,44.44,0,3.39,36.05,0,0,3.39,36.05,0.47,1.54,58.97,3.43,34.48,1.22,1.58,0.35,19.27,1.34,0.12,28.77,75.89,10.88,70.29,3.47,95.45,9.34,75.53,22.03,86.05,3.74,47.37,19.48,31.16,0.12,1.02,0,0.08,0.08,50,0.47,4.1,72.12,2.88,49.32,0.24,33.33,0.95,1.14,6.94,76.14,0,NA,0,NA,0,0,0,0,NA,NA,0.35,NA,NA,0,0,0,0.08,0,0,"Search results-4.xlsx","COLOMBIA_A",NA,NA,"COL","Colombia","PER","COL_PER","Defenders Wingers",NA
"F. Sambueza","Atlético Bucaramanga","Atlético Bucaramanga","AMF",37,350000,"2026-12-31",28,2277,2,2.77,7,8.02,20.43,41.97,"Argentina","Argentina","derecho",169,65,"no",4.94,4.58,57.76,31.43,0.55,0.86,0.04,1.74,2.7,1.42,10,0.4,0,0,1.98,0.08,1,0.04,0.11,0,0,37,1.46,37.84,5.405,1.82,15.22,0.79,15,0.99,16,0.16,1.9,47.92,12.33,41.99,1.26,3.12,0.32,26.05,1.19,3,35.26,77.35,11.62,69.73,6.28,91.82,10.12,76.56,30.63,82.71,2.92,59.46,16.1,32.37,0.32,2.25,0.2,0,0.43,54.55,0.59,5.53,76.43,4.35,40,1.03,38.46,1.74,0.2,5.49,85.61,0,NA,0,NA,0,0,0,0,NA,NA,0.08,NA,NA,2.37,0.32,25,2.85,1,100,"2Search results-9.xlsx","COLOMBIA_A",NA,NA,"COL","Colombia","BUC","COL_BUC","Attacking Midfield",NA
"D. Asprilla","Atlético Nacional","Atlético Nacional","RAMF",33,NA,"2026-06-30",43,2265,6,5.35,3,0.98,17.68,42.25,"Colombia","Colombia","derecho",180,75,NA,4.65,4.33,55.96,52.75,0.12,0.19,0.04,2.11,3.38,1.43,5,0.2,1,0.04,1.55,0.24,6,0.24,0.21,1,0.04,36,1.43,41.67,16.667,1.15,10.34,0.04,0,1.11,10.71,0.28,1.87,40.43,7.83,29.44,2.07,1.07,0.24,17.05,2.07,1.07,21.85,76.18,5.28,63.91,5.64,94.37,5.92,79.19,19.87,80,0.91,69.57,16.69,19.85,0.04,0.48,0.04,0.04,0.08,100,0.2,2.03,84.31,1.07,44.44,0.08,100,0.56,0.2,2.78,74.29,0,NA,0,NA,0,0,0,0,NA,NA,0.04,NA,NA,0,0,0,0.04,1,0,"players_2025-09-27.xlsx","COLOMBIA_A",1200000,"no","COL","Colombia","NAC","COL_NAC","Attacking Midfield",NA
"J. García","Alianza","Alianza","RCB",36,2e+05,"2025-12-31",24,2259,1,0.86,1,0.02,9.56,63.75,"Colombia","Colombia","derecho",186,75,"no",6.89,3.23,70.37,57.55,0.04,0.06,0.76,4.58,6.41,0.32,4,0.16,1,0.04,0.28,0.04,1,0.04,0.03,0,0,11,0.44,36.36,9.091,0.04,100,0,0,0.04,100,0,0.12,66.67,0.92,60.87,0.52,0.36,0,19.36,0.2,0.6,29.04,88.48,10.44,74.81,2.19,94.55,13.27,96.7,25.14,92.55,3.86,61.86,20.39,35.01,0,0.04,0,0,0,0,0,2.51,58.73,0.2,40,0.08,0,0.04,0.04,4.46,66.96,0,NA,0,NA,0,0,0,0,NA,NA,1.39,NA,NA,0,0,0,0,0,0,"2Search results-9.xlsx","COLOMBIA_A",NA,NA,"COL","Colombia","ALV","COL_ALV","Defenders",NA
"D. Bocanegra","América de Cali","América de Cali","RCB",38,NA,NA,26,2237,0,1.09,0,0.1,10.3,62.89,"Colombia","Colombia","derecho",182,76,NA,8.17,4.87,69.42,57.83,0,0,0.44,4.79,7.07,0.93,5,0.2,0,0,0.44,0,0,0,0.04,0,0,13,0.52,23.08,0,0.28,57.14,0.04,100,0.24,50,0,0.12,100,0.89,50,0.36,0.68,0.04,28.36,0.72,0.4,41.6,88.49,16.29,78.52,2.82,97.14,19.71,95.1,33.15,94.3,8.25,65.85,21.98,37.24,0,0.08,0,0,0.04,100,0,6.24,70.97,0.68,35.29,0.76,26.32,0.12,0.12,8.21,79.41,0,NA,0,NA,0,0,0,0,NA,NA,1.93,NA,NA,0.28,0.24,33.33,0,0,0,"players_2025-09-27.xlsx","COLOMBIA_A",50000,"no","COL","Colombia","AME","COL_AME","Defenders",NA
"Y. González","Águilas Doradas","Águilas Doradas","CF",31,5e+05,NA,27,2237,10,7.65,1,2.29,22.45,44.44,"Colombia","Colombia","derecho",184,81,"no",3.58,3.18,60.76,47.78,0.12,0.17,0.12,1.53,2.11,0.97,1,0.04,0,0,3.34,0.4,7,0.28,0.31,3,0.12,57,2.29,45.61,17.544,2.21,14.55,1.29,18.75,0.93,8.7,0.16,3.98,48.48,13.48,40.3,3.46,2.82,0.4,17.46,2.09,2.41,22.93,75.96,6.2,70.78,5.47,94.85,6.64,68.48,20,83.1,0.93,56.52,17.94,25.24,0.09,0.6,0,0.04,0.04,100,0.16,2.29,78.95,1.89,42.55,0.12,33.33,0.8,0.4,1.89,78.72,0,NA,0,NA,0,0,0,0,NA,NA,0,NA,NA,0,0,0,0,4,75,"Search results-4.xlsx","COLOMBIA_A",NA,NA,"COL","Colombia","AGD","COL_AGD","Forwards",NA
"R. Holgado","América de Cali","América de Cali","CF",30,8e+05,"2026-12-31",34,2230,7,9.02,4,2.55,21.47,35.53,"Argentina","Argentina","derecho",179,79,"no",4.48,3.39,61.9,34.83,0.52,0.82,0.12,1.86,2.91,0.93,4,0.16,1,0.04,1.82,0.28,7,0.28,0.36,2,0.08,48,1.94,27.08,14.583,0.57,35.71,0.16,25,0.32,37.5,0.12,2.06,49.02,10.65,29.55,3.63,0.24,0,13.08,1.49,1.05,19.61,77.98,3.96,70.41,5.13,87.4,5.41,70.9,18.24,80.53,0.85,47.62,14.54,14.32,0.1,1.17,0,0.04,0.08,100,0.57,1.94,64.58,1.05,34.62,0.2,20,0.69,0.2,1.45,83.33,0,NA,0,NA,0,0,0,0,NA,NA,0,NA,NA,0,0,0,0,0,0,"Search results-4.xlsx","COLOMBIA_A",NA,NA,"COL","Colombia","AME","COL_AME","Forwards",NA
"J. Caldera","Deportivo Cali","Deportivo Cali","LCB",23,NA,"2025-12-31",26,2229,3,1.99,0,0.32,12.19,62.25,"Colombia","Colombia","derecho",185,77,NA,8.24,5.53,67.15,63.46,0.52,0.76,0.69,4,5.78,1.01,7,0.28,0,0,0.4,0.12,3,0.12,0.08,2,0.08,21,0.85,28.57,14.286,0.08,50,0.04,100,0.04,0,0,0.12,100,0.89,59.09,1.05,0.48,0,18.53,0.28,0.44,29.52,82.49,15.02,72.85,1.13,92.86,10.7,94.34,23.9,88.34,5.53,57.66,22.33,37.11,0.01,0.12,0.04,0,0,0,0,3.76,65.59,0.48,41.67,0.44,27.27,0.2,0.04,6.94,64.53,0,NA,0,NA,0,0,0,0,NA,NA,0.65,NA,NA,0.04,0,0,0,0,0,"players_2025-09-27.xlsx","COLOMBIA_A",250000,"no","COL","Colombia","CAL","COL_CAL","Defenders",NA
"J. Figueroa","Alianza","Alianza","RCB",29,NA,"2027-12-31",28,2211,1,0.98,0,0.69,11.72,61.11,"Colombia","Colombia","derecho",180,75,NA,7.33,3.26,73.75,61.03,0.04,0.06,0.49,4.88,6.96,0.45,0,0,0,0,0.41,0.04,1,0.04,0.04,0,0,11,0.45,45.45,9.091,0.33,25,0,0,0.33,25,0.04,0.2,60,1.42,42.86,0.65,0.24,0,19.82,0.24,0.41,32.89,81.31,15.35,69.76,1.95,93.75,12.37,93.09,27.23,88.79,5.37,46.21,21.67,36.07,0.03,0.04,0.04,0,0,0,0,4.19,53.4,0.94,17.39,0.53,7.69,0.16,0.04,6.35,64.74,0,NA,0,NA,0,0,0,0,NA,NA,0.85,NA,NA,0,0,0,0,0,0,"players_2025-09-27.xlsx","COLOMBIA_A",350000,"no","COL","Colombia","ALV","COL_ALV","Defenders",NA
"Y. Abonía","La Equidad","La Equidad","RB",25,0,NA,25,2202,0,0.47,0,1.19,11.49,53.02,"Colombia","Colombia","derecho",170,0,"no",7.11,5.07,70.97,41.67,0.33,0.42,0.25,3.19,4.07,0.69,5,0.2,0,0,2.29,0,0,0,0.02,0,0,11,0.45,18.18,0,2.9,39.44,0.08,0,2.82,40.58,0.25,1.76,60.47,3.64,43.82,1.06,1.59,0.74,18.43,2.13,0.65,25.46,76.4,8.38,67.8,4.58,91.96,6.91,75.74,20.31,84.91,2.37,48.28,20.14,30.19,0.05,0.53,0.08,0,0,0,0.37,3.19,70.51,2.08,54.9,0.2,40,0.29,1.06,5.19,72.44,0,NA,0,NA,0,0,0,0,NA,NA,0.53,NA,NA,0,0,0,0,0,0,"2Search results-9.xlsx","COLOMBIA_A",NA,NA,"COL","Colombia","EQU","COL_EQU","Defenders Wingers","DEFENDERS_WINGERS_LA_EQUIDAD_Y_ABONÍA.png"
"J. Fory","Medellín","Medellín","LB",22,NA,NA,25,2199,0,0.28,1,1.34,12.97,58.36,"Colombia","Colombia","izquierdo",187,81,NA,7.29,4.87,57.14,68.04,0.16,0.27,0.12,4.34,7.04,1.19,7,0.29,0,0,1.8,0,0,0,0.01,0,0,7,0.29,28.57,0,2.41,37.29,2.41,37.29,0,0,0.2,0.98,83.33,2.74,49.25,1.02,0.98,0.08,23.7,2.09,0.49,33.52,83.03,9.82,75.42,4.95,95.04,13.18,85.4,28.61,89.56,2.74,50.75,19.24,33.56,0.05,0.61,0.08,0.04,0.08,0,0.2,3.72,72.53,1.68,31.71,0.08,50,0.12,0.86,6.88,73.81,0,NA,0,NA,0,0,0,0,NA,NA,0.29,NA,NA,0.04,0,0,0,0,0,"players_2025-09-27.xlsx","COLOMBIA_A",8e+05,"si","COL","Colombia","MDL","COL_MDL","Defenders Wingers",NA
"C. Henao","Atlético Bucaramanga","Atlético Bucaramanga","LCB",36,150000,"2025-12-31",26,2199,2,1.87,0,0.08,10.11,67.61,"Colombia","Colombia","izquierdo",187,85,"no",7.2,3.89,74.74,63.46,0.16,0.25,0.29,4.13,6.35,1.02,8,0.33,0,0,0.53,0.08,2,0.08,0.08,1,0.04,27,1.11,33.33,7.407,0.16,75,0.08,50,0.08,100,0,0,0,0.65,56.25,0.45,0.16,0,21.98,1.15,0.57,31.92,81.67,14.82,70.17,1.68,92.68,13.06,91.85,24.97,91.97,6.83,44.31,26.25,44.53,0,0.08,0,0.04,0.04,100,0.08,5.48,50,0.45,36.36,0.33,50,0.12,0.04,6.67,73.62,0,NA,0,NA,0,0,0,0,NA,NA,1.15,NA,NA,0.61,0.53,46.15,0,0,0,"Search results-4.xlsx","COLOMBIA_A",NA,NA,"COL","Colombia","BUC","COL_BUC","Defenders",NA
"J. Colorado","La Equidad","La Equidad","RCMF",25,350000,NA,29,2191,1,1.78,0,0.3,13.64,49.4,"Colombia","Colombia","derecho",180,72,"no",7.15,6.04,61.9,30.3,0.53,0.76,0.45,2.88,4.1,1.52,11,0.45,2,0.08,0.99,0.04,1,0.04,0.07,0,0,11,0.45,27.27,9.091,0.25,66.67,0,0,0.25,66.67,0.04,1.15,53.57,4.6,42.86,0.9,0.49,0,25.92,0.53,1.11,35.9,86.27,10.84,76.89,4.72,92.17,13.39,90.49,33.31,87.79,2.38,65.52,17.27,26.99,0.01,0.41,0.04,0,0.12,66.67,0.04,5.3,80.62,0.74,61.11,0.21,60,0.66,0.16,5.46,75.19,0,NA,0,NA,0,0,0,0,NA,NA,0.21,NA,NA,0,0,0,0,0,0,"Search results-4.xlsx","COLOMBIA_A",NA,NA,"COL","Colombia","EQU","COL_EQU","Midfield","MIDFIELD_LA_EQUIDAD_J_COLORADO.png"
"F. Fydriszewski","Medellín","Medellín","CF",32,1200000,"2026-12-31",31,2189,9,8.57,1,1.53,18.17,39.59,"Argentina","Argentina, Poland","ambidiestro",185,83,"no",2.84,2.88,54.29,43.93,0.08,0.14,0.04,1.19,2.03,1.15,10,0.41,0,0,1.6,0.37,7,0.29,0.35,4,0.16,62,2.55,43.55,14.516,0.25,0,0.08,0,0.16,0,0,0.66,56.25,4.97,33.06,3.04,0.16,0.04,11.68,2.34,1.19,15.58,75.99,2.75,62.69,3.74,86.81,4.65,77.88,14.64,78.37,0.7,52.94,13.51,10.22,0.06,0.86,0,0,0.21,60,0.49,1.56,55.26,0.99,50,0.25,50,0.7,0,1.56,71.05,0,NA,0,NA,0,0,0,0,NA,NA,0,NA,NA,0,0,0,0.04,2,100,"2Search results-9.xlsx","COLOMBIA_A",NA,NA,"COL","Colombia","MDL","COL_MDL","Forwards",NA
"E. Chaux","Medellín","Medellín","GK",33,350000,NA,22,2183,0,0,0,0,0.58,78.57,"Colombia","Colombia","derecho",189,79,"no",1.11,0.04,0,100,0,0,0,1.11,1.78,0.04,4,0.16,0,0,0,0,0,0,0,0,0,0,0,0,0,0,0,0,0,0,0,0,0,0,0.08,100,0,0,0,7.75,0.33,0.12,13.69,85.24,7.63,76.22,0,0,5.36,98.46,9.19,97.76,4.41,60.75,32.28,42.83,0,0,0,0,0,0,0,1.15,57.14,0.08,0,0,0,0,0,3.5,65.88,20,0.82,71,2.93,8,71.83,19.16,0.79,-0.84,-0.035,0,1.36,0.33,NA,NA,NA,0,0,0,"Search results-4.xlsx","COLOMBIA_A",NA,NA,"COL","Colombia","MDL","COL_MDL","Goalkeepers",NA
"O. Vanegas","Unión Magdalena","Unión Magdalena","RCB",29,NA,NA,23,2154,1,1.67,0,0.02,9.03,65.28,"Colombia","Colombia","derecho",185,74,NA,7.02,4.3,76.7,63.49,0.08,0.11,0.54,3.64,4.76,0.75,7,0.29,0,0,0.21,0.04,1,0.04,0.07,1,0.04,10,0.42,40,10,0.08,0,0,0,0.08,0,0,0.04,100,0.67,37.5,0.38,0.25,0,17.8,0.13,0.21,27.95,82.66,11.91,70.53,2.01,93.75,11.62,92.81,22.86,90.31,5.01,49.17,23.07,39.18,0,0.04,0,0,0,0,0,1.8,48.84,0.25,16.67,0.08,50,0,0,5.14,49.59,0,NA,0,NA,0,0,0,0,NA,NA,1.3,NA,NA,0.08,0.08,0,0,1,0,"players_2025-09-27.xlsx","COLOMBIA_A",4e+05,"no","COL","Colombia","UMG","COL_UMG","Defenders",NA
"J. Muñoz","Alianza","Alianza","LW",23,0,NA,34,2149,2,2.91,0,1.46,20.9,50.1,"Colombia","Colombia","derecho",172,66,"no",5.4,5.32,60.63,33.33,0.08,0.12,0.21,2.09,3.03,0.67,4,0.17,1,0.04,3.31,0.08,2,0.08,0.12,0,0,33,1.38,39.39,6.061,1.68,32.5,1.01,37.5,0.63,26.67,0.34,3.6,61.63,11.68,49.46,1.8,1.76,0.29,12.77,1.47,2.68,20.73,82.02,4.19,72,4.56,92.66,6.78,80.86,18.55,87.58,0.5,41.67,15.87,7.96,0.06,0.67,0.04,0,0.04,0,0.25,1.51,80.56,1.68,45,0,0,0.54,0.59,2.6,67.74,0,NA,0,NA,0,0,0,0,NA,NA,0,NA,NA,0,0,0,0.08,0,0,"2Search results-9.xlsx","COLOMBIA_A",NA,NA,"COL","Colombia","ALV","COL_ALV","Wingers",NA
"L. Castro","Millonarios","Millonarios","CF",33,NA,"2025-12-31",26,2146,14,10.84,0,1.08,13.46,35.83,"Colombia","Colombia","derecho",180,80,NA,2.6,1.89,48.89,33.33,0.38,0.57,0.04,1.3,1.96,0.8,6,0.25,1,0.04,2.77,0.59,11,0.46,0.45,4,0.17,56,2.35,55.36,25,0.67,25,0.25,33.33,0.38,22.22,0.04,2.1,58,6.58,37.58,2.52,0.67,0.17,12.71,1.17,1.26,16.99,70.62,4.15,57.58,3.77,87.78,5.24,70.4,15.22,73.55,1.13,55.56,15.95,20.82,0.05,0.46,0.04,0.04,0.25,33.33,0.21,2.01,64.58,1.43,35.29,0.46,18.18,0.63,0.13,2.05,75.51,0,NA,0,NA,0,0,0,0,NA,NA,0,NA,NA,0.08,0.08,50,0,4,75,"players_2025-09-27.xlsx","COLOMBIA_A",1200000,"no","COL","Colombia","MIL","COL_MIL","Forwards",NA
"G. Cuervo","Envigado","Envigado","RB",24,0,NA,29,2129,1,0.69,1,0.89,16.57,49.49,"Colombia","Colombia","derecho",170,63,"no",8.71,7.69,58.24,45.16,0.55,0.76,0.17,3.68,5.06,1.52,10,0.42,1,0.04,1.52,0.04,1,0.04,0.03,0,0,15,0.63,26.67,6.667,1.56,35.14,0,0,1.56,35.14,0.21,1.86,43.18,4.61,37.61,0.47,1.27,0.21,17.08,1.23,0.8,25.32,73.62,11.08,62.21,3.8,88.89,6.55,81.29,19.83,84.01,4.06,36.46,18.58,30.45,0.04,0.38,0,0,0.04,0,0.3,4.06,60.42,2.37,46.43,0.34,37.5,0.55,0.59,6.3,61.74,0,NA,0,NA,0,0,0,0,NA,NA,0.34,NA,NA,0.13,0,0,0.08,0,0,"2Search results-9.xlsx","COLOMBIA_A",NA,NA,"COL","Colombia","ENV","COL_ENV","Defenders Wingers",NA
"L. Berrío","Medellín","Medellín","AMF",27,450000,NA,35,2125,6,4.74,5,4.37,13.81,44.17,"Colombia","Colombia","derecho",172,68,"no",4.36,4.96,52.99,43.9,0.3,0.52,0.13,1.44,2.52,1.86,10,0.42,1,0.04,2.41,0.25,5,0.21,0.2,0,0,60,2.54,35,10,1.82,34.88,0.21,60,1.57,29.73,0.21,1.61,52.63,4.62,33.94,2.84,1.48,0.17,28.8,1.27,1.06,34.98,81.84,7.71,70.33,7.79,93.48,12.49,83.39,30.88,86.69,2.5,52.54,17.57,31.98,0.19,1.69,0.04,0.04,0.08,50,0.68,4.24,74,2.5,59.32,0.34,50,1.52,0.42,4.45,84.76,0,NA,0,NA,0,0,0,0,NA,NA,0.13,NA,NA,0.72,0.21,40,2.84,1,100,"Search results-4.xlsx","COLOMBIA_A",NA,NA,"COL","Colombia","MDL","COL_MDL","Attacking Midfield",NA
"E. Torres","Alianza","Alianza","RAMF",27,0,"2025-12-30",34,2115,2,1.37,4,3.57,17.91,41.33,"Colombia","Colombia","derecho",183,80,"no",5.36,4.98,59.83,36.99,0.13,0.19,0.17,2.26,3.34,1.45,7,0.3,0,0,3.49,0.09,2,0.09,0.06,1,0.04,33,1.4,45.45,6.061,6.04,23.94,0.51,33.33,5.53,23.08,1.02,2.89,48.53,7.57,33.15,2.81,1.45,0.17,15.11,3.53,0.77,21.7,61.96,3.53,55.42,4.21,90.91,9.36,54.55,14.77,78.96,1.19,35.71,21.58,22.16,0.15,1.32,0,0.04,0.04,0,0.51,1.53,52.78,4.38,25.24,0.17,25,0.26,1.45,3.02,74.65,0,NA,0,NA,0,0,0,0,NA,NA,0,NA,NA,1.02,0.38,22.22,1.36,0,0,"2Search results-9.xlsx","COLOMBIA_A",NA,NA,"COL","Colombia","ALV","COL_ALV","Attacking Midfield",NA
"J. Ampudia","Boyacá Chicó","Boyacá Chicó","RB",25,250000,NA,22,2109,0,0.08,1,0.76,12.38,51.38,"Colombia","Colombia","derecho",175,0,"no",5.25,5.12,53.33,43.18,0.09,0.13,0.21,2.43,3.62,1.07,2,0.09,0,0,0.98,0,0,0,0,0,0,5,0.21,40,0,1.45,41.18,0,0,1.45,41.18,0.13,0.64,46.67,4.01,50,0.17,0.81,0,21.76,1.41,1.71,29.32,84.43,13.95,80.43,3.58,97.62,7.47,82.29,24.32,91.4,3.63,52.94,18.36,31.77,0.03,0.26,0.04,0,0,0,0.13,5.46,72.66,1.41,48.48,0.21,0,0.21,0.68,6.7,85.35,0,NA,0,NA,0,0,0,0,NA,NA,0.55,NA,NA,0,0,0,0,0,0,"Search results-4.xlsx","COLOMBIA_A",NA,NA,"COL","Colombia","BYC","COL_BYC","Defenders Wingers",NA
"J. Córdoba","Instituto","Instituto","RAMF",25,NA,NA,39,2108,6,4.53,3,2.36,19.26,43.68,"Colombia","Colombia","derecho",183,77,NA,4.87,5.46,59.38,33.96,0.17,0.25,0,1.45,2.15,1.2,3,0.13,0,0,3.76,0.26,6,0.26,0.19,1,0.04,36,1.54,44.44,16.667,3.07,27.78,0.13,33.33,2.95,27.54,0.21,3.67,58.14,9.61,40.44,3.37,2.39,0.43,15.75,2.26,1.11,20.02,72.49,3.89,63.74,4.7,94.55,6.75,65.82,16.39,82.29,0.68,31.25,18.32,11.09,0.1,0.68,0,0,0.21,40,0.6,1.37,68.75,2.31,40.74,0.21,20,0.68,0.73,2.95,71.01,0,NA,0,NA,0,0,0,0,NA,NA,0.13,NA,NA,0,0,0,0,0,0,"players_2025-09-27.xlsx","COLOMBIA_A",7e+05,"si","COL",NA,NA,NA,"Attacking Midfield",NA
"P. Ceppelini","Alianza Lima","Alianza Lima","AMF",33,NA,NA,36,2108,1,1.81,6,5.21,12.34,40.48,"Uruguay","Uruguay, Italy","derecho",176,68,NA,4.14,5.25,47.97,20.69,0.21,0.34,0,1.41,2.21,0.81,4,0.17,0,0,2.22,0.04,1,0.04,0.08,0,0,28,1.2,35.71,3.571,1.96,47.83,0.73,47.06,1.24,48.28,0.26,0.98,34.78,4.35,42.16,1.07,0.85,0.04,36.46,1.49,1.2,45.98,84.77,13.75,75.78,8.67,95.07,17.29,85.43,39.11,89.63,4.95,60.34,19.37,27,0.22,2.56,0.04,0.04,0.94,54.55,0.51,10.25,76.67,3.76,62.5,1.54,44.44,1.62,0.9,9.48,86.94,0,NA,0,NA,0,0,0,0,NA,NA,0.13,NA,NA,2.18,0.47,27.27,4.06,0,0,"players_2025-09-27.xlsx","COLOMBIA_A",5e+05,"no","COL",NA,NA,NA,"Attacking Midfield",NA
"L. Sánchez","Once Caldas","Once Caldas","AMF",25,350000,"2025-12-31",27,2107,2,3.3,1,1.44,17.98,46.79,"Colombia","Colombia","derecho",173,63,"si",5.98,3.84,61.11,30,0.51,0.8,0.13,3.12,4.89,0.73,2,0.09,0,0,3.25,0.09,2,0.09,0.14,1,0.04,40,1.71,35,5,1.11,26.92,0.38,44.44,0.6,14.29,0.21,3.63,58.82,10.51,46.34,1.67,2.14,0.13,31.57,1.07,2.48,39.72,82.9,11.92,72.4,7.82,93.99,11.36,84.96,35.79,87.11,2.9,50,17.3,37.86,0.06,0.9,0,0.04,0.6,35.71,0.17,6.75,78.48,2.73,42.19,0.94,31.82,1.32,0.3,6.15,84.72,0,NA,0,NA,0,0,0,0,NA,NA,0.51,NA,NA,0.38,0.17,0,0.94,0,0,"Search results-4.xlsx","COLOMBIA_A",NA,NA,"COL","Colombia","ONC","COL_ONC","Attacking Midfield",NA
"S. Rodríguez","Junior","Junior","CF",26,450000,"2027-06-30",48,2105,13,14.07,0,0.61,15.56,36.26,"Colombia","Colombia","derecho",177,72,"no",2.22,2.22,51.92,39.56,0.04,0.07,0.13,1.03,1.78,0.9,2,0.09,2,0.09,2.05,0.56,8,0.34,0.6,0,0,61,2.61,37.7,21.311,0.38,11.11,0.09,0,0.3,14.29,0,2.31,42.59,7.44,31.61,3.29,0.98,0.04,10.9,1.8,1.37,14.28,79.64,2.44,63.16,4.36,92.16,4.4,76.7,12.91,83.11,0.98,60.87,16.57,14.85,0.03,0.43,0,0,0.17,25,0.04,1.24,55.17,0.9,42.86,0.17,0,0.64,0,1.28,60,0,NA,0,NA,0,0,0,0,NA,NA,0,NA,NA,0.04,0.04,0,0.04,6,83.333,"2Search results-9.xlsx","COLOMBIA_A",NA,NA,"COL","Colombia","JNR","COL_JNR","Forwards",NA
"F. Torijano","Medellín","Medellín","CB",36,NA,"2025-12-31",27,2099,1,0.9,0,0.01,11.62,67.16,"Colombia","Colombia","derecho",182,73,NA,8.02,4.03,80.85,67.29,0.09,0.13,0.51,4.67,7.23,0.26,1,0.04,0,0,0.17,0.04,1,0.04,0.04,1,0.04,8,0.34,25,12.5,0.04,0,0.04,0,0,0,0,0.17,50,1.54,47.22,0.64,0.56,0.04,24.4,0.26,0.3,36.19,90.17,14.32,81.44,2.23,96.15,14.49,96.75,31.56,94.29,4.59,62.62,19.16,29.44,0,0.04,0.04,0.04,0.04,0,0,3.09,69.44,0.17,50,0.09,50,0.3,0,5.66,65.15,0,NA,0,NA,0,0,0,0,NA,NA,1.41,NA,NA,0,0,0,0,0,0,"players_2025-09-27.xlsx","COLOMBIA_A",2e+05,"no","COL","Colombia","MDL","COL_MDL","Defenders",NA
"L. Pons","Atlético Bucaramanga","Atlético Bucaramanga","CF",35,4e+05,"2025-12-31",26,2099,13,12.85,1,0.76,15.31,36.41,"Argentina","Argentina","derecho",181,79,"no",3.04,2.79,53.85,34.38,0.13,0.22,0.17,1.41,2.38,0.9,5,0.21,0,0,1.76,0.56,9,0.39,0.55,3,0.13,69,2.96,46.38,18.841,0.13,66.67,0.04,100,0.09,50,0,0.6,50,5.49,29.69,3.52,0.3,0,11.41,1.37,0.9,15.09,76.14,3.73,57.47,3.64,89.41,3.86,83.33,14.28,77.78,0.69,43.75,15.19,19.95,0.03,0.43,0.09,0.04,0.21,0,0.13,1.33,54.84,1.2,67.86,0.17,0,0.99,0,1.54,63.89,0,NA,0,NA,0,0,0,0,NA,NA,0.09,NA,NA,0,0,0,0,5,80,"Search results-4.xlsx","COLOMBIA_A",NA,NA,"COL","Colombia","BUC","COL_BUC","Forwards",NA
"A. Parra","Tolima","Tolima","CF",28,6e+05,NA,35,2094,6,6.52,3,2.48,21.02,36.81,"Colombia","Colombia","derecho",179,75,"si",4.47,4.47,61.54,28.89,0.09,0.13,0.09,1.63,2.48,1.68,7,0.3,0,0,1.38,0.26,6,0.26,0.28,1,0.04,37,1.59,32.43,16.216,0.82,15.79,0.26,16.67,0.56,15.38,0.04,0.95,59.09,8.9,30.92,3.52,0.82,0.04,15.95,1.63,1.2,23.25,81.7,4.26,72.73,6.06,91.49,6.58,82.35,21.7,84.55,0.77,66.67,12.81,12.6,0.11,1.07,0.04,0,0.26,66.67,0.39,2.58,80,1.46,70.59,0.26,83.33,1.25,0.13,1.98,86.96,0,NA,0,NA,0,0,0,0,NA,NA,0.04,NA,NA,0.04,0,0,0.04,0,0,"2Search results-9.xlsx","COLOMBIA_A",NA,NA,"COL","Colombia","TOL","COL_TOL","Forwards",NA
"M. Castaño","Deportivo Pasto","Deportivo Pasto","LB",31,250000,NA,28,2090,1,0.52,1,0.89,11.93,52.35,"Colombia","Colombia","izquierdo",177,71,"no",7.84,7.32,60,40,0.22,0.27,0.13,3.23,4.06,1.29,10,0.43,0,0,1.64,0.04,1,0.04,0.02,0,0,9,0.39,33.33,11.111,2.67,40.32,2.67,40.32,0,0,0.17,0.65,60,1.89,43.18,0.56,0.99,0.04,18.6,1.68,0.52,26.61,78.16,9.69,69.78,4.56,92.45,7.84,74.73,19.98,88.36,4.22,52.04,20.84,37.42,0.04,0.52,0,0.04,0.04,100,0.34,4.35,60.4,2.8,44.62,0.39,22.22,0.22,0.95,6.8,73.42,0,NA,0,NA,0,0,0,0,NA,NA,0.22,NA,NA,0.04,0,0,0.13,0,0,"2Search results-9.xlsx","COLOMBIA_A",NA,NA,"COL","Colombia","PAS","COL_PAS","Defenders Wingers",NA
"L. Palacios","Once Caldas","Once Caldas","RB",24,NA,NA,39,2087,1,2.78,1,0.53,14.58,38.46,"Colombia","Colombia","derecho",181,74,NA,4.79,3.06,52.11,39.71,0.43,0.59,0.13,2.76,3.78,0.69,4,0.17,0,0,2.98,0.04,1,0.04,0.12,0,0,33,1.42,39.39,3.03,2.98,30.43,0.22,20,2.76,31.25,0.17,3.02,47.14,6.68,33.55,1.6,2.46,0.95,18.37,1.72,0.56,26.74,75.48,9.01,68.9,4.96,93.91,8.32,76.68,21.09,84.87,3.06,52.11,22.8,29.33,0.02,0.52,0,0,0.17,50,0.09,3.06,69.01,2.59,38.33,0.34,25,0.43,0.6,4.7,73.39,0,NA,0,NA,0,0,0,0,NA,NA,0.34,NA,NA,0,0,0,0,0,0,"players_2025-09-27.xlsx","COLOMBIA_A",0,"no","COL","Colombia","ONC","COL_ONC","Defenders Wingers",NA
"J. Vargas","Millonarios","Millonarios","LCB",30,0,NA,22,2080,0,0.52,0,0.24,10.51,67.08,"Costa Rica","Costa Rica","izquierdo",192,88,"no",7.7,3.72,72.09,70.21,0.43,0.67,0.74,4.59,7.11,0.35,5,0.22,1,0.04,0.43,0,0,0,0.02,0,0,7,0.3,28.57,0,0.09,100,0.09,100,0,0,0,0.35,75,0.82,68.42,0.48,0.82,0.04,25.57,0.43,0.22,40.5,87.29,20.68,80.54,1.21,89.29,16.18,95.45,34.7,93.14,5.71,51.52,21.44,38.14,0.01,0.22,0,0,0,0,0.09,4.85,65.18,0.56,30.77,0.39,33.33,0.13,0.09,9.35,75.46,0,NA,0,NA,0,0,0,0,NA,NA,0.56,NA,NA,0,0,0,0,0,0,"2Search results-9.xlsx","COLOMBIA_A",NA,NA,"COL","Colombia","MIL","COL_MIL","Defenders",NA
"E. Murillo","Santa Fe","Santa Fe","LCMF",25,4e+05,NA,34,2075,2,1.24,1,0.53,19.3,46.97,"Colombia","Colombia","derecho",180,73,"no",8.93,9.98,57.83,41.18,0.26,0.39,0.3,2.91,4.35,2.91,23,1,1,0.04,1.04,0.09,2,0.09,0.05,0,0,16,0.69,18.75,12.5,0.69,18.75,0.26,0,0.43,30,0.04,1.65,44.74,5.42,33.6,1.26,0.95,0.13,12.97,0.56,0.91,19.91,80.61,6.85,70.25,2.86,96.97,6.16,85.21,17.78,86.34,1.47,38.24,17.27,21.27,0.02,0.39,0,0.04,0.04,100,0.17,2.86,66.67,0.82,42.11,0.09,50,0.39,0.13,2.86,68.18,0,NA,0,NA,0,0,0,0,NA,NA,0.35,NA,NA,0,0,0,0,0,0,"2Search results-9.xlsx","COLOMBIA_A",NA,NA,"COL","Colombia","STF","COL_STF","Midfield",NA
"A. Mosquera","América de Cali","América de Cali","RCB",35,550000,"2025-12-31",26,2073,1,1.12,1,0.58,8.16,58.51,"Colombia","Colombia","derecho",178,78,"no",6.99,3.26,60,57.14,0.17,0.26,0.48,4.86,7.42,0.65,3,0.13,0,0,0.3,0.04,1,0.04,0.05,1,0.04,9,0.39,33.33,11.111,0.17,50,0,0,0.13,33.33,0,0.13,66.67,0.82,68.42,0.39,0.26,0,19.49,0.39,0.56,30.17,86.19,14.8,78.3,1.61,97.3,11.33,93.87,25.83,91.43,4.17,55.21,19.97,28.91,0.03,0.17,0,0.04,0,0,0.13,4.21,71.13,0.65,33.33,0.26,33.33,0.17,0.13,7.34,73.37,0,NA,0,NA,0,0,0,0,NA,NA,1.04,NA,NA,0,0,0,0,0,0,"2Search results-9.xlsx","COLOMBIA_A",NA,NA,"COL","Colombia","AME","COL_AME","Defenders",NA
"J. Malagón","Once Caldas","Once Caldas","LCB",32,350000,NA,24,2073,1,2.88,1,0.22,8.34,57.81,"Colombia","Colombia","derecho",185,77,"no",8.16,3.95,65.93,52.83,0.04,0.06,0.82,5.51,7.81,0.74,5,0.22,0,0,0.3,0.04,1,0.04,0.12,1,0.04,18,0.78,38.89,5.556,0.09,0,0.09,0,0,0,0,0.04,0,0.56,38.46,0.87,0.65,0,24.83,0.74,0.35,34.95,86.71,15.41,78.87,2.26,94.23,14.11,94.77,29.35,91.42,5.51,62.99,22.18,39.88,0.01,0.17,0.04,0,0,0,0.04,5.17,69.75,0.61,28.57,0.22,20,0.17,0,7.03,73.46,0,NA,0,NA,0,0,0,0,NA,NA,1.56,NA,NA,0.04,0,0,0,0,0,"Search results-4.xlsx","COLOMBIA_A",NA,NA,"COL","Colombia","ONC","COL_ONC","Defenders",NA
"J. Quintero","Deportivo Pereira","Deportivo Pereira","RCB",30,7e+05,NA,22,2071,1,0.73,1,0.2,11.65,60.82,"Colombia","Colombia","derecho",184,79,"no",8.04,3.91,70,62.71,0.22,0.33,0.48,5.08,7.8,0.7,3,0.13,1,0.04,0.13,0.04,1,0.04,0.03,1,0.04,8,0.35,25,12.5,0,0,0,0,0,0,0,0.04,100,0.91,42.86,0.61,0.43,0.04,19.9,0.61,0.35,33.77,90.6,14.86,85.09,1.61,100,14.69,96.45,30.64,93.76,3.13,59.72,20.57,30.16,0.01,0.04,0,0,0,0,0.04,2.35,85.19,0.09,100,0,0,0.13,0,5.82,69.4,0,NA,0,NA,0,0,0,0,NA,NA,1.13,NA,NA,0,0,0,0,0,0,"Search results-4.xlsx","COLOMBIA_A",NA,NA,"COL","Colombia","PER","COL_PER","Defenders",NA
"K. Viveros","Athletico Paranaense","Athletico Paranaense","CF",25,NA,"2028-06-30",37,2070,9,7.12,1,1.4,18.3,33.02,"Colombia","Colombia","derecho",180,77,NA,2.26,2.61,36.67,22.64,0,0,0.09,1.3,2.26,1.83,10,0.43,0,0,3,0.39,9,0.39,0.31,0,0,53,2.3,49.06,16.981,1.22,17.86,0.57,7.69,0.61,28.57,0,3.43,48.1,10.04,34.63,4.26,1.52,0.39,9.61,1.22,1.57,12.83,74.24,1.7,64.1,3.83,81.82,4.04,74.19,11.35,80.46,0.39,44.44,15.26,8.9,0.06,0.74,0,0,0,0,0.26,1.09,80,0.91,47.62,0.04,0,0.61,0.22,0.96,81.82,0,NA,0,NA,0,0,0,0,NA,NA,0,NA,NA,0,0,0,0.04,0,0,"players_2025-09-27.xlsx","COLOMBIA_A",0,"no","COL",NA,NA,NA,"Forwards",NA
"J. Anaya","Jaguares de Córdoba","Jaguares de Córdoba","RCB",25,NA,NA,22,2070,2,3.1,0,0,11.43,53.23,"Colombia","Colombia","derecho",190,0,NA,8.26,5.96,56.2,52.5,0.09,0.12,0.7,4.83,6.43,1.48,9,0.39,0,0,0.3,0.09,2,0.09,0.13,0,0,11,0.48,45.45,18.182,0,0,0,0,0,0,0,0.13,66.67,0.43,50,0.7,0.26,0,21.57,0.13,0.26,31.74,85.62,15.35,79.32,2.48,91.23,11.78,91.51,27,90.82,4.74,55.96,22,35.8,0,0,0,0,0,0,0,3.26,66.67,0.22,20,0.13,33.33,0,0,7.22,66.87,0,NA,0,NA,0,0,0,0,NA,NA,1.43,NA,NA,0,0,0,0,0,0,"players_2025-09-27.xlsx","COLOMBIA_A",350000,"no","COL","Colombia","JAG","COL_JAG","Defenders",NA
"G. Paiva","Junior","Junior","CF",28,1e+06,"2025-12-31",31,2069,8,9.89,3,1.67,19.79,35.82,"Paraguay","Paraguay","derecho",181,75,"si",3.7,2.74,53.97,40.24,0.13,0.21,0.13,2.09,3.35,0.83,6,0.26,0,0,1.74,0.35,8,0.35,0.43,3,0.13,57,2.48,40.35,14.035,0.65,13.33,0.13,0,0.48,18.18,0.04,1.39,37.5,6.66,27.45,3.52,1,0.13,21.53,1.48,0.83,27.01,74.24,7.13,60.37,6.05,86.33,8.4,80.31,23.62,76.61,2.74,68.25,16.76,31.15,0.07,0.87,0.04,0,0.52,25,0.48,3.91,65.56,2.17,48,0.78,22.22,1.26,0.13,3.57,73.17,0,NA,0,NA,0,0,0,0,NA,NA,0.04,NA,NA,0.13,0.13,0,0,2,0,"Search results-4.xlsx","COLOMBIA_A",NA,NA,"COL","Colombia","JNR","COL_JNR","Forwards",NA
"G. Montes","Llaneros","Llaneros","RB",29,250000,NA,25,2067,3,1.69,0,0.36,12.45,44.06,"Colombia","Colombia","derecho",179,0,"no",4.57,4.7,55.56,39.22,0.04,0.06,0.09,1.92,2.6,0.83,3,0.13,0,0,0.74,0.13,3,0.13,0.07,0,0,20,0.87,25,15,1.52,17.14,0,0,1.52,17.14,0.22,0.78,33.33,4.01,36.96,1.13,0.91,0.04,20.55,1.48,0.44,26.73,83.71,9.06,74.04,5.7,96.95,8.23,85.71,22.34,91.81,3,53.62,19.07,32.76,0.02,0.22,0,0,0.04,0,0.13,2.96,72.06,1.26,37.93,0.09,0,0.17,0.3,4.62,75.47,0,NA,0,NA,0,0,0,0,NA,NA,0.7,NA,NA,0,0,0,0,0,0,"Search results-4.xlsx","COLOMBIA_A",NA,NA,"COL","Colombia","LNR","COL_LNR","Defenders Wingers",NA
"D. Lozano","Águilas Doradas","Águilas Doradas","RB",23,0,NA,30,2056,2,2.53,2,0.75,14.88,46.76,"Colombia","Colombia","derecho",0,0,"no",7.4,6.3,60.42,28.26,0.18,0.25,0.31,3.41,4.86,1.01,2,0.09,0,0,1.36,0.09,2,0.09,0.11,1,0.04,9,0.39,55.56,22.222,1.75,30,0,0,1.75,30,0.09,1.36,45.16,4.38,40,1.23,0.92,0.39,12.17,1.58,1.05,17.42,73.87,5.87,64.18,3.94,91.11,4.42,71.29,14.53,81.93,1.4,37.5,18.67,23.31,0.03,0.22,0,0,0,0,0.18,1.71,56.41,1.05,33.33,0,0,0.31,0.44,3.02,50.72,0,NA,0,NA,0,0,0,0,NA,NA,0.04,NA,NA,0,0,0,0,0,0,"Search results-4.xlsx","COLOMBIA_A",NA,NA,"COL","Colombia","AGD","COL_AGD","Defenders Wingers",NA
"B. Castro","Millonarios","Millonarios","CF",22,0,NA,29,2034,7,7.94,2,2.47,15.13,40.94,"Colombia","Colombia","izquierdo",176,68,"no",2.61,2.61,66.1,13.79,0.04,0.07,0,0.84,1.27,0.53,4,0.18,0,0,3.89,0.31,7,0.31,0.35,1,0.04,68,3.01,33.82,10.294,1.55,28.57,0.93,23.81,0.58,30.77,0.22,4.07,58.7,9.47,38.32,3.36,1.73,0.35,13.81,2.35,0.97,15.88,75.21,2.83,53.13,3.98,92.22,5.88,72.93,13.63,82.47,0.84,36.84,18.48,14.44,0.11,0.97,0,0.13,0.09,50,0.31,1.59,63.89,1.77,32.5,0.22,40,0.49,0.4,1.68,71.05,0,NA,0,NA,0,0,0,0,NA,NA,0.13,NA,NA,0.62,0.13,33.33,1.5,1,0,"2Search results-9.xlsx","COLOMBIA_A",NA,NA,"COL","Colombia","MIL","COL_MIL","Forwards",NA
"G. Torres","Deportivo Pereira","Deportivo Pereira","CF",29,NA,NA,40,2026,2,5.16,3,1.19,20.61,37.07,"Colombia","Colombia","derecho",181,78,NA,4.44,4.31,63.92,35.25,0.44,0.61,0.13,1.24,1.71,1.51,8,0.36,0,0,2.13,0.09,2,0.09,0.23,1,0.04,47,2.09,29.79,4.255,1.82,36.59,0.04,100,1.64,35.14,0.27,1.82,46.34,7.91,27.53,2.75,0.89,0.22,14.04,2.35,0.71,19.46,81.28,3.07,65.22,5.51,91.13,6.97,79.62,16.44,86.76,1.29,72.41,16.92,16.5,0.05,0.71,0.04,0.09,0.09,0,0.27,1.87,69.05,1.55,37.14,0.18,25,0.27,0.71,2.09,72.34,0,NA,0,NA,0,0,0,0,NA,NA,0,NA,NA,0.27,0.18,50,0.31,0,0,"players_2025-09-27.xlsx","COLOMBIA_A",3e+05,"no","COL","Colombia","PER","COL_PER","Forwards",NA
"K. Suárez","Alianza","Alianza","LB",23,0,NA,22,2026,0,0.03,3,1.91,13.24,46.31,"Colombia","Colombia","izquierdo",175,67,"no",6.53,4.8,51.85,46.15,0.31,0.46,0.09,3.73,5.55,0.62,4,0.18,1,0.04,2.18,0,0,0,0,0,0,4,0.18,0,0,4.18,36.17,4.18,36.17,0,0,0.27,1.47,45.45,4.09,41.3,0.4,1.24,0.18,22.34,1.87,0.84,31.01,79.23,10.26,72.29,6.09,95.62,9.55,75.35,24.7,88.49,2.44,56.36,20.23,31.71,0.09,0.62,0,0,0,0,0.36,3.73,66.67,3.24,47.95,0.13,66.67,0.4,1.33,7.02,75.95,0,NA,0,NA,0,0,0,0,NA,NA,0.4,NA,NA,0,0,0,0,0,0,"Search results-4.xlsx","COLOMBIA_A",NA,NA,"COL","Colombia","ALV","COL_ALV","Defenders Wingers",NA
"F. Boné","Deportivo Pasto","Deportivo Pasto","RW",29,5e+05,NA,32,2017,5,3.93,2,3.18,20.57,42.73,"Uruguay","Uruguay, Italy","izquierdo",176,67,"no",4.28,4.15,58.06,32.81,0.18,0.22,0.04,1.7,2.05,0.89,1,0.04,1,0.04,2.1,0.22,2,0.09,0.18,2,0.09,27,1.2,44.44,18.519,0.98,27.27,0.45,40,0.54,16.67,0,2.9,41.54,11.02,41.3,1.07,1.43,0.13,13.88,1.92,2.54,19.14,72.26,5.89,56.06,4.15,91.4,5.31,73.95,16.24,78.57,1.96,43.18,17.95,21.82,0.14,1.2,0,0.04,0.4,22.22,0.22,3.26,57.53,1.65,45.95,1.16,26.92,0.89,0.31,3.35,70.67,0,NA,0,NA,0,0,0,0,NA,NA,0.04,NA,NA,0.62,0.04,0,1.16,3,100,"Search results-4.xlsx","COLOMBIA_A",NA,NA,"COL","Colombia","PAS","COL_PAS","Wingers",NA
"J. Castillo","Vitória Guimarães","Vitória Guimarães","GK",22,NA,NA,20,2006,0,0,0,0,1.03,56.52,"Colombia","Colombia","derecho",191,76,NA,1.62,0.27,33.33,69.23,0.09,0.15,0,1.44,2.45,0.13,2,0.09,0,0,0,0,0,0,0,0,0,0,0,0,0,0,0,0,0,0,0,0,0.04,0,0.13,33.33,0,0,0,10.23,0.09,0.22,17.5,90.26,9.96,85.14,0,0,6.77,97.35,12.16,97.05,5.34,74.79,27.72,45.07,0,0,0,0.04,0,0,0,1.21,55.56,0,0,0.04,0,0,0,4.13,75,27,1.21,79,3.54,4,65.82,26.11,1.17,-0.89,-0.04,0,1.17,0.58,NA,NA,NA,0,0,0,"players_2025-09-27.xlsx","COLOMBIA_A",8e+05,"no","COL",NA,NA,NA,"Goalkeepers",NA
"V. Cabezas","Deportivo Pasto","Deportivo Pasto","GK",27,150000,NA,20,2006,0,0,0,0,0.85,68.42,"Colombia","Colombia","izquierdo",190,79,"no",1.57,0.18,50,87.5,0.04,0.06,0.04,1.44,1.78,0,2,0.09,0,0,0,0,0,0,0,0,0,0,0,0,0,0,0,0,0,0,0,0,0,0,0.13,66.67,0,0,0,5.61,0.13,0.13,11.44,85.49,6.6,80.95,0.04,100,4.08,92.31,6.86,97.39,4.53,68.32,31.95,48.39,0,0,0,0,0,0,0,1.12,52,0,0,0.09,50,0,0,3.63,75.31,24,1.08,75,3.36,6,68,19.63,0.88,-4.37,-0.196,0.04,1.66,0.36,NA,NA,NA,0,0,0,"Search results-4.xlsx","COLOMBIA_A",NA,NA,"COL","Colombia","PAS","COL_PAS","Goalkeepers",NA
"L. Caicedo","Deportivo Pasto","Deportivo Pasto","RCB",33,225000,NA,22,1988,0,0.4,0,0,8.33,49.46,"Ecuador","Ecuador","derecho",185,83,"no",6.2,3.58,60.76,40.35,0.09,0.11,0.41,3.94,4.75,0.72,8,0.36,0,0,0.18,0,0,0,0.02,0,0,5,0.23,40,0,0.14,66.67,0.05,100,0.09,50,0,0.09,0,0.95,28.57,0.14,0.27,0,20.6,0.59,0.54,31.64,82.55,16.43,75.48,1.58,91.43,11.14,91.87,23.9,87.31,7.61,67.86,22.77,36.32,0,0,0,0,0,0,0,4.3,54.74,0.41,33.33,0.32,28.57,0.18,0.09,8.65,74.87,0,NA,0,NA,0,0,0,0,NA,NA,0.81,NA,NA,0.05,0,0,0,0,0,"Search results-4.xlsx","COLOMBIA_A",NA,NA,"COL","Colombia","PAS","COL_PAS","Defenders",NA
"A. Zárate","Atlético Bucaramanga","Atlético Bucaramanga","RCMF",26,450000,NA,30,1974,1,0.86,0,0.84,12.45,53.85,"Colombia","Colombia","derecho",177,73,"no",7.34,6.2,66.91,39.13,1,1.52,0.14,2.19,3.33,0.87,5,0.23,0,0,0.91,0.05,1,0.05,0.04,0,0,29,1.32,31.03,3.448,0.5,36.36,0.05,100,0.46,30,0.05,0.5,63.64,3.6,43.04,0.18,0.23,0.05,30.91,0.59,0.73,41.44,89.77,11.58,83.07,5.47,95.83,18.28,94.01,36.66,91.04,4.29,85.11,19.81,30.44,0.04,0.5,0,0,0.05,0,0.14,6.16,88.89,1,36.36,0.23,60,0.18,0.14,6.29,80.43,0,NA,0,NA,0,0,0,0,NA,NA,0.18,NA,NA,0.14,0,0,0.41,0,0,"Search results-4.xlsx","COLOMBIA_A",NA,NA,"COL","Colombia","BUC","COL_BUC","Midfield",NA
"Pipe Gómez","Once Caldas","Once Caldas","LAMF",25,325000,NA,41,1967,3,4.3,1,1.74,17.16,43.2,"Colombia","Colombia","derecho",173,68,"si",3.52,3.43,56,30.77,0,0,0.05,1.6,2.51,0.87,6,0.27,0,0,3.84,0.14,3,0.14,0.2,0,0,73,3.34,28.77,4.11,1.28,32.14,0.82,38.89,0.41,22.22,0.09,3.66,65,10.16,40.54,1.6,2.06,0.05,24.25,1.33,1.33,30.88,81.93,8.28,71.82,6.27,95.62,8.78,84.38,28.28,84.95,1.33,65.52,14.58,16.73,0.08,1.1,0,0,0.23,40,0.18,3.84,83.33,2.47,46.3,0.27,66.67,0.64,0.41,3.8,80.72,0,NA,0,NA,0,0,0,0,NA,NA,0.05,NA,NA,0.96,0.37,12.5,1.19,1,0,"2Search results-9.xlsx","COLOMBIA_A",NA,NA,"COL","Colombia","ONC","COL_ONC","Attacking Midfield",NA
"S. Córdoba","Fortaleza","Fortaleza","CF",28,NA,NA,30,1958,4,7.81,0,0.89,18.06,34.1,"Colombia","Colombia","derecho",186,0,NA,2.16,1.65,44.44,37.97,0.09,0.16,0.05,1.33,2.27,0.78,3,0.14,0,0,1.56,0.18,2,0.09,0.36,1,0.05,51,2.34,33.33,7.843,0.51,27.27,0.14,66.67,0.37,12.5,0.14,1.33,48.28,7.03,28.1,3.26,0.23,0.09,12.13,2.02,0.69,16.41,79.27,2.48,62.96,5.84,88.19,4.27,80.65,15.4,82.39,0.51,36.36,13.32,11.17,0.04,0.78,0.05,0,0.09,0,0.09,0.97,61.9,0.41,44.44,0.14,0,0.41,0.05,0.69,60,0,NA,0,NA,0,0,0,0,NA,NA,0,NA,NA,0.14,0.14,33.33,0,2,100,"players_2025-09-27.xlsx","COLOMBIA_A",0,"no","COL","Colombia","FOZ","COL_FOZ","Forwards",NA
"D. Ruíz","Fortaleza","Fortaleza","LB",27,NA,NA,24,1951,1,0.47,3,2.45,9.36,48.77,"Colombia","Colombia","derecho",0,0,NA,6.83,4.01,64.37,46.34,0.46,0.7,0.18,3.78,5.75,0.78,7,0.32,0,0,1.29,0.05,1,0.05,0.02,0,0,7,0.32,28.57,14.286,1.71,43.24,0.37,50,1.34,41.38,0.23,0.65,71.43,2.44,33.96,0.23,0.88,0.09,21.77,0.92,0.09,32.52,80,12.46,72.96,4.75,93.2,10.38,84.44,26.16,87.13,4.8,52.88,20.39,33.34,0.11,0.88,0,0.05,0.09,0,0.32,5.86,68.5,1.89,51.22,0.23,40,0.32,0.69,7.52,74.85,0,NA,0,NA,0,0,0,0,NA,NA,0.92,NA,NA,0.78,0,0,1.61,0,0,"players_2025-09-27.xlsx","COLOMBIA_A",150000,"no","COL","Colombia","FOZ","COL_FOZ","Defenders Wingers",NA
"D. Moreno","Medellín","Medellín","LCMF",29,NA,"2026-06-30",35,1946,4,4.13,2,1.04,11.7,56.13,"Colombia","Colombia","derecho",185,75,NA,3.7,2.91,74.6,47.83,0,0,0.18,1.53,2.65,0.46,2,0.09,0,0,1.62,0.18,4,0.18,0.19,0,0,57,2.64,28.07,7.018,0.55,41.67,0.23,60,0.32,28.57,0,0.83,72.22,5.09,50,1.76,1.11,0,31.96,1.71,1.9,38.02,90.88,9.71,84.29,7.12,96.1,13.18,92.28,36.72,92.19,0.83,61.11,14.76,10.94,0.05,0.69,0.05,0,0.05,100,0.18,5.32,86.09,1.29,60.71,0.09,50,0.74,0.23,4.76,94.17,0,NA,0,NA,0,0,0,0,NA,NA,0,NA,NA,0.46,0.32,28.57,1.25,0,0,"players_2025-09-27.xlsx","COLOMBIA_A",9e+05,"no","COL","Colombia","MDL","COL_MDL","Midfield",NA
"S. Guzmán","Tolima","Tolima","LDMF",28,250000,NA,26,1939,1,0.48,1,1.04,8.82,53.68,"Colombia","Colombia","derecho",186,76,"no",4.27,2.78,66.67,48.39,0,0,0.19,2.41,3.86,0.37,5,0.23,1,0.05,0.6,0.05,1,0.05,0.02,0,0,13,0.6,23.08,7.692,0.23,20,0.09,0,0.14,33.33,0.05,0.46,50,3.95,47.06,0.19,0.88,0,41.26,0.19,1.21,54.96,90.79,18.1,84.62,6.36,97.08,22.09,93.7,50.55,92.75,4.22,70.33,18.16,28.02,0.05,0.79,0.05,0,0.28,66.67,0.14,9.19,79.8,0.88,52.63,0.6,46.15,0.32,0.05,7.71,81.93,0,NA,0,NA,0,0,0,0,NA,NA,0.93,NA,NA,0,0,0,0,0,0,"2Search results-9.xlsx","COLOMBIA_A",NA,NA,"COL","Colombia","TOL","COL_TOL","Defensive Midfield",NA
"E. Navarro","Once Caldas","Once Caldas","RB",26,NA,NA,20,1917,0,0.2,3,0.7,12.39,49.24,"Colombia","Colombia","derecho",177,68,NA,8.17,7.28,59.35,28.95,0.47,0.67,0.28,3.38,4.79,1.22,4,0.19,0,0,1.08,0,0,0,0.01,0,0,9,0.42,11.11,0,1.97,35.71,0,0,1.97,35.71,0.19,0.61,53.85,2.3,40.82,0.33,1.46,0.05,27.75,0.7,0.52,36.67,81.56,14.69,73.8,4.65,96.97,11.74,85.6,30.38,88.1,4.32,56.52,18.68,30.87,0.03,0.38,0.05,0.09,0,0,0.33,4.46,70.53,2.21,44.68,0.28,50,0.42,0.7,7.89,72.62,0,NA,0,NA,0,0,0,0,NA,NA,0.33,NA,NA,0.05,0,0,0,0,0,"players_2025-09-27.xlsx","COLOMBIA_A",450000,"no","COL","Colombia","ONC","COL_ONC","Defenders Wingers",NA
"J. Patiño","Once Caldas","Once Caldas","LB",26,NA,"2027-12-31",20,1906,0,0.25,1,0.37,12.75,56.67,"Colombia","Colombia","izquierdo",183,82,NA,8.92,6.8,65.28,56.41,0.66,0.88,0.28,3.82,5.09,1.04,5,0.24,1,0.05,1.56,0,0,0,0.01,0,0,12,0.57,25,0,2.64,23.21,2.64,23.21,0,0,0.47,1.18,68,2.46,48.08,0.33,1.09,0.14,22.24,1.09,0.38,31.26,73.26,13.41,65.49,5.05,93.46,8.5,70.56,24.84,84.03,4.01,38.82,21.17,39.16,0.02,0.33,0,0,0.05,0,0.24,4.49,61.05,2.5,28.3,0.52,18.18,0.38,0.57,7.41,59.24,0,NA,0,NA,0,0,0,0,NA,NA,0.61,NA,NA,0.05,0.05,100,0.05,0,0,"players.xlsx","COLOMBIA_A",4e+05,"no","COL","Colombia","ONC","COL_ONC","Defenders Wingers",NA
"J. Caicedo","Deportivo Pasto","Deportivo Pasto","RCMF",21,0,NA,25,1906,2,1.33,0,0.48,18.04,53.14,"Colombia","Colombia","derecho",0,0,"no",10.72,9.4,59.8,50.85,1.09,1.43,0.19,4.01,5.29,2.27,8,0.38,1,0.05,0.94,0.09,2,0.09,0.06,1,0.05,31,1.46,29.03,6.452,0.09,50,0.05,0,0.05,100,0,0.8,58.82,3.78,42.5,0.57,1.09,0.14,22.71,0.42,1.04,33.53,85.07,9.82,67.79,4.77,97.03,14.87,93.02,30.13,87.93,3.31,60,19.44,33.77,0.02,0.42,0,0,0.14,0,0.09,5.1,68.52,0.42,11.11,0.14,0,0.05,0.05,5.38,68.42,0,NA,0,NA,0,0,0,0,NA,NA,0.24,NA,NA,0,0,0,0.05,0,0,"Search results-4.xlsx","COLOMBIA_A",NA,NA,"COL","Colombia","PAS","COL_PAS","Midfield",NA
"Jeison Angulo","Santa Fe","Santa Fe","LB",29,NA,NA,35,1902,1,1.1,0,0.43,11.17,47.88,"Colombia","Colombia","izquierdo",184,74,NA,7,5.49,62.07,51.22,0.09,0.13,0.14,3.5,4.88,1.51,7,0.33,0,0,0.47,0.05,1,0.05,0.05,0,0,10,0.47,20,10,1.37,17.24,1.32,17.86,0.05,0,0.24,0.24,40,2.18,23.91,0.8,0.47,0.05,20.35,0.99,0.62,28.44,75.04,12.68,65.3,2.93,90.32,8.19,79.19,22.38,83.93,4.78,48.51,19.92,29.8,0.02,0.38,0,0,0.09,50,0.14,4.31,70.33,1.89,32.5,0.62,38.46,0.57,0.24,6.62,62.14,0,NA,0,NA,0,0,0,0,NA,NA,0.24,NA,NA,0,0,0,0.05,0,0,"players_2025-09-27.xlsx","COLOMBIA_A",3e+05,"no","COL","Colombia","STF","COL_STF","Defenders Wingers",NA
"M. Ortíz","Atlético Tucumán","Atlético Tucumán","RCB",31,NA,NA,24,1899,2,0.61,0,0.09,12.94,59.71,"Argentina","Argentina","derecho",186,80,NA,9.29,5.5,68.1,56.98,0.47,0.69,0.28,5.07,7.35,0.9,3,0.14,1,0.05,0.66,0.09,2,0.09,0.03,1,0.05,6,0.28,33.33,33.333,0.71,53.33,0,0,0.66,57.14,0,0.24,60,1.28,37.04,0.47,0.81,0.09,20.38,0.43,0.57,32.8,72.11,18.96,64,1.47,90.32,9.72,85.37,21.61,82.68,10.57,52.02,28.35,42.44,0,0.05,0,0.05,0.05,100,0,8.2,52.6,1.09,43.48,0.71,33.33,0.38,0.24,10.66,78.22,0,NA,0,NA,0,0,0,0,NA,NA,0.28,NA,NA,0,0,0,0,0,0,"players_2025-09-27.xlsx","COLOMBIA_A",550000,"no","COL",NA,NA,NA,"Defenders",NA
"G. Banguera","Águilas Doradas","Águilas Doradas","GK",29,NA,NA,19,1895,0,0,0,0,0.71,100,"Colombia","Colombia","derecho",187,80,NA,1.33,0.14,100,100,0,0,0,1.19,1.69,0,5,0.24,0,0,0,0,0,0,0,0,0,0,0,0,0,0,0,0,0,0,0,0,0,0,0.14,100,0,0,0.05,7.08,0.19,0.38,13.3,85.71,7.84,80.61,0,0,4.99,96.19,9.07,95.29,4.18,65.91,31.49,49.01,0,0,0,0,0,0,0,0.95,55,0.09,0,0,0,0,0,3.47,67.12,25,1.19,83,3.94,5,69.88,21.92,1.04,-3.08,-0.146,0,1.47,0.33,NA,NA,NA,0,0,0,"players_2025-09-27.xlsx","COLOMBIA_A",350000,"no","COL","Colombia","AGD","COL_AGD","Goalkeepers",NA
"C. Romaña","Atlético Bucaramanga","Atlético Bucaramanga","RCB",25,NA,NA,25,1877,1,0.83,0,0.34,14.72,62.54,"Colombia","Colombia","derecho",185,0,NA,6.52,5.56,66.38,72.84,0.14,0.23,0.1,2.69,4.25,1.05,6,0.29,0,0,0.72,0.05,1,0.05,0.04,1,0.05,10,0.48,40,10,0.24,40,0,0,0.24,40,0,0.58,75,3.36,48.57,0.58,0.72,0.05,21.48,0.72,0.82,34.67,84.37,16.93,75.64,1.87,97.44,13.28,93.5,28.43,90.39,5.99,57.6,21.32,35.56,0.02,0.19,0,0,0,0,0.1,4.75,69.7,0.72,33.33,0.19,75,0.24,0.1,8.15,73.53,0,NA,0,NA,0,0,0,0,NA,NA,1.05,NA,NA,0,0,0,0,0,0,"players_2025-09-27.xlsx","COLOMBIA_A",4e+05,"no","COL","Colombia","BUC","COL_BUC","Defenders",NA
"Y. Guzmán","Tolima","Tolima","AMF",27,NA,"2025-12-31",20,1876,6,6.41,2,3.96,10.75,41.52,"Colombia","Colombia","derecho",170,61,NA,2.59,2.25,59.57,22.22,0.1,0.15,0,1.15,1.74,0.34,2,0.1,1,0.05,2.45,0.29,3,0.14,0.31,0,0,55,2.64,34.55,10.909,1.73,44.44,0.58,41.67,1.1,47.83,0.24,1.3,51.85,6.09,40.16,2.25,3.12,0.05,46.73,2.11,1.34,55.17,87.74,16.6,79.77,11.03,94.78,17.51,89.86,48.17,90.84,5.28,73.64,17.99,35.79,0.19,1.82,0.1,0,0.38,25,0.58,10.94,84.65,4.22,60.23,1.49,48.39,2.06,1.01,9.93,91.79,0,NA,0,NA,0,0,0,0,NA,NA,0.14,NA,NA,1.44,0.62,23.08,4.08,4,75,"players_2025-09-27.xlsx","COLOMBIA_A",2600000,"no","COL","Colombia","TOL","COL_TOL","Attacking Midfield",NA
"D. Ramírez","Boyacá Chicó","Boyacá Chicó","LW",24,0,NA,30,1871,0,1.73,5,2.67,21.45,42.38,"Colombia","Colombia","derecho",161,60,"no",6.69,6.35,57.58,16.13,0.1,0.14,0.1,2.93,4.39,0.87,6,0.29,0,0,2.74,0,0,0,0.08,0,0,25,1.2,20,0,1.44,40,0.72,40,0.72,40,0.14,4.18,43.68,11.59,38.17,0.82,2.45,0.1,20.15,1.15,2.26,29.01,82.09,8.13,71.01,5.53,93.04,8.95,84.41,24.87,87.81,2.79,50,15.45,28.86,0.13,1.25,0,0,0.24,40,0.53,3.7,63.64,2.36,55.1,0.77,18.75,0.87,0.63,3.7,88.31,0,NA,0,NA,0,0,0,0,NA,NA,0.05,NA,NA,1.11,0.14,33.33,1.15,0,0,"Search results-4.xlsx","COLOMBIA_A",NA,NA,"COL","Colombia","BYC","COL_BYC","Wingers",NA
"F. Ángel","Junior","Junior","LDMF",24,NA,NA,30,1869,3,1.7,1,0.59,15.17,62.22,"Colombia","Colombia","derecho",176,68,NA,10.74,7.7,65,66.67,0.72,1.05,0.67,5.01,7.26,1.2,5,0.24,0,0,0.82,0.14,3,0.14,0.08,1,0.05,17,0.82,29.41,17.647,0.19,50,0,0,0.19,50,0.05,0.58,75,2.17,48.89,0.63,0.53,0,26.15,0.19,0.77,35.2,88.37,11.27,79.91,3.03,92.06,15.17,94.92,31.25,90.6,3.76,71.79,18.98,29.56,0.03,0.29,0,0.05,0.1,50,0.14,4.38,85.71,0.63,46.15,0.29,33.33,0.29,0.1,4.43,64.13,0,NA,0,NA,0,0,0,0,NA,NA,0.29,NA,NA,0,0,0,0,0,0,"players_2025-09-27.xlsx","COLOMBIA_A",5e+05,"no","COL","Colombia","JNR","COL_JNR","Defensive Midfield",NA
"J. Castillo","Alianza","Alianza","RDMF",28,4e+05,NA,27,1864,0,0.47,1,0.42,14.44,52.51,"Colombia","Colombia","derecho",175,70,"no",8.59,6.9,61.54,54.55,0.68,0.92,0.14,3.67,5.01,1.4,6,0.29,1,0.05,1.3,0,0,0,0.02,0,0,15,0.72,40,0,0.77,31.25,0.19,0,0.53,45.45,0.05,1.26,61.54,4.49,43.01,0.19,1.83,0.05,32.98,0.53,0.97,44.9,83.66,16.03,69.88,5.89,95.9,16.9,92,39.01,88.86,5.21,51.85,19.27,33.23,0.02,0.77,0,0,0,0,0.1,9.7,69.65,1.69,48.57,0.68,28.57,0.58,0.19,8.26,81.29,0,NA,0,NA,0,0,0,0,NA,NA,0.34,NA,NA,0.1,0,0,0.14,0,0,"2Search results-9.xlsx","COLOMBIA_A",NA,NA,"COL","Colombia","ALV","COL_ALV","Defensive Midfield",NA
"J. Aguirre","Athletico Paranaense","Athletico Paranaense","RCB",29,850000,NA,21,1860,0,0.72,0,0.21,9.48,69.39,"Colombia","Colombia","derecho",185,75,"no",7.65,3.24,79.1,68.13,0.19,0.3,0.63,4.89,7.56,0.82,8,0.39,1,0.05,0.24,0,0,0,0.03,0,0,6,0.29,50,0,0.05,0,0,0,0.05,0,0,0.05,100,0.34,57.14,0.73,0.77,0,20.95,0.39,0.48,30.97,89.84,15.15,84.66,2.95,100,9.82,94.09,28.06,92.93,2.85,61.02,19.81,36.1,0.01,0.1,0,0.1,0.05,100,0.05,3.82,79.75,0.1,100,0,0,0.15,0,6.1,81.75,0,NA,0,NA,0,0,0,0,NA,NA,2.42,NA,NA,0,0,0,0,0,0,"2Search results-9.xlsx","COLOMBIA_A",NA,NA,"COL",NA,NA,NA,"Defenders",NA
"L. Pérez","Alianza","Alianza","RDMF",29,350000,NA,27,1858,1,0.82,1,0.49,12.88,45.86,"Colombia","Colombia","izquierdo",176,73,"no",6.39,5.13,46.23,46.43,0.24,0.34,0.39,3.78,5.27,1.02,1,0.05,0,0,0.68,0.05,1,0.05,0.04,0,0,19,0.92,26.32,5.263,0.58,16.67,0.15,0,0.44,22.22,0.15,0.53,63.64,3.34,39.13,0.24,1.16,0.05,28.48,0.29,0.48,40.64,84.86,11.87,73.06,5.62,97.41,17.15,89.27,36.47,88.71,3.63,56,18.44,25.58,0.02,0.44,0,0,0.05,0,0.19,7.02,79.31,1.55,34.38,0.24,20,0.48,0.15,6.78,74.29,0,NA,0,NA,0,0,0,0,NA,NA,0.24,NA,NA,0,0,0,0,0,0,"Search results-4.xlsx","COLOMBIA_A",NA,NA,"COL","Colombia","ALV","COL_ALV","Defensive Midfield",NA
"D. Arcila","Envigado","Envigado","AMF",23,NA,NA,20,1856,6,3.96,1,2.4,17.8,45.23,"Colombia","Colombia","derecho",0,0,NA,3.2,3.15,60,23.91,0.05,0.07,0.05,1.26,1.77,0.68,6,0.29,1,0.05,2.76,0.29,3,0.15,0.19,0,0,34,1.65,44.12,17.647,1.31,37.04,0.63,23.08,0.68,50,0.1,3.1,48.44,11.1,47.6,1.12,2.91,1.12,21.19,1.26,2.09,30.11,85.02,8.34,75,6.59,95.59,9.5,88.78,26.77,88.59,2.13,68.18,18.71,37.52,0.12,1.7,0.05,0,0.19,25,0.34,4.07,76.19,2.33,58.33,0.44,22.22,1.02,0.29,4.66,80.21,0,NA,0,NA,0,0,0,0,NA,NA,0.1,NA,NA,1.55,0.15,33.33,2.76,3,100,"players.xlsx","COLOMBIA_A",0,"no","COL","Colombia","ENV","COL_ENV","Attacking Midfield",NA
"D. Cataño","Bolívar","Bolívar","AMF",33,NA,"2026-06-30",31,1851,3,3.41,4,2.15,23.34,45.42,"Colombia","Colombia","derecho",174,75,NA,5.25,5.49,61.95,12.5,0.44,0.66,0.05,1.41,2.13,1.22,8,0.39,0,0,4.28,0.15,3,0.15,0.17,0,0,40,1.94,35,7.5,2.04,38.1,0.53,45.45,1.51,35.48,0.44,3.84,60.76,15.02,42.39,2.14,3.21,0.39,36.71,1.99,2.43,45.46,82.46,12.54,70.16,8.85,93.41,14.93,84.69,40.7,86.62,2.77,54.39,17.88,29.48,0.1,1.46,0.15,0,0.88,55.56,0.49,8.27,72.35,3.06,47.62,1.12,52.17,1.12,0.73,6.37,82.44,0,NA,0,NA,0,0,0,0,NA,NA,0.24,NA,NA,1.26,0.24,40,2.33,0,0,"players_2025-09-27.xlsx","COLOMBIA_A",7e+05,"no","COL",NA,NA,NA,"Attacking Midfield",NA
"G. Charrupí","Atlético Bucaramanga","Atlético Bucaramanga","LCMF",21,0,NA,31,1847,0,0.66,0,0.86,14.42,51.35,"Colombia","Colombia",NA,0,0,"no",7.55,5.85,67.5,40.91,0.1,0.13,0.1,3.51,4.83,0.93,3,0.15,0,0,0.58,0,0,0,0.03,0,0,14,0.68,21.43,0,0.05,0,0,0,0.05,0,0,0.63,61.54,5.9,41.32,0.24,0.93,0.1,29.87,0.34,1.17,43.71,88.74,11.99,78.86,7.11,94.52,16.57,95.29,41.66,90.18,2.05,59.52,18.48,27.76,0.04,0.58,0,0,0.05,100,0.24,6.87,83.69,0.63,38.46,0.24,20,0.24,0,6.29,74.42,0,NA,0,NA,0,0,0,0,NA,NA,0.24,NA,NA,0.15,0,0,0.19,0,0,"Search results-4.xlsx","COLOMBIA_A",NA,NA,"COL","Colombia","BUC","COL_BUC","Midfield",NA
"R. Márquez","Unión Magdalena","Unión Magdalena","CF",27,350000,NA,23,1836,7,3.72,4,2.11,21.86,33.18,"Colombia","Colombia","derecho",187,83,"no",4.22,4.26,49.43,22.78,0.49,0.65,0.2,1.62,2.16,1.47,9,0.44,0,0,2.06,0.34,6,0.29,0.18,2,0.1,35,1.72,48.57,20,0.34,0,0.15,0,0.2,0,0.05,1.57,68.75,9.9,31.19,2.01,0.59,0,9.26,1.37,1.67,14.9,71.05,2.79,54.39,5.1,88.46,3.43,61.43,13.63,75.54,0.98,30,15.82,19.47,0.1,0.93,0,0,0.15,100,0.64,0.93,57.89,1.18,33.33,0.2,75,0.59,0,1.42,55.17,0,NA,0,NA,0,0,0,0,NA,NA,0.05,NA,NA,0.15,0.15,66.67,0,1,100,"Search results-4.xlsx","COLOMBIA_A",NA,NA,"COL","Colombia","UMG","COL_UMG","Forwards",NA
"Jordan Garcia","Fortaleza U20","Fortaleza U20","GK",20,0,NA,18,1830,0,0,0,0,1.48,86.67,"Colombia","Colombia","derecho",185,78,"no",2.16,0.1,100,95,0,0,0,2.07,3.14,0,2,0.1,0,0,0.05,0,0,0,0,0,0,0,0,0,0,0,0,0,0,0,0,0,0.05,100,0.3,66.67,0,0,0,11.95,0.34,0.3,20.41,78.07,12.64,66.54,0,0,6.74,97.81,12.15,95.95,8.21,52.1,36.51,58.27,0,0,0,0,0,0,0,4.48,48.35,0.39,0,0.15,33.33,0,0,5.41,74.55,14,0.69,73,3.59,8,80.82,18.63,0.92,4.63,0.228,0,2.31,0.98,NA,NA,NA,0,0,0,"2Search results-9.xlsx","COLOMBIA_A",NA,NA,"COL",NA,NA,NA,"Goalkeepers",NA
"J. Escobar","América de Cali","América de Cali","LCMF",20,0,NA,23,1828,0,0.54,1,1.2,13.24,47.58,"Colombia","Colombia","derecho",0,0,"no",7.39,7.04,52.45,50,0.44,0.68,0.15,3.25,4.96,1.62,5,0.25,0,0,1.38,0,0,0,0.03,0,0,21,1.03,28.57,0,1.18,50,0.1,100,1.03,42.86,0.15,0.34,57.14,3.4,36.23,0.44,0.54,0.1,38.55,0.44,0.69,51.15,86.91,15.46,72.61,8.32,97.63,19.2,91.28,44.31,90.78,5.71,63.79,19.5,34.92,0.06,0.79,0.05,0.05,0.44,66.67,0.34,8.86,76.67,2.36,60.42,0.94,68.42,1.08,0.64,9.31,80.42,0,NA,0,NA,0,0,0,0,NA,NA,0.89,NA,NA,0,0,0,0.1,0,0,"Search results-4.xlsx","COLOMBIA_A",NA,NA,"COL","Colombia","AME","COL_AME","Midfield",NA
"E. Arango","Boyacá Chicó","Boyacá Chicó","RW",31,350000,NA,22,1823,3,2.29,0,2.62,23.4,42.41,"Colombia","Colombia","derecho",173,63,"no",4.74,4.44,50,26.92,0.05,0.08,0.05,2.47,3.97,1.28,10,0.49,2,0.1,5.13,0.15,3,0.15,0.11,0,0,34,1.68,41.18,8.824,3.75,35.53,0.54,36.36,3.21,35.38,0.54,5.97,51.24,15.7,41.82,1.68,3.21,0.1,25.43,2.02,2.96,33.57,83.09,7.41,79.33,8.15,92.12,10.32,76.08,28.24,90.91,1.83,51.35,16.36,22.17,0.13,1.23,0,0,0.05,100,0.3,3.8,81.82,3.51,50.7,0.25,20,0.74,1.38,4.69,89.47,0,NA,0,NA,0,0,0,0,NA,NA,0.15,NA,NA,1.18,0.15,66.67,1.88,0,0,"Search results-4.xlsx","COLOMBIA_A",NA,NA,"COL","Colombia","BYC","COL_BYC","Wingers",NA
"F. Leys","América de Cali","América de Cali","RCMF",31,NA,"2026-06-30",27,1822,1,0.62,0,0.4,13.98,60.42,"Argentina","Argentina","derecho",177,70,NA,9.24,7.26,66.67,51.06,1.09,1.66,0.1,3.31,5.06,1.28,7,0.35,1,0.05,0.3,0.05,1,0.05,0.03,0,0,17,0.84,11.76,5.882,0.15,0,0.05,0,0.1,0,0,0.49,30,2.47,50,0.15,0.54,0.1,24.8,0.54,1.14,35.91,89.41,12.65,84.77,4.99,94.06,12.2,92.71,33.1,92.09,2.67,61.11,16.8,30.01,0.02,0.25,0,0,0.05,100,0.05,6.87,79.14,0.89,55.56,0.1,50,0.35,0.1,6.27,84.25,0,NA,0,NA,0,0,0,0,NA,NA,0.79,NA,NA,0,0,0,0.05,0,0,"players_2025-09-27.xlsx","COLOMBIA_A",4e+05,"no","COL","Colombia","AME","COL_AME","Midfield",NA
"E. Aristizabal","Fortaleza","Fortaleza","CF",20,NA,NA,24,1817,8,7.7,2,2.02,17.09,38.26,"Colombia","Colombia","unknown",0,0,NA,3.71,2.72,67.27,32.67,0.1,0.16,0.25,1.78,2.82,0.64,1,0.05,0,0,2.03,0.4,6,0.3,0.38,1,0.05,42,2.08,42.86,19.048,0.15,66.67,0,0,0.15,66.67,0.05,1.88,50,7.08,32.87,2.72,0.89,0.05,10.95,1.24,0.89,16.79,77.88,3.12,68.25,4.41,82.02,5.25,82.08,16.35,78.48,0.3,50,14.8,10.48,0.1,0.84,0,0,0.1,100,0.25,1.68,70.59,1.09,54.55,0.1,100,0.74,0.05,1.49,73.33,0,NA,0,NA,0,0,0,0,NA,NA,0.25,NA,NA,0.05,0.05,0,0,2,100,"players_2025-09-27.xlsx","COLOMBIA_A",0,"si","COL","Colombia","FOZ","COL_FOZ","Forwards",NA
"C. Mosquera","Fortaleza","Fortaleza","RB",24,2e+05,NA,23,1815,0,0.63,2,1.6,11.85,43.93,"Colombia","Colombia","derecho",172,70,"no",6.5,5.55,56.25,47.06,0,0,0.35,3.37,5.14,0.99,5,0.25,1,0.05,1.64,0,0,0,0.03,0,0,15,0.74,6.67,0,2.43,46.94,0,0,2.43,46.94,0.25,0.89,44.44,3.12,26.98,1.59,1.59,0,22.56,1.93,0.1,30.69,76.25,9.47,65.45,5.31,88.79,10.66,78.14,25.83,82.53,2.73,41.82,18.45,37.21,0.08,0.84,0,0,0.2,25,0.2,3.82,59.74,2.73,56.36,0.35,14.29,0.79,0.94,6.74,75.74,0,NA,0,NA,0,0,0,0,NA,NA,0.4,NA,NA,0,0,0,0,0,0,"Search results-4.xlsx","COLOMBIA_A",NA,NA,"COL","Colombia","FOZ","COL_FOZ","Defenders Wingers",NA
"W. Cruz","Cúcuta Deportivo","Cúcuta Deportivo","CF",32,NA,NA,26,1802,2,4.34,2,0.89,19.28,40.93,"Colombia","Colombia","derecho",171,62,NA,3.25,2.45,44.9,50.78,0.2,0.27,0,1.95,2.66,1.45,5,0.25,0,0,1.4,0.1,2,0.1,0.22,1,0.05,30,1.5,33.33,6.667,0.45,44.44,0.05,0,0.4,50,0,1.05,66.67,6.99,38.57,1.95,0.75,0.05,9.59,1.8,1.5,13.98,79.29,3.1,62.9,4.3,88.37,3.55,78.87,13.24,80.75,0.3,66.67,14.95,7.84,0.04,0.25,0,0,0.05,0,0.1,1.15,78.26,0.95,42.11,0.1,50,0.5,0.2,1.7,70.59,0,NA,0,NA,0,0,0,0,NA,NA,0,NA,NA,0,0,0,0,0,0,"players_2025-09-27.xlsx","COLOMBIA_A",4e+05,"no","COL",NA,NA,NA,"Forwards",NA
"D. Polanco","La Equidad","La Equidad","RCB",26,NA,"2026-12-31",21,1802,0,0.04,0,0.17,10.64,55.4,"Colombia","Colombia","derecho",186,82,NA,7.14,5.64,61.95,47.06,0.1,0.14,0.15,3.55,4.92,1.5,7,0.35,1,0.05,0.2,0,0,0,0,0,0,3,0.15,0,0,0.1,50,0,0,0.1,50,0,0.2,75,1.5,50,0.2,0.8,0.15,16.18,0.2,0.35,25.87,83.01,12.39,72.98,1.55,87.1,8.94,94.41,21.68,91.01,4.1,41.46,25.86,43.61,0.01,0.15,0,0,0,0,0.05,4.5,61.11,0.55,9.09,0.3,0,0.15,0.05,5.09,70.59,0,NA,0,NA,0,0,0,0,NA,NA,0.85,NA,NA,0,0,0,0,0,0,"players_2025-09-27.xlsx","COLOMBIA_A",0,"no","COL","Colombia","EQU","COL_EQU","Defenders","DEFENDERS_LA_EQUIDAD_D_POLANCO.png"
"A. Arroyo","Fortaleza","Fortaleza","AMF",23,350000,NA,32,1789,6,3.75,0,2.02,19.47,37.73,"Colombia","Colombia","derecho",171,68,"no",4.78,4.78,57.89,25,0.3,0.42,0.1,1.71,2.4,1.36,2,0.1,1,0.05,2.16,0.3,6,0.3,0.19,0,0,35,1.76,34.29,17.143,1.01,45,0.45,55.56,0.55,36.36,0.1,1.66,60.61,9.46,32.98,2.26,1.56,0.2,23.9,1.61,1.11,30.84,84.67,6.29,71.2,6.79,97.04,10.36,83.5,28.27,87.72,1.61,56.25,18.78,18.59,0.1,0.96,0.1,0.05,0.1,100,0.35,4.13,65.85,1.66,63.64,0.2,50,0.96,0.4,3.47,82.61,0,NA,0,NA,0,0,0,0,NA,NA,0.05,NA,NA,0.65,0.2,25,1.01,0,0,"Search results-4.xlsx","COLOMBIA_A",NA,NA,"COL","Colombia","FOZ","COL_FOZ","Attacking Midfield",NA
"D. Mantilla","Llaneros","Llaneros","LW",28,6e+05,"2025-12-31",27,1789,1,0.95,7,2.95,15.24,43.23,"Colombia","Colombia","derecho",173,70,"si",4.63,4.93,58.16,33.33,0.15,0.22,0,1.61,2.32,1.46,7,0.35,0,0,1.81,0.05,1,0.05,0.05,0,0,11,0.55,18.18,9.091,2.16,27.91,1.21,37.5,0.96,15.79,0.4,2.26,48.89,6.94,36.96,2.97,1.51,0.2,17.21,2.31,0.96,22.49,78.08,5.03,68,5.74,93.86,6.19,73.98,19.32,84.9,1.11,50,16.18,21.8,0.15,1.11,0.05,0,0,0,0.55,1.91,65.79,1.36,62.96,0,0,0.91,0.65,3.12,61.29,0,NA,0,NA,0,0,0,0,NA,NA,0,NA,NA,0,0,0,0.1,0,0,"Search results-4.xlsx","COLOMBIA_A",NA,NA,"COL","Colombia","LNR","COL_LNR","Wingers",NA
"C. Sierra","Llaneros","Llaneros","LCMF",34,350000,NA,24,1788,2,3.8,0,0.17,13.54,49.81,"Colombia","Colombia","izquierdo",183,0,"no",7.55,4.98,70.71,45,0.91,1.29,0.3,3.12,4.43,1.16,5,0.25,0,0,1.56,0.1,2,0.1,0.19,0,0,49,2.47,32.65,4.082,0.4,50,0.15,66.67,0.2,50,0,1.01,50,4.23,36.9,1.81,0.65,0,19.78,1.01,0.81,26.78,81.2,8.1,72.05,3.42,92.65,11.78,85.9,23.36,85.99,3.02,48.33,18.81,31.21,0.01,0.2,0.1,0,0.15,33.33,0.05,4.58,71.43,1.21,54.17,0.2,25,0.45,0.15,4.63,75,0,NA,0,NA,0,0,0,0,NA,NA,0.3,NA,NA,0.35,0.35,28.57,0,0,0,"2Search results-9.xlsx","COLOMBIA_A",NA,NA,"COL","Colombia","LNR","COL_LNR","Midfield",NA
"A. Del Valle","Alianza","Alianza","CF",36,175000,NA,30,1762,5,4.21,2,1.73,16.55,29.01,"Colombia","Colombia","derecho",175,67,"no",2.45,2.71,50.94,17.24,0.41,0.61,0,0.66,0.99,1.33,4,0.2,0,0,2.04,0.26,5,0.26,0.21,2,0.1,36,1.84,36.11,13.889,0.82,43.75,0.1,0,0.72,50,0.15,1.48,55.17,7,29.2,1.89,0.51,0.15,9.3,1.63,1.12,13.79,76.3,2.81,49.09,4.44,91.95,3.88,77.63,12.11,80.59,0.97,47.37,15.69,12.24,0.09,0.72,0,0,0.31,66.67,0.26,1.38,44.44,1.33,46.15,0.36,57.14,0.46,0.31,1.58,67.74,0,NA,0,NA,0,0,0,0,NA,NA,0,NA,NA,0.36,0.26,0,0.61,0,0,"2Search results-9.xlsx","COLOMBIA_A",NA,NA,"COL","Colombia","ALV","COL_ALV","Forwards",NA
"F. Espinal","Deportivo Pasto","Deportivo Pasto","LW",27,2e+05,NA,27,1756,0,1.05,1,2.42,21.37,43.65,"Colombia","Colombia","izquierdo",181,74,"si",5.07,5.33,48.08,41.46,0.31,0.41,0.15,2.2,2.93,1.95,8,0.41,0,0,4.05,0,0,0,0.05,0,0,31,1.59,12.9,0,4.97,23.71,4.41,20.93,0.56,45.45,0.62,4.46,59.77,11.48,41.96,1.54,2.67,0.46,14.04,2.41,1.49,20.24,68.1,4,64.1,4.92,93.75,7.84,53.59,14.2,85.92,1.44,32.14,21.82,23.55,0.12,1.23,0,0,0,0,0.56,1.23,50,4.31,25,0.1,50,0.21,1.28,2.51,75.51,0,NA,0,NA,0,0,0,0,NA,NA,0.1,NA,NA,0.51,0.21,0,1.54,0,0,"2Search results-9.xlsx","COLOMBIA_A",NA,NA,"COL","Colombia","PAS","COL_PAS","Wingers",NA
"D. Giraldo","Juventude","Juventude","RDMF",32,NA,"2025-12-31",29,1746,1,0.5,0,0.25,10.36,45.77,"Colombia","Colombia","derecho",178,71,NA,6.55,4.95,50,48.28,0.93,1.35,0.36,3.14,4.58,1.39,11,0.57,1,0.05,0.26,0.05,1,0.05,0.03,1,0.05,6,0.31,16.67,16.667,0.26,0,0.1,0,0.15,0,0,0.41,37.5,2.16,45.24,0.46,0.67,0.15,30,0.36,0.72,41.55,88.83,13.56,79.85,4.38,97.65,16.86,92.97,38.2,91.36,3.09,65,18.06,29.34,0.01,0.46,0.1,0.05,0.15,33.33,0.05,6.6,85.16,1.08,33.33,0.21,25,0.31,0,5.41,80,0,NA,0,NA,0,0,0,0,NA,NA,0.21,NA,NA,0,0,0,0.05,0,0,"players_2025-09-27.xlsx","COLOMBIA_A",650000,"no","COL",NA,NA,NA,"Defensive Midfield",NA
"W. Fernández","Alianza","Alianza","AMF",27,3e+05,NA,24,1737,2,2.37,1,1.66,16.89,43.25,"Uruguay","Uruguay","izquierdo",182,77,"no",5.39,4.51,56.32,51.79,0.16,0.23,0.26,2.69,4.05,1.76,6,0.31,1,0.05,1.92,0.1,2,0.1,0.12,0,0,28,1.45,35.71,7.143,0.88,52.94,0.52,30,0.31,83.33,0.16,1.35,69.23,7.25,37.86,1.24,1.19,0.21,24.51,1.4,1.04,32.28,82.99,9.02,71.84,7.15,94.2,10.47,87.62,28.5,85.82,3.01,63.79,17.67,32.28,0.09,1.14,0,0.1,0.1,0,0.26,5.75,80.18,1.92,43.24,0.26,20,0.57,0.36,5.7,89.09,0,NA,0,NA,0,0,0,0,NA,NA,0.1,NA,NA,0.62,0.1,50,1.35,0,0,"Search results-4.xlsx","COLOMBIA_A",NA,NA,"COL","Colombia","ALV","COL_ALV","Attacking Midfield",NA
"M. Zuleta","Once Caldas","Once Caldas","LAMF",23,0,NA,33,1732,2,2.65,5,1.81,21.56,41.93,"Colombia","Colombia","derecho",170,68,"no",6.39,7.07,55.15,29.41,0.47,0.69,0.05,2.03,2.99,1.45,7,0.36,0,0,2.86,0.1,2,0.1,0.14,0,0,30,1.56,23.33,6.667,1.77,17.65,1.04,25,0.73,7.14,0.05,4.68,46.67,11.38,37.44,1.82,2.6,0.68,20.84,2.03,1.71,28.48,81.2,7.27,77.86,6.08,95.73,8.05,78.71,25.51,86.35,1.25,66.67,16.45,20.8,0.09,1.14,0.1,0.05,0.1,0,0.31,3.07,81.36,1.97,31.58,0.31,16.67,0.57,0.31,4,71.43,0,NA,0,NA,0,0,0,0,NA,NA,0.05,NA,NA,1.25,0.05,0,2.29,0,0,"Search results-4.xlsx","COLOMBIA_A",NA,NA,"COL","Colombia","ONC","COL_ONC","Attacking Midfield",NA
"M. Payares","Unión Magdalena","Unión Magdalena","LCB",30,NA,NA,17,1715,1,0.42,0,0.21,13.64,59.62,"Colombia","Colombia","derecho",183,72,NA,8.66,5.67,63.89,57.14,0.05,0.07,0.89,4.99,6.93,1.21,6,0.31,0,0,0.16,0.05,1,0.05,0.02,1,0.05,4,0.21,25,25,0.1,50,0.05,0,0.05,100,0,0.1,50,0.68,53.85,0.73,0.1,0,20.94,0.26,0.42,35.06,80.99,16.22,66.34,2.68,98.04,13.22,95.63,28.23,88.66,6.72,49.22,23.1,37.09,0.01,0.1,0,0,0,0,0.05,3.31,50.79,0.31,16.67,0.16,0,0.16,0.05,7.35,56.43,0,NA,0,NA,0,0,0,0,NA,NA,2.31,NA,NA,0,0,0,0,0,0,"players.xlsx","COLOMBIA_A",4e+05,"no","COL","Colombia","UMG","COL_UMG","Defenders",NA
"H. Palacios","Millonarios","Millonarios","RB",32,1e+06,"2025-12-31",25,1710,2,1.09,0,1.72,14,54.89,"Colombia","Colombia","derecho",181,78,"no",6.58,5.53,66.67,50,0.05,0.09,0.47,2.84,4.63,1.05,5,0.26,0,0,1.68,0.11,2,0.11,0.06,0,0,9,0.47,33.33,22.222,2.32,34.09,0,0,2.32,34.09,0.42,1.37,53.85,4.53,53.49,1.84,1.26,0.32,20,2.42,1.42,27,80.9,9.32,74.58,4.16,96.2,7.32,78.42,23.68,86.44,1.11,52.38,17.9,20.69,0.09,0.68,0.05,0,0,0,0.42,2.37,77.78,1.68,40.63,0.05,0,0.47,1,4.63,73.86,0,NA,0,NA,0,0,0,0,NA,NA,0.32,NA,NA,0,0,0,0,0,0,"Search results-4.xlsx","COLOMBIA_A",NA,NA,"COL","Colombia","MIL","COL_MIL","Defenders Wingers",NA
"Juan Zuluaga","Operário PR","Operário PR","RCMF",31,NA,NA,32,1698,3,2,0,1.94,15.37,49.31,"Colombia","Colombia","derecho",176,67,NA,7.05,6.57,68.55,44.44,0.21,0.32,0.11,2.33,3.53,1.01,3,0.16,0,0,1.64,0.16,3,0.16,0.11,2,0.11,26,1.38,34.62,11.538,1.48,32.14,0.32,50,1.17,27.27,0,1.17,40.91,4.56,30.23,1.38,0.48,0,27.88,0.85,0.48,37.84,80.67,11.24,69.34,6.41,90.08,14.36,85.98,32.54,86.16,3.87,53.42,18.97,34.1,0.1,1.22,0.11,0,0.48,44.44,0.11,6.94,71.76,2.86,40.74,0.9,29.41,1.06,0.42,5.35,78.22,0,NA,0,NA,0,0,0,0,NA,NA,0.11,NA,NA,0.05,0,0,1.17,0,0,"players_2025-09-27.xlsx","COLOMBIA_A",550000,"no","COL",NA,NA,NA,"Midfield",NA
"Jhojan Escobar","Llaneros","Llaneros","LB",25,0,NA,28,1692,0,0.82,0,0.5,16.76,52.38,"Colombia","Colombia","izquierdo",175,0,"si",7.5,5.74,72.22,40.63,0.32,0.44,0.16,3.03,4.17,1.01,5,0.27,0,0,1.81,0,0,0,0.04,0,0,11,0.59,18.18,0,1.97,32.43,1.81,35.29,0.16,0,0.11,2.13,50,5.53,42.31,0.85,1.97,0.37,18.09,2.18,0.85,26.97,76.33,11.12,66.51,4.36,92.68,6.28,86.44,22.29,84.25,2.82,45.28,17.75,23.52,0.03,0.16,0,0,0.05,0,0.05,2.55,60.42,1.97,54.05,0.16,33.33,0.53,0.53,5.69,66.36,0,NA,0,NA,0,0,0,0,NA,NA,0.37,NA,NA,0,0,0,0.16,0,0,"Search results-4.xlsx","COLOMBIA_A",NA,NA,"COL","Colombia","LNR","COL_LNR","Defenders Wingers",NA
"R. Manjarrés","Alianza","Alianza","RCMF",25,550000,NA,28,1684,1,0.75,1,1.59,17.05,47.34,"Colombia","Colombia","derecho",184,68,"no",7.48,6.89,48.06,59.46,0.86,1.15,0.16,3.31,4.46,2.08,7,0.37,1,0.05,1.28,0.05,1,0.05,0.04,0,0,16,0.86,25,6.25,0.96,50,0.64,58.33,0.32,33.33,0.21,0.91,47.06,6.36,42.86,0.59,1.07,0,21.22,0.64,1.18,32.33,80.5,10.58,69.7,6.09,93.86,11.33,86.32,27.1,84.81,4.28,60,19.14,33.9,0.08,0.75,0,0,0.21,75,0.27,5.5,67.96,2.24,54.76,0.53,40,0.8,0.48,5.67,79.25,0,NA,0,NA,0,0,0,0,NA,NA,0.37,NA,NA,0.53,0.05,0,1.34,0,0,"2Search results-9.xlsx","COLOMBIA_A",NA,NA,"COL","Colombia","ALV","COL_ALV","Midfield",NA
"D. Camacho","Deportivo Pasto","Deportivo Pasto","RW",28,5e+05,NA,29,1683,3,3.52,2,1.92,14.06,40.3,"Colombia","Colombia","derecho",178,72,"no",5.4,5.4,50.5,38.24,0.27,0.41,0,2.41,3.68,1.28,5,0.27,0,0,1.66,0.16,3,0.16,0.19,0,0,28,1.5,39.29,10.714,2.3,25.58,0,0,2.25,26.19,0.05,0.96,38.89,5.35,29,2.73,1.28,0.21,21.28,2.19,0.8,27.81,74.42,5.56,73.08,7.38,88.41,7.81,68.49,24.55,79.52,1.02,57.89,15.27,14.08,0.1,1.07,0,0,0.21,50,0.48,1.93,75,2.25,54.76,0.21,50,1.12,0.59,4.22,67.09,0,NA,0,NA,0,0,0,0,NA,NA,0.11,NA,NA,0,0,0,0.05,1,0,"2Search results-9.xlsx","COLOMBIA_A",NA,NA,"COL","Colombia","PAS","COL_PAS","Wingers",NA
"Y. Gordillo","Deportivo Cali","Deportivo Cali","RDMF",33,350000,"2025-12-31",23,1673,0,0.27,0,0,14.36,53.93,"Colombia","Colombia","derecho",176,73,"no",10.38,8.23,64.71,33.33,1.45,2.06,0.27,3.6,5.11,2.04,6,0.32,0,0,0.59,0,0,0,0.01,0,0,9,0.48,0,0,0.48,77.78,0.16,66.67,0.32,83.33,0.05,0.38,57.14,1.61,53.33,0.38,0.27,0,22.59,0.22,0.59,34.38,83.26,14.15,71.1,2.85,90.57,11.84,93.64,29.59,87.27,4.3,56.25,17.33,30.03,0,0,0,0,0,0,0,5.33,59.6,0.97,38.89,0.27,0,0.05,0.32,5.54,72.82,0,NA,0,NA,0,0,0,0,NA,NA,0.11,NA,NA,0,0,0,0,0,0,"Search results-4.xlsx","COLOMBIA_A",NA,NA,"COL","Colombia","CAL","COL_CAL","Defensive Midfield",NA
"J. Quiñónes","Deportivo Cali","Deportivo Cali","RCB",35,350000,NA,23,1672,2,1.43,0,0,8.94,68.07,"Colombia","Colombia","derecho",195,84,"no",6.3,3.39,65.08,74.36,0.16,0.23,0.65,3.93,5.67,0.97,7,0.38,0,0,0.32,0.11,2,0.11,0.08,2,0.11,11,0.59,36.36,18.182,0.05,100,0,0,0.05,100,0,0.05,100,0.27,80,0.86,0.11,0,21.05,0.16,0.27,29.34,84.77,13.19,70.61,1.35,100,12.86,97.49,23.58,91.78,5.71,55.66,21.31,34.71,0,0,0,0,0,0,0.05,3.61,53.73,0.22,25,0.54,40,0.11,0.05,5.6,68.27,0,NA,0,NA,0,0,0,0,NA,NA,1.08,NA,NA,0,0,0,0,0,0,"Search results-4.xlsx","COLOMBIA_A",NA,NA,"COL","Colombia","CAL","COL_CAL","Defenders",NA
"E. Peralta Villamayor","Boyacá Chicó","Boyacá Chicó","RCB",24,0,NA,18,1668,0,0.33,0,0.21,10.63,60.91,"Paraguay","Paraguay",NA,0,0,"no",8.96,5.83,73.15,43.75,0.32,0.47,0.76,4.37,6.31,0.86,4,0.22,0,0,0.05,0,0,0,0.02,0,0,3,0.16,0,0,0.05,0,0,0,0.05,0,0,0.11,50,0.27,40,0.38,0.22,0,15.86,0.16,0.38,29.24,83.76,12.57,71.24,0.76,85.71,13.6,95.63,23.2,89.53,5.99,62.16,23.91,36.64,0.01,0.11,0,0,0,0,0.05,3.35,54.84,0.05,0,0,0,0.05,0,6.74,68.8,0,NA,0,NA,0,0,0,0,NA,NA,0.49,NA,NA,0,0,0,0,0,0,"Search results-4.xlsx","COLOMBIA_A",NA,NA,"COL","Colombia","BYC","COL_BYC","Defenders",NA
"N. Castrillón","América de Cali U15","América de Cali U15","RB",29,NA,NA,19,1664,1,1.33,1,1.39,13.9,50.58,"Colombia","Colombia","derecho",183,79,NA,6.11,5.52,63.73,49.25,0.16,0.23,0.16,2.43,3.44,1.19,0,0,0,0,1.41,0.05,1,0.05,0.07,1,0.05,13,0.7,30.77,7.692,1.57,27.59,0.27,20,1.3,29.17,0.16,1.08,65,3.08,36.84,0.81,0.49,0.11,16.39,1.51,0.32,23.58,81.42,7.09,67.94,4.27,96.2,7.52,83.45,19.69,88.46,2.38,59.09,18.89,27.6,0.08,0.49,0.05,0,0.05,100,0.27,2.81,67.31,1.73,53.13,0.32,83.33,0.59,0.43,4.33,76.25,0,NA,0,NA,0,0,0,0,NA,NA,0.38,NA,NA,0,0,0,0,0,0,"players_2025-09-27.xlsx","COLOMBIA_A",4e+05,"no","COL",NA,NA,NA,"Defenders Wingers",NA
"S. Merheg","Deportivo Pereira","Deportivo Pereira","CF",18,0,NA,24,1663,5,5.32,2,0.62,21.76,31.84,"Colombia","Colombia","derecho",186,0,"no",3.9,4,54.05,33.83,0.22,0.33,0.11,1.52,2.29,1.95,5,0.27,0,0,1.3,0.27,5,0.27,0.29,0,0,30,1.62,40,16.667,0.16,66.67,0.05,100,0.11,50,0.05,1.41,38.46,7.04,23.85,2.81,0.65,0,7.85,1.19,0.7,9.96,78.8,2.33,60.47,2.38,93.18,3.03,80.36,9.42,79.89,0.38,57.14,14.77,8.45,0.03,0.32,0.05,0.05,0.11,0,0.11,1.03,57.89,0.32,33.33,0.16,33.33,0.32,0.11,0.6,72.73,0,NA,0,NA,0,0,0,0,NA,NA,0,NA,NA,0,0,0,0,0,0,"Search results-4.xlsx","COLOMBIA_A",NA,NA,"COL","Colombia","PER","COL_PER","Forwards",NA
"J. Navia","Junior","Junior","LB",22,NA,NA,21,1657,0,0.34,0,0.59,16.89,47.91,"Colombia","Colombia","izquierdo",180,72,NA,8.26,7.06,64.62,40.38,0.22,0.33,0.22,3.48,5.27,1.25,5,0.27,0,0,1.68,0,0,0,0.02,0,0,6,0.33,33.33,0,2.23,36.59,2.17,37.5,0,0,0.05,1.74,43.75,5.49,29.7,1.09,1.41,0.05,20.31,2.5,0.49,27.81,81.25,9.23,70,4.94,97.8,8.8,86.42,22.98,89.13,2.66,51.02,19.27,26.44,0.03,0.33,0.11,0.05,0.05,0,0.22,2.88,69.81,1.79,51.52,0.05,100,0.16,0.81,5.59,70.87,0,NA,0,NA,0,0,0,0,NA,NA,0.05,NA,NA,0,0,0,0,0,0,"players_2025-09-27.xlsx","COLOMBIA_A",0,"no","COL","Colombia","JNR","COL_JNR","Defenders Wingers",NA
"D. Mendoza","Junior","Junior","LCMF",24,NA,NA,25,1641,0,0.38,2,0.5,13.33,49.38,"Colombia","Colombia","derecho",177,71,NA,8.78,6.47,58.47,26.67,0.6,0.84,0.38,4.39,6.12,1.32,6,0.33,0,0,0.6,0,0,0,0.02,0,0,11,0.6,27.27,0,0.27,20,0,0,0.27,20,0,0.6,63.64,3.18,44.83,0.11,0.55,0.05,25.23,0.33,0.88,36.75,85.22,11.74,70.56,5.98,95.41,14.04,90.23,32.52,90.22,3.95,48.61,20.14,26.57,0.03,0.49,0,0,0,0,0.11,5.27,67.71,0.6,27.27,0.38,42.86,0.16,0,6.31,71.3,0,NA,0,NA,0,0,0,0,NA,NA,0.33,NA,NA,0.11,0.05,100,0.11,0,0,"players_2025-09-27.xlsx","COLOMBIA_A",150000,"no","COL","Colombia","JNR","COL_JNR","Midfield",NA
"J. Pereira","Millonarios","Millonarios","RCMF",32,550000,"2025-12-31",25,1638,2,1.56,1,0.94,9.07,50.3,"Colombia","Colombia","derecho",182,75,"no",6.32,3.46,61.9,61.9,0.44,0.66,0.11,3.74,5.6,0.88,5,0.27,2,0.11,0.77,0.11,2,0.11,0.09,0,0,21,1.15,28.57,9.524,0.44,25,0.27,20,0.16,33.33,0,0.6,45.45,2.58,36.17,0.49,0.71,0,33.19,0.82,0.38,43.9,89.61,13.52,81.71,5.77,98.1,17.31,92.38,39.62,92.09,3.9,71.83,18.14,29.71,0.05,0.71,0,0,0.05,100,0.33,7.42,86.67,1.7,45.16,0.6,36.36,0.55,0.05,6.7,82.79,0,NA,0,NA,0,0,0,0,NA,NA,0.22,NA,NA,0,0,0,0,0,0,"2Search results-9.xlsx","COLOMBIA_A",NA,NA,"COL","Colombia","MIL","COL_MIL","Midfield",NA
"B. Agrón","Envigado","Envigado","LCB",24,450000,NA,19,1618,0,0.35,0,0.08,11.4,59.51,"Colombia","Colombia","izquierdo",184,0,"no",8.23,5.67,66.67,51.35,0.5,0.67,0.39,3.95,5.31,0.67,3,0.17,1,0.06,0.72,0,0,0,0.02,0,0,9,0.5,22.22,0,0.11,0,0.06,0,0.06,0,0,0.89,68.75,2.39,46.51,0.44,0.78,0.06,18.8,0.56,0.61,31.15,81.61,13.91,72,2.78,98,10.23,89.13,26.37,89.87,4.78,36.05,20.73,36.25,0,0.22,0,0,0.06,0,0.06,3.84,59.42,0.61,36.36,0.28,20,0.33,0,6.67,55.83,0,NA,0,NA,0,0,0,0,NA,NA,1.61,NA,NA,0,0,0,0,0,0,"Search results-4.xlsx","COLOMBIA_A",NA,NA,"COL","Colombia","ENV","COL_ENV","Defenders",NA
"J. Largacha","Deportivo Pereira","Deportivo Pereira","RAMF",21,0,"2027-12-31",25,1613,1,1.94,2,1.65,19.58,40.74,"Colombia","Colombia","derecho",168,58,"si",4.58,4.85,57.47,38,0.5,0.77,0,1.28,1.97,1.45,6,0.33,1,0.06,2.68,0.06,1,0.06,0.11,0,0,34,1.9,29.41,2.941,3.52,17.46,0.33,0,3.12,17.86,0.39,3.07,49.09,9.49,34.71,3.07,1.12,0,15.46,1.56,0.89,20.25,68.32,4.02,65.28,4.91,90.91,6.14,52.73,15.23,82.78,1.67,43.33,19,26.76,0.09,0.5,0.11,0,0.06,0,0.33,2.12,52.63,2.46,36.36,0.22,25,0.61,0.56,2.68,81.25,0,NA,0,NA,0,0,0,0,NA,NA,0.22,NA,NA,0,0,0,0.78,0,0,"Search results-4.xlsx","COLOMBIA_A",NA,NA,"COL","Colombia","PER","COL_PER","Attacking Midfield",NA
"J. Garcia","Atlético Bucaramanga","Atlético Bucaramanga","LCB",22,NA,"2025-12-31",18,1611,0,0.24,1,0.6,12.4,55.41,"Colombia","Colombia","unknown",188,0,NA,9.16,5.42,65.98,44.3,0.06,0.09,0.78,5.53,8.63,1.68,5,0.28,0,0,0.56,0,0,0,0.01,0,0,5,0.28,0,0,0.22,50,0.22,50,0,0,0,0.45,87.5,1.28,52.17,0.5,0.34,0,19.33,0.5,0.34,31.84,81.58,16.76,74,2.23,95,9.72,90.23,26.54,87.79,5.08,50.55,22.37,43.26,0.03,0.17,0,0.06,0.06,100,0.17,3.91,57.14,0.22,25,0.11,0,0.17,0.11,8.04,62.5,0,NA,0,NA,0,0,0,0,NA,NA,1.4,NA,NA,0,0,0,0,0,0,"players_2025-09-27.xlsx","COLOMBIA_A",0,"si","COL","Colombia","BUC","COL_BUC","Defenders",NA
"Kelvin Flórez","Fortaleza","Fortaleza","LW",21,0,NA,28,1607,3,3.11,3,1.72,19.04,42.94,"Colombia","Colombia","derecho",177,64,"si",7,5.15,60.87,28,0.34,0.52,0.17,3.53,5.45,0.56,4,0.22,1,0.06,3.47,0.17,3,0.17,0.17,1,0.06,39,2.18,25.64,7.692,1.74,25.81,0.9,18.75,0.78,35.71,0.22,4.7,50,10.92,37.95,3.42,2.97,0.17,17.64,2.41,1.57,21.73,74.23,4.87,66.67,5.54,94.95,6.78,66.94,18.65,80.18,1.57,53.57,17.26,18.9,0.1,0.78,0.11,0,0.11,100,0.34,2.02,55.56,1.79,50,0.17,0,0.95,0.45,3.08,70.91,0,NA,0,NA,0,0,0,0,NA,NA,0.11,NA,NA,0.11,0,0,0.17,0,0,"Search results-4.xlsx","COLOMBIA_A",NA,NA,"COL","Colombia","FOZ","COL_FOZ","Wingers",NA
"L. Flores","Atlético Bucaramanga","Atlético Bucaramanga","LCMF",30,NA,NA,29,1602,4,2.04,2,2.55,14.66,51.72,"Venezuela","Venezuela","izquierdo",176,70,NA,7.81,6.4,63.16,48.39,0.56,0.91,0.28,3.2,5.17,0.96,6,0.34,2,0.11,2.13,0.22,4,0.22,0.11,0,0,20,1.12,45,20,2.02,44.44,1.52,44.44,0.39,42.86,0.11,1.07,57.89,4.83,45.35,1.18,1.35,0,32.47,1.12,1.52,45.56,79.04,16.74,68.46,6.4,94.74,15.96,85.21,38.43,83.63,5.11,58.24,19.47,36.5,0.14,1.46,0,0,0.22,50,0.39,9.04,77.02,3.31,52.54,0.62,54.55,1.12,0.79,10.22,76.92,0,NA,0,NA,0,0,0,0,NA,NA,0.28,NA,NA,0.73,0,0,1.74,0,0,"players_2025-09-27.xlsx","COLOMBIA_A",4e+05,"no","COL","Colombia","BUC","COL_BUC","Midfield",NA
"J. Valencia","Medellín","Medellín","LAMF",25,NA,NA,33,1598,3,2.95,2,1.27,20.89,45.28,"Colombia","Colombia","izquierdo",188,80,NA,6.03,4.34,67.53,36.99,0.11,0.17,0.11,2.98,4.64,0.68,3,0.17,0,0,3.15,0.17,3,0.17,0.17,0,0,29,1.63,37.93,10.345,2.82,32,2.76,30.61,0,0,0.23,3.44,45.9,10.64,39.68,2.82,2.25,0.11,20.67,2.59,0.96,26.98,75.37,6.36,57.52,7.32,95.38,7.43,71.21,22.92,82.8,1.41,40,17.9,19.17,0.07,0.9,0.06,0,0.17,33.33,0.39,2.48,52.27,3.32,44.07,0.51,22.22,0.79,0.96,3.66,70.77,0,NA,0,NA,0,0,0,0,NA,NA,0,NA,NA,0,0,0,0,0,0,"players_2025-09-27.xlsx","COLOMBIA_A",3e+05,"no","COL","Colombia","MDL","COL_MDL","Attacking Midfield",NA
"M. Martínez","Unión Magdalena","Unión Magdalena","CF",27,NA,NA,29,1592,2,4.64,1,0.56,18.2,41.61,"Colombia","Colombia","derecho",175,70,NA,3.28,3.39,56.67,39.77,0.4,0.59,0.11,0.96,1.43,1.07,3,0.17,1,0.06,1.81,0.11,2,0.11,0.26,1,0.06,32,1.81,43.75,6.25,0.57,10,0.34,0,0.23,25,0.06,1.64,55.17,7.46,39.39,2.66,0.62,0.06,11.02,1.92,2.43,14.47,78.52,3.05,64.81,4.35,90.91,3.79,70.15,13.23,83.33,0.79,35.71,13.26,9.91,0.03,0.57,0,0,0.23,25,0.17,1.87,78.79,0.57,40,0.4,14.29,0.4,0.06,1.64,65.52,0,NA,0,NA,0,0,0,0,NA,NA,0,NA,NA,0,0,0,0.11,0,0,"players_2025-09-27.xlsx","COLOMBIA_A",4e+05,"si","COL","Colombia","UMG","COL_UMG","Forwards",NA
"J. Castaño","Once Caldas","Once Caldas","RCB",27,0,NA,24,1592,1,0.27,0,0.02,16.06,61.97,"Colombia","Colombia","unknown",0,0,"no",12.55,7.18,75.59,53,0.9,1.28,1.24,6.22,8.78,0.96,6,0.34,1,0.06,0.28,0.06,1,0.06,0.02,1,0.06,3,0.17,66.67,33.333,0.28,40,0.11,50,0.17,33.33,0,0.23,25,1.07,42.11,0.11,0.17,0.06,16.51,0.68,0.4,28.89,77.89,14.08,69.48,2.71,91.67,9.95,86.93,23.52,84.38,5.14,49.45,21.58,34.24,0,0.11,0,0,0,0,0,3.17,66.07,0.4,28.57,0,0,0,0.11,7.01,57.26,0,NA,0,NA,0,0,0,0,NA,NA,1.81,NA,NA,0,0,0,0,0,0,"2Search results-9.xlsx","COLOMBIA_A",NA,NA,"COL","Colombia","ONC","COL_ONC","Defenders",NA
"A. Ricaurte","Fortaleza","Fortaleza","AMF",33,3e+05,NA,30,1588,2,1.06,2,1.91,12.02,46.23,"Colombia","Colombia","izquierdo",182,75,"no",4.93,3.57,55.56,37.5,0.51,0.85,0.11,2.44,4.04,1.25,3,0.17,1,0.06,1.47,0.11,2,0.11,0.06,0,0,19,1.08,31.58,10.526,1.08,52.63,0.68,50,0.4,57.14,0.11,0.68,50,5.89,43.27,0.57,1.02,0.06,37.75,0.91,1.87,48.06,82.55,14.91,65.02,10.26,96.69,16.78,87.84,40.64,88.42,6.35,50,19.93,31.71,0.11,1.59,0,0,0.51,44.44,0.34,10.09,66.85,5.27,43.01,1.7,33.33,1.64,0.62,8.5,78.67,0,NA,0,NA,0,0,0,0,NA,NA,0.57,NA,NA,0.79,0.06,0,2.27,0,0,"Search results-4.xlsx","COLOMBIA_A",NA,NA,"COL","Colombia","FOZ","COL_FOZ","Attacking Midfield",NA
"F. Acosta","La Equidad","La Equidad","RCMF",31,NA,NA,18,1574,0,1.59,0,0.28,15.61,50.18,"Colombia","Colombia, Spain","derecho",192,70,NA,8.06,6.29,54.55,53.97,0.57,0.79,0.4,4.06,5.58,1.2,5,0.29,0,0,0.86,0,0,0,0.09,0,0,30,1.72,23.33,0,0.46,37.5,0.11,50,0.34,33.33,0.06,0.57,40,3.72,38.46,1.14,0.86,0.17,24.13,0.51,1.2,34.65,81.85,11.09,67.01,5.95,90.38,12.75,89.24,30.13,86.15,4.12,55.56,18.9,32.78,0.02,0.46,0.06,0,0.23,25,0.17,6.35,66.67,1.54,48.15,0.57,10,0.51,0.11,5.83,72.55,0,NA,0,NA,0,0,0,0,NA,NA,0.57,NA,NA,0,0,0,0,0,0,"players.xlsx","COLOMBIA_A",6e+05,"no","COL","Colombia","EQU","COL_EQU","Midfield","MIDFIELD_LA_EQUIDAD_F_ACOSTA.png"
"R. Colpa","Unión Magdalena","Unión Magdalena","LDMF",30,NA,NA,27,1568,2,1.37,0,0.34,13.03,48.02,"Colombia","Colombia","derecho",180,76,NA,7.58,6.49,53.98,52.83,0.34,0.49,0.17,3.73,5.31,1.38,7,0.4,1,0.06,0.57,0.11,2,0.11,0.08,2,0.11,11,0.63,54.55,18.182,0.17,66.67,0.11,50,0.06,100,0.06,0.29,40,2.3,25,0.8,0.46,0.11,21.47,0.46,0.63,32.32,83.84,10.73,74.87,3.62,87.3,12.46,90.78,30.19,85.36,1.95,61.76,16.18,17.78,0.02,0.23,0,0,0,0,0.11,3.85,76.12,0.23,75,0.06,0,0.23,0.06,5.17,62.22,0,NA,0,NA,0,0,0,0,NA,NA,0.17,NA,NA,0,0,0,0,0,0,"players_2025-09-27.xlsx","COLOMBIA_A",4e+05,"si","COL","Colombia","UMG","COL_UMG","Defensive Midfield",NA
"Y. Moreno","Junior","Junior","RB",21,NA,NA,21,1567,0,0.5,2,2.21,13.1,49.56,"Colombia","Colombia","derecho",184,76,NA,8.62,5.63,65.31,57.58,0.34,0.52,0.29,4.59,6.98,0.52,2,0.11,0,0,1.78,0,0,0,0.03,0,0,10,0.57,20,0,3.45,35,0,0,3.45,35,0.29,1.26,36.36,3.91,29.41,0.8,0.92,0.11,22,2.18,0.52,30.84,77.09,10.28,65.92,4.71,96.34,10.51,78.69,25.27,86.36,2.24,35.9,19.01,30.35,0.13,0.57,0.06,0.06,0.06,0,0.29,4.08,64.79,2.81,40.82,0.17,0,0.23,1.21,7.01,69.67,0,NA,0,NA,0,0,0,0,NA,NA,0.52,NA,NA,0,0,0,0,0,0,"players_2025-09-27.xlsx","COLOMBIA_A",0,"no","COL","Colombia","JNR","COL_JNR","Defenders Wingers",NA
"L. Ramos","América de Cali","América de Cali","CF",25,4e+05,"2026-12-31",28,1552,7,5.51,2,0.2,19.08,31.61,"Peru","Peru","derecho",183,76,"si",3.36,2.67,54.35,34.68,0.12,0.17,0.29,1.8,2.62,1.33,4,0.23,0,0,1.57,0.41,7,0.41,0.32,2,0.12,33,1.91,57.58,21.212,0.64,36.36,0.29,40,0.35,33.33,0.06,0.52,44.44,6.49,20.54,3.25,0.29,0,11.95,2.09,0.93,15.31,74.62,2.9,40,4.87,94.05,3.94,76.47,14.21,76.73,0.46,62.5,13.25,7.83,0.01,0.41,0,0,0.12,0,0.23,0.7,66.67,1.04,55.56,0.12,0,0.46,0.29,1.1,57.89,0,NA,0,NA,0,0,0,0,NA,NA,0,NA,NA,0,0,0,0,0,0,"Search results-4.xlsx","COLOMBIA_A",NA,NA,"COL","Colombia","AME","COL_AME","Forwards",NA
"D. Ramírez","Santa Fe","Santa Fe","CB",23,NA,NA,22,1550,0,0.85,0,0,13.47,59.05,"Colombia","Colombia","izquierdo",190,80,NA,9.99,7.55,66.15,56.9,0.35,0.53,0.58,4.65,7.02,1.45,4,0.23,0,0,0.29,0,0,0,0.05,0,0,8,0.46,0,0,0.12,0,0.12,0,0,0,0,0.35,66.67,0.58,50,0.81,0.46,0,18.64,0.17,0.06,31.12,85.82,12.14,74.64,1.22,95.24,14.81,93.73,27.12,90.58,3.89,55.22,23.02,34.86,0,0,0,0,0.12,50,0,3.6,74.19,0.29,0,0.12,100,0.06,0.06,5.81,69,0,NA,0,NA,0,0,0,0,NA,NA,0.87,NA,NA,0,0,0,0,0,0,"players_2025-09-27.xlsx","COLOMBIA_A",450000,"no","COL","Colombia","STF","COL_STF","Defenders",NA
"J. Ramos","Águilas Doradas","Águilas Doradas","CF",32,NA,NA,23,1545,3,5.01,2,0.34,25.34,45.52,"Colombia","Colombia","derecho",183,73,NA,3.44,2.97,60.78,46.82,0.47,0.76,0.12,1.17,1.89,1.57,6,0.35,0,0,0.93,0.17,2,0.12,0.29,1,0.06,31,1.81,29.03,9.677,0.35,33.33,0.06,100,0.29,20,0,0.29,60,3.73,35.94,3.32,0,0,5.77,1.81,1.34,10.83,72.58,1.98,64.71,2.62,86.67,3.73,65.63,10.08,75.72,0.47,37.5,14.19,9.39,0.02,0.41,0,0,0.12,100,0.23,1.05,66.67,0.64,36.36,0.12,100,0.52,0.06,1.11,68.42,0,NA,0,NA,0,0,0,0,NA,NA,0,NA,NA,0,0,0,0,1,100,"players_2025-09-27.xlsx","COLOMBIA_A",2e+05,"no","COL","Colombia","AGD","COL_AGD","Forwards",NA
"F. Castañeda","Banfield","Banfield","LW",31,NA,NA,27,1536,8,5.53,3,3.11,17.46,42.62,"Colombia","Colombia","derecho",172,70,NA,4.92,4.45,56.58,33.33,0.18,0.28,0,2.23,3.5,0.88,3,0.18,0,0,4.39,0.47,7,0.41,0.32,0,0,36,2.11,44.44,22.222,3.28,46.43,1,52.94,2.29,43.59,0.35,3.28,51.79,9.9,41.42,2.93,2.23,0.47,25.49,2.75,2.17,33.87,80.1,6.39,64.22,10.08,95.35,10.96,77.01,28.54,85.42,2.29,58.97,18.02,22.72,0.18,1.99,0,0,0.29,80,0.53,2.46,69.05,3.57,62.3,0.59,60,1.05,1.35,4.75,81.48,0,NA,0,NA,0,0,0,0,NA,NA,0.06,NA,NA,1.11,0.23,0,2.46,1,100,"players_2025-09-27.xlsx","COLOMBIA_A",450000,"no","COL",NA,NA,NA,"Wingers",NA
"J. Melendez","Santa Fe","Santa Fe","RB",23,6e+05,"2026-06-30",29,1533,2,1.13,0,0.67,16.09,55.84,"Colombia","Colombia","derecho",182,73,"no",10.04,7.75,67.42,53.85,0.7,0.98,0.23,4.11,5.74,1.06,6,0.35,0,0,1.41,0.12,1,0.06,0.07,0,0,6,0.35,33.33,33.333,1.17,25,0,0,1.17,25,0,1.47,64,4.52,42.86,0.76,1.17,0.18,17.03,1.17,0.35,27.83,78.69,11.27,72.4,3.76,87.5,8.22,80,23.31,84.63,3.41,55.17,19.26,28.07,0.04,0.53,0.06,0,0.06,100,0.18,4.64,68.35,1.82,45.16,0.47,62.5,0.7,0.29,6.52,71.17,0,NA,0,NA,0,0,0,0,NA,NA,0.18,NA,NA,0,0,0,0.06,1,100,"2Search results-9.xlsx","COLOMBIA_A",NA,NA,"COL","Colombia","STF","COL_STF","Defenders Wingers",NA
"J. Herrera","Atlético Huila","Atlético Huila","LB",29,NA,NA,20,1532,0,0.27,1,2.12,14.04,52.3,"Colombia","Colombia","izquierdo",177,67,NA,8.58,5.23,67.42,50,0.53,0.71,0.18,4.52,6.06,1.06,5,0.29,0,0,1.88,0,0,0,0.02,0,0,16,0.94,37.5,0,2.7,32.61,2.7,32.61,0,0,0.29,1.76,36.67,4.64,32.91,0.23,0.94,0,17.86,1.53,0.94,27.55,77.61,10.22,70.69,4.82,90.24,7.99,77.21,21.68,86.45,3.35,52.63,20.03,27.55,0.12,0.76,0.06,0,0,0,0.29,3.94,68.66,2.29,46.15,0.29,40,0.29,1,5.99,70.59,0,NA,0,NA,0,0,0,0,NA,NA,0.41,NA,NA,0.94,0.12,0,0.53,0,0,"players_2025-09-27.xlsx","COLOMBIA_A",1e+05,"no","COL","Colombia","HUI","COL_HUI","Defenders Wingers",NA
"C. Hinestroza","Fortaleza","Fortaleza","LB",35,NA,NA,25,1526,0,1.06,2,1.51,14.8,43.82,"Colombia","Colombia","izquierdo",172,71,NA,6.96,5.48,60.22,33.96,0.29,0.53,0.06,3.36,6.06,1.18,2,0.12,0,0,2.01,0,0,0,0.06,0,0,8,0.47,25,0,3.6,32.79,3.54,31.67,0.06,100,0.35,1.24,52.38,4.31,31.51,0.53,1.06,0.29,25.66,2.48,0.88,37.1,76.15,12.5,69.81,5.9,95,11.26,72.77,30.26,83.82,3.6,52.46,19.89,33.43,0.09,1.06,0,0,0.12,50,0.47,4.01,72.06,3.42,37.93,0.29,20,0.59,1.12,8.55,69.66,0,NA,0,NA,0,0,0,0,NA,NA,0.18,NA,NA,0.65,0.12,50,0.41,1,0,"players_2025-09-27.xlsx","COLOMBIA_A",1e+05,"no","COL","Colombia","FOZ","COL_FOZ","Defenders Wingers",NA
"S. Giordana","Millonarios","Millonarios","CF",30,7e+05,"2026-12-31",39,1523,4,4.7,3,1,17.55,40.4,"Argentina","Argentina","derecho",177,73,"no",4.2,3.96,49.25,37.88,0.41,0.67,0.06,1.83,2.98,1.71,7,0.41,1,0.06,2.13,0.24,4,0.24,0.28,2,0.12,41,2.42,34.15,9.756,1.18,15,0.53,22.22,0.65,9.09,0.12,1.95,45.45,6.26,34.91,3.6,0.83,0.06,11.76,1.3,1.42,15.72,69.17,3.43,50,3.72,90.48,4.37,67.57,13.77,73.82,0.83,64.29,18.09,10.54,0.06,0.95,0.06,0.06,0.24,100,0.35,1.65,60.71,1.36,13.04,0.24,100,0.65,0.3,1.6,70.37,0,NA,0,NA,0,0,0,0,NA,NA,0,NA,NA,0,0,0,0.06,1,0,"2Search results-9.xlsx","COLOMBIA_A",NA,NA,"COL","Colombia","MIL","COL_MIL","Forwards",NA
"J. Martínez","Junior","Junior","GK",32,350000,"2026-12-31",16,1521,0,0,0,0,1.12,94.74,"Colombia","Colombia","derecho",188,85,"no",1.18,0.12,50,100,0,0,0,1.12,1.74,0,2,0.12,0,0,0,0,0,0,0,0,0,0,0,0,0,0,0,0,0,0,0,0,0,0,0.12,100,0,0,0,8.05,0.3,0.24,14.02,84.81,8.22,75.54,0,0,5.15,97.7,10.06,97.65,3.91,53.03,33.9,51.52,0,0,0,0,0,0,0,1.07,33.33,0.18,33.33,0,0,0.06,0,3.31,73.21,14,0.83,73,4.32,5,80.82,17.55,1.04,3.55,0.21,0,1.48,0.65,NA,NA,NA,0,0,0,"2Search results-9.xlsx","COLOMBIA_A",NA,NA,"COL","Colombia","JNR","COL_JNR","Goalkeepers",NA
"C. Varela","La Equidad","La Equidad","GK",25,NA,NA,15,1520,0,0,0,0,0.47,75,"Venezuela","Venezuela, Colombia","izquierdo",189,75,NA,2.01,0.06,0,83.33,0.06,0.08,0,1.95,2.64,0,2,0.12,0,0,0,0,0,0,0,0,0,0,0,0,0,0,0,0,0,0,0,0,0,0,0.06,100,0,0.18,0,9.95,0.18,0.12,20.37,74.71,14.15,64.85,0,0,5.8,98.98,10.72,98.34,9.65,48.47,37.65,53.15,0,0,0,0,0,0,0,4.26,36.11,0.53,11.11,0.47,25,0.06,0,6.22,74.29,27,1.6,70,4.14,3,61.43,21.83,1.29,-5.17,-0.306,0,1.13,0.36,NA,NA,NA,0,0,0,"players.xlsx","COLOMBIA_A",3e+05,"no","COL","Colombia","EQU","COL_EQU","Goalkeepers","GOALKEEPERS_LA_EQUIDAD_C_VARELA.png"
"C. Varela","Deportivo La Guaira","Deportivo La Guaira","GK",25,NA,NA,15,1520,0,0,0,0,0.47,75,"Venezuela","Venezuela, Colombia","izquierdo",189,75,NA,2.01,0.06,0,83.33,0.06,0.08,0,1.95,2.64,0,2,0.12,0,0,0,0,0,0,0,0,0,0,0,0,0,0,0,0,0,0,0,0,0,0,0.06,100,0,0.18,0,9.95,0.18,0.12,20.37,74.71,14.15,64.85,0,0,5.8,98.98,10.72,98.34,9.65,48.47,37.65,53.15,0,0,0,0,0,0,0,4.26,36.11,0.53,11.11,0.47,25,0.06,0,6.22,74.29,27,1.6,70,4.14,3,61.43,21.83,1.29,-5.17,-0.306,0,1.13,0.36,NA,NA,NA,0,0,0,"players_2025-09-27.xlsx","COLOMBIA_A",3e+05,"no","COL",NA,NA,NA,"Goalkeepers",NA
"S. Jiménez","Deportivo Pasto","Deportivo Pasto","RCB",27,NA,NA,23,1519,0,0.36,0,0.98,15.76,56.77,"Colombia","Colombia","derecho",180,70,NA,8.95,7.23,67.21,51.11,0.47,0.78,0.24,3.61,5.98,1.3,8,0.47,0,0,1.66,0,0,0,0.02,0,0,13,0.77,7.69,0,2.01,26.47,0.12,50,1.9,25,0.12,1.36,69.57,3.79,40.63,0.71,1.96,0.12,26.19,1.42,0.77,38.87,78.35,16.65,73.31,4.8,90.12,11.32,80.63,31.34,86.01,5.63,54.74,19.23,35.06,0.06,0.71,0.12,0,0.18,66.67,0.18,7.76,67.94,1.96,45.45,0.3,40,0.53,0.47,9.01,75.66,0,NA,0,NA,0,0,0,0,NA,NA,0.53,NA,NA,0,0,0,0,0,0,"players_2025-09-27.xlsx","COLOMBIA_A",350000,"no","COL","Colombia","PAS","COL_PAS","Defenders",NA
"J. Palacios","Medellín","Medellín","RCB",25,NA,NA,19,1517,0,0.58,0,0.01,11.21,67.2,"Colombia","Colombia","derecho",188,81,NA,9.2,5.81,67.35,74.07,0.24,0.34,0.83,5.04,7.29,1.19,4,0.24,0,0,0.12,0,0,0,0.03,0,0,7,0.42,0,0,0.24,0,0,0,0.24,0,0,0.12,100,0.36,66.67,0.47,0.24,0.06,14,0.06,0.18,24.26,86.55,10.62,76.54,1.54,92.31,9.73,94.51,21.12,92.42,2.97,50,20.94,30.83,0,0.06,0,0,0,0,0.12,3.14,69.81,0.3,0,0.18,33.33,0,0,4.86,71.95,0,NA,0,NA,0,0,0,0,NA,NA,1.01,NA,NA,0,0,0,0,0,0,"players_2025-09-27.xlsx","COLOMBIA_A",4e+05,"no","COL","Colombia","MDL","COL_MDL","Defenders",NA
"D. Alfonzo","Águilas Doradas","Águilas Doradas","RB",24,NA,"2026-12-31",18,1517,0,0.45,1,1.17,17.44,58.5,"Venezuela","Venezuela","derecho",178,72,NA,11.69,9.79,67.27,46.67,0.42,0.63,0.06,4.69,7.07,1.66,5,0.3,0,0,1.66,0,0,0,0.03,0,0,11,0.65,9.09,0,2.37,42.5,0,0,2.37,42.5,0.06,1.13,52.63,4.09,37.68,0.77,1.01,0,21.3,1.72,0.89,31.27,74.95,12.28,61.84,4.63,98.72,9.31,79.62,25.21,82.35,3.86,47.69,19.24,37.13,0.07,0.42,0.06,0,0,0,0.12,4.09,62.32,2.14,47.22,0.24,0,0.36,0.89,7.12,65.83,0,NA,0,NA,0,0,0,0,NA,NA,0.36,NA,NA,0.06,0,0,0,0,0,"players_2025-09-27.xlsx","COLOMBIA_A",9e+05,"si","COL","Colombia","AGD","COL_AGD","Defenders Wingers",NA
"J. Mercado","Unión Magdalena","Unión Magdalena","RCMF",22,0,NA,22,1514,1,1.43,1,0.55,15.04,46.25,"Colombia","Colombia","derecho",0,0,"no",6.78,7.25,52.46,48.28,0.24,0.32,0.18,2.73,3.67,1.55,2,0.12,0,0,2.02,0.06,1,0.06,0.09,0,0,24,1.43,45.83,4.167,0.71,25,0.12,0,0.59,30,0.06,1.72,55.17,4.82,38.27,0.71,1.55,0.18,32.46,0.48,0.83,43.57,83.22,16.41,74.28,4.34,91.78,17.36,89.04,37.39,87.6,5.47,60.87,21.25,36.55,0.03,0.42,0,0,0.42,57.14,0.18,9.51,78.13,2.08,48.57,0.89,40,0.71,0.18,8.86,77.85,0,NA,0,NA,0,0,0,0,NA,NA,0.42,NA,NA,0.12,0,0,0.12,0,0,"Search results-4.xlsx","COLOMBIA_A",NA,NA,"COL","Colombia","UMG","COL_UMG","Midfield",NA
"C. Ramírez","Envigado","Envigado","LCB",37,NA,NA,16,1510,0,0.94,0,0.02,7.39,58.87,"Colombia","Colombia","izquierdo",182,81,NA,6.02,2.98,70,54.9,0.3,0.4,0.54,3.64,4.93,0.6,4,0.24,0,0,0.06,0,0,0,0.06,0,0,15,0.89,0,0,0.06,0,0.06,0,0,0,0,0.12,50,0.18,66.67,0.24,0.06,0.06,23.01,0.3,0.24,34.45,83.56,18.48,74.19,0.95,100,13.17,95.02,26.94,92.92,7.45,50.4,24.96,43,0,0.06,0,0,0,0,0,3.46,58.62,0.42,0,0.18,0,0,0,7.51,65.87,0,NA,0,NA,0,0,0,0,NA,NA,0.72,NA,NA,0.6,0.54,0,0,1,0,"players.xlsx","COLOMBIA_A",125000,"no","COL","Colombia","ENV","COL_ENV","Defenders",NA
"C. Ramírez","Real Cartagena","Real Cartagena","LCB",37,NA,NA,16,1510,0,0.94,0,0.02,7.39,58.87,"Colombia","Colombia","izquierdo",182,81,NA,6.02,2.98,70,54.9,0.3,0.4,0.54,3.64,4.93,0.6,4,0.24,0,0,0.06,0,0,0,0.06,0,0,15,0.89,0,0,0.06,0,0.06,0,0,0,0,0.12,50,0.18,66.67,0.24,0.06,0.06,23.01,0.3,0.24,34.45,83.56,18.48,74.19,0.95,100,13.17,95.02,26.94,92.92,7.45,50.4,24.96,43,0,0.06,0,0,0,0,0,3.46,58.62,0.42,0,0.18,0,0,0,7.51,65.87,0,NA,0,NA,0,0,0,0,NA,NA,0.72,NA,NA,0.6,0.54,0,0,1,0,"players_2025-09-27.xlsx","COLOMBIA_A",125000,"no","COL",NA,NA,NA,"Defenders",NA
"E. Banguero","La Equidad","La Equidad","RB",24,NA,NA,19,1509,0,0.89,0,0.22,17.53,45.24,"Colombia","Colombia","derecho",177,69,NA,5.9,4.12,63.77,50,0,0,0.12,3.28,4.48,0.6,2,0.12,0,0,3.28,0,0,0,0.05,0,0,22,1.31,27.27,0,3.04,31.37,1.01,41.18,1.85,29.03,0.3,3.76,52.38,10.08,37.28,0.36,1.85,0.06,15.27,1.67,1.73,24.57,75.73,8.05,71.11,4.17,94.29,7.81,72.52,18.67,85.3,3.1,57.69,20.05,33.37,0.01,0.36,0,0,0,0,0.12,2.56,48.84,2.45,41.46,0.24,50,0.12,0.89,4.47,73.33,0,NA,0,NA,0,0,0,0,NA,NA,0.95,NA,NA,0.66,0.18,33.33,0.83,0,0,"players_2025-09-27.xlsx","COLOMBIA_A",4e+05,"no","COL","Colombia","EQU","COL_EQU","Defenders Wingers","DEFENDERS_WINGERS_LA_EQUIDAD_E_BANGUERO.png"
"J. Murillo","Unión Magdalena","Unión Magdalena","RB",32,150000,NA,18,1507,0,0.29,0,0.4,11.11,56.45,"Colombia","Colombia","derecho",178,75,"no",7.23,5.43,65.93,53.85,0.42,0.53,0.24,3.22,4.12,0.84,3,0.18,0,0,1.02,0,0,0,0.02,0,0,8,0.48,0,0,1.55,34.62,0.18,33.33,1.31,36.36,0.12,0.54,88.89,2.63,50,0.48,1.19,0.12,20.72,1.31,0.66,29.5,83,13.44,76,3.52,96.61,7.47,87.2,25.08,89.05,2.99,54,19.02,30.33,0.02,0.48,0,0.06,0,0,0.18,3.34,83.93,1.37,47.83,0,0,0.12,0.54,7.41,77.42,0,NA,0,NA,0,0,0,0,NA,NA,0.84,NA,NA,0,0,0,0,0,0,"2Search results-9.xlsx","COLOMBIA_A",NA,NA,"COL","Colombia","UMG","COL_UMG","Defenders Wingers",NA
"K. Armesto","Llaneros","Llaneros","GK",28,NA,NA,15,1503,0,0,0,0,0.72,91.67,"Colombia","Colombia","derecho",0,0,NA,1.74,0.06,100,100,0,0,0,1.68,2.44,0,0,0,0,0,0,0,0,0,0,0,0,0,0,0,0,0,0,0,0,0,0,0,0,0,0.06,100,0,0,0,12.04,0.36,0.06,19.64,87.8,11.32,80.42,0,0,7.9,99.24,12.34,98.06,7.19,71.67,34.61,49.53,0,0,0,0,0,0,0,2.1,45.71,0.06,0,0.06,0,0,0,5.21,80.46,23,1.38,66,3.95,1,65.15,25.62,1.53,2.62,0.157,0,1.8,0.42,NA,NA,NA,0,0,0,"players.xlsx","COLOMBIA_A",350000,"no","COL","Colombia","LNR","COL_LNR","Goalkeepers",NA
"Y. Guzmán","Fortaleza","Fortaleza","AMF",27,2600000,"2025-12-31",16,1501,3,4.46,2,3.73,10.25,39.77,"Colombia","Colombia","derecho",170,61,"no",2.52,2.34,56.41,28.57,0.12,0.19,0,1.08,1.67,0.42,2,0.12,1,0.06,2.34,0.18,1,0.06,0.27,0,0,44,2.64,29.55,6.818,1.92,46.88,0.54,55.56,1.32,45.45,0.3,1.26,47.62,5.7,34.74,2.46,2.88,0.06,45.87,2.4,1.08,53.6,88.37,16.49,81.82,10.01,95.81,16.79,88.93,46.83,91.55,4.86,74.07,17.76,35.68,0.22,2.16,0.12,0,0.42,14.29,0.6,10.79,84.44,4.2,61.43,1.2,40,1.92,1.2,9.71,91.36,0,NA,0,NA,0,0,0,0,NA,NA,0.12,NA,NA,1.5,0.6,20,4.44,3,66.667,"2Search results-9.xlsx","COLOMBIA_A",NA,NA,"COL","Colombia","FOZ","COL_FOZ","Attacking Midfield",NA
"C. Martínez Borja","Carlos Mannucci","Carlos Mannucci","CF",37,NA,NA,19,1486,3,5.71,0,0.46,16.47,31.25,"Colombia","Colombia","derecho",183,84,NA,2.54,2.18,47.22,27.27,0.06,0.1,0.18,1.45,2.35,1.03,8,0.48,0,0,2.06,0.18,3,0.18,0.35,0,0,30,1.82,43.33,10,0.48,37.5,0.36,50,0.06,0,0.12,1.57,65.38,8.78,29.66,2.73,0.12,0,11.08,0.73,0.79,18.78,80.32,3.57,69.49,5.27,90.8,5.75,81.05,17.75,83.28,0.55,22.22,14.87,14.48,0.03,0.61,0,0.06,0.06,100,0.12,1.45,83.33,0.79,38.46,0.06,0,0.42,0.12,1.57,69.23,0,NA,0,NA,0,0,0,0,NA,NA,0,NA,NA,0.12,0.12,100,0,0,0,"players_2025-09-27.xlsx","COLOMBIA_A",2e+05,"no","COL",NA,NA,NA,"Forwards",NA
"B. Montaño","La Equidad","La Equidad","LCB",23,450000,NA,18,1480,0,0.15,0,0.01,7.72,55.91,"Colombia","Colombia","izquierdo",188,80,"no",5.96,2.98,73.47,54.05,0,0,0.3,3.77,5.04,0.55,2,0.12,1,0.06,0.12,0,0,0,0.01,0,0,2,0.12,0,0,0.12,50,0.12,50,0,0,0,0.24,25,1.09,22.22,0.18,0.36,0.06,23.17,0.3,0.06,34.91,84.67,17.39,74.83,2.49,92.68,11.49,94.71,28.89,92,5.9,49.48,20.05,33.48,0,0.12,0,0,0,0,0.06,4.93,66.67,0.55,55.56,0.18,33.33,0.18,0.12,7.6,76.8,0,NA,0,NA,0,0,0,0,NA,NA,1.7,NA,NA,0,0,0,0,0,0,"Search results-4.xlsx","COLOMBIA_A",NA,NA,"COL","Colombia","EQU","COL_EQU","Defenders","DEFENDERS_LA_EQUIDAD_B_MONTAÑO.png"
"E. Restrepo","Llaneros","Llaneros","DMF",26,0,NA,22,1476,1,0.07,1,0.07,11.22,52.72,"Colombia","Colombia",NA,0,0,"no",6.77,4.27,58.57,20,0.18,0.28,0.3,4.09,6.34,1.16,7,0.43,0,0,1.1,0.06,1,0.06,0,0,0,4,0.24,25,25,0.24,25,0,0,0.24,25,0,1.28,71.43,4.15,60.29,0,0.85,0.18,29.51,0.3,0.98,40.98,89.88,10.85,80.9,5.98,97.96,17.68,93.79,38.6,91.63,2.13,65.71,17.33,29.92,0,0.24,0,0,0.06,100,0.06,5.06,73.49,0.3,40,0.12,50,0,0.06,3.9,73.44,0,NA,0,NA,0,0,0,0,NA,NA,0.85,NA,NA,0,0,0,0,0,0,"Search results-4.xlsx","COLOMBIA_A",NA,NA,"COL","Colombia","LNR","COL_LNR","Defensive Midfield",NA
"K. Parra","La Equidad","La Equidad","CF",22,0,NA,32,1470,2,1.4,0,0.6,17.2,39.86,"Colombia","Colombia","derecho",168,60,"no",3.43,3,61.22,35.71,0,0,0,1.59,2.03,0.43,3,0.18,0,0,2.14,0.12,2,0.12,0.09,0,0,20,1.22,35,10,1.16,15.79,0.49,25,0.67,9.09,0.06,3.37,45.45,11.51,36.7,1.47,2.2,0.49,17.63,1.78,2.14,22.22,77.96,4.65,64.47,4.84,92.41,7.47,86.07,19.84,83.64,1.29,42.86,17.8,20.09,0.04,0.61,0,0.06,0,0,0.18,2.57,64.29,0.92,46.67,0.12,50,0.43,0.18,2.82,73.91,0,NA,0,NA,0,0,0,0,NA,NA,0.37,NA,NA,0.31,0.18,0,0.37,0,0,"Search results-4.xlsx","COLOMBIA_A",NA,NA,"COL","Colombia","EQU","COL_EQU","Forwards","FORWARDS_LA_EQUIDAD_K_PARRA.png"
"H. Mancilla","Águilas Doradas","Águilas Doradas","LCMF",33,75000,NA,22,1469,0,0.18,0,0.02,15.99,50.19,"Colombia","Colombia","derecho",174,80,"no",8.09,7.78,59.84,53.49,0.49,0.64,0.43,2.94,3.83,1.96,9,0.55,2,0.12,0.43,0,0,0,0.01,0,0,3,0.18,33.33,0,0.06,100,0,0,0.06,100,0,0.86,35.71,3.61,30.51,0.18,0.25,0.06,18.2,0.31,0.98,27.26,82.92,10.91,76.4,2.82,95.65,9.56,87.18,24.26,86.62,2.94,52.08,19.89,28.62,0,0.18,0,0.06,0.12,0,0.06,4.47,68.49,0.55,55.56,0.31,20,0.25,0.06,4.35,67.61,0,NA,0,NA,0,0,0,0,NA,NA,0.31,NA,NA,0,0,0,0,0,0,"2Search results-9.xlsx","COLOMBIA_A",NA,NA,"COL","Colombia","AGD","COL_AGD","Midfield",NA
"K. Cuesta","Once Caldas","Once Caldas","LCB",25,0,NA,17,1469,1,0.56,0,0.13,11.82,57.51,"Colombia","Colombia",NA,0,0,"no",7.05,5.02,67.07,51.35,0,0,0.49,3.68,5.56,1.53,7,0.43,0,0,0.25,0.06,1,0.06,0.03,0,0,5,0.31,60,20,0,0,0,0,0,0,0,0.12,50,0.74,25,0.49,0,0,21.14,0.37,0.12,31.67,85.49,12.99,74.06,2.63,95.35,13.11,94.39,27.51,90.65,4.17,51.47,24.08,45.8,0.01,0.06,0,0.06,0.06,0,0,3.74,47.54,0.55,0,0.18,0,0,0,6.07,63.64,0,NA,0,NA,0,0,0,0,NA,NA,2.08,NA,NA,0,0,0,0,0,0,"2Search results-9.xlsx","COLOMBIA_A",NA,NA,"COL","Colombia","ONC","COL_ONC","Defenders",NA
"J. Bermúdez","Deportivo Pereira","Deportivo Pereira","LDMF",24,NA,"2026-12-31",23,1452,0,0.41,2,0.64,14.13,55.7,"Colombia","Colombia",NA,0,0,NA,8.18,8,60.47,33.33,0.56,0.79,0.25,2.79,3.94,1.43,4,0.25,1,0.06,0.68,0,0,0,0.03,0,0,8,0.5,37.5,0,0.31,40,0.12,100,0.19,0,0,0.74,50,2.79,55.56,0.31,0.87,0.06,25.35,0.25,1.36,35.64,86.61,11.03,75.28,5.76,90.32,12.46,93.53,33.16,89.35,2.17,51.43,17.21,23.47,0.04,0.87,0,0,0.06,0,0.31,5.64,82.42,1.36,45.45,0.19,0,0.43,0.12,5.39,81.61,0,NA,0,NA,0,0,0,0,NA,NA,0.12,NA,NA,0,0,0,0,0,0,"players_2025-09-27.xlsx","COLOMBIA_A",0,"no","COL","Colombia","PER","COL_PER","Defensive Midfield",NA
"K. Tamayo","Once Caldas","Once Caldas","LB",25,0,NA,17,1451,0,0.73,0,0.62,12.22,57.36,"Colombia","Colombia","izquierdo",0,0,"si",7.13,4.78,62.34,58.62,0.5,0.67,0.31,3.66,4.97,0.56,6,0.37,0,0,2.29,0,0,0,0.05,0,0,13,0.81,30.77,0,2.11,32.35,2.11,32.35,0,0,0.12,1.8,75.86,4.34,57.14,1.05,1.55,0.06,22.83,1.49,0.74,32.13,78.57,12.72,73.66,4.47,90.28,8.06,73.85,27.29,85,2.98,52.08,17.45,31.68,0.04,0.56,0,0,0,0,0.19,4.4,71.83,2.05,33.33,0.25,25,0.31,0.5,6.14,70.71,0,NA,0,NA,0,0,0,0,NA,NA,0.31,NA,NA,0.06,0,0,0.06,0,0,"2Search results-9.xlsx","COLOMBIA_A",NA,NA,"COL","Colombia","ONC","COL_ONC","Defenders Wingers",NA
"L. Ospina","Atlético Huila","Atlético Huila","RCB",33,NA,NA,15,1423,0,0.79,0,0.01,8.73,64.49,"Colombia","Colombia","derecho",190,80,NA,7.27,4.24,65.67,64.58,0.32,0.45,0.32,4.17,5.89,0.76,6,0.38,0,0,0.19,0,0,0,0.05,0,0,4,0.25,50,0,0,0,0,0,0,0,0,0.06,100,0.38,83.33,0.51,0.44,0,22.26,0.13,0.38,32.38,87.89,13.6,76.28,1.71,96.3,14.17,97.77,27.96,92.99,4.43,55.71,21.28,34,0,0.13,0,0,0,0,0,2.15,70.59,0.19,33.33,0.25,0,0.06,0,6.2,63.27,0,NA,0,NA,0,0,0,0,NA,NA,1.2,NA,NA,0,0,0,0,0,0,"players_2025-09-27.xlsx","COLOMBIA_A",3e+05,"no","COL","Colombia","HUI","COL_HUI","Defenders",NA
"E. Beltrán","Once Caldas","Once Caldas","AMF",25,4e+05,NA,34,1422,1,2.41,3,2.61,14.49,43.67,"Colombia","Colombia","izquierdo",176,70,"no",3.99,4.49,43.66,45.83,0.19,0.28,0.13,1.84,2.71,1.08,2,0.13,0,0,2.41,0.06,1,0.06,0.15,0,0,26,1.65,19.23,3.846,1.77,35.71,0.82,46.15,0.89,21.43,0.13,2.66,47.62,7.34,45.69,1.58,2.22,0.19,32.28,0.82,1.65,42.09,84.21,12.66,71.5,7.03,94.59,14.75,90.13,36.39,88.52,4.05,64.06,19.63,25.22,0.17,1.9,0,0,0.57,33.33,0.7,7.97,80.16,3.61,57.89,1.52,41.67,1.58,0.63,6.96,83.64,0,NA,0,NA,0,0,0,0,NA,NA,0.13,NA,NA,1.08,0.06,0,1.96,0,0,"2Search results-9.xlsx","COLOMBIA_A",NA,NA,"COL","Colombia","ONC","COL_ONC","Attacking Midfield",NA
"V. Cantillo","Remo","Remo","LDMF",31,NA,NA,20,1420,0,0.07,0,0.3,12.74,61.19,"Colombia","Colombia","derecho",180,70,NA,7.99,5.26,72.29,52.63,0.32,0.49,0.19,3.87,6.02,0.7,2,0.13,0,0,0.95,0,0,0,0,0,0,6,0.38,16.67,0,0.38,33.33,0.25,50,0.13,0,0,0.89,57.14,3.61,52.63,0.13,0.89,0,42.4,0.25,1.01,54.95,92.16,19.33,85.57,4.12,100,24.65,96.14,49.25,95.37,5.39,67.06,19.54,37.45,0.02,0.7,0,0,0.32,80,0.06,14.2,81.7,1.52,37.5,0.95,60,0.38,0.06,9.82,93.55,0,NA,0,NA,0,0,0,0,NA,NA,0.25,NA,NA,0,0,0,0.06,0,0,"players_2025-09-27.xlsx","COLOMBIA_A",9e+05,"no","COL",NA,NA,NA,"Defensive Midfield",NA
"C. Mosquera","Real Cartagena","Real Cartagena","GK",30,NA,NA,14,1420,0,0,0,0,1.27,70,"Colombia","Colombia","derecho",191,83,NA,1.71,0.25,50,81.82,0,0,0,1.58,2.27,0.06,2,0.13,0,0,0,0,0,0,0,0,0,0,0,0,0,0,0,0,0,0,0,0,0,0,0.19,66.67,0,0,0,6.59,0.06,0.19,10.96,84.39,5.58,71.59,0,0,4.69,97.3,7.61,98.33,3.36,52.83,30.36,49.19,0,0,0,0,0,0,0,1.2,42.11,0.06,0,0,0,0,0,2.47,64.1,18,1.14,66,4.18,4,72.73,16.5,1.05,-1.5,-0.095,0,1.77,0.7,NA,NA,NA,0,0,0,"players_2025-09-27.xlsx","COLOMBIA_A",3e+05,"no","COL",NA,NA,NA,"Goalkeepers",NA
"M. Rodas","La Equidad","La Equidad","RCB",27,NA,NA,16,1416,2,2.31,1,0.55,11.25,58.76,"Colombia","Colombia","derecho",186,84,NA,8.39,4.58,68.06,58.7,0.38,0.51,0.57,4.89,6.58,0.83,3,0.19,1,0.06,1.08,0.13,1,0.06,0.15,0,0,15,0.95,53.33,13.333,0.51,37.5,0.25,50,0.25,25,0,0.76,41.67,2.22,42.86,0.44,1.97,0,24.47,0.57,0.64,38.45,79.5,18.5,66.32,1.46,95.65,14.62,92.17,29.11,91.48,8.9,42.14,25.76,46.47,0.03,0.32,0.06,0.06,0.06,100,0.13,7.25,54.39,1.21,36.84,0.64,40,0.32,0.19,8.2,70.54,0,NA,0,NA,0,0,0,0,NA,NA,0.83,NA,NA,0.25,0.25,75,0,1,100,"players_2025-09-27.xlsx","COLOMBIA_A",3e+05,"no","COL","Colombia","EQU","COL_EQU","Defenders","DEFENDERS_LA_EQUIDAD_M_RODAS.png"
"B. Murillo","Envigado","Envigado","LB",21,NA,NA,18,1414,0,0.34,0,0.51,16.8,48.11,"Colombia","Colombia",NA,0,0,NA,9.87,7.7,57.85,54.29,0.64,0.87,0.25,4.77,6.54,1.4,8,0.51,1,0.06,1.21,0,0,0,0.02,0,0,7,0.45,28.57,0,0.76,16.67,0.7,18.18,0,0,0,2.55,37.5,5.35,33.33,0.51,1.59,0.38,11.2,0.64,0.57,18.59,72.6,8.02,61.9,2.8,81.82,4.71,79.73,15.28,81.67,2.55,35,18.22,37.58,0.03,0.32,0,0,0,0,0.06,2.8,47.73,1.15,61.11,0.32,20,0.57,0.13,4.46,58.57,0,NA,0,NA,0,0,0,0,NA,NA,0,NA,NA,0,0,0,0.06,0,0,"players_2025-09-27.xlsx","COLOMBIA_A",0,"no","COL","Colombia","ENV","COL_ENV","Defenders Wingers",NA
"J. Millán","Nacional","Nacional","LCB",27,NA,NA,15,1413,1,0.99,1,0.5,15.29,58.75,"Colombia","Colombia","izquierdo",186,75,NA,8.22,6.56,63.11,65.22,0.32,0.49,0.13,3.76,5.73,1.34,3,0.19,0,0,1.02,0.06,1,0.06,0.06,1,0.06,9,0.57,22.22,11.111,0.32,40,0.32,40,0,0,0.06,1.15,66.67,2.55,47.5,0.51,1.59,0.25,22.36,0.45,0.45,34.59,79.37,17.64,68.95,1.85,100,12.04,90.48,26.82,87.41,7.45,52.14,23.77,40.49,0.03,0.13,0,0.06,0,0,0.13,7.01,65.45,0.83,30.77,0.25,25,0.25,0.13,9.49,74.5,0,NA,0,NA,0,0,0,0,NA,NA,0.25,NA,NA,0,0,0,0,0,0,"players_2025-09-27.xlsx","COLOMBIA_A",0,"no","COL",NA,NA,NA,"Defenders",NA
"S. Cuero","Fortaleza","Fortaleza","LB",21,0,NA,30,1400,1,0.55,2,1.81,17.42,53.87,"Colombia","Colombia","unknown",0,0,"no",9.77,6.62,65.05,53.57,0.58,0.95,0.19,4.89,8.03,1.09,2,0.13,0,0,2.57,0.06,1,0.06,0.04,0,0,12,0.77,58.33,8.333,1.99,32.26,1.86,31.03,0.13,50,0.26,2.7,54.76,5.59,42.53,1.22,1.8,0.06,17.04,2.31,0.58,25.26,75.06,7.59,65.25,4.63,90.28,7.46,77.59,21.47,82.04,1.93,40,16.67,20.06,0.12,0.64,0,0.06,0,0,0.32,2.96,60.87,1.74,37.04,0.19,33.33,0.45,0.64,4.31,62.69,0,NA,0,NA,0,0,0,0,NA,NA,0.26,NA,NA,0,0,0,0,0,0,"Search results-4.xlsx","COLOMBIA_A",NA,NA,"COL","Colombia","FOZ","COL_FOZ","Defenders Wingers",NA
"S. Tréllez","Deportivo Pasto","Deportivo Pasto","CF",35,NA,NA,26,1395,2,3.23,0,0.32,18.84,25.34,"Colombia","Colombia","derecho",185,76,NA,1.87,1.48,43.48,26.6,0.13,0.18,0.13,1.1,1.56,0.77,6,0.39,0,0,0.84,0.13,2,0.13,0.21,1,0.06,27,1.74,37.04,7.407,0.26,25,0.13,50,0.13,0,0,0.84,15.38,7.48,19.83,2.97,0.19,0,8.45,1.87,0.39,14.06,75.69,2.13,48.48,4.9,82.89,3.94,78.69,13.61,77.25,0.19,33.33,13.31,2.73,0.02,0.39,0,0,0.06,0,0.06,1.23,42.11,0.39,16.67,0.13,0,0.19,0.06,0.84,46.15,0,NA,0,NA,0,0,0,0,NA,NA,0,NA,NA,0,0,0,0,0,0,"players_2025-09-27.xlsx","COLOMBIA_A",50000,"no","COL","Colombia","PAS","COL_PAS","Forwards",NA
"J. Varela","Deportivo Cali","Deportivo Cali","LCB",27,750000,"2027-12-31",16,1393,0,0.94,0,0.05,11.82,60.66,"Uruguay","Uruguay, Spain","izquierdo",189,85,"si",7.11,5.1,69.62,56.94,0.26,0.39,0.71,3.3,4.97,0.71,3,0.19,0,0,0.13,0,0,0,0.06,0,0,6,0.39,0,0,0.39,16.67,0.39,16.67,0,0,0,0.13,50,0.65,40,0.45,0.84,0,20.48,0.45,0.32,31.98,83.64,17.19,80.08,1.1,100,10.6,89.63,25.26,92.84,6.4,50.51,24.2,39.47,0,0.13,0,0,0,0,0,5.75,66.29,0.58,22.22,0.19,0,0.13,0.06,8.27,76.56,0,NA,0,NA,0,0,0,0,NA,NA,0.32,NA,NA,0,0,0,0,0,0,"Search results-4.xlsx","COLOMBIA_A",NA,NA,"COL","Colombia","CAL","COL_CAL","Defenders",NA
"S. Valencia","Fortaleza","Fortaleza","LCB",21,NA,"2025-12-31",21,1392,0,0,0,0.04,12.16,60.64,"Ecuador","Ecuador","izquierdo",186,76,NA,9.12,6.34,71.43,63.64,0.06,0.1,0.19,4.53,7.05,0.97,4,0.26,2,0.13,0.32,0,0,0,0,0,0,0,0,0,0,0,0,0,0,0,0,0,0.58,55.56,2.33,36.11,0,0.84,0,23.34,0.39,0.32,36.47,85.46,15.91,76.42,2.39,89.19,14.29,95.48,32,89.9,4.46,53.62,20.48,33.81,0,0.26,0.06,0.06,0.06,0,0,4.27,66.67,0.52,12.5,0.32,20,0.06,0,6.47,66,0,NA,0,NA,0,0,0,0,NA,NA,0.97,NA,NA,0,0,0,0,0,0,"players_2025-09-27.xlsx","COLOMBIA_A",350000,"no","COL","Colombia","FOZ","COL_FOZ","Defenders",NA
"D. Castillo","Deportivo Pasto","Deportivo Pasto","CF",26,0,NA,28,1389,0,2.53,0,0.11,20.99,26.54,"Colombia","Colombia",NA,0,0,"no",2.53,2.07,40.63,26.09,0.13,0.16,0.06,1.56,1.96,0.84,0,0,0,0,3.05,0,0,0,0.16,0,0,26,1.68,23.08,0,2.14,33.33,1.1,41.18,1.04,25,0.45,4.02,48.39,11.4,24.43,2.66,1.75,0.45,8.88,2.2,1.04,14.06,71.43,1.94,56.67,5.25,88.89,3.76,58.62,11.6,79.33,0.52,37.5,15.64,12.28,0.01,0.26,0.13,0,0,0,0.06,0.52,87.5,1.81,39.29,0.06,100,0.39,0.78,1.62,56,0,NA,0,NA,0,0,0,0,NA,NA,0,NA,NA,0,0,0,0,0,0,"Search results-4.xlsx","COLOMBIA_A",NA,NA,"COL","Colombia","PAS","COL_PAS","Forwards",NA
"S. Valencia","Once Caldas","Once Caldas","LCB",21,350000,"2025-12-31",20,1379,0,0,0,0.04,12.14,60.75,"Ecuador","Ecuador","izquierdo",186,76,"no",9.2,6.33,72.16,62.5,0.07,0.1,0.2,4.57,7.09,0.98,4,0.26,2,0.13,0.33,0,0,0,0,0,0,0,0,0,0,0,0,0,0,0,0,0,0.59,55.56,2.35,36.11,0,0.85,0,23.5,0.39,0.33,36.61,85.56,15.92,76.23,2.41,89.19,14.42,95.48,32.11,90.04,4.5,53.62,20.16,35.5,0,0.26,0.07,0.07,0.07,0,0,4.31,66.67,0.52,12.5,0.33,20,0.07,0,6.46,66.67,0,NA,0,NA,0,0,0,0,NA,NA,0.98,NA,NA,0,0,0,0,0,0,"2Search results-9.xlsx","COLOMBIA_A",NA,NA,"COL","Colombia","ONC","COL_ONC","Defenders",NA
"A. Banguero","Boyacá Chicó","Boyacá Chicó","LCB",25,0,NA,15,1379,1,0.81,0,0.14,11.88,59.89,"Colombia","Colombia",NA,0,0,"no",6.4,5.22,65,53.45,0.46,0.69,0.26,2.55,3.86,0.91,5,0.33,1,0.07,0.13,0.07,1,0.07,0.05,1,0.07,10,0.65,20,10,0.07,0,0.07,0,0,0,0,0.07,0,1.37,42.86,0.85,0.13,0,17.62,0.39,0.52,31.39,83.58,17.3,79.25,1.37,80.95,9.59,95.24,27.28,87.8,4.05,56.45,21.79,35.4,0.01,0.07,0,0,0,0,0,2.94,66.67,0.13,50,0.07,100,0.2,0,7.96,63.93,0,NA,0,NA,0,0,0,0,NA,NA,0.78,NA,NA,0,0,0,0,0,0,"Search results-4.xlsx","COLOMBIA_A",NA,NA,"COL","Colombia","BYC","COL_BYC","Defenders",NA
"L. Miranda","Llaneros","Llaneros","RW",28,4e+05,NA,36,1362,1,1.17,1,1.02,18.63,45.04,"Colombia","Colombia","derecho",180,64,"no",6.15,5.09,68.83,37.93,0.53,0.75,0,2.11,3.02,1.06,2,0.13,0,0,1.78,0.07,1,0.07,0.08,0,0,17,1.12,17.65,5.882,2.31,25.71,0.59,33.33,1.65,24,0.26,2.25,44.12,7.53,36.84,1.59,1.12,0.07,17.97,2.05,1.39,23.66,73.74,5.95,62.22,6.15,93.55,6.34,66.67,20.02,82.18,1.45,31.82,16.79,18.55,0.07,0.33,0,0,0,0,0.26,2.05,67.74,1.85,39.29,0.26,25,0.13,0.66,3.11,61.7,0,NA,0,NA,0,0,0,0,NA,NA,0.13,NA,NA,0,0,0,0.07,0,0,"Search results-4.xlsx","COLOMBIA_A",NA,NA,"COL","Colombia","LNR","COL_LNR","Wingers",NA
"B. Arce","Atlético Nacional","Atlético Nacional","AMF",27,9e+05,"2025-12-31",24,1354,2,1.29,1,2.17,15.29,47.39,"Ecuador","Ecuador","derecho",177,66,"no",4.65,5.18,42.31,37.5,0.27,0.51,0,2.19,4.19,2.33,6,0.4,0,0,1.79,0.13,2,0.13,0.09,0,0,33,2.19,21.21,6.061,1.2,16.67,1.06,18.75,0.13,0,0.07,1.53,56.52,8.11,52.46,1.73,1.73,0.27,36.82,1.66,2.73,43.27,85.87,14.89,79.91,6.85,94.17,13.09,87.31,40.08,89.72,2.13,50,17.25,23.66,0.14,1.93,0.13,0,0.53,50,0.33,8.24,80.65,2.79,64.29,1.13,35.29,1.93,0.07,8.91,92.54,0,NA,0,NA,0,0,0,0,NA,NA,0.13,NA,NA,1.66,0.4,16.67,3.86,0,0,"2Search results-9.xlsx","COLOMBIA_A",NA,NA,"COL","Colombia","NAC","COL_NAC","Attacking Midfield",NA
"John Quinones","Tolima","Tolima","LCB",21,0,"2027-06-30",16,1353,0,0.2,0,0.12,8.91,60.45,"Colombia","Colombia","unknown",0,0,"no",6.39,3.99,63.33,58.54,0.13,0.19,0.6,3.73,5.28,0.8,3,0.2,0,0,0,0,0,0,0.01,0,0,2,0.13,0,0,0,0,0,0,0,0,0,0,0,0.07,0,0.6,0.33,0,23.28,0.4,0.07,33.53,88.89,14.77,80.63,2.26,100,13.24,94.97,30.27,92.31,3.26,57.14,18.6,32.14,0.01,0.07,0,0,0,0,0,1.93,62.07,0.2,0,0.07,0,0.07,0,5.32,52.5,0,NA,0,NA,0,0,0,0,NA,NA,1.66,NA,NA,0,0,0,0,0,0,"2Search results-9.xlsx","COLOMBIA_A",NA,NA,"COL","Colombia","TOL","COL_TOL","Defenders",NA
"J. Reina","Deportivo Cali","Deportivo Cali","AMF",36,NA,NA,29,1351,3,1.77,0,0.87,17.52,39.16,"Colombia","Colombia","izquierdo",173,70,NA,5.53,4.26,59.38,19.44,0.73,1.15,0.07,2.26,3.54,1.07,4,0.27,0,0,1.8,0.2,3,0.2,0.12,0,0,16,1.07,25,18.75,1.07,37.5,0.8,33.33,0.2,33.33,0.13,1.93,55.17,8.73,38.17,1.53,1.27,0,29.31,0.87,1,38.57,88.08,13.26,78.89,7.19,96.3,10.59,93.71,34.51,92.47,3,55.56,15.95,20.89,0.06,0.93,0,0,0.27,25,0.2,7.33,80.91,1.8,55.56,0.33,20,0.73,0.33,6.93,81.73,0,NA,0,NA,0,0,0,0,NA,NA,0.13,NA,NA,1.93,0.07,100,3.13,0,0,"players_2025-09-27.xlsx","COLOMBIA_A",250000,"no","COL","Colombia","CAL","COL_CAL","Attacking Midfield",NA
"S. Orozco","Cúcuta Deportivo","Cúcuta Deportivo","DMF",29,NA,"2026-06-30",23,1349,1,0.21,0,0.47,14.88,59.64,"Colombia","Colombia","derecho",177,70,NA,8.41,7.54,61.95,50,0.47,0.67,0.33,3.27,4.71,2.07,8,0.53,1,0.07,0.87,0.07,1,0.07,0.01,0,0,15,1,13.33,6.667,0.67,40,0.13,0,0.47,42.86,0,0.67,40,4.27,60.94,0.07,1.2,0.13,30.89,0.33,2.27,43.83,80.52,15.61,66.67,4.87,98.63,19.35,87.59,34.36,88.35,8.81,53.03,22.36,35.4,0.03,0.8,0.07,0,0.2,100,0.07,9.87,65.54,2.07,51.61,0.93,35.71,0.73,0.27,9.01,76.3,0,NA,0,NA,0,0,0,0,NA,NA,0.67,NA,NA,0.47,0.13,0,0.33,0,0,"players_2025-09-27.xlsx","COLOMBIA_A",4e+05,"no","COL",NA,NA,NA,"Defensive Midfield",NA
"C. Tovar","América de Cali","América de Cali","RCB",27,750000,NA,17,1343,1,0.38,0,0.01,12.73,64.21,"Colombia","Colombia","derecho",185,80,"no",8.51,6.37,70.53,61.82,0.34,0.49,0.2,3.69,5.36,0.67,2,0.13,1,0.07,0.27,0.07,1,0.07,0.03,1,0.07,5,0.34,20,20,0.34,40,0,0,0.34,40,0,0.27,25,0.94,35.71,0.54,0.34,0.07,22.58,0.47,0.2,32.9,90.22,13.6,82.76,2.88,95.35,12.6,96.28,29.75,93.69,2.81,59.52,18.84,34.82,0,0.07,0,0,0.07,0,0,3.89,70.69,0.6,44.44,0.07,0,0.13,0.13,5.36,82.5,0,NA,0,NA,0,0,0,0,NA,NA,1.47,NA,NA,0,0,0,0,0,0,"2Search results-9.xlsx","COLOMBIA_A",NA,NA,"COL","Colombia","AME","COL_AME","Defenders",NA
"F. Pardo","Alianza","Alianza","CF",35,NA,NA,23,1325,6,4.85,0,0.29,16.78,34.41,"Colombia","Colombia","derecho",178,80,NA,3.74,4.01,49.15,14.71,0,0,0.2,1.77,2.6,1.22,2,0.14,0,0,2.58,0.41,5,0.34,0.33,1,0.07,31,2.11,48.39,19.355,0.88,30.77,0.75,27.27,0.14,50,0.14,2.04,63.33,8.02,36.44,2.04,2.04,0.2,14.26,1.9,0.75,18.2,81.34,4.82,71.83,3.53,84.62,6.05,86.52,16.1,86.08,1.22,55.56,17.42,16.22,0.02,0.48,0,0,0,0,0.07,1.7,80,1.56,52.17,0.14,50,0.75,0.34,3.06,82.22,0,NA,0,NA,0,0,0,0,NA,NA,0,NA,NA,0.27,0.07,100,0.68,1,100,"players_2025-09-27.xlsx","COLOMBIA_A",250000,"no","COL","Colombia","ALV","COL_ALV","Forwards",NA
"D. Quiñónes","Once Caldas","Once Caldas","RW",30,7e+05,NA,26,1325,1,2.4,1,1.14,24.59,46.96,"Colombia","Colombia","izquierdo",171,73,"no",3.6,3.26,68.75,45,0,0,0,1.36,1.86,0.41,2,0.14,0,0,4.01,0.07,0,0,0.16,0,0,22,1.49,31.82,4.545,1.77,23.08,0.41,16.67,1.36,25,0.34,5.3,57.69,19.09,42.7,2.04,2.85,0.48,22.89,1.49,2.85,31.38,79.22,8.69,71.09,5.57,92.68,9.65,79.58,27.98,83.5,1.7,64,16.29,23.33,0.08,0.95,0.27,0,0.27,25,0.27,4.48,68.18,2.85,50,0.68,30,1.49,0.48,4.21,80.65,0,NA,0,NA,0,0,0,0,NA,NA,0.07,NA,NA,0.2,0,0,1.02,1,100,"Search results-4.xlsx","COLOMBIA_A",NA,NA,"COL","Colombia","ONC","COL_ONC","Wingers",NA
"J. Lucumí","América de Cali","América de Cali","LW",21,0,NA,27,1320,1,2.06,1,1.35,25.43,44.5,"Colombia","Colombia","derecho",178,68,"si",5.86,6.41,60.64,27.27,0.41,0.62,0.07,1.57,2.39,2.32,2,0.14,1,0.07,4.09,0.07,1,0.07,0.14,1,0.07,31,2.11,29.03,3.226,2.25,30.3,0.95,35.71,1.3,26.32,0.14,3.95,70.69,12.14,47.19,2.32,1.98,0.14,14.18,1.36,1.84,21.89,79.75,4.02,67.8,6.34,94.62,6.48,80,18.41,88.52,1.3,42.11,15.28,14.16,0.09,0.75,0,0,0.07,0,0.34,1.98,72.41,1.57,56.52,0.2,0,0.55,0.68,3.27,70.83,0,NA,0,NA,0,0,0,0,NA,NA,0,NA,NA,0,0,0,0.41,0,0,"Search results-4.xlsx","COLOMBIA_A",NA,NA,"COL","Colombia","AME","COL_AME","Wingers",NA
"H. Castillo","Atlético Nacional","Atlético Nacional","GK",32,4e+05,"2025-12-31",14,1319,0,0,0,0,0.48,71.43,"Colombia","Colombia","derecho",188,69,"no",1.64,0.14,100,50,0,0,0,1.5,2.65,0,0,0,0,0,0,0,0,0,0,0,0,0,0,0,0,0,0,0,0,0,0,0,0,0,0.14,50,0,0,0,16.31,0.34,0.07,26.68,82.61,16.17,75.11,0.07,100,9.96,93.84,18.08,96.23,8.6,53.97,30.96,46.56,0,0,0.07,0,0,0,0,1.64,45.83,0.07,100,0.2,33.33,0.07,0,5.6,53.66,19,1.3,58,3.96,3,67.24,16.97,1.16,-2.03,-0.139,0.07,0.82,0.14,NA,NA,NA,0,0,0,"2Search results-9.xlsx","COLOMBIA_A",NA,NA,"COL","Colombia","NAC","COL_NAC","Goalkeepers",NA
"Y. Cabrera","Deportivo Pereira","Deportivo Pereira","AMF",34,NA,"2025-12-31",28,1316,4,2.14,0,2.26,10.94,41.88,"Colombia","Colombia","derecho",168,62,NA,3.9,3.49,54.9,25,0.48,0.72,0,1.5,2.28,1.03,5,0.34,0,0,1.85,0.27,3,0.21,0.15,1,0.07,15,1.03,53.33,26.667,0.62,33.33,0.14,50,0.41,33.33,0.07,0.89,69.23,5.47,32.5,1.23,1.44,0.07,33.51,0.55,0.89,44.45,85.85,14.02,78.05,7.59,92.79,15.32,91.07,39.87,88.68,3.97,65.52,17.97,25.43,0.15,1.3,0,0,0.89,53.85,0.14,8.14,77.31,2.33,47.06,1.57,47.83,1.23,0.21,7.73,84.07,0,NA,0,NA,0,0,0,0,NA,NA,0.14,NA,NA,0.96,0.07,100,2.39,1,100,"players_2025-09-27.xlsx","COLOMBIA_A",4e+05,"no","COL","Colombia","PER","COL_PER","Attacking Midfield",NA
"J. Mattalia","Unión Magdalena","Unión Magdalena","GK",33,50000,"2025-12-31",13,1316,0,0,0,0,1.23,88.89,"Argentina","Argentina","derecho",187,81,"no",1.44,0.07,100,100,0,0,0,1.37,1.78,0,4,0.27,0,0,0,0,0,0,0,0,0,0,0,0,0,0,0,0,0,0,0,0,0,0,0.34,100,0,0,0,5.33,0.21,0.41,10.12,78.38,5.27,59.74,0,0,4.45,98.46,6.36,97.85,3.76,45.45,32.96,47.36,0,0,0,0,0,0,0,0.82,25,0.07,0,0,0,0,0,2.33,64.71,22,1.5,64,4.38,2,65.63,16,1.09,-6,-0.41,0,1.98,0.68,NA,NA,NA,0,0,0,"Search results-4.xlsx","COLOMBIA_A",NA,NA,"COL","Colombia","UMG","COL_UMG","Goalkeepers",NA
"J. Quiñónes","Yokohama F. Marinos","Yokohama F. Marinos","LCB",27,NA,"2026-12-31",13,1310,5,4.38,0,0,13.19,58.85,"Colombia","Colombia","izquierdo",186,80,NA,7.56,4.19,68.85,63.79,0.27,0.47,0.41,4.4,7.47,0.89,4,0.27,0,0,0.76,0.34,1,0.07,0.3,1,0.07,8,0.55,75,62.5,0.07,100,0.07,100,0,0,0,0.34,80,2.95,53.49,0.21,0.41,0.14,23.5,0.48,1.44,38.27,87.79,15.87,78.79,2.89,100,16.28,94.94,32.98,92.08,5.22,60.53,22.58,42.24,0,0,0,0,0,0,0,4.4,68.75,0.96,64.29,0.62,55.56,0.48,0.07,7.56,72.73,0,NA,0,NA,0,0,0,0,NA,NA,2.2,NA,NA,0.07,0,0,0,5,80,"players_2025-09-27.xlsx","COLOMBIA_A",0,"no","COL",NA,NA,NA,"Defenders",NA
"M. Castillo","América de Cali","América de Cali","RB",22,0,NA,17,1307,0,1.1,3,1.8,16.94,55.28,"Colombia","Colombia","unknown",0,0,"no",7.23,5.03,72.6,50,0.96,1.59,0.55,2.62,4.32,0.76,2,0.14,1,0.07,3.65,0,0,0,0.08,0,0,14,0.96,14.29,0,2.96,44.19,0.21,0,2.75,47.5,0.28,3.58,61.54,8.06,50.43,1.65,2.62,0.41,24.72,2.69,1.24,34.15,81.85,11.29,76.22,5.92,96.51,11.29,84.15,27.82,89.6,3.65,52.83,19.46,27.82,0.12,0.83,0.07,0,0.14,0,0.48,3.86,73.21,2.27,54.55,0.41,16.67,0.41,1.17,6.27,76.92,0,NA,0,NA,0,0,0,0,NA,NA,0.69,NA,NA,0,0,0,0,0,0,"Search results-4.xlsx","COLOMBIA_A",NA,NA,"COL","Colombia","AME","COL_AME","Defenders Wingers",NA
"A. López","Llaneros","Llaneros","RCMF",22,0,NA,20,1304,3,1.27,0,1.63,11.25,42.94,"Colombia","Colombia","unknown",0,0,"no",4.97,5.73,50.6,15.79,0.14,0.2,0.07,1.93,2.85,0.9,3,0.21,1,0.07,1.24,0.21,3,0.21,0.09,0,0,21,1.45,33.33,14.286,0.76,27.27,0.14,50,0.55,25,0,0.76,45.45,3.04,36.36,1.24,0.35,0,28.71,1.31,0.76,36.3,86.31,9.04,75.57,7.59,96.36,14.63,87.26,31.47,89.47,4.14,71.67,21.12,34.12,0.11,0.76,0,0,0.48,42.86,0.14,5.8,78.57,1.38,70,0.69,70,0.9,0.14,6.49,78.72,0,NA,0,NA,0,0,0,0,NA,NA,0.97,NA,NA,0.28,0,0,0.62,0,0,"Search results-4.xlsx","COLOMBIA_A",NA,NA,"COL","Colombia","LNR","COL_LNR","Midfield",NA
"J. Lasso","Llaneros","Llaneros","LB",23,NA,NA,13,1289,0,0.5,0,0.67,13.13,43.62,"Colombia","Colombia","derecho",0,0,NA,7.26,5.59,65,34.62,0.35,0.54,0.07,3.28,5.09,0.84,1,0.07,0,0,2.23,0,0,0,0.03,0,0,14,0.98,7.14,0,3.56,47.06,3.49,48,0.07,0,0.28,1.4,30,3.7,20.75,0.77,1.54,0.42,17.25,1.33,0.28,27.23,79.49,9.57,77.37,4.12,94.92,9.08,74.62,21.71,87.14,2.51,52.78,19.19,39.16,0.05,0.56,0.07,0,0.07,100,0.21,2.79,77.5,3,39.53,0.21,33.33,0.14,1.47,5.1,69.86,0,NA,0,NA,0,0,0,0,NA,NA,0.42,NA,NA,0,0,0,0,0,0,"players.xlsx","COLOMBIA_A",0,"no","COL","Colombia","LNR","COL_LNR","Defenders Wingers",NA
"N. Lara","Águilas Doradas","Águilas Doradas","LCB",22,0,"2027-12-31",19,1284,0,0.39,0,0.05,13.32,67.89,"Colombia","Colombia","izquierdo",183,74,"no",9.46,7.15,78.43,55.1,0.42,0.62,0.35,3.43,5.07,1.12,7,0.49,0,0,0.21,0,0,0,0.03,0,0,6,0.42,0,0,0.07,100,0,0,0.07,100,0,0.21,66.67,1.4,60,0.49,1.05,0,18.43,0.63,0.56,29.93,81.5,13.74,70.92,2.38,91.18,10.86,91.61,24.18,88.41,5.68,51.85,18.93,23.44,0,0.14,0,0,0,0,0.07,4.21,68.33,0.77,36.36,0.28,25,0.21,0,7.43,55.66,0,NA,0,NA,0,0,0,0,NA,NA,0.7,NA,NA,0.07,0.07,0,0,0,0,"Search results-4.xlsx","COLOMBIA_A",NA,NA,"COL","Colombia","AGD","COL_AGD","Defenders",NA
"S. Lucumí","Alajuelense","Alajuelense","RAMF",30,NA,NA,19,1274,1,1.62,1,1.98,21.69,46.91,"Colombia","Colombia","derecho",178,74,NA,6.08,6,61.18,40,0.35,0.54,0,2.05,3.14,1.41,3,0.21,1,0.07,3.18,0.07,1,0.07,0.11,0,0,20,1.41,15,5,2.19,35.48,0.49,42.86,1.62,34.78,0.49,3.46,59.18,12.22,43.35,2.68,2.12,0.21,31.08,1.34,2.05,38.29,83.76,9.18,76.15,10.74,93.42,10.03,82.39,34.12,87.99,2.12,63.33,16.19,19.28,0.14,0.92,0.07,0,0.28,50,0.28,3.32,70.21,2.68,55.26,0.57,37.5,1.2,0.64,5.44,80.52,0,NA,0,NA,0,0,0,0,NA,NA,0,NA,NA,0,0,0,0.07,0,0,"players_2025-09-27.xlsx","COLOMBIA_A",6e+05,"no","COL",NA,NA,NA,"Attacking Midfield",NA
"G. Cabezas","Alverca","Alverca","LCMF",22,NA,"2025-12-31",18,1264,1,1.55,0,2.13,13.03,50.27,"Colombia","Colombia","izquierdo",178,75,NA,5.2,3.84,64.81,30.77,0.36,0.5,0,2.35,3.32,0.43,0,0,1,0.07,2.56,0.07,1,0.07,0.11,0,0,14,1,50,7.143,0.64,11.11,0.14,0,0.5,14.29,0.14,2.35,72.73,6.12,45.35,1.21,1.92,0.36,30.83,0.71,0.43,41.44,85.91,11.18,75.16,7.97,92.86,13.03,87.43,38.59,89.11,2.28,50,16.27,32.93,0.15,0.85,0,0,0.28,100,0.14,6.12,79.07,1.21,58.82,0.57,87.5,0.71,0.07,5.34,76,0,NA,0,NA,0,0,0,0,NA,NA,0.14,NA,NA,0.14,0,0,0.21,0,0,"players_2025-09-27.xlsx","COLOMBIA_A",6e+05,"no","COL",NA,NA,NA,"Midfield",NA
"M. Gil","Alianza","Alianza","LAMF",21,NA,NA,25,1257,4,3.2,0,0.44,14.25,42.71,"Colombia","Colombia, El Salvador","derecho",175,70,NA,3.51,3.51,55.1,40,0.07,0.1,0.07,1.5,2.11,1,1,0.07,1,0.07,2.65,0.29,4,0.29,0.23,0,0,31,2.22,29.03,12.903,1.72,29.17,1.07,26.67,0.64,33.33,0.21,3.15,45.45,6.8,37.89,1.86,1.22,0.14,15.11,1.65,0.43,19.47,73.9,4.94,57.97,4.22,91.53,7.09,70.71,15.89,82.43,1.86,42.31,17.15,23.03,0.03,0.36,0,0.07,0.29,25,0.29,2.36,51.52,2.43,41.18,0.72,30,0.64,0.64,3.51,71.43,0,NA,0,NA,0,0,0,0,NA,NA,0.07,NA,NA,0,0,0,0.21,0,0,"players_2025-09-27.xlsx","COLOMBIA_A",0,"no","COL","Colombia","ALV","COL_ALV","Attacking Midfield",NA
"G. Corujo","Deportivo Cali","Deportivo Cali","LCB",29,7e+05,NA,19,1255,0,0.39,0,0,11.9,65.66,"Uruguay","Uruguay","derecho",189,85,"no",9.75,5.16,73.61,57.35,0.5,0.72,0.86,5.45,7.86,0.57,6,0.43,0,0,0,0,0,0,0.03,0,0,4,0.29,0,0,0,0,0,0,0,0,0,0,0,0.36,80,0.86,0.22,0,14.34,0.14,0.65,26.39,83.15,12.12,71.6,0.65,88.89,11.98,93.41,22.09,89.94,4.3,48.33,21.4,31.03,0,0,0,0,0,0,0,3.3,54.35,0.22,33.33,0.29,50,0.07,0,5.16,70.83,0,NA,0,NA,0,0,0,0,NA,NA,0.36,NA,NA,0,0,0,0,0,0,"Search results-4.xlsx","COLOMBIA_A",NA,NA,"COL","Colombia","CAL","COL_CAL","Defenders",NA
"K. Palacios","Santos Laguna","Santos Laguna","LAMF",25,NA,NA,25,1253,7,2.98,0,1.21,18.75,47.89,"Colombia","Colombia","izquierdo",173,66,NA,5.1,4.53,55.56,54.17,0.22,0.35,0,2.37,3.9,1.01,4,0.29,0,0,4.45,0.5,7,0.5,0.21,0,0,29,2.08,48.28,24.138,2.44,20.59,2.37,18.18,0,0,0.07,5.39,54.67,10.85,45.7,3.23,3.38,0.57,27.65,2.59,1.01,33.54,77.09,6.03,60.71,8.91,86.29,11.78,77.44,30.24,82.66,0.93,38.46,15.96,16.02,0.09,0.65,0.07,0,0,0,0.29,2.01,67.86,3.02,45.24,0.07,0,1.51,0.5,4.74,71.21,0,NA,0,NA,0,0,0,0,NA,NA,0,NA,NA,0.07,0,0,0.22,0,0,"players_2025-09-27.xlsx","COLOMBIA_A",0,"no","COL",NA,NA,NA,"Attacking Midfield",NA
"J. Mahecha","La Equidad","La Equidad","DMF",37,NA,NA,24,1247,0,1.04,0,0.04,11.62,52.8,"Colombia","Colombia","derecho",176,67,NA,6.93,5.7,56.96,37.5,0.51,0.69,0.14,3.18,4.31,1.73,11,0.79,0,0,0.29,0,0,0,0.07,0,0,6,0.43,33.33,0,0.36,20,0.07,0,0.29,25,0,0.36,20,1.8,48,0.14,0.22,0,24.25,0.14,1.01,36.09,88.2,11.76,82.21,3.25,97.78,16.02,90.54,31.83,91.61,3.97,65.45,19.77,28.45,0,0.43,0.07,0.14,0,0,0,6.78,77.66,0.58,62.5,0.22,33.33,0.14,0.07,5.77,78.75,0,NA,0,NA,0,0,0,0,NA,NA,0.65,NA,NA,0.22,0,0,0.07,1,0,"players_2025-09-27.xlsx","COLOMBIA_A",1e+05,"no","COL","Colombia","EQU","COL_EQU","Defensive Midfield","DEFENSIVE_MIDFIELD_LA_EQUIDAD_J_MAHECHA.png"
"J. Marulanda","Fortaleza","Fortaleza","RB",29,450000,NA,15,1243,1,1.04,0,0.68,12.89,52.81,"Colombia","Colombia","derecho",178,70,"no",8.4,5.86,62.96,50,0.22,0.33,0.14,4.49,6.79,0.65,3,0.22,0,0,0.94,0.07,1,0.07,0.08,0,0,12,0.87,41.67,8.333,1.67,26.09,0,0,1.67,26.09,0.14,0.36,40,2.97,39.02,1.16,0.43,0.07,22.52,1.81,1.09,30.77,76.24,11.01,65.13,7.24,95,8.11,75.89,24.98,83.19,4.27,52.54,19.54,36.35,0.05,0.22,0,0,0,0,0.14,3.91,68.52,1.67,39.13,0.29,50,0.43,0.43,6.66,57.61,0,NA,0,NA,0,0,0,0,NA,NA,0.58,NA,NA,0.07,0.07,0,0,0,0,"Search results-4.xlsx","COLOMBIA_A",NA,NA,"COL","Colombia","FOZ","COL_FOZ","Defenders Wingers",NA
"N. Rodríguez","Orlando City","Orlando City","RAMF",21,NA,NA,13,1241,4,2.11,1,1.98,18.42,45.28,"Colombia","Colombia","izquierdo",171,56,NA,4.21,4.35,53.33,36,0,0,0.15,1.89,3.33,1.23,3,0.22,0,0,5.08,0.29,4,0.29,0.15,0,0,29,2.1,27.59,13.793,2.18,43.33,0.58,75,1.6,31.82,0.22,6.02,54.22,11.31,44.87,0.65,2.76,0.22,26.62,1.38,1.74,32.93,82.38,8.92,68.29,7.61,92.38,11.68,84.47,28.94,86.47,1.89,61.54,18.18,29.48,0.14,1.52,0.07,0,0.29,100,0.44,4.21,77.59,3.63,52,0.58,62.5,1.16,1.02,5.22,80.56,0,NA,0,NA,0,0,0,0,NA,NA,0,NA,NA,1.45,0.36,20,1.96,0,0,"players_2025-09-27.xlsx","COLOMBIA_A",550000,"no","COL",NA,NA,NA,"Attacking Midfield",NA
"Y. Valois","Deportivo Pasto","Deportivo Pasto","CF",20,0,"2025-12-31",13,1229,6,3.64,0,0.23,19.99,28.57,"Colombia","Colombia",NA,0,0,"no",2.42,2.64,33.33,39.76,0,0,0.07,1.54,2.07,1.9,4,0.29,0,0,1.17,0.44,6,0.44,0.27,3,0.22,24,1.76,41.67,25,0.29,0,0.07,0,0.22,0,0.07,1.17,37.5,8.42,23.48,2.12,0.44,0.37,6.88,2.34,1.32,9.3,74.02,1.54,61.9,3.22,88.64,2.34,59.38,8.71,75.63,0.37,80,14.04,13.04,0.02,0.29,0,0,0,0,0.15,0.95,69.23,0.37,20,0.07,100,0.37,0,0.66,66.67,0,NA,0,NA,0,0,0,0,NA,NA,0,NA,NA,0,0,0,0,0,0,"Search results-4.xlsx","COLOMBIA_A",NA,NA,"COL","Colombia","PAS","COL_PAS","Forwards",NA
"J. Contreras","Unión Magdalena","Unión Magdalena","LAMF",26,NA,NA,31,1228,1,1.62,0,1.35,17.59,46.25,"Colombia","Colombia","izquierdo",170,64,NA,4.76,4.91,65.67,11.11,0.29,0.46,0.07,1.25,1.95,1.39,9,0.66,0,0,2.05,0.07,1,0.07,0.12,0,0,12,0.88,33.33,8.333,1.83,20,1.32,22.22,0.51,14.29,0.07,2.49,55.88,9.6,42.75,3.52,1.76,0.59,11.43,1.76,2.2,17.15,78.63,3,75.61,4.25,87.93,4.84,80.3,14.95,85.29,0.37,100,18.85,8.55,0.1,0.95,0.15,0,0.07,0,0.29,1.03,78.57,1.03,50,0.07,0,0.88,0.37,1.76,83.33,0,NA,0,NA,0,0,0,0,NA,NA,0,NA,NA,0,0,0,0.07,0,0,"players_2025-09-27.xlsx","COLOMBIA_A",350000,"no","COL","Colombia","UMG","COL_UMG","Attacking Midfield",NA
"H. Mena","Llaneros","Llaneros","RCB",24,3e+05,NA,18,1225,0,0.32,0,0.01,11.46,62.82,"Colombia","Colombia","derecho",185,76,"si",9.84,5.8,72.15,62.5,0.96,1.39,1.1,4.7,6.86,1.25,5,0.37,2,0.15,0.15,0,0,0,0.02,0,0,1,0.07,0,0,0.15,50,0,0,0.15,50,0,0.15,50,1.1,33.33,0.37,0.22,0.07,19.76,0.37,0.51,30.64,85.13,14.47,76.65,2.13,93.1,10.87,95.95,24.69,90.77,5.8,62.03,22.53,37.91,0,0.07,0,0,0,0,0,4.04,69.09,0.44,33.33,0.29,25,0,0.07,6.83,76.34,0,NA,0,NA,0,0,0,0,NA,NA,1.69,NA,NA,0.07,0.07,0,0,0,0,"2Search results-9.xlsx","COLOMBIA_A",NA,NA,"COL","Colombia","LNR","COL_LNR","Defenders",NA
"O. Bertel","América de Cali","América de Cali","LB",29,8e+05,NA,15,1223,0,0.16,1,1.39,10.6,53.47,"Colombia","Colombia","izquierdo",174,64,"no",7.65,5.37,67.12,46.88,0,0,0.22,4.05,5.85,0.37,1,0.07,0,0,1.32,0,0,0,0.01,0,0,2,0.15,0,0,2.65,38.89,2.58,40,0,0,0.66,0.37,80,1.84,36,0.81,0.96,0.22,24.06,1.99,0.15,35.62,81.2,14.06,79.06,5,89.71,11.04,82,29.51,88.53,3.61,48.98,18.11,29.85,0.1,0.44,0,0,0,0,0.44,4.12,69.64,2.21,40,0.15,0,0.37,0.96,7.14,69.07,0,NA,0,NA,0,0,0,0,NA,NA,0.59,NA,NA,0.15,0,0,0,0,0,"Search results-4.xlsx","COLOMBIA_A",NA,NA,"COL","Colombia","AME","COL_AME","Defenders Wingers",NA
"R. Uzcátegui","Philadelphia Union II","Philadelphia Union II","RCB",20,NA,"2025-12-31",12,1210,0,0.47,0,0.12,14.28,52.6,"Venezuela","Venezuela","derecho",180,77,NA,8.7,8.33,65.18,42.86,0.15,0.2,0.67,3.12,4.26,1.12,2,0.15,0,0,0,0,0,0,0.03,0,0,5,0.37,0,0,0.07,0,0,0,0.07,0,0,0.3,0,0.74,10,0.3,0.52,0,15.77,0.3,0.07,26.11,80.34,12.35,69.88,1.49,85,9.89,90.23,21.72,87.67,4.31,44.83,21.53,35.25,0.01,0.15,0,0,0,0,0.07,3.64,63.27,0.3,50,0.22,66.67,0.22,0,6.47,65.52,0,NA,0,NA,0,0,0,0,NA,NA,1.04,NA,NA,0.15,0,0,0,0,0,"players_2025-09-27.xlsx","COLOMBIA_A",0,"no","COL",NA,NA,NA,"Defenders",NA
"L. Riascos","Tolima","Tolima","RB",25,NA,NA,17,1208,4,0.37,1,0.95,17.43,49.57,"Colombia","Colombia","derecho",177,70,NA,8.94,7.3,63.27,42.86,0.45,0.6,0.07,3.87,5.23,1.49,6,0.45,2,0.15,2.16,0.3,4,0.3,0.03,0,0,13,0.97,46.15,30.769,2.31,22.58,0,0,2.31,22.58,0.22,2.46,48.48,5.81,37.18,0.22,1.79,0.07,17.96,1.79,0.52,27.72,71.51,13.63,68.31,3.35,91.11,6.85,69.57,20.86,80.36,4.77,54.69,22.62,40.08,0.07,0.67,0,0,0.15,0,0.22,5.66,59.21,2.53,32.35,0.82,27.27,0.45,0.45,7.45,80,0,NA,0,NA,0,0,0,0,NA,NA,0.45,NA,NA,0.3,0,0,0.6,0,0,"players_2025-09-27.xlsx","COLOMBIA_A",4e+05,"no","COL","Colombia","TOL","COL_TOL","Defenders Wingers",NA
"M. Ortega","Llaneros","Llaneros","GK",30,2e+05,NA,12,1207,0,0,0,0,0.82,72.73,"Mexico","Mexico","izquierdo",193,74,"no",2.39,0.07,100,80,0,0,0,2.31,3.07,0,3,0.22,0,0,0,0,0,0,0,0,0,0,0,0,0,0,0,0,0,0,0,0,0.07,0,0.3,75,0,0,0,17.37,0.45,0.22,26.1,85.71,13.5,76.24,0,0,12.23,96.95,16.11,98.61,9.92,65.41,32.77,46.57,0,0,0,0,0,0,0,2.16,44.83,0.37,20,0.22,33.33,0,0,7.83,75.24,10,0.75,35,2.61,6,71.43,9.23,0.69,-0.77,-0.057,0,1.94,0.37,NA,NA,NA,0,0,0,"2Search results-9.xlsx","COLOMBIA_A",NA,NA,"COL","Colombia","LNR","COL_LNR","Goalkeepers",NA
"K. Riascos","Hapoel Haifa","Boyacá Chicó","RCB",30,NA,NA,13,1202,0,0.28,0,0.5,9.73,60.77,"Colombia","Colombia","derecho",189,80,NA,5.39,2.92,61.54,65.31,0.3,0.43,0.15,3.29,4.68,0.67,4,0.3,0,0,0.3,0,0,0,0.02,0,0,3,0.22,33.33,0,0,0,0,0,0,0,0,0.22,100,1.57,38.1,0.52,0.15,0.07,18.64,0.07,0.22,30.25,83.17,14.08,72.34,1.72,100,11.68,94.23,24.78,91.54,5.47,45.21,23.64,44.56,0.04,0.22,0,0,0,0,0.07,4.57,49.18,0.45,16.67,0.3,0,0.22,0,5.24,60,0,NA,0,NA,0,0,0,0,NA,NA,1.42,NA,NA,0.07,0.07,0,0,0,0,"players.xlsx","COLOMBIA_A",2e+05,"no","COL",NA,NA,NA,"Defenders",NA
"L. González","Deportivo Táchira","Deportivo Táchira","AMF",34,NA,NA,27,1200,3,2.38,2,2.71,13.73,44.26,"Venezuela","Venezuela","derecho",168,66,NA,2.03,1.88,64,60,0.08,0.12,0.15,0.75,1.22,0.38,1,0.08,1,0.08,2.7,0.23,1,0.08,0.18,0,0,25,1.88,36,12,1.13,40,0.45,33.33,0.6,37.5,0.3,2.78,51.35,10.13,41.48,1.05,1.88,0.38,34.88,1.43,2.18,42.45,85.34,14.4,71.88,7.05,97.87,14.4,92.19,37.05,89.68,4.28,59.65,17.55,22,0.2,1.8,0.15,0,0.45,33.33,0.53,6.98,69.89,2.63,45.71,1.13,26.67,1.05,0.45,7.05,82.98,0,NA,0,NA,0,0,0,0,NA,NA,0.08,NA,NA,1.28,0.23,33.33,3.6,2,100,"players_2025-09-27.xlsx","COLOMBIA_A",5e+05,"no","COL",NA,NA,NA,"Attacking Midfield",NA
"N. Giraldo","Millonarios","Millonarios","LB",32,NA,NA,15,1198,0,0.18,2,0.15,14.95,53.27,"Colombia","Colombia","izquierdo",175,70,NA,7.96,6.54,67.82,47.22,0.23,0.36,0.38,3.31,5.22,0.68,4,0.3,0,0,0.75,0,0,0,0.01,0,0,11,0.83,9.09,0,1.43,36.84,1.43,36.84,0,0,0.15,0.38,40,4.36,32.76,0.3,0.9,0.08,18.93,1.35,0.98,26.74,76.4,12.1,70.19,2.1,89.29,9.24,79.67,21.26,86.93,4.06,35.19,19.66,31.92,0.01,0.38,0,0.08,0,0,0.15,4.81,67.19,2.1,35.71,0.08,0,0.15,0.53,7.59,71.29,0,NA,0,NA,0,0,0,0,NA,NA,0,NA,NA,0.08,0.08,0,0.08,0,0,"players_2025-09-27.xlsx","COLOMBIA_A",350000,"no","COL","Colombia","MIL","COL_MIL","Defenders Wingers",NA
"R. Bustamante","Deportivo Cali","Deportivo Cali","RCMF",25,4e+05,NA,23,1198,0,0.15,0,0.17,17.73,55.93,"Colombia","Colombia","derecho",175,66,"no",8.79,9.09,57.85,50,0.6,0.87,0.45,2.93,4.24,2.63,8,0.6,0,0,0.75,0,0,0,0.01,0,0,6,0.45,0,0,0.38,40,0,0,0.38,40,0,0.83,63.64,4.51,61.67,0.15,0.38,0,32.75,0.3,1.65,45.3,88.06,16.53,80.45,6.01,93.75,15.7,93.3,41.39,90.93,3.61,58.33,18.14,30.71,0.01,0.38,0,0.08,0.08,100,0.08,6.24,74.7,0.75,40,0.3,75,0.23,0.08,7.51,80,0,NA,0,NA,0,0,0,0,NA,NA,0.9,NA,NA,0,0,0,0,0,0,"2Search results-9.xlsx","COLOMBIA_A",NA,NA,"COL","Colombia","CAL","COL_CAL","Midfield",NA
"J. Valencia","Ayacucho","Ayacucho","GK",32,NA,NA,12,1194,0,0,0,0,0.75,80,"Colombia","Colombia","derecho",183,75,NA,1.28,0.15,0,100,0,0,0,1.28,1.97,0,3,0.23,0,0,0.08,0,0,0,0,0,0,0,0,0,0,0,0,0,0,0,0,0,0.08,100,0.08,100,0,0,0,7.69,0,0.23,12.44,83.03,6.86,72.53,0,0,5.13,97.06,8.59,95.61,3.69,57.14,31.04,44.42,0,0,0,0,0,0,0,1.43,42.11,0,0,0,0,0,0,3.39,60,19,1.43,47,3.54,3,59.57,14.15,1.07,-4.85,-0.366,0,1.51,0.3,NA,NA,NA,0,0,0,"players_2025-09-27.xlsx","COLOMBIA_A",2e+05,"no","COL",NA,NA,NA,"Goalkeepers",NA
"F. Gil","Atlético Bucaramanga","Atlético Bucaramanga","RAMF",30,9e+05,"2026-12-31",23,1193,1,2.96,1,1.49,17.28,47.16,"Colombia","Colombia","derecho",178,75,"si",3.77,3.85,58.82,54.55,0.08,0.12,0.08,1.43,2.37,1.13,3,0.23,0,0,3.85,0.08,2,0.15,0.22,0,0,21,1.58,33.33,9.524,3.47,41.3,0.08,0,3.39,42.22,0.23,3.62,52.08,10.34,43.8,3.24,2.19,0.45,15.69,3.17,2.87,20.14,72.28,3.85,56.86,5.21,94.2,6.87,67.03,15.99,80.66,1.06,28.57,18.56,18.64,0.11,0.83,0.15,0,0.23,0,0.3,1.51,55,3.62,50,0.38,0,0.91,1.28,3.02,82.5,0,NA,0,NA,0,0,0,0,NA,NA,0.15,NA,NA,0,0,0,0,0,0,"Search results-4.xlsx","COLOMBIA_A",NA,NA,"COL","Colombia","BUC","COL_BUC","Attacking Midfield",NA
"J. Quiñónes","Tolima","Tolima","AMF",24,NA,"2027-06-30",27,1187,0,0.32,2,0.9,20.62,40.44,"Colombia","Colombia","derecho",170,0,NA,5.08,5.31,57.14,26.67,0.08,0.12,0,1.97,3.2,1.29,6,0.45,0,0,2.35,0,0,0,0.02,0,0,5,0.38,20,0,1.21,18.75,0.45,33.33,0.68,11.11,0.15,3.49,56.52,10.92,34.72,1.59,4.47,0.45,27.3,0.91,0.99,37.76,88.35,10.24,87.41,7.2,95.79,10.61,86.43,35.64,91.28,0.91,66.67,18.03,12.11,0.07,1.14,0,0,0.23,33.33,0.61,4.02,88.68,1.74,69.57,0.45,50,1.67,0.23,3.87,88.24,0,NA,0,NA,0,0,0,0,NA,NA,0.08,NA,NA,0.08,0,0,0.23,0,0,"players_2025-09-27.xlsx","COLOMBIA_A",7e+05,"no","COL","Colombia","TOL","COL_TOL","Attacking Midfield",NA
"N. Villarreal","Millonarios","Millonarios","CF",20,NA,NA,20,1185,0,2.6,3,2.01,17.62,48.71,"Colombia","Colombia","unknown",0,0,NA,2.89,2.66,65.71,18.75,0,0,0,1.14,1.74,0.68,2,0.15,0,0,4.41,0,0,0,0.2,0,0,33,2.51,18.18,0,1.06,50,0.68,44.44,0.38,60,0.08,5.92,53.85,12.15,48.13,3.19,3.11,0.23,17.62,1.67,2.28,18.99,81.6,4.1,68.52,4.94,93.85,6.15,82.72,16.94,85.65,1.14,46.67,15.66,19.45,0.15,0.84,0.08,0,0.23,100,0.68,2.05,70.37,2.35,61.29,0.3,75,1.29,0.46,2.66,85.71,0,NA,0,NA,0,0,0,0,NA,NA,0,NA,NA,0,0,0,0.08,0,0,"players_2025-09-27.xlsx","COLOMBIA_A",0,"no","COL","Colombia","MIL","COL_MIL","Forwards",NA
"A. Salazar","Atlético Nacional","Atlético Nacional","LB",22,750000,"2026-06-30",16,1180,1,0.65,1,0.82,12.43,58.28,"Colombia","Colombia","izquierdo",182,72,"no",9.76,6.64,62.07,57.14,0.69,1.14,0.23,4.96,8.26,0.99,3,0.23,0,0,1.22,0.08,1,0.08,0.05,0,0,8,0.61,25,12.5,2.67,25.71,2.67,25.71,0,0,0.38,0.76,50,2.36,48.39,1.07,0.84,0.15,25.7,2.67,0.61,36.08,80.13,10.37,72.79,7.4,96.91,12.36,79.63,31.12,87.25,2.44,43.75,17.02,23.64,0.06,0.84,0.15,0,0,0,0.31,3.2,85.71,2.06,40.74,0.31,50,0.61,0.61,7.32,67.71,0,NA,0,NA,0,0,0,0,NA,NA,0.76,NA,NA,0.76,0,0,0.15,0,0,"2Search results-9.xlsx","COLOMBIA_A",NA,NA,"COL","Colombia","NAC","COL_NAC","Defenders Wingers",NA
"M. Silveira","Junior","Junior","GK",25,1e+06,"2026-07-31",12,1178,0,0,0,0,0.99,84.62,"Uruguay","Uruguay","derecho",187,89,"no",1.07,0.15,50,100,0.08,0.14,0,0.92,1.64,0.08,1,0.08,1,0.08,0,0,0,0,0,0,0,0,0,0,0,0,0,0,0,0,0,0,0,0,0.31,100,0,0,0,7.33,0.23,0.46,12.84,86.31,5.58,73.97,0,0,6.72,98.86,9.86,95.35,2.9,57.89,29.55,39.09,0,0,0,0.08,0,0,0,0.84,36.36,0.23,0,0.08,100,0,0,2.37,61.29,14,1.07,52,3.97,4,73.08,11.56,0.88,-2.44,-0.186,0,1.3,0.31,NA,NA,NA,0,0,0,"Search results-4.xlsx","COLOMBIA_A",NA,NA,"COL","Colombia","JNR","COL_JNR","Goalkeepers",NA
"Y. Quintero Rivas","Deportivo Cali","Deportivo Cali","LCMF",23,350000,NA,21,1178,0,0.82,1,0.52,14.82,56.7,"Colombia","Colombia","derecho",186,73,"si",8.02,5.96,67.95,58.33,0.08,0.12,0.23,3.9,6.02,0.99,3,0.23,2,0.15,1.07,0,0,0,0.06,0,0,8,0.61,0,0,0.31,75,0.15,100,0.15,50,0,1.22,68.75,4.51,42.37,0.84,1.22,0.08,26.59,0.46,0.84,40.34,86.55,13.45,81.25,4.97,90.77,13.75,89.44,37.82,87.88,2.29,63.33,18.8,23.93,0.04,0.61,0,0.08,0,0,0.15,6.95,83.52,1.53,70,0.08,100,1.07,0.23,6.49,75.29,0,NA,0,NA,0,0,0,0,NA,NA,0.23,NA,NA,0,0,0,0,0,0,"Search results-4.xlsx","COLOMBIA_A",NA,NA,"COL","Colombia","CAL","COL_CAL","Midfield",NA
"H. Rivera","Junior","Junior","DMF",32,NA,NA,17,1171,1,0.26,0,0.44,10.61,53.62,"Colombia","Colombia","derecho",176,73,NA,7.38,5.46,56.34,62.5,1.08,1.53,0.08,3.23,4.58,1.23,3,0.23,0,0,0.38,0.08,1,0.08,0.02,0,0,9,0.69,22.22,11.111,0.15,50,0.08,0,0.08,100,0,0.15,100,2.69,40,0.23,0.54,0,23.75,0.61,0.61,34.59,89.11,12.22,85.53,5.99,96.15,10.99,89.51,31.9,90.84,2.54,69.7,18.44,25.93,0.03,0.54,0.08,0,0.08,0,0,6.46,86.9,1,53.85,0.23,33.33,0.46,0.15,5.61,86.3,0,NA,0,NA,0,0,0,0,NA,NA,0.31,NA,NA,0.23,0.15,0,0.15,0,0,"players_2025-09-27.xlsx","COLOMBIA_A",5e+05,"no","COL","Colombia","JNR","COL_JNR","Defensive Midfield",NA
"M. Gómez","Boyacá Chicó","Boyacá Chicó","CF",28,NA,NA,16,1164,4,3.97,0,0.41,18.71,30.17,"Colombia","Colombia","derecho",180,70,NA,2.24,2.09,55.56,28.75,0.08,0.11,0.15,1.01,1.44,0.77,1,0.08,0,0,1.31,0.31,3,0.23,0.31,1,0.08,19,1.47,42.11,21.053,1.08,7.14,0.31,0,0.77,10,0.23,1.31,41.18,8.81,21.93,3.09,0.31,0.15,12.76,2.01,0.62,19.18,72.58,3.02,58.97,6.34,90.24,5.1,68.18,17.71,77.29,0.46,33.33,14.46,12.7,0.03,0.7,0,0,0.15,50,0.08,1.24,68.75,1.31,29.41,0.15,0,0.62,0.08,1.55,75,0,NA,0,NA,0,0,0,0,NA,NA,0,NA,NA,0.08,0,0,0,2,50,"players_2025-09-27.xlsx","COLOMBIA_A",2e+05,"no","COL","Colombia","BYC","COL_BYC","Forwards",NA
"F. Mosquera","Alianza","Alianza","LCB",30,4e+05,NA,27,1162,1,0.29,0,0.05,11.39,54.42,"Colombia","Colombia","derecho",180,73,"no",6.74,3.95,68.63,47.62,0.08,0.11,0.15,3.95,5.37,0.7,6,0.46,0,0,0.08,0.08,1,0.08,0.02,0,0,8,0.62,12.5,12.5,0.08,0,0,0,0.08,0,0,0.08,0,2.17,46.43,0.31,0.31,0,26.02,0.31,0.93,38.11,88.41,12.24,75.32,4.03,98.08,15.96,95.63,34.85,92,3.18,51.22,16.55,16.34,0,0.15,0,0.08,0,0,0.08,3.49,80,0.54,28.57,0,0,0.23,0,5.5,64.79,0,NA,0,NA,0,0,0,0,NA,NA,1.39,NA,NA,0,0,0,0,0,0,"2Search results-9.xlsx","COLOMBIA_A",NA,NA,"COL","Colombia","ALV","COL_ALV","Defenders",NA
"L. Marimón","Millonarios","Millonarios","CF",21,0,NA,23,1152,3,3.31,0,0.4,14.92,37.17,"Colombia","Colombia",NA,0,0,"no",4.06,3.36,55.81,42.5,0.31,0.56,0.16,1.88,3.35,1.64,5,0.39,0,0,1.72,0.23,3,0.23,0.26,0,0,20,1.56,50,15,0.23,66.67,0.16,50,0.08,100,0,0.86,81.82,5.63,29.17,3.13,0.55,0,10.31,1.25,0.78,12.73,77.91,2.27,58.62,3.91,86,2.66,88.24,12.11,80.65,0.39,0,12.85,3.22,0.03,0.55,0,0.08,0.08,100,0.16,0.7,88.89,0.47,83.33,0.16,50,0.47,0.16,0.94,50,0,NA,0,NA,0,0,0,0,NA,NA,0,NA,NA,0,0,0,0,0,0,"2Search results-9.xlsx","COLOMBIA_A",NA,NA,"COL","Colombia","MIL","COL_MIL","Forwards",NA
"A. Aedo","Boyacá Chicó","Boyacá Chicó","RB",21,NA,NA,25,1151,0,0.04,0,0.13,14.15,49.17,"Colombia","Colombia","unknown",0,0,NA,6.8,5.63,55.56,53.33,0.16,0.22,0.31,3.52,4.95,1.56,3,0.23,0,0,0.63,0,0,0,0,0,0,2,0.16,0,0,0.39,40,0.08,100,0.31,25,0.08,0.7,66.67,3.21,39.02,0.16,0.23,0,14.07,0.39,0.7,22.75,79.73,7.43,61.05,3.91,92,7.51,87.5,19.39,85.08,2.97,50,16.96,20.66,0.01,0.31,0,0,0,0,0.08,3.83,63.27,0.78,30,0,0,0.16,0.16,3.6,67.39,0,NA,0,NA,0,0,0,0,NA,NA,0.23,NA,NA,0,0,0,0,0,0,"players_2025-09-27.xlsx","COLOMBIA_A",0,"no","COL","Colombia","BYC","COL_BYC","Defenders Wingers",NA
"Á. Meléndez","Patriotas Boyacá","Patriotas Boyacá","RAMF",28,NA,"2025-06-30",20,1143,2,1.1,2,2.2,13.54,34.88,"Colombia","Colombia","derecho",170,62,NA,2.91,2.83,55.56,20.59,0,0,0,1.34,2.01,0.39,1,0.08,0,0,2.91,0.16,2,0.16,0.09,0,0,18,1.42,38.89,11.111,3.31,38.1,0.63,62.5,2.68,32.35,0.24,2.28,48.28,5.83,36.49,2.52,0.79,0.31,17.56,2.83,0.94,21.73,75.36,4.72,68.33,4.57,87.93,7.32,73.12,17.64,82.14,1.02,76.92,16.9,15.29,0.17,1.26,0,0.16,0.08,0,0.39,1.57,85,2.91,51.35,0.16,0,0.71,1.1,4.09,76.92,0,NA,0,NA,0,0,0,0,NA,NA,0.08,NA,NA,0.94,0,0,1.81,0,0,"players_2025-09-27.xlsx","COLOMBIA_A",250000,"si","COL","Colombia","PAT","COL_PAT","Attacking Midfield",NA
"D. Rodríguez","Jaguares de Córdoba","Jaguares de Córdoba","RW",28,NA,NA,18,1142,1,0.82,1,2,13.95,49.15,"Venezuela","Venezuela","derecho",163,61,NA,4.65,3.78,75,0,0,0,0,1.81,2.7,0.16,0,0,0,0,2.92,0.08,1,0.08,0.06,0,0,19,1.5,21.05,5.263,3.15,22.5,0.87,18.18,2.29,24.14,0.32,3.7,46.81,8.83,44.64,1.5,3.94,1.26,25.61,1.81,1.97,33.89,82.56,6.94,78.41,5.91,96,15.29,81.96,28.84,91.26,2.05,50,19.64,25.51,0.16,1.18,0.16,0.08,0.24,66.67,0.16,3.47,72.73,3.47,50,0.24,33.33,1.18,0.71,4.57,82.76,0,NA,0,NA,0,0,0,0,NA,NA,0.16,NA,NA,0.32,0,0,1.02,0,0,"players_2025-09-27.xlsx","COLOMBIA_A",2e+05,"no","COL","Colombia","JAG","COL_JAG","Wingers",NA
"B. Gil","Baltika","Baltika","CF",24,NA,"2026-12-31",14,1142,7,8.22,1,0.83,21.36,35.06,"Colombia","Colombia, El Salvador","derecho",185,78,NA,3.31,3.7,61.7,30.34,0,0,0,1.02,1.62,1.42,0,0,0,0,2.44,0.55,7,0.55,0.65,3,0.24,43,3.39,51.16,16.279,0.08,0,0,0,0.08,0,0,1.34,52.94,8.43,27.1,4.33,0.63,0.16,11.19,2.84,0.55,16.31,83.09,3.07,66.67,4.1,88.46,4.02,90.2,15.6,85.35,0.63,37.5,13.66,11.2,0.07,0.95,0,0,0,0,0.24,1.34,70.59,0.39,60,0.08,0,0.71,0,0.71,88.89,0,NA,0,NA,0,0,0,0,NA,NA,0,NA,NA,0,0,0,0,0,0,"players_2025-09-27.xlsx","COLOMBIA_A",7e+05,"no","COL",NA,NA,NA,"Forwards",NA
"J. Hinestroza","Envigado","Envigado","LDMF",23,0,NA,17,1138,0,0.03,0,0,11.63,48.98,"Colombia","Colombia",NA,176,70,"no",8.3,6.72,56.47,26.32,0.24,0.33,0.71,4.27,6.02,1.58,7,0.55,0,0,0.24,0,0,0,0,0,0,3,0.24,0,0,0,0,0,0,0,0,0,0.63,37.5,2.14,29.63,0,0.55,0,18.11,0,0.4,28.63,84.25,8.94,71.68,5.14,93.85,9.65,94.26,26.49,86.87,2.14,51.85,17.88,23.17,0,0,0,0,0,0,0,3.32,76.19,0.32,25,0.08,0,0.08,0,3.8,54.17,0,NA,0,NA,0,0,0,0,NA,NA,0.79,NA,NA,0,0,0,0,0,0,"2Search results-9.xlsx","COLOMBIA_A",NA,NA,"COL","Colombia","ENV","COL_ENV","Defensive Midfield",NA
"J. Micolta","La Equidad","La Equidad","LW",23,0,NA,23,1138,2,2.53,1,0.56,22.07,45.52,"Colombia","Colombia","derecho",173,0,"no",6.41,6.09,57.14,30.77,0.32,0.39,0,2.61,3.24,1.98,2,0.16,2,0.16,3.16,0.16,2,0.16,0.2,0,0,21,1.66,42.86,9.524,1.11,21.43,0.55,28.57,0.55,14.29,0.08,4.43,50,11.39,42.36,1.5,2.53,0.63,13.13,0.95,2.29,17.48,66.06,4.51,45.61,3.8,85.42,5.14,72.31,15.34,71.13,1.27,31.25,16.2,22.85,0.04,0.47,0.08,0.16,0.16,0,0.32,2.21,39.29,1.11,42.86,0.24,0,0.55,0.24,2.29,62.07,0,NA,0,NA,0,0,0,0,NA,NA,0,NA,NA,0,0,0,0.16,0,0,"Search results-4.xlsx","COLOMBIA_A",NA,NA,"COL","Colombia","EQU","COL_EQU","Wingers","WINGERS_LA_EQUIDAD_J_MICOLTA.png"
"E. Camargo","Boyacá Chicó","Boyacá Chicó","RDMF",23,0,NA,21,1136,0,0.53,0,0.08,12.99,48.78,"Colombia","Colombia","derecho",179,73,"no",5.78,4.6,63.79,52.94,0.48,0.71,0.08,2.38,3.57,1.03,4,0.32,0,0,0.63,0,0,0,0.04,0,0,15,1.19,20,0,0.4,20,0.08,100,0.32,0,0,0.48,66.67,5.07,43.75,0.71,0.79,0,28.84,0.79,1.19,37.95,86.85,11.41,76.39,5.7,93.06,14.02,91.53,34.94,89.34,2.77,60,17.05,23.75,0.01,0.24,0,0,0,0,0.08,6.58,75.9,0.87,27.27,0.48,66.67,0.16,0.08,5.47,79.71,0,NA,0,NA,0,0,0,0,NA,NA,0.32,NA,NA,0.08,0,0,0,0,0,"Search results-4.xlsx","COLOMBIA_A",NA,NA,"COL","Colombia","BYC","COL_BYC","Defensive Midfield",NA
"J. Aja","Medellín","Medellín","RCB",31,NA,"2025-12-31",15,1135,0,0.23,1,0.62,12.45,59.24,"Uruguay","Uruguay","derecho",191,84,NA,7.69,3.81,72.92,50,0.24,0.36,0.48,4.68,7.05,0.48,3,0.24,0,0,0.4,0,0,0,0.02,0,0,5,0.4,40,0,0,0,0,0,0,0,0,0.24,100,0.56,85.71,0.4,0,0,18.79,0.48,0.32,29.81,84.57,12.93,71.17,1.51,100,13.24,96.41,24.42,90.91,5.39,55.88,21.62,34.92,0.05,0.08,0,0,0,0,0.08,2.3,55.17,0.16,0,0.16,50,0.16,0,5.47,60.87,0,NA,0,NA,0,0,0,0,NA,NA,1.35,NA,NA,0,0,0,0,0,0,"players_2025-09-27.xlsx","COLOMBIA_A",4e+05,"no","COL","Colombia","MDL","COL_MDL","Defenders",NA
"J. Vélez","Barranquilla","Barranquilla","RDMF",22,NA,NA,23,1125,0,0.16,0,0.02,11.2,44.29,"Colombia","Colombia","derecho",178,73,NA,7.12,5.6,52.86,64.71,0.32,0.49,0.24,3.84,5.88,0.72,2,0.16,0,0,0.4,0,0,0,0.01,0,0,5,0.4,20,0,0.24,33.33,0,0,0.24,33.33,0,0.48,50,3.04,18.42,0.16,0.8,0,28.08,0.32,0.24,39.44,86.21,11.44,79.72,6.72,94.05,16.16,88.61,36,89.33,3.28,56.1,19.46,27.53,0,0.08,0,0.08,0,0,0,5.84,75.34,0.72,11.11,0.32,50,0.08,0.08,5.52,75.36,0,NA,0,NA,0,0,0,0,NA,NA,0.4,NA,NA,0,0,0,0,0,0,"players_2025-09-27.xlsx","COLOMBIA_A",5e+05,"si","COL",NA,NA,NA,"Defensive Midfield",NA
"C. Zapata","Atlético Bucaramanga","Atlético Bucaramanga","CB",38,NA,NA,15,1123,1,1,0,0,9.54,73.95,"Colombia","Colombia","derecho",188,82,NA,6.25,3.85,81.25,76.6,0.08,0.13,0.64,3.05,4.79,0.4,3,0.24,0,0,0.4,0.08,1,0.08,0.08,1,0.08,5,0.4,40,20,0.08,100,0.08,100,0,0,0,0.16,100,1.28,50,0.64,0,0.08,16.59,0.08,0.64,27.73,87.28,10.26,78.91,1.12,85.71,13.78,94.77,24.36,90.79,3.29,60.98,19.16,25.16,0,0.08,0,0,0,0,0,2.56,75,0.16,0,0,0,0.08,0.08,4.73,61.02,0,NA,0,NA,0,0,0,0,NA,NA,0.48,NA,NA,0,0,0,0,0,0,"players_2025-09-27.xlsx","COLOMBIA_A",150000,"no","COL","Colombia","BUC","COL_BUC","Defenders",NA
"J. Herrera","Jaguares de Córdoba","Jaguares de Córdoba","RB",24,NA,"2025-11-30",12,1114,0,2.39,0,1.36,19.23,53.78,"Colombia","Colombia",NA,172,0,NA,4.36,2.91,66.67,26.09,0,0,0.08,2.42,3.32,0.24,4,0.32,0,0,5.49,0,0,0,0.19,0,0,31,2.5,19.35,0,4.2,26.92,0.48,16.67,3.64,28.89,0.4,6.71,55.42,12.76,55.06,2.1,3.31,0.57,20.2,1.45,3.23,25.93,72.9,7.51,62.37,4.04,92,9.05,77.68,20.12,83.53,1.86,56.52,21.45,27.68,0.11,0.81,0,0,0.32,50,0.4,3.39,66.67,2.91,44.44,0.4,20,0.57,1.21,4.69,82.76,0,NA,0,NA,0,0,0,0,NA,NA,0,NA,NA,1.45,0.4,20,0.73,0,0,"players_2025-09-27.xlsx","COLOMBIA_A",0,"no","COL","Colombia","JAG","COL_JAG","Defenders Wingers",NA
"L. Escorcia","Fortaleza","Fortaleza","CB",21,0,NA,20,1112,0,0.14,0,0,10.6,61.83,"Colombia","Colombia","unknown",0,0,"si",7.45,3.88,66.67,59.18,0.08,0.13,0.49,4.78,7.44,0.81,0,0,0,0,0.24,0,0,0,0.01,0,0,5,0.4,0,0,0,0,0,0,0,0,0,0.24,100,1.29,62.5,0.08,0.65,0,23.63,0.97,0.97,35.85,86,16.92,80.38,2.19,100,13.27,92.07,30.59,89.95,5.26,63.08,19.95,33.33,0,0.08,0,0.08,0,0,0,2.83,74.29,0.16,0,0.08,100,0,0,7.77,60.42,0,NA,0,NA,0,0,0,0,NA,NA,1.38,NA,NA,0,0,0,0,0,0,"Search results-4.xlsx","COLOMBIA_A",NA,NA,"COL","Colombia","FOZ","COL_FOZ","Defenders",NA
"K. Toscano Bassa","Atlético Nacional","Atlético Nacional","RDMF",21,NA,NA,26,1107,0,0.45,0,0.1,15.45,54.21,"Colombia","Colombia","unknown",180,75,NA,9.11,7.72,66.32,50,0.41,0.68,0.49,3.58,5.97,1.79,3,0.24,1,0.08,0.81,0,0,0,0.04,0,0,9,0.73,44.44,0,0.08,100,0,0,0.08,100,0.08,1.06,38.46,3.98,40.82,0.16,0.33,0.08,20.98,0.41,0.81,29.76,90.44,8.78,81.48,5.04,90.32,11.71,97.22,28.86,91.55,0.81,50,14.44,7.53,0.01,0.33,0,0,0.08,0,0,3.98,87.76,0.49,16.67,0.08,0,0.16,0.08,3.74,71.74,0,NA,0,NA,0,0,0,0,NA,NA,0.57,NA,NA,0,0,0,0,0,0,"players_2025-09-27.xlsx","COLOMBIA_A",0,"no","COL","Colombia","NAC","COL_NAC","Defensive Midfield",NA
"L. Ríos","Cúcuta Deportivo","Cúcuta Deportivo","AMF",27,NA,NA,20,1101,0,0.74,0,1.77,21.34,47.89,"Argentina","Argentina","derecho",176,75,NA,5.56,5.4,57.58,40.74,0.74,1,0.16,1.72,2.34,1.47,3,0.25,0,0,3.6,0,0,0,0.06,0,0,24,1.96,8.33,0,1.55,21.05,0.25,33.33,1.14,21.43,0.08,4.41,59.26,10.95,47.76,1.96,3.11,0.41,26.98,0.65,1.55,36.13,76.47,12.92,67.09,5.72,90,11.69,75.52,31.06,81.84,3.6,52.27,17.97,29.5,0.14,1.55,0.08,0,1.06,46.15,0.25,7.77,73.68,4.01,30.61,1.96,33.33,1.23,0.25,7.19,77.27,0,NA,0,NA,0,0,0,0,NA,NA,0,NA,NA,1.23,0.25,33.33,2.62,0,0,"players_2025-09-27.xlsx","COLOMBIA_A",450000,"no","COL",NA,NA,NA,"Attacking Midfield",NA
"C. Sención","Unión Magdalena","Unión Magdalena","LCMF",29,NA,NA,15,1100,0,0.36,0,0.26,15.05,58.15,"Uruguay","Uruguay","derecho",181,72,NA,7.2,6.95,61.18,65,0.41,0.54,0.16,2.54,3.32,1.15,3,0.25,1,0.08,0.98,0,0,0,0.03,0,0,6,0.49,16.67,0,0.33,25,0.25,33.33,0.08,0,0.08,0.98,75,4.42,53.7,0.33,0.41,0,20.37,0.49,1.31,32.56,82.41,10.96,70.15,4.09,98,13.66,91.62,28.06,86.3,4.17,60.78,20,33.59,0.02,0.33,0,0,0.16,50,0.08,6.14,78.67,0.74,77.78,0.33,50,0.41,0.08,6.05,70.27,0,NA,0,NA,0,0,0,0,NA,NA,0.16,NA,NA,1.15,0.08,0,0.9,0,0,"players.xlsx","COLOMBIA_A",250000,"no","COL","Colombia","UMG","COL_UMG","Midfield",NA
"H. Urrego","Unión Magdalena","Unión Magdalena","RCB",32,0,NA,11,1098,1,1.6,0,0,14.1,63.37,"Colombia","Colombia","derecho",187,72,"no",8.44,5.57,70.59,62.07,0.66,0.86,0.74,3.85,5.07,0.74,4,0.33,0,0,0.57,0.08,1,0.08,0.13,0,0,6,0.49,50,16.667,0.33,100,0,0,0.33,100,0,0,0,1.23,53.33,0.49,0.49,0,16.48,0.41,0.98,27.54,74.4,14.92,60.99,1.72,85.71,9.34,92.11,21.56,85.55,5.66,30.43,23.02,39.3,0,0,0,0.08,0,0,0,4.34,43.4,0.9,45.45,0.16,0,0.08,0.33,5.33,46.15,0,NA,0,NA,0,0,0,0,NA,NA,0.82,NA,NA,0,0,0,0,0,0,"Search results-4.xlsx","COLOMBIA_A",NA,NA,"COL","Colombia","UMG","COL_UMG","Defenders",NA
"J. Díaz","Once Caldas","Once Caldas","RDMF",24,NA,NA,23,1093,0,0.54,0,0.57,15.65,55.26,"Colombia","Colombia","derecho",183,74,NA,8.56,8.23,64,45,0.16,0.24,0.58,3.13,4.54,2.06,4,0.33,0,0,0.66,0,0,0,0.04,0,0,4,0.33,25,0,0.16,50,0.08,0,0.08,100,0,0.74,44.44,3.95,45.83,0.41,0.66,0.25,22.15,0.25,0.41,33.6,88.48,11.28,79.56,4.2,94.12,12.93,92.99,32.36,90.33,1.07,38.46,16.39,16.9,0.05,0.41,0,0,0.25,66.67,0.33,4.53,74.55,0.74,11.11,0.41,20,0.25,0.08,3.46,78.57,0,NA,0,NA,0,0,0,0,NA,NA,0.41,NA,NA,0,0,0,0,0,0,"players_2025-09-27.xlsx","COLOMBIA_A",3e+05,"no","COL","Colombia","ONC","COL_ONC","Defensive Midfield",NA
"C. Vivas","La Equidad","La Equidad","LCB",23,0,NA,11,1091,0,0.08,0,0.05,10.15,58.54,"Venezuela","Venezuela","derecho",182,72,"no",7.34,3.96,79.17,37.78,0.49,0.55,0.41,3.71,4.14,0.25,2,0.16,0,0,0.41,0,0,0,0.01,0,0,1,0.08,100,0,0,0,0,0,0,0,0,0.33,100,1.24,60,0.08,0.16,0,19.72,0,0.66,29.62,86.63,12.37,76.67,0.25,100,12.95,96.18,25.66,91.32,3.96,56.25,20.28,41.33,0,0.08,0,0,0,0,0,2.06,68,0.16,0,0.08,0,0,0,4.21,62.75,0,NA,0,NA,0,0,0,0,NA,NA,0.25,NA,NA,0,0,0,0.08,0,0,"Search results-4.xlsx","COLOMBIA_A",NA,NA,"COL","Colombia","EQU","COL_EQU","Defenders","DEFENDERS_LA_EQUIDAD_C_VIVAS.png"
"N. Zalazar","Instituto","Instituto","LCB",28,NA,NA,12,1089,0,0.68,0,0,13.47,65.03,"Argentina","Argentina","derecho",185,79,NA,9.26,5.79,80,61.54,0.08,0.13,0.25,4.55,6.88,1.07,3,0.25,2,0.17,0.99,0,0,0,0.06,0,0,11,0.91,45.45,0,0.5,66.67,0.41,60,0,0,0,0.33,75,1.57,47.37,0.66,2.23,0,27.52,0.66,0.5,43.88,84.37,20.66,75.2,2.4,89.66,17.6,93.43,36.45,90.25,6.94,54.76,22.5,38.71,0,0,0.08,0,0,0,0,6.45,70.51,1.32,50,0.58,28.57,0.25,0.33,10.17,71.54,0,NA,0,NA,0,0,0,0,NA,NA,1.57,NA,NA,0,0,0,0,0,0,"players_2025-09-27.xlsx","COLOMBIA_A",3e+05,"no","COL",NA,NA,NA,"Defenders",NA
"J. Holguín","Envigado","Envigado","LB",20,0,NA,14,1089,0,0.4,1,0.43,12.98,52.87,"Colombia","Colombia","unknown",178,76,"no",8.76,7.27,55.68,50,0.08,0.11,0.17,4.63,6.13,1.49,4,0.33,0,0,0.99,0,0,0,0.03,0,0,7,0.58,0,0,1.74,28.57,1.74,28.57,0,0,0.25,0.58,85.71,2.15,57.69,0.99,0.74,0,19.42,1.16,0.74,27.85,75.07,12.56,66.45,4.05,89.8,6.36,83.12,21.65,86.26,4.55,38.18,22.7,35.03,0.04,0.33,0,0,0,0,0.17,4.55,63.64,1.49,33.33,0.08,100,0.25,0.58,6.2,65.33,0,NA,0,NA,0,0,0,0,NA,NA,0.33,NA,NA,0.08,0,0,0,0,0,"Search results-4.xlsx","COLOMBIA_A",NA,NA,"COL","Colombia","ENV","COL_ENV","Defenders Wingers",NA
"R. Pérez","Unión Magdalena","Unión Magdalena","RCB",35,NA,"2025-12-31",12,1085,0,0.02,0,0,10.29,62.9,"Colombia","Colombia","derecho",186,82,NA,7.88,4.06,81.63,57.14,0.25,0.38,1.16,4.31,6.5,0.41,2,0.17,1,0.08,0.33,0,0,0,0,0,0,1,0.08,0,0,0,0,0,0,0,0,0,0.5,66.67,1.49,44.44,0.41,0.66,0,18.41,0.08,0.75,28.04,84.32,10.62,71.88,2.49,90,12.94,93.59,24.88,90.33,3.15,36.84,21.65,35.76,0,0,0.08,0,0,0,0,1.74,52.38,0.17,0,0,0,0,0,4.23,50.98,0,NA,0,NA,0,0,0,0,NA,NA,1.66,NA,NA,0,0,0,0,0,0,"players_2025-09-27.xlsx","COLOMBIA_A",550000,"no","COL","Colombia","UMG","COL_UMG","Defenders",NA
"J. Quintero","América de Cali","América de Cali","CF",32,NA,"2026-12-31",13,1082,3,2.14,0,2.66,9.15,49.09,"Colombia","Colombia","izquierdo",168,70,NA,1.41,1.58,73.68,50,0.08,0.14,0,0.17,0.27,0.42,0,0,1,0.08,4.49,0.25,3,0.25,0.18,0,0,52,4.33,36.54,5.769,1.08,38.46,0.5,16.67,0.5,50,0.17,3.66,54.55,6.99,42.86,2,2.41,0.25,56.23,2.41,0.83,61.47,81.87,24.12,76.21,7.49,88.89,18.96,84.21,51.82,85.55,8.57,65.05,18.39,39.51,0.22,2.58,0.17,0.08,1.33,37.5,0.67,13.81,73.49,7.07,62.35,3.41,31.71,4.16,0.42,14.39,94.22,0,NA,0,NA,0,0,0,0,NA,NA,0,NA,NA,2.25,1.25,33.33,3.24,0,0,"players.xlsx","COLOMBIA_A",2500000,"no","COL","Colombia","AME","COL_AME","Forwards",NA
"A. Colorado","Deportivo Cali","Deportivo Cali","RCMF",26,8e+05,"2026-06-30",16,1081,1,0.78,0,0.04,12.9,51.61,"Colombia","Colombia","derecho",193,81,"si",6.83,5.83,57.14,34.78,0.33,0.51,0.08,3.16,4.83,2.08,7,0.58,0,0,0.25,0.08,1,0.08,0.07,0,0,7,0.58,42.86,14.286,0.25,0,0,0,0.17,0,0,0.08,0,3,61.11,1.25,0.75,0,22.65,0.33,1.75,31.3,85.37,9.82,75.42,3.83,95.65,11.91,91.61,29.64,87.64,1.5,50,16.87,25.11,0,0.5,0,0,0.08,0,0,6.24,81.33,0.83,60,0.17,0,0.42,0,4.33,76.92,0,NA,0,NA,0,0,0,0,NA,NA,0.08,NA,NA,0,0,0,0,0,0,"Search results-4.xlsx","COLOMBIA_A",NA,NA,"COL","Colombia","CAL","COL_CAL","Midfield",NA
"E. Ricardo","Beşiktaş","Beşiktaş","DMF",21,NA,"2029-06-30",14,1075,3,0.95,1,0.46,14.57,54.6,"Colombia","Colombia","unknown",0,0,NA,7.03,5.61,68.66,47.06,0.42,0.59,0.08,2.76,3.87,1.09,4,0.33,0,0,1.34,0.25,3,0.25,0.08,1,0.08,22,1.84,27.27,13.636,0.17,50,0.08,100,0.08,0,0,1.26,60,5.78,47.83,0.25,1.09,0.17,17,0.42,1.26,24.61,86.73,7.28,82.76,3.93,93.62,9.29,87.39,21.27,90.16,3.18,65.79,20.6,41.53,0.04,0.42,0,0.08,0,0,0.17,5.36,79.69,0.42,40,0.33,50,0.25,0.08,4.52,87.04,0,NA,0,NA,0,0,0,0,NA,NA,1,NA,NA,0.92,0.67,12.5,0,0,0,"players_2025-09-27.xlsx","COLOMBIA_A",0,"no","COL",NA,NA,NA,"Defensive Midfield",NA
"E. Valencia","Tolima","Tolima","RW",28,550000,NA,26,1075,1,2.26,1,1.11,18.84,45.33,"Colombia","Colombia","izquierdo",175,73,"no",5.02,5.11,59.02,40,0.17,0.27,0,1.84,2.92,1,0,0,0,0,4.35,0.08,1,0.08,0.19,0,0,17,1.42,23.53,5.882,3.52,33.33,2.26,25.93,1.26,46.67,0.59,4.35,65.38,11.22,40.3,3.18,2.93,0.25,32.32,1.93,1.17,40.27,79.63,7.45,69.66,9.63,89.57,13.4,78.75,34.41,86.13,2.34,53.57,17.37,26.18,0.09,1.26,0.17,0,0.25,0,0.59,4.94,81.36,3.77,48.89,0.5,16.67,1.09,1.26,5.94,76.06,0,NA,0,NA,0,0,0,0,NA,NA,0.08,NA,NA,0.84,0.08,0,1,0,0,"2Search results-9.xlsx","COLOMBIA_A",NA,NA,"COL","Colombia","TOL","COL_TOL","Wingers",NA
"C. Paternina","La Equidad","La Equidad","AMF",24,NA,NA,20,1073,0,0.32,1,0.34,12.58,40.67,"Colombia","Colombia",NA,166,60,NA,2.85,3.19,50,14.29,0.17,0.25,0,1.09,1.64,0.67,1,0.08,0,0,1.68,0,0,0,0.03,0,0,8,0.67,50,0,0.59,42.86,0,0,0.59,42.86,0.08,1.93,56.52,6.71,43.75,0.67,1.59,0.34,19.96,0.75,1.85,25.16,81.33,7.88,70.21,5.28,90.48,6.37,80.26,22.31,84.59,2.35,60.71,16.97,24.59,0.03,0.5,0,0,0.08,0,0.25,4.7,73.21,1.09,53.85,0.42,20,0.42,0.25,4.36,71.15,0,NA,0,NA,0,0,0,0,NA,NA,0.17,NA,NA,1.17,0.34,50,1.34,0,0,"players_2025-09-27.xlsx","COLOMBIA_A",50000,"no","COL","Colombia","EQU","COL_EQU","Attacking Midfield","ATTACKING_MIDFIELD_LA_EQUIDAD_C_PATERNINA.png"
"S. Navarro","Millonarios","Millonarios","RB",22,NA,"2026-12-31",13,1070,0,0.18,0,0.34,14.89,52.54,"Colombia","Colombia","derecho",0,0,NA,8.5,7.57,70,43.75,0,0,0,3.2,4.54,1.09,1,0.08,0,0,1.68,0,0,0,0.02,0,0,4,0.34,50,0,2.36,28.57,0,0,2.36,28.57,0.25,1.77,42.86,4.04,31.25,0.67,1.77,0.25,19.6,1.77,0.08,28.93,74.13,10.85,72.09,4.12,95.92,7.49,74.16,25.65,80.33,1.09,15.38,17.8,24.74,0.03,0.59,0,0,0.17,50,0.17,2.52,86.67,2.36,35.71,0.34,25,0.34,0.93,6.73,53.75,0,NA,0,NA,0,0,0,0,NA,NA,0.34,NA,NA,0,0,0,0,0,0,"players_2025-09-27.xlsx","COLOMBIA_A",0,"no","COL","Colombia","MIL","COL_MIL","Defenders Wingers",NA
"Á. Rodríguez","Santa Fe","Santa Fe","CF",36,3e+05,NA,27,1064,2,1.49,4,1.24,21.15,27.6,"Colombia","Colombia","derecho",183,83,"no",2.11,2.37,42.86,39.22,0,0,0,1.1,1.57,1.86,5,0.42,1,0.08,1.02,0.17,2,0.17,0.13,1,0.08,9,0.76,33.33,22.222,0.51,33.33,0.25,33.33,0.25,33.33,0.17,1.27,46.67,8.88,19.05,2.03,0.59,0.08,4.99,1.35,0.59,10.91,76.74,2.96,60,2.62,87.1,2.54,80,10.15,80,0.34,50,14.46,4.31,0.1,1.27,0,0,0.17,0,0.68,0.93,72.73,0.93,72.73,0.25,0,1.18,0.08,1.27,93.33,0,NA,0,NA,0,0,0,0,NA,NA,0,NA,NA,0,0,0,0,0,0,"Search results-4.xlsx","COLOMBIA_A",NA,NA,"COL","Colombia","STF","COL_STF","Forwards",NA
"Jhon Vásquez","Atlético Bucaramanga","Atlético Bucaramanga","RAMF",30,8e+05,"2025-12-31",25,1060,2,3.58,0,1.4,23.35,44.73,"Colombia","Colombia","derecho",176,78,"no",4.08,3.23,55.26,48.15,0.25,0.47,0.25,2.04,3.79,1.44,3,0.25,1,0.08,5.43,0.17,2,0.17,0.3,0,0,26,2.21,30.77,7.692,5.94,21.43,2.38,17.86,3.57,23.81,0.85,6.45,53.95,14.77,44.25,2.63,3.65,0.42,19.95,2.63,2.12,28.19,70.48,5.6,77.27,6.37,96,11.29,55.64,21.14,83.94,1.53,66.67,17.79,17.61,0.12,0.68,0,0,0.17,0,0.59,2.29,81.48,5.94,37.14,0.25,33.33,1.19,1.19,4.33,84.31,0,NA,0,NA,0,0,0,0,NA,NA,0,NA,NA,0,0,0,0.51,0,0,"Search results-4.xlsx","COLOMBIA_A",NA,NA,"COL","Colombia","BUC","COL_BUC","Attacking Midfield",NA
"N. Ramos","Unión Magdalena","Unión Magdalena","LCB",26,2e+05,NA,11,1056,0,0.15,0,0,10.57,67.74,"Uruguay","Uruguay","derecho",184,82,"no",9.29,4.94,74.14,55.81,0.6,0.81,0.94,5.03,6.83,0.6,2,0.17,0,0,0.26,0,0,0,0.01,0,0,4,0.34,25,0,0.26,33.33,0,0,0.26,33.33,0,0.09,100,0.43,80,0.43,0.34,0,19.26,0.17,0.68,29.91,78.35,15.68,65.22,1.45,94.12,10.82,94.49,22.59,89.81,7.07,43.37,24.24,40.12,0,0,0,0.09,0,0,0,3.92,52.17,0.43,0,0.17,0,0,0,6.73,60.76,0,NA,0,NA,0,0,0,0,NA,NA,0.85,NA,NA,0,0,0,0,0,0,"Search results-4.xlsx","COLOMBIA_A",NA,NA,"COL","Colombia","UMG","COL_UMG","Defenders",NA
"S. Maya","Fortaleza U20","Fortaleza U20","RCB",19,0,NA,18,1054,1,0.54,0,0.62,12.81,47.33,"Colombia","Colombia","unknown",182,70,"no",8.62,4.78,60.71,43.24,0.51,0.78,0.85,5.21,7.89,1.45,6,0.51,1,0.09,0.6,0.09,1,0.09,0.05,1,0.09,5,0.43,60,20,0.68,12.5,0,0,0.68,12.5,0,0.51,16.67,2.48,24.14,0.68,0.68,0.09,21.35,0.34,0.94,32.45,82.89,13.32,73.08,3.84,95.56,10.84,91.34,28.86,86.98,2.9,58.82,19.58,21.65,0.05,0.51,0,0,0.17,100,0.17,5.04,62.71,1.37,31.25,0.68,50,0.34,0.09,6.06,66.2,0,NA,0,NA,0,0,0,0,NA,NA,1.71,NA,NA,0,0,0,0,0,0,"Search results-4.xlsx","COLOMBIA_A",NA,NA,"COL",NA,NA,NA,"Defenders",NA
"J. Franco","Deportivo Pasto","Deportivo Pasto","RB",23,NA,"2026-06-30",15,1045,0,0.1,0,0.6,11.71,49.26,"Colombia","Colombia","derecho",178,70,NA,6.72,5.77,62.69,44.44,0.09,0.12,0,3.01,4.29,1.55,3,0.26,0,0,1.46,0,0,0,0.01,0,0,5,0.43,0,0,2.58,43.33,0,0,2.5,41.38,0,0.52,66.67,2.41,35.71,0.26,0.86,0.17,21.88,1.64,0.34,28.59,72.89,10.08,58.12,5.51,93.75,8.7,76.24,21.79,81.42,4.39,47.06,17.78,29.57,0.05,0.52,0.09,0,0.09,0,0.26,3.96,52.17,2.5,41.38,0.43,20,0.09,0.95,6.37,63.51,0,NA,0,NA,0,0,0,0,NA,NA,0.09,NA,NA,0,0,0,0,0,0,"players_2025-09-27.xlsx","COLOMBIA_A",3e+05,"no","COL","Colombia","PAS","COL_PAS","Defenders Wingers",NA
"J. Arizala","Medellín U20","Medellín U20","LWB",19,NA,NA,18,1028,2,0.44,1,0.69,15.93,47.8,"Colombia","Colombia","izquierdo",183,76,NA,6.57,4.38,66,53.57,0.18,0.25,0,3.5,5.06,0.44,0,0,0,0,3.06,0.18,2,0.18,0.04,0,0,9,0.79,33.33,22.222,4.03,28.26,3.33,28.95,0.7,25,0.53,3.24,51.35,7.62,35.63,1.49,2.36,0.44,25.91,2.28,0.96,34.93,80.45,6.74,70.13,6.83,97.44,12.78,78.08,29.94,88.89,1.31,40,16.43,23.93,0.06,1.23,0,0.09,0,0,0.44,2.36,66.67,3.41,30.77,0,0,0.53,0.88,4.9,75,0,NA,0,NA,0,0,0,0,NA,NA,0.18,NA,NA,0,0,0,0.44,0,0,"players_2025-09-27.xlsx","COLOMBIA_A",0,"no","COL",NA,NA,NA,"Defenders Wingers",NA
"F. Chaverra","La Equidad","La Equidad","LW",22,0,"2026-06-30",23,1025,1,0.75,1,1.59,20.99,38.91,"Colombia","Colombia",NA,0,0,"no",4.39,4.57,57.69,27.59,0,0,0.18,1.76,2.32,1.14,3,0.26,0,0,3.51,0.09,1,0.09,0.07,0,0,20,1.76,25,5,1.67,36.84,0.61,42.86,1.05,33.33,0,5.62,43.75,11.77,35.07,2.02,3.51,1.14,11.94,1.14,1.84,15.19,78.61,2.63,66.67,4.74,92.59,3.42,89.74,13.35,84.87,0.35,25,13.75,7.81,0.14,0.97,0,0.09,0,0,0.35,0.97,81.82,1.23,71.43,0,0,0.61,0.53,1.4,87.5,0,NA,0,NA,0,0,0,0,NA,NA,0,NA,NA,0,0,0,0.44,0,0,"2Search results-9.xlsx","COLOMBIA_A",NA,NA,"COL","Colombia","EQU","COL_EQU","Wingers","WINGERS_LA_EQUIDAD_F_CHAVERRA.png"
"H. Palacios","Athletico Paranaense","Athletico Paranaense","RB",25,NA,NA,12,1021,3,1.6,0,0.8,13.49,56.21,"Colombia","Colombia","derecho",181,74,NA,10.23,5.55,68.25,60,0.97,1.6,0.35,5.47,9.03,0.97,5,0.44,0,0,2.12,0.26,3,0.26,0.14,1,0.09,15,1.32,40,20,1.41,56.25,0,0,1.41,56.25,0.26,1.32,53.33,2.91,48.48,1.94,1.23,0,21.16,2.2,0.97,29.97,80,9.43,70.09,5.47,91.94,9.7,83.64,25.74,83.9,2.82,56.25,16.88,27.21,0.07,0.62,0,0,0.09,100,0.35,2.64,63.33,1.41,50,0,0,0.35,0.79,5.91,67.16,0,NA,0,NA,0,0,0,0,NA,NA,0.35,NA,NA,0,0,0,0,0,0,"players_2025-09-27.xlsx","COLOMBIA_A",350000,"no","COL",NA,NA,NA,"Defenders Wingers",NA
"F. Castillo","Deportivo Cali","Deportivo Cali","LAMF",33,450000,NA,20,1021,0,0.4,1,0.73,23.1,39.69,"Colombia","Colombia","derecho",171,70,"no",5.2,5.38,52.46,14.29,0.09,0.14,0,2.29,3.51,1.32,1,0.09,2,0.18,3.7,0,0,0,0.04,0,0,9,0.79,33.33,0,1.5,23.53,1.32,26.67,0.18,0,0.18,5.11,55.17,14.28,38.89,1.41,4.5,0.35,23.54,1.41,1.15,32.62,77.3,10.67,72.73,5.55,90.48,8.9,76.24,29.79,81.36,1.32,46.67,15.32,15.29,0.06,0.79,0,0,0.53,50,0.44,4.94,71.43,3.53,42.5,0.53,33.33,0.97,0.44,5.38,80.33,0,NA,0,NA,0,0,0,0,NA,NA,0,NA,NA,0.26,0,0,0.62,0,0,"2Search results-9.xlsx","COLOMBIA_A",NA,NA,"COL","Colombia","CAL","COL_CAL","Attacking Midfield",NA
"R. Hinojosa","Unión Magdalena","Unión Magdalena","AMF",26,7e+05,NA,20,1020,0,0.9,0,0.65,21.71,41.46,"Colombia","Colombia","izquierdo",170,65,"no",6,5.47,54.84,16.67,0.71,1.08,0.09,2.29,3.5,2.56,5,0.44,1,0.09,2.74,0,0,0,0.08,0,0,13,1.15,53.85,0,1.59,22.22,0.44,20,1.15,23.08,0.18,2.65,60,11.65,39.39,0.79,0.97,0.09,26.65,1.32,3.18,36.53,78.26,9,59.8,8.21,97.85,13.32,78.81,29.38,86.49,5.56,50.79,19.63,26.67,0.06,0.97,0,0,0.35,50,0.09,6.18,57.14,4.32,40.82,1.76,30,1.59,0.53,5.56,76.19,0,NA,0,NA,0,0,0,0,NA,NA,0.26,NA,NA,0.79,0.18,100,2.03,0,0,"2Search results-9.xlsx","COLOMBIA_A",NA,NA,"COL","Colombia","UMG","COL_UMG","Attacking Midfield",NA
"Julián Angulo","Llaneros","Llaneros","RW",23,250000,NA,19,1016,2,1.81,3,1.76,24.01,43.91,"Colombia","Colombia","izquierdo",183,76,"si",6.29,5.67,71.88,30.77,0,0,0,2.21,3.21,0.71,1,0.09,1,0.09,3.1,0.18,2,0.18,0.16,0,0,13,1.15,23.08,15.385,1.15,30.77,0,0,1.15,30.77,0.09,5.49,45.16,12.49,36.17,3.01,3.28,0.18,12.84,1.42,0.8,20.82,81.7,4.96,76.79,6.2,91.43,4.61,86.54,19.58,85.07,0.09,0,14.48,2.55,0.16,1.77,0,0,0,0,0.97,1.15,84.62,1.42,81.25,0,0,1.86,0.27,3.19,80.56,0,NA,0,NA,0,0,0,0,NA,NA,0.09,NA,NA,0,0,0,0,0,0,"Search results-4.xlsx","COLOMBIA_A",NA,NA,"COL","Colombia","LNR","COL_LNR","Wingers",NA
"A. Ponce","Academia Puerto Cabello","Academia Puerto Cabello","CF",28,NA,NA,20,1015,1,4.21,1,1.06,25.71,25.52,"Venezuela","Venezuela, Colombia","derecho",182,80,NA,3.01,3.1,62.86,27.45,0.18,0.26,0,0.89,1.3,1.68,1,0.09,0,0,1.06,0.09,0,0,0.37,0,0,26,2.31,26.92,3.846,0.8,22.22,0.44,40,0.27,0,0.18,0.53,33.33,10.55,16.81,4.79,0.53,0.09,9.49,1.33,0.89,13.39,75.5,2.31,53.85,3.01,88.24,4.26,75,12.24,80.43,0.44,20,14.81,7.65,0.09,0.62,0,0,0.09,100,0.44,1.15,61.54,0.35,50,0,0,0.8,0.18,0.89,80,0,NA,0,NA,0,0,0,0,NA,NA,0,NA,NA,0,0,0,0,1,100,"players_2025-09-27.xlsx","COLOMBIA_A",7e+05,"no","COL",NA,NA,NA,"Forwards",NA
"C. Sarabia","Millonarios","Millonarios","RB",20,NA,NA,13,1013,0,0.16,0,0.38,12.7,51.75,"Colombia","Colombia","unknown",0,0,NA,8.97,7.02,63.29,40,0.09,0.12,0.18,4.44,6.12,1.24,2,0.18,1,0.09,1.24,0,0,0,0.01,0,0,3,0.27,66.67,0,2.58,24.14,0.09,0,2.49,25,0.18,1.24,35.71,3.11,34.29,0.71,1.07,0.27,18.48,1.6,0.44,26.83,74.17,10.04,62.83,4.09,95.65,6.57,74.32,22.12,83.53,2.4,33.33,18.8,33.68,0.03,0.44,0.09,0,0,0,0.09,2.93,60.61,1.95,45.45,0,0,0.18,0.71,5.77,61.54,0,NA,0,NA,0,0,0,0,NA,NA,0.09,NA,NA,0,0,0,0,0,0,"players_2025-09-27.xlsx","COLOMBIA_A",0,"no","COL","Colombia","MIL","COL_MIL","Defenders Wingers",NA
"L. Marquinez","Atlético Nacional","Atlético Nacional","GK",22,350000,"2026-12-31",11,1012,0,0,0,0,1.42,68.75,"Colombia","Colombia","derecho",191,83,"no",2.4,0.18,50,87.5,0.09,0.14,0,2.22,3.44,0.18,1,0.09,1,0.09,0,0,0,0,0,0,0,0,0,0,0,0,0,0,0,0,0,0,0,0,0.36,50,0,0,0,12.18,0.18,0.27,21.88,80.89,11.83,69.17,0.18,100,8.98,95.05,15.65,94.89,6.23,45.71,31.28,47.96,0,0,0,0,0,0,0,2.49,39.29,0.27,0,0.09,0,0,0,4.62,63.46,11,0.98,43,3.82,0,74.42,8.76,0.78,-2.24,-0.199,0.09,1.78,0.71,NA,NA,NA,0,0,0,"2Search results-9.xlsx","COLOMBIA_A",NA,NA,"COL","Colombia","NAC","COL_NAC","Goalkeepers",NA
"H. Lópes","Águilas Doradas","Águilas Doradas","LCB",34,2e+05,NA,10,1011,1,0.09,0,0,9.61,65.74,"Argentina","Argentina","derecho",180,79,"no",8.19,4.01,73.33,62.79,0.18,0.24,0.53,5.07,6.87,0.36,4,0.36,0,0,0.09,0.09,1,0.09,0.01,1,0.09,2,0.18,50,50,0,0,0,0,0,0,0,0.09,0,0.53,33.33,0.09,0.27,0,16.91,0.36,0.36,29.02,82.21,13.62,67.97,1.42,100,12.82,95.14,23.5,86.74,5.52,62.9,24.15,39.28,0,0.09,0,0.09,0,0,0,4.09,60.87,0.18,0,0,0,0,0,6.32,66.2,0,NA,0,NA,0,0,0,0,NA,NA,0.98,NA,NA,0,0,0,0,0,0,"Search results-4.xlsx","COLOMBIA_A",NA,NA,"COL","Colombia","AGD","COL_AGD","Defenders",NA
"S. Garcia Valero","Atlético Nacional","Atlético Nacional","RCB",20,NA,NA,12,1010,0,0.63,0,0,8.2,45.65,"Colombia","Colombia","unknown",0,0,NA,5.35,3.39,36.84,57.14,0.09,0.16,0.62,4.01,7.07,1.34,2,0.18,0,0,0.18,0,0,0,0.06,0,0,4,0.36,25,0,0,0,0,0,0,0,0,0.18,50,0.27,33.33,0.45,0.8,0,27.27,0.45,0.09,41.44,88.39,17.55,83.25,1.87,100,18.36,93.69,37.51,91.69,3.92,56.82,20.64,35.39,0,0.09,0,0,0,0,0,3.12,60,0.09,0,0,0,0.09,0,8.02,67.78,0,NA,0,NA,0,0,0,0,NA,NA,1.78,NA,NA,0,0,0,0,0,0,"players_2025-09-27.xlsx","COLOMBIA_A",0,"no","COL","Colombia","NAC","COL_NAC","Defenders",NA
"E. Rodríguez","Deportivo Cali","Deportivo Cali","CF",22,NA,"2026-12-31",13,1002,2,4.04,1,0.7,18.5,33.98,"Uruguay","Uruguay","izquierdo",190,77,NA,2.6,2.16,62.5,25,0.09,0.16,0.09,1.17,2.03,0.81,2,0.18,1,0.09,2.6,0.18,2,0.18,0.36,0,0,25,2.25,36,8,0.99,27.27,0.81,33.33,0.18,0,0.09,3.05,50,11.95,30.83,3.59,1.17,0.27,10.6,2.16,1.08,13.11,66.44,2.43,37.04,3.41,86.84,3.68,53.66,11.68,71.54,0.54,16.67,14.8,14.33,0.06,0.63,0,0,0,0,0.18,1.35,20,0.63,42.86,0,0,0.54,0.27,0.36,100,0,NA,0,NA,0,0,0,0,NA,NA,0,NA,NA,0,0,0,0,0,0,"players.xlsx","COLOMBIA_A",0,"si","COL","Colombia","CAL","COL_CAL","Forwards",NA
"P. Grazziani","Alianza","Alianza","GK",30,3e+05,NA,10,996,0,0,0,0,0.54,66.67,"Colombia","Colombia","derecho",183,75,"no",1.17,0,0,66.67,0,0,0,1.17,1.88,0,1,0.09,0,0,0,0,0,0,0,0,0,0,0,0,0,0,0,0,0,0,0,0,0,0,0,0,0,0,0,6.33,0,0.09,12.38,91.24,6.87,86.84,0,0,4.88,98.15,8.67,100,3.61,72.5,32.6,47.05,0,0,0,0,0,0,0,1.08,83.33,0,0,0,0,0,0,3.43,71.05,15,1.36,50,4.52,1,70,13.93,1.26,-1.07,-0.097,0,1.72,0.54,NA,NA,NA,0,0,0,"2Search results-9.xlsx","COLOMBIA_A",NA,NA,"COL","Colombia","ALV","COL_ALV","Goalkeepers",NA
"D. Novoa","Millonarios","Millonarios","GK",36,250000,NA,11,994,0,0,0,0,0.27,66.67,"Colombia","Colombia","derecho",186,80,"no",0.72,0,0,100,0,0,0,0.72,1.15,0,2,0.18,0,0,0,0,0,0,0,0,0,0,0,0,0,0,0,0,0,0,0,0,0,0,0.09,0,0,0,0,6.43,0.09,0,11.95,85.61,6.97,76.62,0,0,4.44,100,8.87,98.98,2.99,48.48,29.12,44.75,0,0,0,0,0,0,0,1.27,35.71,0.18,0,0.09,0,0,0,2.44,70.37,12,1.09,38,3.44,2,68.42,11.02,1,-0.98,-0.089,0,0.81,0.18,NA,NA,NA,0,0,0,"Search results-4.xlsx","COLOMBIA_A",NA,NA,"COL","Colombia","MIL","COL_MIL","Goalkeepers",NA
"S. Aponza","Alianza","Alianza","RAMF",20,0,NA,26,989,2,0.85,1,1.77,20.11,41.18,"Colombia","Colombia","unknown",0,0,"no",5.82,5.01,58.18,23.08,0.36,0.54,0.18,2.55,3.75,2.09,5,0.46,0,0,3.64,0.18,2,0.18,0.08,0,0,12,1.09,25,16.667,3.09,44.12,0.64,57.14,2.37,38.46,0.27,4.19,47.83,10.65,37.61,2.46,2.82,0.82,15.02,2.82,1.64,20.75,72.81,3.73,48.78,4.82,86.79,7.28,76.25,16.84,80.54,1.27,35.71,19.01,15.85,0.16,1.09,0,0.09,0,0,0.36,1.55,41.18,1.73,52.63,0,0,0.64,1.09,2.64,62.07,0,NA,0,NA,0,0,0,0,NA,NA,0,NA,NA,0,0,0,0,0,0,"Search results-4.xlsx","COLOMBIA_A",NA,NA,"COL","Colombia","ALV","COL_ALV","Attacking Midfield",NA
"M. Puerta","Águilas Doradas","Águilas Doradas","RB",28,NA,"2026-12-31",13,986,0,0.33,0,0.4,12.87,44.68,"Colombia","Colombia","derecho",172,72,NA,6.48,5.66,59.68,32.26,0.46,0.75,0.09,2.65,4.37,2.19,5,0.46,2,0.18,1.46,0,0,0,0.03,0,0,5,0.46,20,0,2.19,37.5,0,0,2.1,34.78,0.09,0.73,75,2.01,36.36,1.92,0.73,0.09,17.53,2.01,0.37,24.1,71.59,9.86,62.96,3.56,94.87,5.57,70.49,19.17,80,2.74,40,18.87,27.39,0.04,0.55,0,0,0,0,0,3.1,73.53,1.28,57.14,0,0,0.64,0.91,5.11,58.93,0,NA,0,NA,0,0,0,0,NA,NA,0.09,NA,NA,0,0,0,0,0,0,"players_2025-09-27.xlsx","COLOMBIA_A",8e+05,"no","COL","Colombia","AGD","COL_AGD","Defenders Wingers",NA
"J. Lerma","Unión Magdalena","Unión Magdalena","RB",22,0,NA,16,985,0,0.25,0,0.33,18.73,53.66,"Colombia","Colombia","derecho",177,71,"si",7.58,6.49,61.97,64.71,0.18,0.26,0.27,3.38,4.74,1.28,5,0.46,0,0,2.38,0,0,0,0.02,0,0,7,0.64,28.57,0,1.46,31.25,0,0,1.46,31.25,0.27,2.74,63.33,8.95,46.94,1.01,2.01,0,17.36,1.37,0.91,26.77,77.47,9.69,61.32,4.75,94.23,7.95,81.61,22.75,83.94,2.74,46.67,16.87,21.91,0.03,0.46,0,0,0.18,0,0.09,3.47,60.53,1.83,30,0.18,0,0.55,0.37,4.48,61.22,0,NA,0,NA,0,0,0,0,NA,NA,0.27,NA,NA,0,0,0,0,0,0,"Search results-4.xlsx","COLOMBIA_A",NA,NA,"COL","Colombia","UMG","COL_UMG","Defenders Wingers",NA
"A. Plata","Águilas Doradas","Águilas Doradas","RAMF",34,NA,NA,19,970,1,0.81,0,0.96,20.41,45.45,"Colombia","Colombia","derecho",172,65,NA,6.22,7.98,55.81,23.81,0.19,0.27,0,1.58,2.27,1.95,3,0.28,0,0,4.36,0.09,1,0.09,0.08,0,0,10,0.93,20,10,3.34,41.67,0.65,42.86,2.69,41.38,0.37,4.73,58.82,9,40.21,2.51,2.6,0.28,11.88,2.23,0.84,19.21,66.18,3.99,65.12,2.88,77.42,7.61,68.29,14.85,71.25,1.02,72.73,17.73,16.52,0.09,0.65,0,0,0.19,0,0.37,0.74,62.5,3.34,50,0.28,0,0.84,1.3,3.43,72.97,0,NA,0,NA,0,0,0,0,NA,NA,0,NA,NA,0,0,0,0.09,0,0,"players_2025-09-27.xlsx","COLOMBIA_A",3e+05,"no","COL","Colombia","AGD","COL_AGD","Attacking Midfield",NA
"S. Orozco","La Equidad","La Equidad","DMF",29,NA,"2026-06-30",14,969,1,0.19,0,0.38,14.95,59.63,"Colombia","Colombia","derecho",177,70,NA,9.1,8.08,62.07,42.86,0.56,0.77,0.28,3.53,4.89,2.32,6,0.56,1,0.09,0.84,0.09,1,0.09,0.02,0,0,11,1.02,9.09,9.091,0.65,42.86,0.19,0,0.46,60,0,0.84,33.33,4.55,63.27,0.09,1.49,0.19,31.58,0.46,2.6,45.51,79.8,16.25,65.14,4.55,97.96,20.25,87.61,35.57,88.25,9.29,50,22.13,36.34,0.04,1.02,0,0,0.19,100,0.09,11.05,66.39,1.86,55,1.11,33.33,0.65,0.28,9.47,78.43,0,NA,0,NA,0,0,0,0,NA,NA,0.65,NA,NA,0.65,0.19,0,0.28,0,0,"players.xlsx","COLOMBIA_A",4e+05,"no","COL","Colombia","EQU","COL_EQU","Defensive Midfield","DEFENSIVE_MIDFIELD_LA_EQUIDAD_S_OROZCO.png"
"C. Graciano","Deportivo Cali","Deportivo Cali","RB",22,NA,NA,23,969,0,0.17,0,0.27,14.67,58.86,"Colombia","Colombia","derecho",0,0,NA,10.03,7.06,77.63,37.93,0,0,0.19,4.55,6.56,0.28,0,0,0,0,1.21,0,0,0,0.02,0,0,5,0.46,40,0,1.11,16.67,0.19,0,0.93,20,0,1.21,61.54,3.72,45,0.46,0.93,0.19,24.61,1.21,0.46,35.57,81.72,11.05,73.11,5.57,95,11.89,80.47,27.96,89.7,6.69,58.33,21.96,33.95,0.03,0.37,0,0,0.09,100,0.28,5.76,66.13,1.49,50,0.19,50,0.56,0.28,7.62,68.29,0,NA,0,NA,0,0,0,0,NA,NA,0.74,NA,NA,0,0,0,0,0,0,"players_2025-09-27.xlsx","COLOMBIA_A",0,"si","COL","Colombia","CAL","COL_CAL","Defenders Wingers",NA
"J. Peña","Junior","Junior","LCB",25,850000,"2027-12-31",10,969,0,0.76,0,0.07,10.4,58.04,"Colombia","Colombia","derecho",187,80,"no",6.69,3.72,60,57.14,0.19,0.37,0.28,4.27,8.41,0.37,1,0.09,1,0.09,0.74,0,0,0,0.07,0,0,13,1.21,7.69,0,0.28,66.67,0.19,50,0,0,0.09,0.74,62.5,2.41,57.69,0.93,2.41,0.19,30.74,0.84,0.74,46.35,84.97,18.3,75.13,1.86,80,22.11,94.54,39.38,91.04,6.69,50,22.74,41.32,0.01,0.09,0.09,0,0,0,0,7.15,63.64,0.74,50,0.74,12.5,0.19,0.19,9.29,67,0,NA,0,NA,0,0,0,0,NA,NA,0.65,NA,NA,0.09,0.09,0,0,0,0,"Search results-4.xlsx","COLOMBIA_A",NA,NA,"COL","Colombia","JNR","COL_JNR","Defenders",NA
"T. Gutiérrez","Junior","Junior","CF",40,50000,NA,22,962,1,1,3,1.16,13.19,44.68,"Colombia","Colombia","derecho",177,81,"no",3.18,3.18,67.65,4.55,0.09,0.17,0,0.94,1.7,0.65,3,0.28,0,0,2.25,0.09,1,0.09,0.09,0,0,9,0.84,55.56,11.111,1.4,46.67,0.75,37.5,0.65,57.14,0.28,1.22,69.23,6.27,44.78,1.96,2.06,0,42.94,2.34,1.59,50.89,79.04,15.53,65.66,11.04,89.83,14.13,82.12,45,82.33,4.58,57.14,16.04,21.44,0.11,1.31,0.19,0,0.37,75,0.65,7.58,71.6,4.68,52,1.03,36.36,2.71,0.56,8.51,89.01,0,NA,0,NA,0,0,0,0,NA,NA,0.09,NA,NA,0.19,0.09,0,1.68,0,0,"Search results-4.xlsx","COLOMBIA_A",NA,NA,"COL","Colombia","JNR","COL_JNR","Forwards",NA
"D. Mera","Unión Magdalena","Unión Magdalena","RB",25,NA,NA,12,961,0,0.25,0,0.55,14.42,50.65,"Colombia","Colombia","derecho",183,0,NA,7.49,6.27,64.18,53.33,0.28,0.4,0.28,3.18,4.49,1.03,3,0.28,1,0.09,2.06,0,0,0,0.02,0,0,2,0.19,100,0,2.72,51.72,0,0,2.72,51.72,0.19,1.12,41.67,3.37,27.78,0.47,0.66,0.28,24.44,1.78,0.37,33.43,78.43,14.7,70.7,3.65,92.31,10.3,81.82,26.22,86.07,4.68,48,20.44,36.99,0.05,0.56,0.09,0,0,0,0.19,4.4,57.45,2.81,53.33,0.28,0,0.19,1.31,8.62,76.09,0,NA,0,NA,0,0,0,0,NA,NA,0.37,NA,NA,0,0,0,0,0,0,"players.xlsx","COLOMBIA_A",250000,"no","COL","Colombia","UMG","COL_UMG","Defenders Wingers",NA
"C. Valencia","San Antonio Bulo Bulo","Llaneros","LCB",33,NA,NA,11,958,0,0.61,0,0,9.77,57.69,"Colombia","Colombia","izquierdo",186,85,NA,7.14,2.54,74.07,51.79,0.09,0.14,0.75,5.17,7.71,0.09,1,0.09,1,0.09,0.28,0,0,0,0.06,0,0,7,0.66,14.29,0,0.28,66.67,0.09,100,0.19,50,0.09,0,0,0.19,0,1.32,0.09,0,22.92,0.66,0.28,36.54,91,14.56,81.29,2.35,100,16.25,98.27,30.44,96.6,5.82,62.9,23.11,38.44,0,0,0,0,0,0,0,2.54,59.26,0.47,20,0.28,0,0.09,0.19,6.11,80,0,NA,0,NA,0,0,0,0,NA,NA,2.16,NA,NA,0,0,0,0,0,0,"players.xlsx","COLOMBIA_A",1e+05,"no","COL",NA,NA,NA,"Defenders",NA
"V. Sánchez","Unión Magdalena","Unión Magdalena","LW",23,NA,NA,16,952,1,1.15,0,0.67,15.41,49.08,"Argentina","Argentina","derecho",173,68,NA,6.71,5.67,60,21.05,0.09,0.14,0,3.21,4.93,1.13,4,0.38,0,0,2.27,0.09,1,0.09,0.11,0,0,17,1.61,17.65,5.882,1.23,30.77,0.47,20,0.76,37.5,0.28,2.55,55.56,6.43,52.94,1.89,1.42,0.09,24.39,1.23,1.42,32.62,74.78,9.55,54.46,7.56,86.25,9.64,78.43,27.89,80.34,3.5,45.95,19.02,30.92,0.06,0.76,0,0,0.38,50,0.19,4.35,54.35,2.55,37.04,0.76,50,0.66,0.47,3.97,78.57,0,NA,0,NA,0,0,0,0,NA,NA,0.19,NA,NA,0,0,0,0.09,0,0,"players.xlsx","COLOMBIA_A",0,"si","COL","Colombia","UMG","COL_UMG","Wingers",NA
"W. Hurtado","Envigado","Envigado","AMF",21,550000,"2026-06-30",21,951,0,0.94,2,2.08,19.5,38.35,"Colombia","Colombia",NA,170,64,"no",3.22,4.83,45.1,16.67,0,0,0,1.04,1.43,2.08,6,0.57,1,0.09,3.6,0,0,0,0.09,0,0,19,1.8,26.32,0,1.8,57.89,0.47,40,1.23,69.23,0.19,3.22,55.88,11.07,37.61,0.95,3.31,0.38,22.52,1.61,1.7,30.09,80.82,8.61,58.24,6.53,94.2,8.71,88.04,26.31,85.97,2.08,36.36,17.91,29.76,0.2,1.8,0.09,0.09,0.57,50,0.57,5.21,56.36,2.56,59.26,1.23,38.46,0.66,0.76,4.07,88.37,0,NA,0,NA,0,0,0,0,NA,NA,0.19,NA,NA,2.08,0.28,33.33,2.37,0,0,"2Search results-9.xlsx","COLOMBIA_A",NA,NA,"COL","Colombia","ENV","COL_ENV","Attacking Midfield",NA
"Y. Góez","Llaneros","Llaneros","RCMF",25,250000,"2025-12-31",17,948,2,2.5,0,0.5,16.8,45.2,"Colombia","Colombia","derecho",177,75,"no",4.46,4.18,56.82,46.67,0,0,0.09,2.09,3.22,0.95,5,0.47,1,0.09,1.23,0.19,1,0.09,0.24,0,0,12,1.14,33.33,16.667,0.57,33.33,0.09,0,0.38,50,0,1.42,46.67,8.54,41.11,1.42,1.33,0.28,25.16,0.85,2.37,33.51,80.17,8.92,64.89,6.65,91.43,13.48,86.62,28.67,83.77,4.46,61.7,21.05,38.13,0.05,0.85,0.09,0,0.09,0,0.19,6.93,69.86,1.42,33.33,0.66,57.14,0.57,0.09,5.22,69.09,0,NA,0,NA,0,0,0,0,NA,NA,0.66,NA,NA,0.09,0,0,0.28,1,100,"2Search results-9.xlsx","COLOMBIA_A",NA,NA,"COL","Colombia","LNR","COL_LNR","Midfield",NA
"V. Hernández","Boyacá Chicó","Boyacá Chicó","AMF",36,3e+05,NA,16,929,0,1.33,0,1.12,13.95,31.25,"Colombia","Colombia","derecho",160,61,"no",2.23,2.62,25.93,18.75,0.19,0.32,0,1.36,2.23,0.48,0,0,0,0,1.94,0,0,0,0.13,0,0,9,0.87,22.22,0,0.68,100,0.19,100,0.39,100,0,1.94,55,8.82,37.36,1.07,1.55,0.19,28.39,1.65,2.13,34.78,85.79,9.2,70.53,6.59,91.18,10.08,96.15,32.07,87.61,2.13,54.55,15.02,23.15,0.11,1.45,0.19,0,0.1,0,0.29,4.84,74,2.13,59.09,0.39,0,0.78,0.58,4.07,88.1,0,NA,0,NA,0,0,0,0,NA,NA,0,NA,NA,1.26,0,0,1.36,1,0,"Search results-4.xlsx","COLOMBIA_A",NA,NA,"COL","Colombia","BYC","COL_BYC","Attacking Midfield",NA
"K. Valencia","Llaneros","Llaneros","CF",23,NA,"2025-12-31",23,928,3,1.42,0,0.34,18.14,32.09,"Colombia","Colombia","derecho",184,79,NA,2.62,2.52,61.54,30.91,0.29,0.45,0,0.78,1.2,1.55,1,0.1,0,0,1.26,0.29,3,0.29,0.14,1,0.1,16,1.55,37.5,18.75,0.87,0,0.29,0,0.58,0,0.1,1.36,50,7.37,23.68,2.42,1.16,0.19,8.63,1.84,0.58,9.89,72.55,1.84,52.63,1.84,94.74,3.01,70.97,8.92,80.43,0.39,0,13.78,7.25,0.03,0.58,0,0,0,0,0,0.68,28.57,0.29,0,0,0,0.1,0.1,0.29,33.33,0,NA,0,NA,0,0,0,0,NA,NA,0,NA,NA,0,0,0,0,0,0,"players_2025-09-27.xlsx","COLOMBIA_A",350000,"si","COL","Colombia","LNR","COL_LNR","Forwards",NA
"Y. López","Boyacá Chicó","Boyacá Chicó","RB",26,NA,NA,13,925,0,0,0,0,18.19,51.34,"Costa Rica","Costa Rica","derecho",178,70,NA,9.54,9.73,59,56,0.29,0.43,0.39,3.5,5.12,1.46,4,0.39,1,0.1,1.65,0,0,0,0,0,0,0,0,0,0,2.82,27.59,0.68,14.29,2.14,31.82,0.19,1.46,60,3.79,43.59,0.19,1.75,0.49,22.86,0.97,0.49,33.57,76.81,14.21,69.86,4.28,100,7.1,78.08,27.83,84.62,3.21,54.55,17.52,31.02,0,0.1,0,0,0.1,0,0,4.67,64.58,1.95,30,0.19,50,0.29,0.68,6.91,61.97,0,NA,0,NA,0,0,0,0,NA,NA,0.29,NA,NA,0,0,0,0,0,0,"players_2025-09-27.xlsx","COLOMBIA_A",175000,"no","COL","Colombia","BYC","COL_BYC","Defenders Wingers",NA
"Y. López","Cartaginés","Cartaginés","RB",26,175000,NA,13,925,0,0,0,0,18.19,51.34,"Costa Rica","Costa Rica","derecho",178,70,"no",9.54,9.73,59,56,0.29,0.43,0.39,3.5,5.12,1.46,4,0.39,1,0.1,1.65,0,0,0,0,0,0,0,0,0,0,2.82,27.59,0.68,14.29,2.14,31.82,0.19,1.46,60,3.79,43.59,0.19,1.75,0.49,22.86,0.97,0.49,33.57,76.81,14.21,69.86,4.28,100,7.1,78.08,27.83,84.62,3.21,54.55,17.52,31.02,0,0.1,0,0,0.1,0,0,4.67,64.58,1.95,30,0.19,50,0.29,0.68,6.91,61.97,0,NA,0,NA,0,0,0,0,NA,NA,0.29,NA,NA,0,0,0,0,0,0,"2Search results-9.xlsx","COLOMBIA_A",NA,NA,"COL",NA,NA,NA,"Defenders Wingers",NA
"J. García","Once Caldas","Once Caldas","RCMF",28,2e+05,NA,21,911,0,0.19,0,0.18,15.61,50.63,"Colombia","Colombia","derecho",184,73,"no",9.58,10.08,51.96,40,1.19,1.6,0.4,3.16,4.27,2.37,7,0.69,0,0,0.4,0,0,0,0.02,0,0,5,0.49,0,0,0.3,0,0,0,0.3,0,0,0.59,66.67,2.86,55.17,0.3,0.49,0.1,21.73,0.2,0.3,33,87.13,12.15,82.11,4.84,97.96,10.47,87.74,30.13,89.18,2.57,73.08,18.75,18.59,0.02,0.49,0.1,0,0.1,0,0,4.35,77.27,0.59,50,0.3,0,0.3,0,6.72,64.71,0,NA,0,NA,0,0,0,0,NA,NA,0.3,NA,NA,0,0,0,0,0,0,"2Search results-9.xlsx","COLOMBIA_A",NA,NA,"COL","Colombia","ONC","COL_ONC","Midfield",NA
"J. Mosquera","Atlético Bucaramanga","Atlético Bucaramanga","LAMF",23,0,"2025-12-31",20,906,3,1.41,0,0.98,14.11,47.89,"Colombia","Colombia","izquierdo",187,0,"no",6.46,3.97,72.5,40,0.7,1.24,0,2.88,5.12,0.99,5,0.5,0,0,2.38,0.3,3,0.3,0.14,1,0.1,10,0.99,60,30,1.79,50,1.79,50,0,0,0.3,1.89,47.37,5.46,40,2.98,1.49,0.7,15,2.19,1.49,23.05,77.16,7.15,66.67,4.57,91.3,6.16,74.19,19.97,82.09,1.39,35.71,16.3,14.71,0.1,0.89,0.1,0.1,0,0,0.2,2.09,66.67,1.59,62.5,0.1,0,0.89,0.99,3.18,59.38,0,NA,0,NA,0,0,0,0,NA,NA,0.1,NA,NA,0,0,0,0,0,0,"Search results-4.xlsx","COLOMBIA_A",NA,NA,"COL","Colombia","BUC","COL_BUC","Attacking Midfield",NA
"A. Hurtado","Deportivo Cali","Deportivo Cali","CF",38,6e+05,NA,10,903,6,4.71,1,0.28,17.64,38.98,"Colombia","Colombia, Mexico","derecho",171,65,"no",3.19,3.29,54.55,18.92,0.1,0.16,0,1.3,2.02,1,0,0,0,0,3.09,0.6,2,0.2,0.47,0,0,21,2.09,52.38,28.571,0.7,14.29,0.2,0,0.5,20,0,2.99,50,9.37,41.49,2.59,1.2,0,19.34,2.29,1.99,23.22,83.69,6.38,75,4.78,95.83,6.38,87.5,20.63,86.96,1.89,73.68,17.84,23.37,0.03,0.9,0,0,0.4,100,0.7,3.49,80,2.29,52.17,0.7,71.43,1.3,0.1,3.79,92.11,0,NA,0,NA,0,0,0,0,NA,NA,0,NA,NA,0.2,0.2,0,0.1,4,100,"Search results-4.xlsx","COLOMBIA_A",NA,NA,"COL","Colombia","CAL","COL_CAL","Forwards",NA
"S. Lopez","Orsomarso","Orsomarso","LCMF",23,NA,NA,20,902,0,1.22,0,0.29,17.36,45.98,"Colombia","Colombia","unknown",0,0,NA,7.38,7.28,57.53,34.78,0.8,1.18,0.2,2.39,3.55,1.7,3,0.3,0,0,1.4,0,0,0,0.12,0,0,15,1.5,0,0,0.7,71.43,0.4,75,0.3,66.67,0.1,1.6,56.25,5.39,40.74,1.2,1.3,0.2,18.56,1.2,0.6,25.44,79.22,6.29,71.43,6.29,90.48,6.69,77.61,23.25,81.55,1.5,46.67,16.27,20.75,0.03,0.9,0,0,0.1,0,0.2,2.49,68,1.2,83.33,0.1,100,0.6,0.3,3.29,75.76,0,NA,0,NA,0,0,0,0,NA,NA,0.4,NA,NA,0.2,0.1,0,0.5,0,0,"players_2025-09-27.xlsx","COLOMBIA_A",0,"no","COL",NA,NA,NA,"Midfield",NA
"W. Cruz","La Equidad","La Equidad","CF",31,NA,NA,16,900,0,2.06,1,0.05,20,42,"Colombia","Colombia","derecho",171,62,NA,2.8,2.6,46.15,55.74,0.2,0.28,0,1.4,1.97,2,4,0.4,0,0,1,0,0,0,0.21,0,0,14,1.4,28.57,0,0.4,50,0.1,0,0.3,66.67,0,0.5,80,7.3,41.1,2,0.5,0.1,9.8,2.1,1.7,13.4,75.37,2.5,44,4.7,91.49,3.3,75.76,12.8,75.78,0.2,100,14.84,4.6,0.01,0.1,0,0,0,0,0.1,1.4,71.43,0.8,25,0.1,100,0.2,0.2,1.1,72.73,0,NA,0,NA,0,0,0,0,NA,NA,0,NA,NA,0,0,0,0,0,0,"players.xlsx","COLOMBIA_A",4e+05,"no","COL","Colombia","EQU","COL_EQU","Forwards","FORWARDS_LA_EQUIDAD_W_CRUZ.png"
"S. Gómez","La Equidad","La Equidad","RW",27,NA,NA,16,898,0,1.35,3,1.15,10.92,47.71,"Colombia","Colombia","derecho",180,0,NA,7.92,6.11,67.21,33.33,0.4,0.55,0.2,3.41,4.7,0.5,0,0,0,0,1.2,0,0,0,0.14,0,0,8,0.8,12.5,0,2.31,26.09,0,0,2.31,26.09,0.7,0.9,22.22,2.61,19.23,1.6,1.4,0.1,19.24,1.9,0.4,26.96,69.52,9.52,62.11,4.81,91.67,7.42,63.51,21.55,79.53,3.31,33.33,17.93,34.91,0.12,1,0,0,0.5,60,0.4,3.41,58.82,3.01,40,1.1,36.36,0.9,0.8,6.41,67.19,0,NA,0,NA,0,0,0,0,NA,NA,0.3,NA,NA,0.6,0,0,1.2,0,0,"players_2025-09-27.xlsx","COLOMBIA_A",250000,"no","COL","Colombia","EQU","COL_EQU","Wingers","WINGERS_LA_EQUIDAD_S_GÓMEZ.png"
"B. Duarte","Atlético Bucaramanga","Atlético Bucaramanga","RB",22,0,"2025-12-31",11,897,0,0.38,1,0.45,16.96,51.48,"Colombia","Colombia",NA,0,0,"no",9.93,8.43,64.29,50,0.3,0.47,0.3,4.21,6.53,1.2,3,0.3,1,0.1,1.51,0,0,0,0.04,0,0,7,0.7,42.86,0,2.71,37.04,0,0,2.71,37.04,0.4,1.1,18.18,3.91,25.64,0.5,1,0.2,20.27,1.4,0.6,30.2,74.75,14.05,68.57,2.41,91.67,8.93,80.9,23.78,83.54,3.91,48.72,19.9,33.84,0.05,0.6,0,0,0,0,0.3,4.11,65.85,2.51,32,0.5,20,0.3,0.8,6.72,64.18,0,NA,0,NA,0,0,0,0,NA,NA,0.7,NA,NA,0,0,0,0,0,0,"Search results-4.xlsx","COLOMBIA_A",NA,NA,"COL","Colombia","BUC","COL_BUC","Defenders Wingers",NA
"E. Moreno","Deportivo Pereira","Deportivo Pereira","RB",23,NA,NA,20,893,0,0.26,1,0.73,13.2,50.38,"Colombia","Colombia","derecho",179,68,NA,7.26,6.45,62.5,55,0.1,0.15,0.1,3.12,4.74,0.2,0,0,0,0,1.61,0,0,0,0.03,0,0,3,0.3,33.33,0,1.81,61.11,0.4,75,1.41,57.14,0.2,0.81,50,3.12,32.26,1.11,0.81,0,21.97,1.81,0.2,31.04,83.12,9.68,71.88,5.14,92.16,10.58,91.43,27.41,86.76,1.91,47.37,16.16,13.89,0.07,0.71,0,0.1,0,0,0.1,3.23,75,1.91,63.16,0,0,0.4,1.21,6.45,68.75,0,NA,0,NA,0,0,0,0,NA,NA,0.2,NA,NA,0,0,0,0,0,0,"players_2025-09-27.xlsx","COLOMBIA_A",25000,"no","COL","Colombia","PER","COL_PER","Defenders Wingers",NA
"R. Blanco","Unión Magdalena","Unión Magdalena","CF",26,NA,NA,15,892,0,2.35,1,0.89,23.81,36.02,"Colombia","Colombia","derecho",180,74,NA,5.85,6.05,50,25,0.91,1.44,0,1.92,3.03,2.52,3,0.3,0,0,2.22,0,0,0,0.24,0,0,28,2.83,28.57,0,1.11,27.27,0.61,33.33,0.4,25,0.1,2.22,45.45,10.7,29.25,3.53,1.21,0.1,13.02,1.61,1.92,18.16,76.11,3.63,63.89,3.63,88.89,4.84,75,16.14,81.25,0.91,44.44,16.73,13.15,0.09,0.61,0,0,0.2,50,0.2,2.12,66.67,1.41,64.29,0.1,100,0.81,0.61,1.72,70.59,0,NA,0,NA,0,0,0,0,NA,NA,0,NA,NA,0,0,0,0,0,0,"players.xlsx","COLOMBIA_A",250000,"no","COL","Colombia","UMG","COL_UMG","Forwards",NA
"R. Caicedo","Boyacá Chicó","Boyacá Chicó","GK",31,3e+05,NA,9,891,0,0,0,0,0.3,100,"Colombia","Colombia","derecho",187,83,"no",2.02,0.2,100,100,0,0,0,1.82,2.37,0,1,0.1,0,0,0,0,0,0,0,0,0,0,0,0,0,0,0,0,0,0,0,0,0,0,0,0,0,0,0,9.8,0.3,0.1,16.26,80.12,9.19,64.84,0,0,6.67,100,9.8,95.88,6.46,56.25,31.11,44.35,0,0,0,0,0,0,0,1.31,61.54,0,0,0.1,0,0,0,4.65,63.04,21,2.12,43,4.34,3,51.16,14.94,1.51,-6.06,-0.612,0,0.91,0.1,NA,NA,NA,0,0,0,"2Search results-9.xlsx","COLOMBIA_A",NA,NA,"COL","Colombia","BYC","COL_BYC","Goalkeepers",NA
"J. Sánchez","Boyacá Chicó","Boyacá Chicó","LW",30,NA,NA,19,887,0,0.42,0,0.07,18.67,45.11,"Colombia","Colombia","derecho",170,60,NA,3.86,4.16,56.1,25,0,0,0,1.52,2.36,1.01,2,0.2,0,0,3.35,0,0,0,0.04,0,0,8,0.81,37.5,0,1.32,46.15,0.2,0,1.12,54.55,0.1,3.75,64.86,10.86,44.86,0.51,2.23,0.51,9.54,0.81,2.13,15.83,82.05,3.65,66.67,4.26,92.86,5.38,81.13,14,86.23,0.81,50,15.13,15.98,0.01,0.2,0,0,0,0,0.1,1.52,73.33,1.22,58.33,0,0,0.2,0.51,2.23,72.73,0,NA,0,NA,0,0,0,0,NA,NA,0,NA,NA,0.1,0,0,0,0,0,"players_2025-09-27.xlsx","COLOMBIA_A",50000,"no","COL","Colombia","BYC","COL_BYC","Wingers",NA
"M. Uribe","Atlético Nacional","Atlético Nacional","RDMF",34,NA,"2026-06-30",16,883,0,0.75,3,1.69,11.62,46.49,"Colombia","Colombia","derecho",182,77,NA,6.42,5.5,48.15,40,0.51,0.9,0.1,3.26,5.78,1.94,4,0.41,1,0.1,1.12,0,0,0,0.08,0,0,4,0.41,75,0,0.31,33.33,0.1,0,0.2,50,0.1,0.61,83.33,2.65,53.85,1.12,0.51,0,40.87,1.53,0.41,52.59,90.31,16.92,79.52,9.07,100,19.26,94.18,47.5,93.56,4.79,61.7,18,32.9,0.17,1.22,0.1,0,0.2,100,0.51,9.78,82.29,1.83,44.44,0.51,60,0.82,0.1,8.05,91.14,0,NA,0,NA,0,0,0,0,NA,NA,1.53,NA,NA,0.1,0,0,0,0,0,"players_2025-09-27.xlsx","COLOMBIA_A",4e+06,"no","COL","Colombia","NAC","COL_NAC","Defensive Midfield",NA
"José Masllorens","La Equidad","La Equidad","DMF",24,150000,NA,10,877,0,0.4,0,0.02,11.19,61.47,"Spain","Spain, Colombia","ambidiestro",188,71,"no",8.11,5.03,79.59,57.89,0.41,0.45,0.41,3.69,4.06,0.41,0,0,0,0,0.31,0,0,0,0.04,0,0,5,0.51,20,0,0.1,0,0,0,0.1,0,0,0.21,50,3.18,41.94,0.41,0.31,0,27.09,0.21,1.03,36.43,88.73,9.44,75,4.82,97.87,16.93,93.94,32.84,92.5,3.49,55.88,19.21,40.96,0,0.1,0,0,0.1,100,0,4.62,68.89,0.31,33.33,0.21,50,0.21,0,5.03,67.35,0,NA,0,NA,0,0,0,0,NA,NA,0.21,NA,NA,0.1,0,0,0.1,0,0,"2Search results-9.xlsx","COLOMBIA_A",NA,NA,"COL","Colombia","EQU","COL_EQU","Defensive Midfield","DEFENSIVE_MIDFIELD_LA_EQUIDAD_JOSÉ_MASLLORENS.png"
"J. Cavadia","América de Cali U20","América de Cali U20","LCMF",19,NA,NA,16,871,0,0.41,1,0.99,14.78,40.56,"Colombia","Colombia",NA,0,0,NA,6.3,6.82,48.48,33.33,0.83,1.26,0,2.17,3.3,2.69,5,0.52,1,0.1,1.34,0,0,0,0.04,0,0,6,0.62,50,0,0.93,44.44,0.41,25,0.52,60,0.21,0.93,66.67,4.86,40.43,0.31,0.62,0.1,35.96,0.52,0.93,45.67,91.63,12.09,87.18,6.41,93.55,19.22,91.94,41.54,94.28,3.2,70.97,18.32,30.47,0.1,1.03,0.1,0.1,0,0,0.31,6.92,80.6,1.03,30,0.1,0,0.1,0.41,5.48,88.68,0,NA,0,NA,0,0,0,0,NA,NA,1.03,NA,NA,0.1,0,0,1.45,0,0,"players_2025-09-27.xlsx","COLOMBIA_A",0,"no","COL",NA,NA,NA,"Midfield",NA
"A. Ibargüen","Once Caldas","Once Caldas","AMF",33,NA,NA,12,869,0,1.54,0,0.55,14.5,46.43,"Colombia","Colombia","derecho",175,67,NA,4.35,3.42,78.79,25,0,0,0.1,1.66,2.62,0.52,1,0.1,1,0.1,2.49,0,0,0,0.16,0,0,11,1.14,18.18,0,2.28,31.82,0.83,12.5,1.35,46.15,0.1,2.28,59.09,7.87,35.53,2.17,1.24,0,27.34,1.35,1.14,35.83,84.97,10.05,79.38,5.8,92.86,12.32,87.39,31.38,90.1,2.28,63.64,17.39,33.72,0.06,1.24,0,0,0.31,66.67,0.31,5.59,81.48,2.49,58.33,0.62,33.33,1.45,0.52,5.18,94,0,NA,0,NA,0,0,0,0,NA,NA,0.1,NA,NA,0.52,0,0,1.04,0,0,"players_2025-09-27.xlsx","COLOMBIA_A",450000,"no","COL","Colombia","ONC","COL_ONC","Attacking Midfield",NA
"A. Pérez","CD Universitario","CD Universitario","GK",26,50000,NA,9,868,0,0,1,0.39,0.52,80,"Colombia","Colombia","derecho",180,70,"si",2.07,0.1,0,100,0,0,0,2.07,3.14,0.1,0,0,0,0,0,0,0,0,0,0,0,0,0,0,0,0,0,0,0,0,0,0,0,0,0.21,100,0,0,0,9.12,0.21,0.1,16.8,82.1,11.2,74.07,0,0,5.08,97.96,9.75,98.94,7.05,58.82,32.13,48.5,0.04,0.1,0,0,0,0,0.1,2.49,45.83,0.52,20,0.21,0,0.1,0,4.98,72.92,15,1.56,30,3.11,0,50,9.22,0.96,-5.78,-0.599,0,1.24,0.21,NA,NA,NA,0,0,0,"2Search results-9.xlsx","COLOMBIA_A",NA,NA,"COL",NA,NA,NA,"Goalkeepers",NA
"H. Loboa Diaz","Medellín","Medellín","LCMF",19,0,NA,14,866,0,0.13,0,0.04,16.73,57.14,"Colombia","Colombia","unknown",0,0,"no",8.73,8.63,68.67,38.46,0.1,0.15,0.1,2.7,3.92,1.14,3,0.31,0,0,1.04,0,0,0,0.01,0,0,5,0.52,40,0,0.31,66.67,0.1,100,0.21,50,0,1.04,60,4.88,44.68,0,0.83,0,31.7,0.31,1.35,41.88,90.57,11.12,81.31,5.4,90.38,16.84,95.06,39.7,92.41,1.87,55.56,18.01,20.81,0,0.21,0,0,0,0,0,4.47,88.37,0.31,33.33,0,0,0,0.21,4.36,57.14,0,NA,0,NA,0,0,0,0,NA,NA,0.31,NA,NA,0,0,0,0,0,0,"Search results-4.xlsx","COLOMBIA_A",NA,NA,"COL","Colombia","MDL","COL_MDL","Midfield",NA
"D. Barrera","Fortaleza","Fortaleza","RCMF",21,0,NA,18,860,0,0.69,0,1.32,15.07,40.97,"Colombia","Colombia","unknown",0,0,"no",5.76,4.81,47.83,41.67,0.31,0.55,0.21,3.14,5.52,1.05,2,0.21,0,0,0.84,0,0,0,0.07,0,0,13,1.36,23.08,0,0.52,60,0.42,50,0.1,100,0,0.63,33.33,5.97,40.35,0.52,1.88,0.31,31.92,0,1.88,42.38,90.86,12.24,81.2,6.91,98.48,16.22,95.48,38.83,93.26,3.03,65.52,18.47,31.71,0.14,1.47,0,0,0,0,0.21,7.01,80.6,1.47,50,0.21,0,0.52,0.21,5.34,82.35,0,NA,0,NA,0,0,0,0,NA,NA,0.94,NA,NA,0.63,0.21,0,2.3,0,0,"2Search results-9.xlsx","COLOMBIA_A",NA,NA,"COL","Colombia","FOZ","COL_FOZ","Midfield",NA
"A. Vásquez","Águilas Doradas","Águilas Doradas","CF",22,NA,NA,20,852,1,2.01,0,0.71,19.44,34.78,"Colombia","Colombia","derecho",0,0,NA,2.22,2.64,60,38.81,0,0,0,0.63,1.05,0.42,0,0,0,0,0.95,0.11,1,0.11,0.21,0,0,13,1.37,46.15,7.692,0.11,100,0,0,0.11,100,0,1.06,20,6.02,22.81,2.54,0.32,0.11,7.08,2.01,0.74,10.99,80.77,1.27,58.33,3.7,91.43,3.06,82.76,10.46,81.82,0.42,50,13.4,7.12,0.07,0.42,0,0,0.11,0,0.42,0.95,55.56,0.53,20,0.11,0,0.42,0.11,0.32,33.33,0,NA,0,NA,0,0,0,0,NA,NA,0,NA,NA,0,0,0,0,0,0,"players_2025-09-27.xlsx","COLOMBIA_A",0,"no","COL","Colombia","AGD","COL_AGD","Forwards",NA
"A. Estacio","Deportivo Pereira","Deportivo Pereira","RAMF",27,NA,"2026-06-30",17,852,0,1.59,0,0.5,17.22,52.15,"Colombia","Colombia","izquierdo",178,78,NA,6.02,5.81,70.91,23.53,0.11,0.17,0.11,1.8,2.83,1.16,4,0.42,0,0,3.27,0,0,0,0.17,0,0,30,3.17,40,0,1.48,28.57,0.63,16.67,0.85,37.5,0.11,2.75,57.69,8.03,47.37,1.58,2.32,0.11,14.05,1.37,2.11,19.23,75.27,5.07,66.67,4.01,89.47,6.44,78.69,15.85,80,2.11,70,20.66,26.75,0.05,0.53,0.21,0,0.11,0,0.21,3.27,58.06,1.69,31.25,0.11,0,0.53,0.32,2.96,78.57,0,NA,0,NA,0,0,0,0,NA,NA,0.11,NA,NA,0.95,0.85,62.5,1.06,0,0,"players_2025-09-27.xlsx","COLOMBIA_A",5e+05,"no","COL","Colombia","PER","COL_PER","Attacking Midfield",NA
"Larry Vásquez","Amazonas","Amazonas","CB",32,NA,"2025-12-31",12,852,1,0.31,1,0.5,11.3,60.75,"Colombia","Colombia, Venezuela","derecho",186,80,NA,6.34,4.01,73.68,50,0.63,1.07,0.21,2.75,4.64,0.74,3,0.32,0,0,0.42,0.11,1,0.11,0.03,1,0.11,5,0.53,20,20,0.32,66.67,0.21,50,0.11,100,0,0.21,50,1.58,53.33,0.53,0.74,0,27.04,0.32,0.63,43.94,89.42,14.89,83.69,3.06,93.1,20.7,93.37,38.03,91.94,5.6,73.58,21.11,28.58,0.05,0.53,0,0,0,0,0.21,6.76,92.19,0.85,75,0.11,100,0.63,0.11,9.4,78.65,0,NA,0,NA,0,0,0,0,NA,NA,0.42,NA,NA,0,0,0,0,0,0,"players_2025-09-27.xlsx","COLOMBIA_A",650000,"no","COL",NA,NA,NA,"Defenders",NA
"J. Torres","Tolima","Tolima","CF",21,0,"2025-12-31",16,848,0,1.29,2,1.53,15.81,47.65,"Colombia","Colombia","derecho",170,65,"si",4.88,4.03,65.79,8.33,0.42,0.66,0,1.8,2.79,1.17,2,0.21,0,0,2.76,0,0,0,0.14,0,0,25,2.65,32,0,0.53,40,0.11,100,0.42,25,0.11,3.08,48.28,8.49,47.5,2.02,2.87,0.21,35.87,1.49,1.91,43.41,85.57,12.31,75,8.07,97.37,15.07,92.25,40.12,88.1,2.76,57.69,16.82,24.68,0.16,1.49,0,0,0.64,33.33,0.53,7,75.76,2.97,71.43,1.27,33.33,2.23,0.21,6.26,88.14,0,NA,0,NA,0,0,0,0,NA,NA,0.42,NA,NA,0.53,0.21,0,1.27,0,0,"Search results-4.xlsx","COLOMBIA_A",NA,NA,"COL","Colombia","TOL","COL_TOL","Forwards",NA
"A. Pérez","Cerro Largo","Cerro Largo","RCMF",25,NA,NA,13,847,0,0,0,0.03,11.9,63.39,"Uruguay","Uruguay","derecho",181,71,NA,8.61,6.27,67.8,52.63,0.64,0.82,0.43,3.72,4.79,0.85,3,0.32,0,0,0.74,0,0,0,0,0,0,0,0,0,0,0,0,0,0,0,0,0,0.74,100,2.76,69.23,0.11,0.11,0,14.24,0.21,0.96,24.12,83.7,8.08,68.42,3.08,96.55,8.39,93.67,22.74,85.98,1.38,46.15,16.69,23.73,0,0.11,0.11,0,0,0,0,2.87,62.96,0.21,0,0.11,0,0,0,3.51,54.55,0,NA,0,NA,0,0,0,0,NA,NA,0.21,NA,NA,0,0,0,0,0,0,"players_2025-09-27.xlsx","COLOMBIA_A",350000,"no","COL",NA,NA,NA,"Midfield",NA
"G. Ramírez","Tolima","Tolima","CF",35,NA,NA,19,834,3,2.57,1,1.05,16.73,38.06,"Paraguay","Paraguay, Mexico","derecho",181,74,NA,4.1,3.24,46.67,36.96,0.11,0.19,0.43,2.48,4.34,1.29,5,0.54,0,0,1.83,0.32,3,0.32,0.28,1,0.11,19,2.05,57.89,15.789,0.97,22.22,0.11,0,0.86,25,0.11,0.86,50,6.04,35.71,3.02,0.22,0,13.27,2.05,1.29,19.75,80.33,3.78,74.29,4.64,93.02,5.72,79.25,17.59,82.82,1.19,90.91,19.94,15.39,0.11,0.32,0.11,0,0,0,0.22,1.83,82.35,0.65,50,0.22,100,0.76,0.22,2.27,76.19,0,NA,0,NA,0,0,0,0,NA,NA,0,NA,NA,0,0,0,0,0,0,"players_2025-09-27.xlsx","COLOMBIA_A",2e+05,"no","COL","Colombia","TOL","COL_TOL","Forwards",NA
"J. Cantillo","Deportivo Cali","Deportivo Cali","RW",22,NA,NA,19,833,0,2.21,0,0.46,27.55,48.24,"Colombia","Colombia",NA,175,0,NA,7.02,7.78,61.11,53.13,0.32,0.45,0.22,1.94,2.7,1.4,3,0.32,0,0,3.24,0,0,0,0.24,0,0,18,1.94,27.78,0,2.05,36.84,0.97,44.44,1.08,30,0.22,3.35,58.06,12.75,40.68,3.24,1.73,0,10.59,1.94,2.7,16.75,71.61,4.43,58.54,4.11,94.74,4.32,62.5,13.29,78.86,1.4,53.85,14.32,14.99,0.05,0.76,0,0,0,0,0.11,1.19,54.55,2.27,28.57,0.22,0,0.32,0.65,2.81,61.54,0,NA,0,NA,0,0,0,0,NA,NA,0,NA,NA,0,0,0,0.11,0,0,"players_2025-09-27.xlsx","COLOMBIA_A",0,"no","COL","Colombia","CAL","COL_CAL","Wingers",NA
"J. Bernal","Deportivo Pasto","Deportivo Pasto","RWB",23,0,NA,15,830,0,0.46,0,0.69,20.06,45.41,"Panama","Panama","unknown",180,0,"no",6.4,5.42,64,40,0.43,0.58,0.11,2.49,3.33,0.65,1,0.11,0,0,3.36,0,0,0,0.05,0,0,12,1.3,33.33,0,2.49,34.78,0.87,37.5,1.63,33.33,0.65,4.01,51.35,9.87,40.66,0.76,1.73,0.22,16.7,2.71,2.28,21.58,72.36,5.86,55.56,4.55,92.86,7.48,75.36,17.46,80.12,1.73,43.75,18.19,25.92,0.07,0.65,0,0,0.11,0,0.11,1.84,64.71,2.06,31.58,0,0,0.22,0.65,4.45,58.54,0,NA,0,NA,0,0,0,0,NA,NA,0,NA,NA,1.08,0.33,33.33,0.76,0,0,"Search results-4.xlsx","COLOMBIA_A",NA,NA,"COL","Colombia","PAS","COL_PAS","Defenders Wingers",NA
"C. Lucumí","Alianza","Alianza","CF",25,350000,NA,15,830,6,5.95,0,0.61,15.18,37.86,"Colombia","Colombia","derecho",186,81,"no",1.19,0.54,20,48.48,0,0,0,1.08,1.68,0.65,3,0.33,0,0,2.71,0.65,5,0.54,0.64,4,0.43,34,3.69,50,17.647,0.43,25,0,0,0.43,25,0,1.73,43.75,5.96,32.73,4.45,0.54,0,10.63,1.52,0.65,12.25,78.76,3.25,63.33,3.04,96.43,2.6,75,11.6,82.24,0.22,0,12.73,6.14,0.07,0.98,0,0,0,0,0.33,1.19,54.55,0.98,55.56,0.11,0,0.98,0.11,1.52,78.57,0,NA,0,NA,0,0,0,0,NA,NA,0,NA,NA,0.11,0.11,0,0,1,100,"Search results-4.xlsx","COLOMBIA_A",NA,NA,"COL","Colombia","ALV","COL_ALV","Forwards",NA
"E. Rivero Almario","Atlético Nacional","Atlético Nacional","RDMF",19,NA,NA,17,829,0,0.06,0,0.61,13.79,48.82,"Colombia","Colombia","unknown",0,0,NA,6.62,6.73,51.61,35.71,1.19,1.96,0.33,1.95,3.21,1.63,4,0.43,0,0,0.65,0,0,0,0.01,0,0,6,0.65,0,0,0.11,0,0,0,0.11,0,0,0.98,66.67,3.37,54.84,0,0,0,28.34,0.33,1.41,37.24,87.46,11.07,80.39,6.19,96.49,14.76,88.24,33.76,90.35,3.37,61.29,19.16,24.99,0.07,0.43,0.22,0,0,0,0.22,6.62,78.69,1.19,45.45,0.54,40,0.54,0,5.54,82.35,0,NA,0,NA,0,0,0,0,NA,NA,0.76,NA,NA,0,0,0,0,0,0,"players_2025-09-27.xlsx","COLOMBIA_A",0,"no","COL","Colombia","NAC","COL_NAC","Defensive Midfield",NA
"Renan Oliveira","La Equidad","La Equidad","CF",28,NA,"2026-05-31",12,826,2,2.11,1,0.05,14.49,34.59,"Brazil","Brazil","izquierdo",186,88,NA,2.07,2.51,47.83,34.55,0,0,0.11,0.87,1.32,1.09,2,0.22,0,0,1.74,0.22,2,0.22,0.23,2,0.22,21,2.29,33.33,9.524,0.87,12.5,0.65,16.67,0.22,0,0.11,1.2,72.73,4.58,28.57,3.49,0.33,0,9.48,1.31,0.33,15.8,66.21,2.72,52,4.9,82.22,3.81,48.57,14.16,70,0.87,62.5,15.31,16.74,0.01,0.44,0,0,0.11,0,0.11,1.2,45.45,1.53,50,0.11,0,0.54,0,1.42,61.54,0,NA,0,NA,0,0,0,0,NA,NA,0.11,NA,NA,0.22,0.22,0,0,0,0,"players.xlsx","COLOMBIA_A",7e+05,"no","COL","Colombia","EQU","COL_EQU","Forwards","FORWARDS_LA_EQUIDAD_RENAN_OLIVEIRA.png"
"Renan Oliveira","Sarajevo","Sarajevo","CF",28,NA,"2026-05-31",12,826,2,2.11,1,0.05,14.49,34.59,"Brazil","Brazil","izquierdo",186,88,NA,2.07,2.51,47.83,34.55,0,0,0.11,0.87,1.32,1.09,2,0.22,0,0,1.74,0.22,2,0.22,0.23,2,0.22,21,2.29,33.33,9.524,0.87,12.5,0.65,16.67,0.22,0,0.11,1.2,72.73,4.58,28.57,3.49,0.33,0,9.48,1.31,0.33,15.8,66.21,2.72,52,4.9,82.22,3.81,48.57,14.16,70,0.87,62.5,15.31,16.74,0.01,0.44,0,0,0.11,0,0.11,1.2,45.45,1.53,50,0.11,0,0.54,0,1.42,61.54,0,NA,0,NA,0,0,0,0,NA,NA,0.11,NA,NA,0.22,0.22,0,0,0,0,"players_2025-09-27.xlsx","COLOMBIA_A",7e+05,"no","COL",NA,NA,NA,"Forwards",NA
"S. Támara","Cúcuta Deportivo","Cúcuta Deportivo","RCMF",29,NA,NA,15,821,1,0.64,2,2.37,14.14,47.29,"Colombia","Colombia","derecho",173,69,NA,5.48,5.26,64.58,50,0.22,0.3,0,1.86,2.59,0.88,1,0.11,0,0,1.53,0.11,1,0.11,0.07,0,0,11,1.21,27.27,9.091,2.19,30,0.66,33.33,1.53,28.57,0.22,0.66,33.33,5.48,38,0.99,0.77,0,25.98,1.1,0.99,35.52,79.01,10.19,62.37,7.56,95.65,12.5,84.21,28.06,84.77,5.26,68.75,19.91,32.66,0.26,2.08,0.11,0.11,0.66,50,0.55,5.7,67.31,2.96,48.15,1.1,50,0.88,0.77,5.48,80,0,NA,0,NA,0,0,0,0,NA,NA,0.44,NA,NA,1.1,0.11,0,3.18,0,0,"players_2025-09-27.xlsx","COLOMBIA_A",450000,"no","COL",NA,NA,NA,"Midfield",NA
"A. Piedrahita","Gimnasia La Plata","Gimnasia La Plata","LAMF",22,NA,NA,12,821,3,0.81,1,0.44,14.36,39.69,"Colombia","Colombia","derecho",182,78,NA,3.73,3.62,60.61,14.29,0.22,0.36,0,1.32,2.13,0.77,2,0.22,0,0,2.63,0.33,3,0.33,0.09,0,0,17,1.86,29.41,17.647,2.74,16,0.99,11.11,1.75,18.75,0.44,2.63,62.5,8.77,37.5,2.3,2.63,0.33,19.73,1.97,0.99,25.87,68.64,5.92,57.41,3.51,90.63,10.41,67.37,21.81,77.39,1.43,38.46,18.31,23.88,0.05,0.66,0,0,0.33,0,0.33,3.07,60.71,2.52,17.39,0.66,0,0.44,0.55,3.95,52.78,0,NA,0,NA,0,0,0,0,NA,NA,0.11,NA,NA,0.11,0,0,0.33,0,0,"players_2025-09-27.xlsx","COLOMBIA_A",9e+05,"si","COL",NA,NA,NA,"Attacking Midfield",NA
"M. Amaya Peña","La Equidad","La Equidad","RCB",21,NA,NA,10,819,0,0.09,0,0.01,12.53,64.04,"Colombia","Colombia",NA,0,0,NA,9.67,8.02,72.6,54.55,0.22,0.31,0.55,3.63,5.1,1.21,3,0.33,0,0,0.22,0,0,0,0.01,0,0,4,0.44,0,0,0.22,50,0,0,0.22,50,0,0,0,0.88,37.5,0,0.99,0,23.85,0.88,0.22,36.26,86.06,19.12,82.76,1.87,94.12,12.31,91.07,31.32,89.82,4.73,62.79,20.6,32.76,0,0.11,0,0,0.22,50,0,7.25,83.33,0.33,66.67,0.33,66.67,0.22,0.11,8.57,76.92,0,NA,0,NA,0,0,0,0,NA,NA,1.21,NA,NA,0,0,0,0,0,0,"players.xlsx","COLOMBIA_A",0,"no","COL","Colombia","EQU","COL_EQU","Defenders","DEFENDERS_LA_EQUIDAD_M_AMAYA_PEÑA.png"
"Y. Perlaza","Santa Fe","Santa Fe","RB",22,NA,NA,18,819,1,0.55,1,1.88,14.73,53.73,"Colombia","Colombia","unknown",180,63,NA,4.4,3.08,71.43,50,0,0,0.11,2.2,2.94,0.44,0,0,0,0,3.85,0.11,1,0.11,0.06,0,0,9,0.99,55.56,11.111,2.97,51.85,0.11,100,2.86,50,0.11,2.75,64,7.47,50,1.54,1.87,0.33,14.73,1.32,1.32,19.89,76.24,6.04,69.09,2.2,80,7.91,80.56,15.71,81.82,1.43,61.54,20.72,21.02,0.21,1.21,0.22,0,0,0,0.77,2.09,89.47,2.53,65.22,0.11,0,0.66,1.43,4.84,72.73,0,NA,0,NA,0,0,0,0,NA,NA,0,NA,NA,0,0,0,0.22,0,0,"players_2025-09-27.xlsx","COLOMBIA_A",0,"si","COL","Colombia","STF","COL_STF","Defenders Wingers",NA
"J. Mina","Llaneros","Llaneros","RCB",25,NA,NA,16,819,1,0.63,0,0,16.37,63.09,"Colombia","Colombia","derecho",188,0,NA,10.11,7.69,72.86,63.33,0.22,0.33,0.33,4.29,6.36,1.98,2,0.22,0,0,0.44,0.11,1,0.11,0.07,1,0.11,3,0.33,66.67,33.333,0.22,0,0,0,0.22,0,0.11,0.22,100,2.09,31.58,0.44,0.55,0.33,15.49,0.33,0.77,25.71,80.34,12.31,70.54,1.98,100,8.02,90.41,22.2,85.15,3.3,53.33,17.69,24.41,0,0,0,0,0,0,0,2.86,53.85,0.55,20,0.11,0,0.11,0,4.84,61.36,0,NA,0,NA,0,0,0,0,NA,NA,1.43,NA,NA,0,0,0,0,0,0,"players_2025-09-27.xlsx","COLOMBIA_A",3e+05,"no","COL","Colombia","LNR","COL_LNR","Defenders",NA
"R. Falcao","Millonarios","Millonarios","CF",39,NA,NA,12,813,6,4.38,0,0.78,15.94,31.94,"Colombia","Colombia, Venezuela","derecho",177,72,NA,3.32,2.88,46.15,20.83,0.55,0.88,0.11,1.44,2.28,1.11,3,0.33,0,0,2.21,0.66,5,0.55,0.48,3,0.33,24,2.66,41.67,25,0.33,0,0,0,0.33,0,0.11,1.55,64.29,8.41,35.53,3.1,0.22,0,14.61,1.44,1.44,17.93,83.95,2.55,65.22,5.2,91.49,5.2,89.36,16.83,87.5,0.77,42.86,14.16,14.63,0.09,0.33,0,0,0.22,50,0.22,1.77,75,0.89,37.5,0.33,33.33,0.66,0.11,1.55,78.57,0,NA,0,NA,0,0,0,0,NA,NA,0,NA,NA,0.11,0.11,100,0,1,100,"players.xlsx","COLOMBIA_A",8e+05,"no","COL","Colombia","MIL","COL_MIL","Forwards",NA
"S. Silva","América de Cali","América de Cali","GK",26,7e+05,NA,8,810,0,0,0,0,0.78,42.86,"Uruguay","Uruguay","derecho",190,78,"no",1.44,0.22,0,100,0,0,0,1.44,2.1,0,0,0,0,0,0,0,0,0,0,0,0,0,0,0,0,0,0,0,0,0,0,0,0,0,0.22,50,0,0,0,8.44,0.33,0.22,16.44,85.14,11.22,80.2,0.11,100,4.78,95.35,8,94.44,8.44,76.32,35.07,46.42,0,0,0,0,0,0,0,1.56,64.29,0,0,0.11,0,0,0,7.44,76.12,9,1,44,4.89,4,79.55,12.82,1.42,3.82,0.424,0.11,1.89,0.11,NA,NA,NA,0,0,0,"2Search results-9.xlsx","COLOMBIA_A",NA,NA,"COL","Colombia","AME","COL_AME","Goalkeepers",NA
"A. Ramos","América de Cali","América de Cali","CF",39,150000,NA,18,808,4,3.98,0,0.88,15.93,42.66,"Colombia","Colombia","derecho",185,75,"no",2.45,1.45,76.92,43.06,0,0,0.22,1.34,2.13,0.45,2,0.22,0,0,1.56,0.45,4,0.45,0.44,2,0.22,23,2.56,43.48,17.391,0.67,50,0.33,66.67,0.33,33.33,0,0.67,16.67,4.46,27.5,5.01,0.33,0,13.25,2.34,0.67,16.15,68.28,3.56,46.88,3.9,77.14,5.35,72.92,14.93,68.66,0.56,80,15.59,5.15,0.1,1,0,0,0.11,0,0.45,1.11,70,1.78,43.75,0.11,0,1,0.22,1.34,66.67,0,NA,0,NA,0,0,0,0,NA,NA,0,NA,NA,0,0,0,0,0,0,"2Search results-9.xlsx","COLOMBIA_A",NA,NA,"COL","Colombia","AME","COL_AME","Forwards",NA
"J. Barrera","Botafogo","Junior","RAMF",19,NA,NA,14,799,1,1.36,0,1.06,22.64,43.28,"Colombia","Colombia","derecho",175,65,NA,5.29,6.31,57.14,31.58,0.45,0.65,0,1.24,1.77,1.58,1,0.11,0,0,4.73,0.11,1,0.11,0.15,0,0,18,2.03,38.89,5.556,2.48,45.45,0.34,33.33,2.03,50,0.23,3.72,72.73,10.93,42.27,2.7,2.37,0.34,17.91,2.37,2.14,20.73,78.8,5.86,67.31,3.83,94.12,6.87,80.33,17.23,85.62,1.35,50,18.15,19.23,0.12,1.01,0,0,0.34,33.33,0.56,2.48,63.64,2.93,50,0.45,25,1.01,0.9,4.06,75,0,NA,0,NA,0,0,0,0,NA,NA,0.11,NA,NA,0.45,0,0,0.45,0,0,"players.xlsx","COLOMBIA_A",0,"no","COL",NA,NA,NA,"Attacking Midfield",NA
"J. Castillo","Fortaleza","Fortaleza","GK",22,NA,NA,8,796,0,0,0,0,0.79,42.86,"Colombia","Colombia","derecho",191,76,NA,1.36,0.23,0,66.67,0.23,0.39,0,1.13,1.94,0.23,0,0,0,0,0,0,0,0,0,0,0,0,0,0,0,0,0,0,0,0,0,0,0.11,0,0.11,0,0,0,0,8.25,0.11,0.11,15.04,91.73,9.27,91.46,0,0,5.2,91.3,11.31,95,3.73,81.82,25.19,38.78,0,0,0,0,0,0,0,0.57,60,0,0,0,0,0,0,2.94,76.92,12,1.36,34,3.84,2,64.71,10.62,1.2,-1.38,-0.156,0,1.02,0.34,NA,NA,NA,0,0,0,"players.xlsx","COLOMBIA_A",8e+05,"no","COL","Colombia","FOZ","COL_FOZ","Goalkeepers",NA
"J. Ojeda","Boyacá Chicó","Boyacá Chicó","LCB",27,NA,NA,9,787,0,0.4,0,0.06,8.46,52.7,"Paraguay","Paraguay","derecho",188,78,NA,6.18,4.57,60,45.83,0,0,0.91,3.43,4.84,0.57,3,0.34,0,0,0.23,0,0,0,0.05,0,0,3,0.34,66.67,0,0,0,0,0,0,0,0,0,0,0.23,50,0.23,0.57,0,14.75,0.11,0.23,25.04,84.93,11.78,75.73,0.69,100,11.32,95.96,20.81,92.86,4.23,45.95,23.66,40.09,0.01,0.11,0.11,0,0,0,0,2.74,54.17,0.23,0,0,0,0,0,4.35,63.16,0,NA,0,NA,0,0,0,0,NA,NA,0.46,NA,NA,0,0,0,0,0,0,"players.xlsx","COLOMBIA_A",75000,"no","COL","Colombia","BYC","COL_BYC","Defenders",NA
"Marcus Vinicius","Medellín","Medellín","CF",28,NA,"2027-06-30",22,787,2,2.67,1,0.47,18.87,43.64,"Brazil","Brazil","derecho",188,82,NA,4.69,4.12,69.44,11.76,0,0,0,1.83,2.98,1.6,0,0,0,0,2.97,0.23,2,0.23,0.31,1,0.11,23,2.63,30.43,8.696,1.14,10,0.57,0,0.57,20,0,3.32,62.07,10.18,42.7,1.6,2.4,0.11,23.56,1.72,2.29,28.48,78.71,7.32,65.63,5.49,93.75,9.15,75,25.5,86.1,1.83,18.75,17.78,14.95,0.05,0.91,0,0,0,0,0.34,4,57.14,2.17,42.11,0.8,28.57,0.91,0.11,3.32,72.41,0,NA,0,NA,0,0,0,0,NA,NA,0.11,NA,NA,0.57,0.23,0,2.63,0,0,"players_2025-09-27.xlsx","COLOMBIA_A",8e+05,"no","COL","Colombia","MDL","COL_MDL","Forwards",NA
"J. Medranda","Deportivo Pereira","Deportivo Pereira","LCB",23,NA,NA,8,777,1,0.8,1,0.43,10.19,67.05,"Colombia","Colombia","izquierdo",186,78,NA,7.3,3.47,76.67,60,0,0,0.46,4.63,6.38,0.58,3,0.35,0,0,0.58,0.12,1,0.12,0.09,0,0,5,0.58,20,20,0.12,100,0.12,100,0,0,0,0.35,100,1.51,46.15,0.69,0.69,0,20.62,0.23,0.23,33.01,80,14.59,67.46,2.08,88.89,12.97,89.29,26.87,88.79,6.02,40.38,23.11,45.85,0.05,0.12,0,0,0,0,0.12,4.52,51.28,0.35,33.33,0.58,20,0,0.12,7.07,55.74,0,NA,0,NA,0,0,0,0,NA,NA,1.39,NA,NA,0,0,0,0,0,0,"players.xlsx","COLOMBIA_A",150000,"no","COL","Colombia","PER","COL_PER","Defenders",NA
"F. Molina","Unión Magdalena","Unión Magdalena","RCB",21,0,NA,10,765,1,0.09,0,0.05,10.82,56.52,"Venezuela","Venezuela",NA,0,0,"no",8.47,5.76,59.18,51.85,1.06,1.29,0.71,4,4.86,0.59,1,0.12,0,0,0.47,0.12,1,0.12,0.01,0,0,4,0.47,25,25,0.35,66.67,0,0,0.35,66.67,0,0.24,50,1.06,55.56,0.24,0.35,0,10.71,0.12,0.71,19.88,76.92,9.76,66.27,0.71,83.33,7.65,87.69,15.88,83.7,3.65,48.39,21.32,33.59,0.01,0.12,0,0,0,0,0,3.53,63.33,0.59,60,0,0,0.12,0.12,4.82,65.85,0,NA,0,NA,0,0,0,0,NA,NA,0.47,NA,NA,0,0,0,0,0,0,"Search results-4.xlsx","COLOMBIA_A",NA,NA,"COL","Colombia","UMG","COL_UMG","Defenders",NA
"J. Jordán Riascos","Boyacá Chicó","Boyacá Chicó","LB",24,0,NA,10,757,0,0.48,0,0.25,22.23,49.2,"Colombia","Colombia",NA,0,0,"si",7.73,7.01,71.19,50,0.12,0.18,0,2.62,4.05,0.83,0,0,0,0,3.21,0,0,0,0.06,0,0,12,1.43,16.67,0,3.69,22.58,3.45,24.14,0.12,0,1.19,4.16,51.43,12.36,36.54,0.95,1.78,0.12,19.62,1.31,1.19,29.84,70.52,6.9,60.34,5.71,85.42,9.51,68.75,24.37,81.95,2.14,27.78,17.56,38.11,0.03,0.48,0,0,0,0,0.12,4.4,56.76,3.09,23.08,0.24,0,0.36,0.36,4.4,59.46,0,NA,0,NA,0,0,0,0,NA,NA,0,NA,NA,0.12,0.12,0,0.12,0,0,"Search results-4.xlsx","COLOMBIA_A",NA,NA,"COL","Colombia","BYC","COL_BYC","Defenders Wingers",NA
"F. Charrupí","Atlético Bucaramanga","Atlético Bucaramanga","LDMF",24,NA,NA,17,756,0,0.47,1,0.96,22.5,51.32,"Colombia","Colombia","derecho",182,74,NA,10.95,9.64,66.67,41.67,0.48,0.73,0.12,4.05,6.18,1.9,2,0.24,0,0,1.07,0,0,0,0.06,0,0,6,0.71,66.67,0,0.36,0,0.12,0,0.24,0,0,1.67,28.57,7.86,36.36,0.71,1.9,0.12,29.05,0.48,0.71,40,84.52,12.74,74.77,7.14,95,13.33,87.5,37.26,88.5,2.38,35,15.41,22,0.11,0.95,0.12,0,0.12,100,0.24,4.64,66.67,2.02,52.94,0.83,14.29,1.19,0,5.83,63.27,0,NA,0,NA,0,0,0,0,NA,NA,0.71,NA,NA,0.12,0,0,0.12,0,0,"players_2025-09-27.xlsx","COLOMBIA_A",250000,"no","COL","Colombia","BUC","COL_BUC","Defensive Midfield",NA
"J. Martínez","Fortaleza U20","Fortaleza U20","CF",19,NA,NA,16,754,1,2.02,0,0.25,21.84,33.88,"Colombia","Colombia",NA,0,0,NA,4.66,3.94,54.55,34.69,0,0,0.24,2.51,3.91,1.67,0,0,0,0,2.86,0.12,1,0.12,0.24,0,0,16,1.91,50,6.25,1.31,36.36,1.07,44.44,0.24,0,0,2.51,57.14,9.91,28.92,2.63,1.55,0.36,13.01,2.39,0.84,18.02,77.48,1.19,60,6.45,100,5.49,63.04,15.76,82.58,0.95,50,19.02,14.56,0.03,0.6,0,0,0,0,0.12,1.07,55.56,0.95,12.5,0,0,0.12,0.48,1.55,38.46,0,NA,0,NA,0,0,0,0,NA,NA,0,NA,NA,0.12,0.12,0,0,0,0,"players_2025-09-27.xlsx","COLOMBIA_A",0,"no","COL",NA,NA,NA,"Forwards",NA
"M. Gonzalez","Tolima","Tolima","LAMF",21,0,NA,12,752,3,1.67,1,0.55,21.3,44.94,"Colombia","Colombia","unknown",0,0,"si",6.94,5.51,60.87,30,0.6,0.89,0.12,2.99,4.46,1.32,1,0.12,0,0,3.47,0.36,3,0.36,0.2,1,0.12,21,2.51,42.86,14.286,1.8,20,1.68,21.43,0.12,0,0.12,2.99,68,9.45,46.84,4.43,3.23,0.36,24.65,2.87,1.44,31.12,78.85,7.42,66.13,8.26,91.3,7.3,77.05,28.36,83.12,0.96,62.5,17.33,14.56,0.07,0.72,0.12,0.12,0.12,0,0.24,2.51,66.67,2.15,38.89,0.12,0,1.08,0.36,2.99,84,0,NA,0,NA,0,0,0,0,NA,NA,0,NA,NA,0,0,0,0.24,0,0,"Search results-4.xlsx","COLOMBIA_A",NA,NA,"COL","Colombia","TOL","COL_TOL","Attacking Midfield",NA
"A. Peñaranda","Atlético Bucaramanga","Atlético Bucaramanga","CF",27,NA,"2026-05-31",18,749,1,2.15,2,1.35,26.44,37.73,"Venezuela","Venezuela, Spain","derecho",186,83,NA,2.88,3.85,37.5,25,0.24,0.39,0,1.2,1.97,1.92,1,0.12,0,0,4.69,0.12,0,0,0.26,0,0,16,1.92,25,6.25,1.44,33.33,0.48,0,0.96,50,0.24,7.45,50,17.54,39.04,4.09,3.48,1.2,15.26,1.56,2.52,21.51,80.45,4.69,76.92,6.73,89.29,5.53,80.43,19.95,83.73,0.12,100,15.62,1.99,0.16,0.72,0.24,0,0.12,0,0.36,2.16,83.33,0.72,50,0,0,0.84,0.48,3.48,68.97,0,NA,0,NA,0,0,0,0,NA,NA,0,NA,NA,0.36,0,0,0.36,1,100,"players_2025-09-27.xlsx","COLOMBIA_A",2e+05,"si","COL","Colombia","BUC","COL_BUC","Forwards",NA
"M. Pérez","Deportivo Pereira","Deportivo Pereira","CF",35,250000,NA,24,743,2,1.67,1,0.5,11.51,43.16,"Colombia","Colombia","derecho",182,76,"no",0.97,1.09,44.44,50,0,0,0,0.48,0.85,0.48,4,0.48,0,0,1.09,0.24,2,0.24,0.2,1,0.12,17,2.06,35.29,11.765,0.61,40,0.12,100,0.24,50,0.24,0.36,33.33,2.66,27.27,4.24,0.24,0,9.08,1.09,0.61,10.9,77.78,1.94,62.5,3.39,100,3.03,60,10.05,79.52,0.24,100,12.54,1.83,0.06,0.36,0,0,0,0,0.24,0.61,80,0.97,37.5,0,0,0.85,0.12,1.33,72.73,0,NA,0,NA,0,0,0,0,NA,NA,0.12,NA,NA,0.24,0.24,0,0,0,0,"2Search results-9.xlsx","COLOMBIA_A",NA,NA,"COL","Colombia","PER","COL_PER","Forwards",NA
"S. Colón","Boyacá Chicó","Boyacá Chicó","CF",27,NA,NA,23,734,1,2.07,1,0.49,21.7,28.81,"Colombia","Colombia","derecho",177,72,NA,3.43,2.57,61.9,22.73,0,0,0.12,1.84,3.13,2.45,3,0.37,0,0,0.98,0.12,1,0.12,0.25,0,0,14,1.72,35.71,7.143,0.12,0,0,0,0.12,0,0,0.98,37.5,8.95,23.29,2.57,0.37,0,11.4,1.72,1.72,14.71,81.67,2.94,70.83,5.03,85.37,2.7,77.27,14.1,83.48,0.49,50,12.88,4.71,0.06,0.61,0,0,0,0,0.12,1.23,100,0.61,40,0.12,0,0.74,0,0.37,100,0,NA,0,NA,0,0,0,0,NA,NA,0,NA,NA,0,0,0,0,0,0,"players_2025-09-27.xlsx","COLOMBIA_A",0,"no","COL","Colombia","BYC","COL_BYC","Forwards",NA
"D. Mosquera","Llaneros","Llaneros","RCMF",27,NA,NA,12,723,0,0.06,1,0.09,16.56,56.39,"Colombia","Colombia","derecho",183,0,NA,10.08,8.09,66.15,71.43,0.75,0.97,0,3.98,5.19,1.49,1,0.12,0,0,1.24,0,0,0,0.01,0,0,3,0.37,0,0,1,25,0,0,1,25,0.12,1.49,66.67,6.1,44.9,0.5,1.87,0.37,27.76,0.75,1.12,38.96,82.75,14.19,73.68,5.85,95.74,13.07,84.76,34.73,87.1,3.36,51.85,18.21,22.98,0.01,0.5,0.12,0,0.37,0,0.12,6.97,71.43,1.74,42.86,0.62,0,0.5,0.25,6.72,85.19,0,NA,0,NA,0,0,0,0,NA,NA,0.5,NA,NA,0,0,0,0,0,0,"players_2025-09-27.xlsx","COLOMBIA_A",3e+05,"no","COL","Colombia","LNR","COL_LNR","Midfield",NA
"A. Serna","Medellín","Medellín","LCMF",27,350000,NA,16,721,1,0.55,0,0.23,18.47,53.38,"Colombia","Colombia",NA,0,0,"no",5.37,5.99,60.42,60.71,0,0,0.12,1.75,3.16,1.5,1,0.12,0,0,1.87,0.12,1,0.12,0.07,0,0,8,1,50,12.5,0.37,66.67,0.25,50,0.12,100,0,2.12,52.94,7.74,45.16,0.5,2.5,0.5,25.59,0.37,1.5,37.7,91.06,6.87,74.55,9.61,98.7,14.6,94.02,34.95,93.21,2.37,63.16,16.72,21.59,0.03,0.87,0,0,0,0,0.12,4.62,81.08,1.37,54.55,0.25,0,0.25,0.12,3.25,76.92,0,NA,0,NA,0,0,0,0,NA,NA,0.37,NA,NA,0,0,0,0.25,0,0,"Search results-4.xlsx","COLOMBIA_A",NA,NA,"COL","Colombia","MDL","COL_MDL","Midfield",NA
"J. Romero","América de Cali U20","América de Cali U20","LW",19,NA,NA,13,712,0,0.36,2,0.58,18.83,44.3,"Colombia","Colombia",NA,0,0,NA,8.85,8.22,61.54,28,0,0,0.13,3.79,5.17,1.9,2,0.25,0,0,1.39,0,0,0,0.05,0,0,9,1.14,11.11,0,1.77,21.43,0.51,75,1.14,0,0.13,1.9,33.33,5.56,29.55,1.52,1.39,0.25,29.71,1.26,0.51,36.91,87.33,9.86,75.64,8.47,95.52,9.73,89.61,34.13,91.11,1.01,75,15.51,18.9,0.07,1.14,0,0,0.25,100,0.38,4.68,89.19,2.02,43.75,0,0,1.01,0.51,4.42,77.14,0,NA,0,NA,0,0,0,0,NA,NA,0.38,NA,NA,0.13,0,0,0.51,0,0,"players_2025-09-27.xlsx","COLOMBIA_A",0,"no","COL",NA,NA,NA,"Wingers",NA
"S. Londoño","Envigado","Envigado","CF",17,0,NA,18,712,1,0.98,0,0.06,19.21,32.89,"Colombia","Colombia","unknown",0,0,"no",5.18,4.93,53.85,28,0,0,0,2.53,3.92,2.4,5,0.63,0,0,0.51,0.13,1,0.13,0.12,0,0,4,0.51,50,25,0.38,0,0,0,0.38,0,0,1.26,20,8.09,21.88,1.9,1.14,0.13,7.46,1.77,1.14,13.78,74.31,3.79,70,4.3,76.47,2.53,90,12.89,79.41,0.51,0,19.42,11.14,0.01,0.25,0,0,0,0,0,0.76,33.33,0.51,75,0,0,0.38,0,0.63,80,0,NA,0,NA,0,0,0,0,NA,NA,0.51,NA,NA,0,0,0,0,0,0,"2Search results-9.xlsx","COLOMBIA_A",NA,NA,"COL","Colombia","ENV","COL_ENV","Forwards",NA
"J. Echeverri","Envigado U20","Envigado U20","LCMF",19,0,NA,9,709,0,0.01,0,0,12.95,50.98,"Colombia","Colombia","unknown",0,0,"no",10.41,8.63,60.29,40,0.38,0.45,0.51,4.82,5.67,1.78,2,0.25,0,0,0.63,0,0,0,0,0,0,2,0.25,0,0,0.38,66.67,0.25,100,0.13,0,0,0.76,33.33,2.79,31.82,0,0.25,0,18.66,0,0.13,29.32,87.45,11.81,78.49,3.81,96.67,8.12,95.31,26.28,91.79,2.79,45.45,17.78,29.69,0,0.13,0,0,0.13,100,0,3.17,80,0.63,80,0.13,0,0.13,0.25,4.7,59.46,0,NA,0,NA,0,0,0,0,NA,NA,0.13,NA,NA,0,0,0,0,0,0,"2Search results-9.xlsx","COLOMBIA_A",NA,NA,"COL",NA,NA,NA,"Midfield",NA
"J. Quiceno","Boyacá Chicó","Boyacá Chicó","LB",21,0,NA,11,709,0,0.15,1,0.21,17.64,49.64,"Colombia","Colombia",NA,0,0,"no",8.76,7.74,65.57,47.62,0,0,0.13,3.68,5.54,0.63,0,0,1,0.13,1.14,0,0,0,0.02,0,0,7,0.89,28.57,0,1.14,22.22,1.02,25,0.13,0,0,1.02,62.5,6.22,30.61,0.13,1.52,0.13,16.88,1.27,1.02,28.05,79.19,10.28,66.67,6.6,94.23,6.73,84.91,23.86,84.57,3.05,58.33,19.7,30.29,0.03,0.25,0,0,0,0,0.13,4.19,69.7,1.4,63.64,0.25,100,0.63,0.25,6.22,73.47,0,NA,0,NA,0,0,0,0,NA,NA,0.76,NA,NA,0.38,0.25,0,0,0,0,"Search results-4.xlsx","COLOMBIA_A",NA,NA,"COL","Colombia","BYC","COL_BYC","Defenders Wingers",NA
"G. Guruceaga","Juventude","Juventude","GK",30,4e+05,NA,7,704,0,0,0,0,0.51,100,"Uruguay","Uruguay","izquierdo",194,88,"no",1.15,0.13,100,100,0,0,0,1.02,1.55,0,1,0.13,0,0,0,0,0,0,0,0,0,0,0,0,0,0,0,0,0,0,0,0,0,0,0,0,0,0,0,7.8,0,0.26,12.78,81,7.8,70.49,0,0,4.86,97.37,8.05,96.83,4.73,54.05,34.37,52.67,0,0,0,0,0,0,0,2.43,63.16,0.13,0,0.26,50,0,0,3.32,76.92,10,1.28,28,3.58,1,64.29,8.86,1.13,-1.14,-0.146,0,1.41,0.38,NA,NA,NA,0,0,0,"2Search results-9.xlsx","COLOMBIA_A",NA,NA,"COL",NA,NA,NA,"Goalkeepers",NA
"Y. Rodallega","Medellín","Medellín","LWB",24,NA,NA,16,703,0,0.05,0,1.35,12.16,47.37,"Colombia","Colombia","izquierdo",178,73,NA,5.5,5.38,61.9,47.62,0.13,0.21,0,2.05,3.29,0.64,1,0.13,0,0,2.56,0,0,0,0.01,0,0,2,0.26,0,0,4.61,50,4.61,50,0,0,0.38,0.77,33.33,3.2,28,1.92,0.51,0.13,21.64,2.94,0.38,25.73,70.65,5.38,61.9,5.25,87.8,9.86,72.73,20.23,76.58,1.79,57.14,18.58,26.33,0.17,1.41,0,0,0,0,0.64,1.41,63.64,3.84,56.67,0.13,0,0.77,2.05,5.5,69.77,0,NA,0,NA,0,0,0,0,NA,NA,0.26,NA,NA,0,0,0,0,0,0,"players.xlsx","COLOMBIA_A",650000,"si","COL","Colombia","MDL","COL_MDL","Defenders Wingers",NA
"J. Pimentel","Boyacá Chicó","Boyacá Chicó","CF",23,NA,NA,19,702,0,1.03,0,0.34,15.51,42.15,"Colombia","Colombia","derecho",176,68,NA,2.82,4.36,50,41.67,0.13,0.2,0.13,0.51,0.79,0.9,1,0.13,0,0,1.54,0,0,0,0.13,0,0,10,1.28,30,0,1.03,37.5,0.51,0,0.51,75,0,1.28,60,7.44,41.38,1.03,1.28,0,20,1.41,2.82,20.9,80.98,5.64,68.18,5.64,93.18,6.15,81.25,19.1,83.89,0.9,71.43,16.39,12.72,0.04,0.9,0,0,0.13,0,0,2.82,68.18,1.54,41.67,0.26,0,0.64,0.26,3.33,57.69,0,NA,0,NA,0,0,0,0,NA,NA,0.13,NA,NA,0.51,0.13,0,0.77,0,0,"players_2025-09-27.xlsx","COLOMBIA_A",150000,"no","COL","Colombia","BYC","COL_BYC","Forwards",NA
"A. Tovar","Envigado","Envigado","GK",19,NA,NA,7,701,0,0,0,0,1.67,69.23,"Colombia","Colombia","izquierdo",180,80,NA,0.51,0.51,50,100,0,0,0,0.26,0.4,0.13,1,0.13,0,0,0,0,0,0,0,0,0,0,0,0,0,0,0,0,0,0,0,0,0,0,0.26,0,0,0,0,6.29,0.13,0.13,10.14,86.08,5.91,78.26,0,0,3.85,96.67,6.03,100,4.11,65.63,35.5,54.42,0,0,0,0,0,0,0,1.93,53.33,0.13,0,0,0,0,0,3.08,83.33,10,1.28,22,2.82,1,54.55,7.14,0.92,-2.86,-0.367,0,2.31,0.9,NA,NA,NA,0,0,0,"players.xlsx","COLOMBIA_A",0,"no","COL","Colombia","ENV","COL_ENV","Goalkeepers",NA
"Y. González","Jaguares de Córdoba","Jaguares de Córdoba","LCB",35,NA,NA,11,700,0,0.95,1,0.29,11.44,57.3,"Colombia","Colombia, Equatorial Guinea","derecho",178,80,NA,7.97,5.01,61.54,51.52,0,0,0.26,4.89,6.44,0.77,0,0,0,0,0.39,0,0,0,0.12,0,0,3,0.39,66.67,0,0.26,50,0,0,0.26,50,0.13,0.13,0,0.9,57.14,0.64,0.13,0,25.59,0.26,0.26,36.77,88.46,16.59,81.4,1.29,90,16.59,95.35,30.86,93.33,5.66,63.64,22.08,35.14,0.04,0.13,0,0,0,0,0.13,3.21,72,0.39,0,0.13,0,0,0.26,7.97,77.42,0,NA,0,NA,0,0,0,0,NA,NA,0.77,NA,NA,0,0,0,0,0,0,"players_2025-09-27.xlsx","COLOMBIA_A",1e+05,"no","COL","Colombia","JAG","COL_JAG","Defenders",NA
"H. Plazas","Cúcuta Deportivo","Cúcuta Deportivo","LCB",32,4e+05,NA,8,698,1,1.69,1,0.58,8.38,55.38,"Venezuela","Venezuela, Colombia","derecho",189,86,"no",7.99,3.48,74.07,43.48,0.26,0.38,0.39,5.16,7.5,0.39,2,0.26,0,0,1.03,0.13,0,0,0.22,0,0,17,2.19,23.53,5.882,0.26,100,0.26,100,0,0,0,0.26,50,0.9,42.86,0.9,0.39,0,23.72,0.77,0.26,34.04,84.85,20.11,81.41,0.9,85.71,10.96,94.12,25.14,89.23,8.64,71.64,26,34.8,0.07,0.77,0,0,0.13,100,0.26,7.61,72.88,0.77,66.67,0.39,66.67,0.39,0.26,12.64,84.69,0,NA,0,NA,0,0,0,0,NA,NA,0.64,NA,NA,2.45,1.68,23.08,0,1,100,"2Search results-9.xlsx","COLOMBIA_A",NA,NA,"COL",NA,NA,NA,"Defenders",NA
"J. Pérez","Alianza","Alianza","AMF",37,NA,NA,12,690,1,1.07,0,0.45,11.22,45.35,"Colombia","Colombia","derecho",174,0,NA,2.74,2.87,54.55,37.5,0.26,0.38,0.13,0.91,1.34,0.52,1,0.13,1,0.13,1.83,0.13,1,0.13,0.14,0,0,14,1.83,35.71,7.143,0.65,20,0.39,33.33,0.26,0,0.26,1.57,50,5.22,40,1.04,1.04,0.13,30.26,1.83,1.3,38.09,81.85,13.04,69,7.96,96.72,11.35,85.06,33.39,87.89,4.04,41.94,18.52,33.1,0.06,1.04,0.13,0,0.39,66.67,0.13,8.61,74.24,2.74,33.33,1.3,50,0.78,0,6,95.65,0,NA,0,NA,0,0,0,0,NA,NA,0,NA,NA,2.22,0.13,100,2.48,0,0,"players_2025-09-27.xlsx","COLOMBIA_A",50000,"no","COL","Colombia","ALV","COL_ALV","Attacking Midfield",NA
"F. Berrio Roqueme","Envigado","Envigado","RAMF",18,0,NA,14,689,2,0.79,0,0.24,26.91,39.81,"Colombia","Colombia",NA,0,0,"no",7.05,6.66,56.86,45.45,0.13,0.18,0.13,3.13,4.24,2.61,2,0.26,2,0.26,2.35,0.26,2,0.26,0.1,2,0.26,10,1.31,50,20,1.7,30.77,0.52,25,1.18,33.33,0,3.13,37.5,9.27,23.94,1.96,1.04,0,7.84,1.18,0.91,14.37,62.73,4.57,48.57,4.05,96.77,3.92,43.33,11.49,70.45,1.31,40,15.53,18.12,0.03,0.26,0,0,0,0,0.13,1.57,41.67,1.83,21.43,0,0,0.26,0.26,2.22,58.82,0,NA,0,NA,0,0,0,0,NA,NA,0,NA,NA,0,0,0,0,0,0,"Search results-5.xlsx","COLOMBIA_A",NA,NA,"COL","Colombia","ENV","COL_ENV","Attacking Midfield",NA
"E. Londoño","Envigado","Envigado","LB",19,NA,NA,7,686,0,0,0,0.25,13.12,53,"Colombia","Colombia",NA,0,0,NA,8.66,6.69,56.86,66.67,0.39,0.62,0.26,4.46,7.03,1.31,3,0.39,0,0,1.44,0,0,0,0,0,0,2,0.26,0,0,1.44,36.36,1.44,36.36,0,0,0.13,1.31,70,3.02,47.83,0.39,0.39,0,16.79,0.39,0.13,25.58,74.87,10.5,60,3.54,96.3,6.69,80.39,20.34,85.16,3.94,36.67,21.15,41.44,0.03,0.52,0,0,0,0,0.13,3.54,48.15,1.31,20,0.13,0,0.13,0.52,5.38,51.22,0,NA,0,NA,0,0,0,0,NA,NA,0.13,NA,NA,0.26,0,0,0.13,0,0,"players.xlsx","COLOMBIA_A",0,"no","COL","Colombia","ENV","COL_ENV","Defenders Wingers",NA
"J. Parra","Once Caldas","Once Caldas","GK",25,8e+05,"2026-12-31",7,686,0,0,0,0,0.66,100,"Colombia","Colombia","derecho",184,71,"si",1.05,0.13,100,100,0,0,0,0.92,1.25,0,2,0.26,0,0,0.13,0,0,0,0,0,0,0,0,0,0,0,0,0,0,0,0,0,0.13,100,0.26,100,0,0,0,11.68,0.52,0.13,20.6,75.8,12.46,62.11,0,0,7.87,96.67,11.41,97.7,9.18,48.57,36.9,53.56,0,0,0,0,0,0,0,4.59,45.71,0.26,0,0.13,0,0,0,6.03,67.39,11,1.44,44,5.77,3,75,12.01,1.58,1.01,0.133,0,0.52,0.26,NA,NA,NA,0,0,0,"Search results-5.xlsx","COLOMBIA_A",NA,NA,"COL","Colombia","ONC","COL_ONC","Goalkeepers",NA
"J. Bocanegra","Boyacá Chicó","Boyacá Chicó","RCMF",26,450000,NA,11,686,3,1.43,1,0.65,16.53,44.44,"Colombia","Colombia","izquierdo",176,74,"no",6.17,4.85,75.68,15.38,0.39,0.55,0.13,2.1,2.94,0.26,2,0.26,0,0,1.84,0.39,2,0.26,0.19,0,0,18,2.36,38.89,16.667,1.18,22.22,0.52,50,0.66,0,0.13,1.84,35.71,8.4,32.81,0.66,1.44,0,23.35,0.92,1.97,29.52,84.44,8.4,67.19,6.95,96.23,6.56,86,25.85,91.37,2.62,40,16.3,28.35,0.09,1.18,0,0,0,0,0.13,4.72,66.67,1.44,45.45,0,0,0.79,0,4.07,87.1,0,NA,0,NA,0,0,0,0,NA,NA,0.13,NA,NA,2.89,1.05,37.5,1.71,1,100,"Search results-5.xlsx","COLOMBIA_A",NA,NA,"COL","Colombia","BYC","COL_BYC","Midfield",NA
"N. Morínigo","Atlético Tembetary","Deportivo Pasto","CF",25,NA,NA,15,682,1,1.52,0,0.2,18.08,37.23,"Paraguay","Paraguay","derecho",193,77,NA,3.04,2.51,52.63,43.64,0.4,0.51,0.13,1.32,1.69,0.79,1,0.13,0,0,0.26,0.13,1,0.13,0.2,0,0,10,1.32,20,10,0.26,0,0.26,0,0,0,0,0,0,5.28,20,1.45,0.13,0,8.18,2.64,1.19,13.33,76.24,2.51,57.89,3.7,89.29,2.9,68.18,13.06,77.78,0,0,11.88,0,0.03,0.13,0.13,0,0,0,0.13,1.19,66.67,0.13,100,0,0,0.4,0,1.32,60,0,NA,0,NA,0,0,0,0,NA,NA,0,NA,NA,0,0,0,0,0,0,"players.xlsx","COLOMBIA_A",125000,"no","COL",NA,NA,NA,"Forwards",NA
"D. Dawson","Envigado","Envigado","LAMF",19,0,NA,18,678,0,1.5,1,0.55,23.63,52.81,"Panama","Panama",NA,173,0,"no",9.56,7.3,78.18,50,0.4,0.56,0,3.45,4.81,0.8,2,0.27,1,0.13,1.99,0,0,0,0.2,0,0,16,2.12,31.25,0,0.53,0,0.13,0,0.4,0,0.13,2.52,52.63,11.95,44.44,1.33,2.26,0.27,12.74,1.73,1.99,17.92,74.81,4.38,48.48,4.12,100,7.17,77.78,16.06,80.99,1.33,30,14.67,12.82,0.07,0.93,0,0,0.13,0,0.27,2.12,43.75,1.59,50,0.4,0,0.8,0,2.65,70,0,NA,0,NA,0,0,0,0,NA,NA,0.13,NA,NA,0,0,0,0,0,0,"Search results-5.xlsx","COLOMBIA_A",NA,NA,"COL","Colombia","ENV","COL_ENV","Attacking Midfield",NA
"L. Escalante","Comerciantes Unidos","Comerciantes Unidos","LWF",33,NA,NA,15,677,3,1.93,1,0.39,15.02,46.9,"Colombia","Colombia","izquierdo",172,74,NA,3.46,3.06,52.17,22.22,0.13,0.22,0.13,1.73,2.87,1.2,2,0.27,1,0.13,2.92,0.4,3,0.4,0.26,0,0,17,2.26,41.18,17.647,2.13,50,1.99,53.33,0.13,0,0.53,1.2,77.78,7.31,54.55,2.66,1.6,0.4,15.16,2.13,2.92,19.68,74.32,5.18,53.85,5.32,95,6.12,73.91,15.69,79.66,1.86,57.14,16.11,16.15,0.05,0.4,0.27,0,0,0,0.27,2.39,66.67,1.86,28.57,0.27,0,0.4,1.06,2.39,77.78,0,NA,0,NA,0,0,0,0,NA,NA,0,NA,NA,0.93,0.27,0,1.06,0,0,"players_2025-09-27.xlsx","COLOMBIA_A",2e+05,"no","COL",NA,NA,NA,"Wingers",NA
"Y. Moreno","Santa Fe","Santa Fe","RAMF",30,NA,NA,14,677,0,0.62,0,0.44,25.79,51.03,"Colombia","Colombia","izquierdo",184,75,NA,6.65,3.99,70,42.86,0.27,0.4,0.13,3.59,5.44,0.53,1,0.13,0,0,2.79,0,0,0,0.08,0,0,10,1.33,30,0,1.33,30,0.93,28.57,0.4,33.33,0,2.79,61.9,16.75,46.83,1.99,1.86,0.27,28.98,0.93,2.79,41.61,85.62,9.17,76.81,7.98,96.67,14.76,81.98,36.82,91.34,3.46,46.15,15.89,22.22,0.06,0.93,0,0,0.27,100,0.13,5.18,71.79,2.39,66.67,0.66,60,1.2,0.53,5.05,71.05,0,NA,0,NA,0,0,0,0,NA,NA,0,NA,NA,0.66,0.13,0,0.8,0,0,"players_2025-09-27.xlsx","COLOMBIA_A",1300000,"no","COL","Colombia","STF","COL_STF","Attacking Midfield",NA
"J. Bazan","Deportivo Pereira","Deportivo Pereira","RCB",19,NA,NA,12,670,0,0.59,0,0,11.28,59.52,"Colombia","Colombia",NA,183,0,NA,8.46,4.16,67.74,58.82,0.13,0.17,1.07,5.51,6.91,1.07,3,0.4,1,0.13,0.13,0,0,0,0.08,0,0,3,0.4,33.33,0,0,0,0,0,0,0,0,0.13,0,1.07,50,0.27,0.4,0,13.03,0.13,0.4,21.76,77.78,10.07,66.67,0.67,100,8.73,87.69,18.13,85.19,3.63,40.74,23.28,32.69,0,0,0,0,0,0,0,2.69,40,0.27,0,0.27,0,0,0,4.97,48.65,0,NA,0,NA,0,0,0,0,NA,NA,0.54,NA,NA,0,0,0,0,0,0,"players_2025-09-27.xlsx","COLOMBIA_A",0,"no","COL","Colombia","PER","COL_PER","Defenders",NA
"D. Ortíz","Unión Magdalena","Unión Magdalena","LCB",22,0,NA,11,670,0,0.04,0,0.01,10.75,48.75,"Colombia","Colombia",NA,0,0,"no",9.13,6.58,55.1,40,0.13,0.17,0.81,5.37,6.98,1.75,4,0.54,1,0.13,0.13,0,0,0,0.01,0,0,2,0.27,0,0,0.4,33.33,0.4,33.33,0,0,0,0,0,0.81,33.33,0.13,0.54,0,14.51,0.4,0.27,24.45,78.02,12.9,66.67,1.61,91.67,7.12,94.34,19.21,86.01,4.84,50,21.03,33.09,0,0.13,0,0,0,0,0,2.55,36.84,1.07,25,0.27,0,0.13,0.13,6.45,56.25,0,NA,0,NA,0,0,0,0,NA,NA,0,NA,NA,0,0,0,0,0,0,"Search results-5.xlsx","COLOMBIA_A",NA,NA,"COL","Colombia","UMG","COL_UMG","Defenders",NA
"M. Moreno","Atlético Nacional","Atlético Nacional","RAMF",29,850000,"2026-06-30",9,661,1,1.71,0,0.98,20.97,48.05,"Colombia","Colombia","derecho",173,66,"no",5.31,4.36,59.38,16.67,0,0,0,2.72,5.36,1.77,1,0.14,0,0,6.4,0.14,1,0.14,0.23,0,0,16,2.18,50,6.25,4.63,17.65,1.5,18.18,3.13,17.39,0.27,6.13,73.33,13.62,49,4.36,2.31,0,24.92,2.04,2.18,30.64,77.78,6.54,81.25,8.58,92.06,9.12,67.16,25.6,88.83,0.68,40,18.56,9.66,0.13,1.5,0,0.14,0,0,0.27,1.91,71.43,4.49,60.61,0,0,1.77,0.68,4.22,90.32,0,NA,0,NA,0,0,0,0,NA,NA,0.14,NA,NA,0.27,0.14,0,2.31,0,0,"Search results-5.xlsx","COLOMBIA_A",NA,NA,"COL","Colombia","NAC","COL_NAC","Attacking Midfield",NA
"G. Charrupí","Deportivo Pasto","Deportivo Pasto","LCMF",20,NA,"2027-06-30",13,655,0,0.17,0,0.36,15.39,52.68,"Colombia","Colombia",NA,0,0,NA,7.69,6.87,66,40,0.14,0.17,0.14,3.02,3.82,0.96,2,0.27,0,0,0.55,0,0,0,0.02,0,0,5,0.69,40,0,0,0,0,0,0,0,0,0.55,50,6.18,42.22,0.14,0.27,0,25.56,0.41,1.65,37.24,89.3,9.76,80.28,6.87,94,14.7,95.33,35.45,90.31,1.79,69.23,21.26,24.15,0.05,0.69,0,0,0,0,0.27,5.91,79.07,0.82,33.33,0.55,25,0.27,0,4.4,75,0,NA,0,NA,0,0,0,0,NA,NA,0,NA,NA,0.41,0,0,0.55,0,0,"players.xlsx","COLOMBIA_A",0,"no","COL","Colombia","PAS","COL_PAS","Midfield",NA
"R. Mejía","Once Caldas","Once Caldas","LDMF",24,0,NA,8,655,1,0.08,0,0.38,15.53,59.29,"Colombia","Colombia","izquierdo",173,69,"no",10.44,7.01,60.78,66.67,1.92,3.11,0.69,4.26,6.89,1.37,4,0.55,0,0,1.1,0.14,1,0.14,0.01,0,0,6,0.82,33.33,16.667,0.27,50,0.27,50,0,0,0,0.96,57.14,4.53,57.58,0,0.55,0,34.63,0,1.65,46.72,92.65,14.98,89.91,7.28,94.34,15.53,93.81,41.5,94.37,4.95,80.56,17.13,34.36,0.05,0.69,0,0,0.14,100,0.14,5.91,93.02,0.69,60,0.14,100,0.55,0,7.15,76.92,0,NA,0,NA,0,0,0,0,NA,NA,0.41,NA,NA,0.14,0,0,0,0,0,"Search results-5.xlsx","COLOMBIA_A",NA,NA,"COL","Colombia","ONC","COL_ONC","Defensive Midfield",NA
"S. Martín Díaz","Millonarios","Millonarios","RB",19,0,NA,7,651,0,0.04,1,0.45,10.78,57.69,"Colombia","Colombia",NA,0,0,"no",6.36,5.53,57.5,45.45,0,0,0,3.18,4.26,0.55,0,0,0,0,0.83,0,0,0,0.01,0,0,2,0.28,0,0,1.52,45.45,0,0,1.52,45.45,0.28,0.14,100,2.9,61.9,0,1.38,0,16.45,0.28,1.11,25.58,82.7,9.68,75.71,4.29,96.77,6.64,83.33,22.26,90.68,1.94,21.43,19.1,39.07,0.06,0.69,0,0,0,0,0.14,3.18,65.22,0.97,57.14,0,0,0.14,0.41,4.29,67.74,0,NA,0,NA,0,0,0,0,NA,NA,1.11,NA,NA,0,0,0,0,0,0,"Search results-5.xlsx","COLOMBIA_A",NA,NA,"COL","Colombia","MIL","COL_MIL","Defenders Wingers",NA
"J. Graterol","América de Cali","América de Cali","GK",28,8e+05,"2025-12-31",7,647,0,0,0,0,0.83,100,"Venezuela","Venezuela","derecho",182,73,"no",0.83,0,0,100,0,0,0,0.83,1.32,0,0,0,0,0,0,0,0,0,0,0,0,0,0,0,0,0,0,0,0,0,0,0,0,0,0,0,0,0,0,11.68,0.14,0.28,18.78,93.33,10.15,90.41,0,0,7.51,100,14.33,99.03,4.17,80,27.66,40.55,0,0,0,0.14,0,0,0,1.11,75,0,0,0,0,0,0,3.89,75,3,0.42,17,2.36,3,82.35,3.14,0.44,0.14,0.019,0,1.81,0.83,NA,NA,NA,0,0,0,"Search results-5.xlsx","COLOMBIA_A",NA,NA,"COL","Colombia","AME","COL_AME","Goalkeepers",NA
"L. Orejuela","Deportivo Cali","Deportivo Cali","RB",30,8e+05,NA,11,644,0,0.05,0,0,19.84,44.37,"Colombia","Colombia","derecho",178,76,"no",8.52,7.55,66.67,25,0,0,0.14,3.49,5.07,1.96,2,0.28,0,0,1.4,0,0,0,0.01,0,0,3,0.42,0,0,1.68,8.33,0.7,0,0.98,14.29,0.28,2.24,56.25,6.15,36.36,1.12,1.12,0,15.37,0.7,0.84,24.6,73.3,9.5,69.12,3.63,92.31,6.29,66.67,21.52,79.22,1.4,60,14.84,18.88,0,0,0,0,0.28,0,0,2.66,68.42,1.96,21.43,0.42,0,0.42,0.42,4.05,55.17,0,NA,0,NA,0,0,0,0,NA,NA,0.14,NA,NA,0,0,0,0,0,0,"Search results-5.xlsx","COLOMBIA_A",NA,NA,"COL","Colombia","CAL","COL_CAL","Defenders Wingers",NA
"W. Ortega","Alajuelense","Alajuelense","GK",30,7e+05,NA,7,639,1,0.76,0,0,0.42,66.67,"Uruguay","Uruguay","izquierdo",182,78,"no",1.97,0,0,100,0,0,0,1.97,2.78,0,0,0,0,0,0.28,0.14,0,0,0.11,0,0,1,0.14,100,100,0,0,0,0,0,0,0,0.14,100,0.28,50,0,0,0,7.75,0,0,15.77,83.04,9.72,72.46,0,0,5.92,100,9.3,96.97,6.2,63.64,38.42,52.43,0,0,0,0,0,0,0,3.66,57.69,0.42,33.33,0.28,0,0.14,0,5.07,69.44,10,1.41,26,3.66,2,61.54,6.32,0.89,-3.68,-0.518,0,0.85,0.14,NA,NA,NA,0,1,100,"Search results-5.xlsx","COLOMBIA_A",NA,NA,"COL",NA,NA,NA,"Goalkeepers",NA
"L. Mosquera","Deportivo Pereira","Deportivo Pereira","AMF",23,0,NA,20,632,2,1.2,0,0.4,12.25,41.86,"Colombia","Colombia","izquierdo",174,68,"si",4.56,4.84,50,16.67,0.14,0.21,0.28,1.99,2.92,1.57,2,0.28,0,0,2.14,0.28,2,0.28,0.17,0,0,13,1.85,46.15,15.385,0.57,100,0.57,100,0,0,0,0.43,100,3.99,50,0.85,1,0.43,17.94,1.42,0.71,23.78,78.44,4.98,60,5.98,97.62,7.97,80.36,21.65,80.26,1.57,45.45,16.83,17.25,0.06,0.43,0.14,0,0.43,66.67,0.14,2.42,52.94,1.57,45.45,0.71,60,0.57,0.43,4.84,58.82,0,NA,0,NA,0,0,0,0,NA,NA,0,NA,NA,0,0,0,1,0,0,"Search results-5.xlsx","COLOMBIA_A",NA,NA,"COL","Colombia","PER","COL_PER","Attacking Midfield",NA
"Ó. Barreto","Unión Magdalena","Unión Magdalena","RCMF",32,NA,NA,12,629,0,1.04,0,0.57,14.74,44.66,"Colombia","Colombia","derecho",175,68,NA,4.86,5.29,37.84,21.43,1,1.45,0.29,1.86,2.69,1.43,4,0.57,0,0,2.29,0,0,0,0.15,0,0,16,2.29,25,0,0.72,80,0.29,100,0.43,66.67,0,1.72,66.67,5.29,54.05,1.29,1.57,0.43,29.62,1.29,2.29,39.92,84.23,12.45,71.26,5.87,87.8,14.31,90,34.48,89.63,4.72,45.45,19.36,30.36,0.08,1.14,0,0,0.29,0,0.43,6.72,72.34,3.15,45.45,1.29,33.33,1.29,0.57,7.3,82.35,0,NA,0,NA,0,0,0,0,NA,NA,0,NA,NA,0,0,0,1.29,0,0,"players.xlsx","COLOMBIA_A",3e+05,"no","COL","Colombia","UMG","COL_UMG","Midfield",NA
"A. Oliveros","Águilas Doradas","Águilas Doradas","LCMF",24,450000,"2025-12-31",13,616,0,0.51,1,1.21,11.4,44.87,"Colombia","Colombia","derecho",175,65,"no",5.7,2.78,68.42,41.67,0.58,0.94,0,3.21,5.2,0.73,2,0.29,0,0,0.73,0,0,0,0.07,0,0,8,1.17,0,0,0.88,66.67,0.44,66.67,0.44,66.67,0.15,0.73,20,5.7,35.9,0.44,1.17,0.15,33.17,0.29,1.31,43.25,88.18,13,74.16,7.89,100,16.36,91.96,35.21,92.95,7.16,67.35,20.75,28.12,0.18,1.9,0,0,0,0,0.29,10.23,77.14,2.48,58.82,0.44,33.33,0.88,0.58,8.33,84.21,0,NA,0,NA,0,0,0,0,NA,NA,0,NA,NA,3.07,0.44,0,2.78,0,0,"Search results-5.xlsx","COLOMBIA_A",NA,NA,"COL","Colombia","AGD","COL_AGD","Midfield",NA
"B. Benítez","Llaneros","Llaneros","LCMF",29,175000,NA,13,610,0,0.88,0,0.51,18.3,52.42,"Argentina","Argentina","derecho",175,73,"no",9.3,7.97,66.67,36.36,0.44,0.59,0,3.54,4.71,1.48,4,0.59,0,0,1.03,0,0,0,0.13,0,0,11,1.62,27.27,0,0.15,0,0,0,0.15,0,0,1.18,50,6.49,38.64,0.59,0.59,0.3,21.84,0.74,2.21,30.25,86.83,7.38,76,5.9,97.5,11.36,89.61,27.3,89.19,2.8,68.42,19.94,29.8,0.07,0.44,0.15,0,0,0,0.15,5.16,77.14,1.18,37.5,0,0,0.3,0,3.98,74.07,0,NA,0,NA,0,0,0,0,NA,NA,0.15,NA,NA,1.33,0.15,0,1.03,0,0,"Search results-5.xlsx","COLOMBIA_A",NA,NA,"COL","Colombia","LNR","COL_LNR","Midfield",NA
"E. Batalla","Juventude","Juventude","LAMF",24,9e+05,"2025-12-31",10,606,2,1.6,0,0.47,16.93,42.98,"Colombia","Colombia","izquierdo",171,72,"si",3.86,3.71,72,41.67,0.15,0.22,0,1.04,1.54,0.59,0,0,0,0,3.42,0.3,1,0.15,0.24,1,0.15,10,1.49,70,20,3.12,47.62,2.52,47.06,0.45,66.67,0.3,2.67,33.33,10.1,33.82,2.08,1.63,0.59,17.97,1.49,1.19,27.18,73.77,6.09,56.1,6.39,90.7,9.8,80.3,21.09,83.1,3.27,40.91,20.39,29.13,0.07,1.04,0,0,0.45,0,0.3,4.01,59.26,2.67,55.56,0.59,0,0.3,1.34,4.6,80.65,0,NA,0,NA,0,0,0,0,NA,NA,0,NA,NA,0.89,0.15,0,0.89,1,100,"Search results-5.xlsx","COLOMBIA_A",NA,NA,"COL",NA,NA,NA,"Attacking Midfield",NA
"F. Villa","Deportivo Pasto","Deportivo Pasto","RB",20,0,NA,9,605,0,0,0,0.13,15.92,51.4,"Colombia","Colombia",NA,0,0,"no",8.33,10.12,51.47,57.14,0.15,0.21,0,2.98,4.17,2.23,4,0.6,0,0,0.74,0,0,0,0,0,0,0,0,0,0,1.04,14.29,0,0,1.04,14.29,0,0.6,75,3.27,45.45,0.15,0.6,0.15,15.17,0.45,0.74,26.63,81.56,11.6,73.08,3.57,100,7.44,90,22.76,88.89,2.98,45,19.34,34.52,0.02,0.15,0,0,0.15,100,0.15,2.83,68.42,1.19,37.5,0.15,100,0.45,0.15,4.91,66.67,0,NA,0,NA,0,0,0,0,NA,NA,0,NA,NA,0,0,0,0,0,0,"Search results-5.xlsx","COLOMBIA_A",NA,NA,"COL","Colombia","PAS","COL_PAS","Defenders Wingers",NA
"H. Arango","Águilas Doradas","Águilas Doradas","GK",22,0,NA,6,603,0,0,0,0,1.04,85.71,"Colombia","Colombia","derecho",0,0,"no",1.79,0.15,0,100,0,0,0,1.79,3.5,0,0,0,0,0,0.3,0,0,0,0,0,0,0,0,0,0,0,0,0,0,0,0,0,0.3,100,0.45,100,0,0,0,5.52,0.15,0.3,11.34,81.58,6.87,76.09,0,0,3.73,100,7.01,93.62,4.18,64.29,34.8,47.09,0,0,0,0,0,0,0,1.79,41.67,0,0,0,0,0,0,3.43,60.87,13,1.94,33,4.93,0,60.61,10.98,1.64,-2.02,-0.301,0,1.34,0.3,NA,NA,NA,0,0,0,"Search results-5.xlsx","COLOMBIA_A",NA,NA,"COL","Colombia","AGD","COL_AGD","Goalkeepers",NA
"J. Cabezas","Millonarios","Millonarios","AMF",22,7e+05,"2029-06-30",8,598,0,1.4,0,0.59,20.77,41.3,"Colombia","Colombia","izquierdo",185,77,"si",4.52,3.46,82.61,32,0,0,0,1.66,2.62,1.05,2,0.3,0,0,3.31,0,0,0,0.21,0,0,15,2.26,53.33,0,1.66,27.27,1.05,42.86,0.6,0,0.9,3.46,47.83,11.44,35.53,1.35,1.96,0.45,15.65,1.35,1.81,19.87,70.45,5.27,57.14,3.01,85,7.53,76,16.4,76.15,1.81,58.33,18.57,30.58,0.09,0.75,0.3,0.15,0,0,0.3,3.01,75,2.56,35.29,0.15,0,0.45,0.45,3.46,73.91,0,NA,0,NA,0,0,0,0,NA,NA,0,NA,NA,0,0,0,0,0,0,"Search results-5.xlsx","COLOMBIA_A",NA,NA,"COL","Colombia","MIL","COL_MIL","Attacking Midfield",NA
"C. Torres","Envigado","Envigado","RAMF",22,NA,NA,9,597,2,0.78,0,0.21,23.67,40.76,"Colombia","Colombia",NA,0,0,NA,6.03,6.33,47.62,27.27,0.15,0.23,0.15,2.86,4.42,2.26,3,0.45,0,0,3.02,0.3,2,0.3,0.12,0,0,8,1.21,25,25,1.96,38.46,0.15,0,1.81,41.67,0.15,4.97,39.39,13.87,38.04,1.21,1.51,0.15,11.01,1.66,3.17,15.53,75.73,3.17,71.43,4.07,96.3,5.28,71.43,12.96,82.56,0.9,50,18.69,17.56,0.03,0.6,0,0,0.15,0,0.3,0.75,60,2.56,58.82,0.15,0,0.75,0.9,2.71,88.89,0,NA,0,NA,0,0,0,0,NA,NA,0,NA,NA,0,0,0,0.6,0,0,"players.xlsx","COLOMBIA_A",450000,"no","COL","Colombia","ENV","COL_ENV","Attacking Midfield",NA
"J. Bolívar","La Equidad","La Equidad","CF",23,3e+05,"2028-06-30",10,597,1,0.73,0,0.14,20.5,33.09,"Venezuela","Venezuela","derecho",176,74,"si",4.22,1.21,87.5,33.96,0.3,0.34,0.3,2.86,3.2,0.45,1,0.15,0,0,0.75,0.15,1,0.15,0.11,0,0,6,0.9,16.67,16.667,0.9,16.67,0.45,33.33,0.45,0,0.15,1.81,25,8.29,27.27,1.81,0.75,0,9.2,1.81,1.66,15.98,66.04,3.02,60,3.62,87.5,4.67,45.16,14.77,70.41,0.3,0,13.58,11.34,0.02,0.3,0.15,0,0,0,0.3,1.51,40,1.51,10,0.15,0,0.45,0,2.11,42.86,0,NA,0,NA,0,0,0,0,NA,NA,0,NA,NA,0,0,0,0.15,0,0,"Search results-5.xlsx","COLOMBIA_A",NA,NA,"COL","Colombia","EQU","COL_EQU","Forwards","FORWARDS_LA_EQUIDAD_J_BOLÍVAR.png"
"R. Vanegas","Deportivo Pasto","Deportivo Pasto","CF",32,NA,NA,20,596,0,0.5,1,0.59,16.76,44.14,"Colombia","Colombia","derecho",176,72,NA,4.38,3.47,69.57,20,0.15,0.23,0,1.81,2.77,0.91,4,0.6,1,0.15,3.62,0,0,0,0.08,0,0,7,1.06,28.57,0,3.17,28.57,1.81,33.33,1.36,22.22,0.3,3.93,57.69,9.06,40,1.66,1.96,0.6,11.93,1.51,1.66,17.67,63.25,3.32,59.09,4.68,74.19,5.74,63.16,13.74,70.33,1.21,50,16.86,13.74,0.09,0.6,0.15,0,0.15,100,0.3,0.91,83.33,1.81,41.67,0.15,100,0.45,0.6,2.57,64.71,0,NA,0,NA,0,0,0,0,NA,NA,0,NA,NA,0.76,0.45,66.67,0.91,0,0,"players_2025-09-27.xlsx","COLOMBIA_A",50000,"no","COL","Colombia","PAS","COL_PAS","Forwards",NA
"J. Vásquez","Llaneros","Llaneros","LB",25,NA,NA,7,591,0,0.04,0,0.16,14.77,51.55,"Colombia","Colombia","izquierdo",180,0,NA,7.92,6.55,55.81,47.83,0.46,0.63,0.15,3.81,5.28,1.37,2,0.3,0,0,0.91,0,0,0,0.01,0,0,1,0.15,0,0,1.07,14.29,1.07,14.29,0,0,0,0.76,80,3.2,47.62,0.15,0.76,0.46,20.56,1.22,0.61,30.46,76,11.88,66.67,5.48,100,8.53,69.64,24.21,85.53,5.18,44.12,20.66,34.66,0.02,0.15,0.15,0,0.15,100,0,5.48,47.22,1.37,22.22,0.3,50,0.15,0.3,5.48,61.11,0,NA,0,NA,0,0,0,0,NA,NA,0.76,NA,NA,0,0,0,0,0,0,"players.xlsx","COLOMBIA_A",0,"no","COL","Colombia","LNR","COL_LNR","Defenders Wingers",NA
"E. Bodencer","Llaneros","Llaneros","CF",25,2e+05,"2025-12-31",12,586,0,1.49,0,0.01,26.42,28.49,"Argentina","Argentina","derecho",183,80,"no",4.45,4.76,54.84,27.27,0.15,0.22,0.15,1.69,2.43,1.54,2,0.31,0,0,0.61,0,0,0,0.23,0,0,11,1.69,9.09,0,0.31,0,0,0,0.31,0,0,1.38,33.33,11.67,15.79,2.15,0.61,0,8.75,1.54,0.61,13.36,77.01,2.15,57.14,4.91,96.88,3.07,75,12.59,79.27,0.46,66.67,15.16,6.78,0,0.15,0,0,0,0,0,0.61,50,0.31,0,0,0,0.15,0,1.08,71.43,0,NA,0,NA,0,0,0,0,NA,NA,0,NA,NA,0.15,0.15,0,0,0,0,"Search results-5.xlsx","COLOMBIA_A",NA,NA,"COL","Colombia","LNR","COL_LNR","Forwards",NA
"L. Paz","América de Cali","América de Cali","DMF",37,2e+05,NA,13,582,0,0.02,0,0,12.37,48.75,"Colombia","Colombia","derecho",175,70,"no",6.96,5.1,63.64,30.77,1.55,2.03,0.46,2.16,2.84,0.77,2,0.31,0,0,0,0,0,0,0,0,0,2,0.31,0,0,0,0,0,0,0,0,0,0.15,0,1.86,16.67,0,0.15,0,16.86,0.15,0.93,24.59,85.53,6.96,66.67,3.25,100,9.9,93.75,21.49,89.93,3.09,55,16.81,22.09,0,0,0,0,0,0,0,3.56,73.91,0,0,0,0,0,0,4.02,73.08,0,NA,0,NA,0,0,0,0,NA,NA,0.46,NA,NA,0,0,0,0,0,0,"Search results-5.xlsx","COLOMBIA_A",NA,NA,"COL","Colombia","AME","COL_AME","Defensive Midfield",NA
"C. Cortes","Llaneros","Llaneros","CF",23,4e+05,NA,12,578,1,2.06,0,0.38,20.87,35.07,"Colombia","Colombia","derecho",186,0,"si",2.02,2.65,41.18,37.21,0,0,0,0.93,1.2,0.62,0,0,0,0,1.4,0.16,1,0.16,0.32,1,0.16,10,1.56,60,10,0.31,0,0,0,0.31,0,0,1.25,37.5,9.97,31.25,2.34,0.62,0,8.25,1.09,2.02,11.52,78.38,1.56,80,3.89,96,4.2,70.37,10.74,81.16,0.62,50,20.89,15.92,0.06,0.47,0,0,0,0,0.16,0.93,50,0.47,33.33,0,0,0.16,0,0,0,0,NA,0,NA,0,0,0,0,NA,NA,0.47,NA,NA,0,0,0,0,0,0,"Search results-5.xlsx","COLOMBIA_A",NA,NA,"COL","Colombia","LNR","COL_LNR","Forwards",NA
"O. Vega Herrera","Llaneros","Llaneros","RCB",25,NA,NA,7,570,0,0.17,0,0,9.63,60.66,"Colombia","Colombia",NA,0,0,NA,8.53,3.63,73.91,50,1.26,2.05,0.95,4.58,7.44,0.32,3,0.47,0,0,0.32,0,0,0,0.03,0,0,1,0.16,0,0,0,0,0,0,0,0,0,0.47,66.67,1.74,45.45,0.32,0.95,0,31.42,1.11,0.63,45.32,86.06,18.79,76.47,3.63,91.3,18.16,94.78,39.95,90.91,5.37,50,21.5,41.22,0,0,0,0,0,0,0,5.21,66.67,0.16,0,0.16,0,0,0,9.32,66.1,0,NA,0,NA,0,0,0,0,NA,NA,2.53,NA,NA,0,0,0,0,0,0,"players.xlsx","COLOMBIA_A",0,"no","COL","Colombia","LNR","COL_LNR","Defenders",NA
"J. Mena","Deportivo Pereira","Deportivo Pereira","RW",19,NA,NA,12,569,0,0.72,0,0.17,16.92,38.32,"Colombia","Colombia",NA,0,0,NA,5.69,5.22,54.55,5.88,0,0,0,2.85,4.54,0.63,0,0,0,0,1.74,0,0,0,0.11,0,0,11,1.74,45.45,0,2.37,6.67,0,0,2.37,6.67,0.32,1.42,55.56,6.49,41.46,2.06,2.06,0.16,14.87,0.95,0.95,20.4,67.44,4.9,38.71,4.75,96.67,4.75,73.33,17.08,75.93,0.95,66.67,17.52,10.9,0.03,0.32,0,0,0.16,0,0.16,2.06,61.54,1.74,27.27,0.16,0,0.16,0.16,3.01,57.89,0,NA,0,NA,0,0,0,0,NA,NA,0.16,NA,NA,0,0,0,0.16,0,0,"players_2025-09-27.xlsx","COLOMBIA_A",0,"no","COL","Colombia","PER","COL_PER","Wingers",NA
"G. Peña","Deportivo Pereira","Deportivo Pereira","CF",24,NA,NA,16,568,2,3.05,0,0.07,23.45,34.46,"Colombia","Colombia","derecho",190,68,NA,3.33,2.69,58.82,40.38,0,0,0.32,1.74,2.58,2.54,0,0,0,0,0.95,0.32,2,0.32,0.48,0,0,14,2.22,28.57,14.286,0.48,0,0,0,0.48,0,0,1.74,18.18,7.61,27.08,3.17,0.63,0.32,6.65,1.9,1.58,9.03,80.7,1.58,70,2.69,76.47,2.54,93.75,8.56,85.19,0,0,11.67,0,0.01,0.16,0,0,0,0,0.16,0.32,100,0.16,0,0,0,0.48,0,0.48,100,0,NA,0,NA,0,0,0,0,NA,NA,0,NA,NA,0,0,0,0,0,0,"players.xlsx","COLOMBIA_A",2e+05,"no","COL","Colombia","PER","COL_PER","Forwards",NA
"D. Caicedo","Junior","Junior","LAMF",25,NA,"2025-12-31",13,567,0,0.35,1,1.14,16.83,42.45,"Colombia","Colombia","derecho",166,65,NA,4.44,4.29,62.96,36.36,0,0,0,1.75,3,0.79,1,0.16,0,0,1.59,0,0,0,0.06,0,0,6,0.95,0,0,2.54,12.5,2.06,7.69,0.48,33.33,0.16,4.29,29.63,8.89,32.14,2.86,2.7,0.32,21.27,1.75,0.95,26.35,77.71,5.4,76.47,7.94,92,7.94,74,21.9,86.96,2.06,53.85,20.02,18.33,0.18,1.75,0,0,0.32,0,0.16,1.27,62.5,2.54,25,0.63,0,0.63,0.63,3.02,63.16,0,NA,0,NA,0,0,0,0,NA,NA,0,NA,NA,1.11,0,0,3.17,0,0,"players.xlsx","COLOMBIA_A",2400000,"no","COL","Colombia","JNR","COL_JNR","Attacking Midfield",NA
"Y. Garcés","América de Cali U20","América de Cali U20","CF",19,0,NA,15,567,0,3,0,0.29,27.62,32.76,"Colombia","Colombia",NA,0,0,"no",4.6,4.13,53.85,34.78,0,0,0.32,2.38,3.98,2.7,3,0.48,0,0,1.43,0,0,0,0.48,0,0,17,2.7,17.65,0,0.79,0,0.63,0,0.16,0,0,2.22,42.86,11.11,21.43,5.08,0.95,0.16,8.73,2.06,0.95,13.65,75.58,2.06,61.54,4.44,92.86,3.65,73.91,12.86,80.25,0.16,0,11.53,3.13,0.05,0.63,0,0,0,0,0.32,1.43,77.78,0.48,66.67,0,0,0.63,0,0.95,83.33,0,NA,0,NA,0,0,0,0,NA,NA,0.16,NA,NA,0,0,0,0,0,0,"Search results-5.xlsx","COLOMBIA_A",NA,NA,"COL",NA,NA,NA,"Forwards",NA
"J. Bauza","Atlético Nacional","Atlético Nacional","AMF",29,850000,NA,7,566,1,0.87,2,1.06,14.15,50.56,"Argentina","Argentina","derecho",177,71,"si",2.7,2.23,57.14,44.44,0.48,0.94,0,0.95,1.88,0.64,0,0,0,0,4.29,0.16,1,0.16,0.14,0,0,10,1.59,50,10,3.98,28,0.8,40,3.18,25,0.8,3.66,65.22,8.9,53.57,2.86,2.86,0.64,24.01,1.91,2.23,29.42,78.38,6.36,77.5,6.84,93.02,10.02,66.67,24.96,86.62,0.48,66.67,16.12,6.75,0.17,1.43,0.16,0,0.16,0,0.64,2.54,75,3.5,40.91,0.32,0,0.95,0.8,2.86,88.89,0,NA,0,NA,0,0,0,0,NA,NA,0,NA,NA,0.16,0,0,0.32,0,0,"Search results-5.xlsx","COLOMBIA_A",NA,NA,"COL","Colombia","NAC","COL_NAC","Attacking Midfield",NA
"R. Benítez","Águilas Doradas","Águilas Doradas","CF",20,NA,"2027-06-30",20,563,0,0.88,0,0.23,18.38,37.39,"Colombia","Colombia","derecho",173,65,NA,7.03,5.44,67.65,16.67,0.16,0.26,0.16,3.2,5.26,1.44,1,0.16,0,0,1.6,0,0,0,0.14,0,0,9,1.44,44.44,0,1.12,42.86,1.12,42.86,0,0,0.16,2.72,17.65,8.63,24.07,3.68,1.28,0,14.87,1.44,1.6,18.54,71.55,4.96,54.84,3.84,100,4.64,72.41,16.79,73.33,0.64,75,9.66,5.64,0.04,0.8,0,0,0.16,0,0.16,2.4,40,1.76,27.27,0.16,0,0.64,0.48,2.08,92.31,0,NA,0,NA,0,0,0,0,NA,NA,0,NA,NA,0,0,0,0,0,0,"players_2025-09-27.xlsx","COLOMBIA_A",0,"no","COL","Colombia","AGD","COL_AGD","Forwards",NA
"D. Sánchez","Boyacá Chicó","Boyacá Chicó","LB",32,150000,NA,7,561,0,0.15,0,0.21,13.64,48.24,"Colombia","Colombia","izquierdo",182,80,"no",7.38,5.45,61.76,70,0,0,0.16,4.01,5.43,2.25,4,0.64,0,0,0.64,0,0,0,0.02,0,0,2,0.32,0,0,1.6,40,1.6,40,0,0,0,0.16,0,1.93,8.33,0,0.64,0,13.48,1.28,0.32,22.62,77.3,11.23,71.43,3.05,94.74,4.97,74.19,17.33,86.11,3.85,54.17,20.17,31.82,0.03,0.48,0.16,0,0,0,0,3.69,69.57,0.96,50,0.32,0,0,0.48,6.26,74.36,0,NA,0,NA,0,0,0,0,NA,NA,0.48,NA,NA,1.93,0.16,0,0.8,0,0,"Search results-5.xlsx","COLOMBIA_A",NA,NA,"COL","Colombia","BYC","COL_BYC","Defenders Wingers",NA
"C. Blanco","Águilas Doradas","Águilas Doradas","LB",26,350000,NA,11,553,0,0.02,0,0.28,13.35,58.54,"Colombia","Colombia","izquierdo",175,70,"no",10.09,7.65,68.09,63.64,0.49,0.76,0.16,4.39,6.81,1.14,1,0.16,0,0,1.46,0,0,0,0,0,0,3,0.49,0,0,3.09,10.53,2.93,11.11,0.16,0,0.33,1.3,75,3.09,42.11,0.81,1.3,0,21.97,3.91,0.81,31.41,72.02,10.9,64.18,4.72,96.55,10.42,68.75,24.41,85.33,3.91,37.5,20.89,25,0.05,1.14,0,0,0.33,50,0.16,4.72,62.07,3.58,18.18,0.65,25,0.65,0.33,7.49,71.74,0,NA,0,NA,0,0,0,0,NA,NA,0.49,NA,NA,0.81,0,0,1.14,0,0,"Search results-5.xlsx","COLOMBIA_A",NA,NA,"COL","Colombia","AGD","COL_AGD","Defenders Wingers",NA
"J. Salas","Fortaleza","Fortaleza","LW",21,0,NA,14,551,0,0.7,0,0.64,24.01,35.37,"Colombia","Colombia",NA,0,0,"no",4.74,5.06,58.06,15.79,0,0,0,1.8,3.47,1.47,1,0.16,0,0,3.43,0,0,0,0.12,0,0,6,0.98,33.33,0,2.78,17.65,2.61,12.5,0.16,100,0.33,4.41,59.26,13.88,35.29,2.78,3.76,0.16,13.88,1.47,1.47,19.44,73.11,3.27,60,4.9,90,6.7,63.41,16.5,82.18,0.33,50,13.56,8.23,0.1,1.14,0,0,0,0,0.49,1.47,66.67,2.61,37.5,0,0,0.65,0.49,1.8,81.82,0,NA,0,NA,0,0,0,0,NA,NA,0,NA,NA,0,0,0,0.16,0,0,"Search results-5.xlsx","COLOMBIA_A",NA,NA,"COL","Colombia","FOZ","COL_FOZ","Wingers",NA
"A. Amaya","Fortaleza","Fortaleza","RW",24,350000,NA,14,543,1,1.88,0,0.03,16.91,51.96,"Colombia","Colombia","izquierdo",170,65,"no",4.64,4.97,66.67,66.67,0,0,0,1.33,2.03,0.83,2,0.33,0,0,1.82,0.17,1,0.17,0.31,0,0,11,1.82,18.18,9.091,0.5,0,0.17,0,0.33,0,0.17,2.49,60,8.12,42.86,2.15,1.16,0.33,12.6,0.5,2.49,18.07,74.31,3.98,58.33,4.64,85.71,5.47,72.73,16.08,78.35,1.49,55.56,16.69,17.7,0.01,0.33,0.17,0,0,0,0,1.33,50,1.16,14.29,0,0,0.17,0,2.65,62.5,0,NA,0,NA,0,0,0,0,NA,NA,0.17,NA,NA,0.17,0.17,0,0.17,0,0,"Search results-5.xlsx","COLOMBIA_A",NA,NA,"COL","Colombia","FOZ","COL_FOZ","Wingers",NA
"A. Mojica","Llaneros U18","Llaneros","RB",26,NA,NA,7,540,0,0.16,0,0.17,16,54.17,"Colombia","Colombia","derecho",176,0,NA,9.5,9.17,63.64,37.5,0,0,0.33,3.67,5.89,1.33,1,0.17,0,0,1.67,0,0,0,0.03,0,0,2,0.33,50,0,3.67,27.27,0,0,3.67,27.27,0.33,0.5,100,3.33,35,0.67,1.17,0,25.5,3.83,0.5,33.83,79.31,12.33,77.03,5.67,88.24,11.17,76.12,25.5,88.24,4.83,72.41,22.76,29.84,0.03,0.33,0,0,0,0,0.17,3.33,75,3.67,36.36,0.5,0,0.5,1,8.17,81.63,0,NA,0,NA,0,0,0,0,NA,NA,0.5,NA,NA,0,0,0,0,0,0,"players.xlsx","COLOMBIA_A",50000,"no","COL",NA,NA,NA,"Defenders Wingers",NA
"J. Moreno","La Equidad","La Equidad","RB",24,0,"2026-12-31",9,535,1,0.34,0,0.06,13.63,46.91,"Colombia","Colombia","derecho",184,73,"no",9.25,6.06,58.33,47.06,1.18,1.62,0.17,4.54,6.23,0.84,1,0.17,0,0,1.68,0.17,1,0.17,0.06,0,0,7,1.18,57.14,14.286,1.35,25,0,0,1.35,25,0.17,1.68,40,2.86,35.29,0.67,0.34,0.5,19.01,1.51,0.5,27.25,74.69,11.94,60.56,4.04,100,7.4,79.55,19.85,86.44,6.06,47.22,23.12,37.17,0.01,0.17,0,0,0,0,0.17,6.9,53.66,2.52,20,0.17,0,0.17,0.34,5.89,85.71,0,NA,0,NA,0,0,0,0,NA,NA,1.35,NA,NA,1.51,0.17,100,0.84,0,0,"Search results-5.xlsx","COLOMBIA_A",NA,NA,"COL","Colombia","EQU","COL_EQU","Defenders Wingers","DEFENDERS_WINGERS_LA_EQUIDAD_J_MORENO.png"
"L. Riascos","La Equidad","La Equidad","RB",24,NA,"2025-06-30",7,534,1,0.05,1,0.16,16.85,45,"Colombia","Colombia","derecho",177,70,NA,8.09,6.74,60,52.63,0.51,0.68,0,3.54,4.74,0.84,2,0.34,0,0,1.35,0.17,1,0.17,0.01,0,0,5,0.84,20,20,2.7,18.75,0,0,2.7,18.75,0.34,2.02,33.33,4.38,26.92,0.17,1.52,0.17,17.02,1.85,0.34,26.12,69.03,12.47,66.22,3.03,94.44,6.91,65.85,21.4,76.38,2.02,58.33,19.87,32.84,0.03,0.34,0,0,0.17,0,0.51,4.89,65.52,3.2,26.32,0.84,60,0.51,0.51,6.07,80.56,0,NA,0,NA,0,0,0,0,NA,NA,0.34,NA,NA,0,0,0,0,0,0,"players.xlsx","COLOMBIA_A",4e+05,"si","COL","Colombia","EQU","COL_EQU","Defenders Wingers","DEFENDERS_WINGERS_LA_EQUIDAD_L_RIASCOS.png"
"F. Aguilar","Deportivo Cali","Deportivo Cali","RCB",32,350000,NA,10,534,0,0.25,0,0.05,12.81,69.74,"Colombia","Colombia","derecho",190,82,"no",8.93,4.89,72.41,72.41,0.17,0.25,1.18,5.22,7.88,0.67,3,0.51,0,0,0.17,0,0,0,0.04,0,0,2,0.34,0,0,0,0,0,0,0,0,0,0.17,100,1.18,57.14,1.18,1.85,0,19.55,0.17,0.84,33.71,86.5,13.15,74.36,3.37,95,13.31,98.73,30.67,90.11,3.03,50,16.05,26.01,0.01,0.17,0,0,0,0,0.17,4.04,62.5,0,0,0,0,0.17,0,6.57,74.36,0,NA,0,NA,0,0,0,0,NA,NA,2.02,NA,NA,0,0,0,0,0,0,"Search results-5.xlsx","COLOMBIA_A",NA,NA,"COL","Colombia","CAL","COL_CAL","Defenders",NA
"S. Lopez","La Equidad","La Equidad","LW",23,NA,NA,12,526,0,0.61,0,0.13,15.74,43.48,"Colombia","Colombia","unknown",0,0,NA,6.67,5.65,57.58,38.46,0.86,1.24,0.34,2.57,3.72,1.2,0,0,0,0,2.05,0,0,0,0.1,0,0,10,1.71,0,0,1.03,83.33,0.51,100,0.51,66.67,0.17,1.88,63.64,5.48,37.5,1.54,1.2,0.17,18.99,1.71,0.34,25.84,82.12,5.99,71.43,7.7,88.89,5.99,82.86,23.1,84.44,1.71,50,15.21,17.25,0.02,0.86,0,0,0.17,0,0.34,2.05,75,1.37,100,0.17,100,0.86,0.51,3.76,72.73,0,NA,0,NA,0,0,0,0,NA,NA,0.34,NA,NA,0.17,0.17,0,0.34,0,0,"players.xlsx","COLOMBIA_A",0,"no","COL","Colombia","EQU","COL_EQU","Wingers","WINGERS_LA_EQUIDAD_S_LOPEZ.png"
"S. Guzmán","Atlético Nacional","Atlético Nacional","LDMF",28,NA,"2025-06-30",9,521,0,0.02,0,0.36,6.22,61.11,"Colombia","Colombia","derecho",186,76,NA,2.94,1.73,70,42.86,0,0,0,1.73,3.13,0.35,0,0,0,0,0.69,0,0,0,0,0,0,1,0.17,100,0,0.17,0,0.17,0,0,0,0,0.52,100,2.59,66.67,0,0.52,0,47.33,0.35,1.21,59.42,92.15,16.07,83.87,8.29,95.83,25.74,96.64,55.97,93.83,3.28,68.42,17.58,22.89,0.06,0.52,0,0,0.17,0,0.17,5.7,69.7,0.52,33.33,0.52,33.33,0,0,4.84,82.14,0,NA,0,NA,0,0,0,0,NA,NA,1.55,NA,NA,0,0,0,0,0,0,"players.xlsx","COLOMBIA_A",250000,"no","COL","Colombia","NAC","COL_NAC","Defensive Midfield",NA
"A. Rodríguez","Juventud","Juventud","CF",27,0,NA,10,516,0,1.57,0,0.29,15,34.88,"Uruguay","Uruguay","derecho",184,0,"no",2.27,2.09,58.33,26.32,0,0,0,1.05,1.8,1.05,1,0.17,0,0,1.4,0,0,0,0.27,0,0,11,1.92,18.18,0,1.05,33.33,0.17,100,0.7,25,0,1.05,66.67,7.15,34.15,4.01,0.35,0,10.12,1.57,0.87,14.65,78.57,1.4,87.5,4.71,81.48,4.36,76,13.08,84,0.52,33.33,15.61,7.05,0.05,1.4,0,0,0,0,0.17,0.87,60,0.52,100,0.17,0,0.17,0.35,0.7,50,0,NA,0,NA,0,0,0,0,NA,NA,0,NA,NA,0,0,0,0,0,0,"Search results-5.xlsx","COLOMBIA_A",NA,NA,"COL",NA,NA,NA,"Forwards",NA
"F. Salas","Boyacá Chicó","Boyacá Chicó","RCB",27,0,NA,8,515,1,0.48,0,0,13.28,57.89,"Dominican Republic","Dominican Republic","unknown",0,0,"no",9.79,5.77,72.73,47.62,0.52,0.64,0.17,5.07,6.21,1.75,2,0.35,1,0.17,0.7,0.17,1,0.17,0.08,0,0,2,0.35,50,50,0,0,0,0,0,0,0,0.7,75,2.45,28.57,0.52,0.35,0,19.22,0.35,0.52,31.81,80.22,17.13,71.43,1.57,100,10.31,93.22,27.61,84.18,4.19,54.17,16.96,32.72,0,0,0,0,0,0,0,4.02,69.57,0.35,50,0.35,50,0,0,7.34,52.38,0,NA,0,NA,0,0,0,0,NA,NA,0.87,NA,NA,0,0,0,0,0,0,"Search results-5.xlsx","COLOMBIA_A",NA,NA,"COL","Colombia","BYC","COL_BYC","Defenders",NA
"C. Martínez Borja","Águilas Doradas","Águilas Doradas","CF",37,NA,NA,8,513,1,0.74,0,0.25,15.96,30.77,"Colombia","Colombia","derecho",183,84,NA,3.33,2.63,46.67,33.33,0,0,0,2.11,3.53,1.05,3,0.53,0,0,1.58,0.18,1,0.18,0.13,0,0,4,0.7,50,25,0.7,50,0.53,66.67,0,0,0.35,1.4,62.5,6.84,28.21,2.81,0.18,0,8.25,0.88,0.35,19.12,76.15,3.33,68.42,6.14,88.57,5.26,73.33,17.72,80.2,0.7,0,14.12,11.71,0.04,1.05,0,0,0,0,0.18,1.58,77.78,1.05,50,0.18,0,0.88,0.35,1.23,85.71,0,NA,0,NA,0,0,0,0,NA,NA,0,NA,NA,0,0,0,0,0,0,"players.xlsx","COLOMBIA_A",2e+05,"no","COL","Colombia","AGD","COL_AGD","Forwards",NA
"M. Ramírez","Águilas Doradas","Águilas Doradas","LAMF",26,175000,"2025-12-31",8,512,0,0.61,3,1.24,18.81,47.66,"Argentina","Argentina","derecho",175,72,"si",7.38,6.33,61.11,66.67,0.53,0.75,0,2.99,4.25,1.23,0,0,0,0,2.11,0,0,0,0.11,0,0,13,2.29,23.08,0,2.29,23.08,1.41,37.5,0.7,0,0.53,2.99,35.29,8.26,36.17,0.88,2.46,0.35,15.12,2.29,1.76,19.51,71.17,5.45,67.74,4.22,83.33,5.63,62.5,15.29,80.46,2.46,42.86,19.72,35.34,0.22,1.05,0,0,0,0,0.35,3.16,72.22,2.81,37.5,0.35,50,0.53,0.53,4.04,78.26,0,NA,0,NA,0,0,0,0,NA,NA,0,NA,NA,1.76,0.53,0,0.88,0,0,"Search results-5.xlsx","COLOMBIA_A",NA,NA,"COL","Colombia","AGD","COL_AGD","Attacking Midfield",NA
"Yilson Mosquera","Jaguares de Córdoba","Jaguares de Córdoba","LCB",23,0,NA,7,506,1,0.4,0,0,9.6,66.67,"Colombia","Colombia","derecho",0,0,"no",7.65,4.09,78.26,56.52,0,0,0.53,4.45,6.7,0.71,1,0.18,0,0,0.53,0.18,1,0.18,0.07,0,0,6,1.07,33.33,16.667,0.18,0,0.18,0,0,0,0,0.18,100,0.53,33.33,0.53,0.36,0,20.45,0.53,0.36,30.77,82.66,15.83,73.03,1.78,90,11.03,95.16,26.86,88.08,3.74,47.62,23.44,35.65,0,0,0,0,0,0,0,3.74,57.14,0.18,100,0,0,0.18,0,7.29,73.17,0,NA,0,NA,0,0,0,0,NA,NA,0.89,NA,NA,0,0,0,0,0,0,"Search results-5.xlsx","COLOMBIA_A",NA,NA,"COL","Colombia","JAG","COL_JAG","Defenders",NA
"E. Mosquera","Millonarios","Millonarios","LW",24,4e+05,"2026-12-31",9,503,0,0.69,0,0.74,18.25,40.2,"Colombia","Colombia","derecho",172,68,"si",2.86,3.94,54.55,66.67,0.18,0.29,0,0.54,0.87,1.43,2,0.36,0,0,5.01,0,0,0,0.12,0,0,9,1.61,22.22,0,4.47,32,3.76,33.33,0.72,25,0,5.73,53.13,12.7,36.62,1.97,4.29,0.89,26.84,2.33,1.61,30.06,79.17,4.12,65.22,8.95,98,8.59,70.83,25.05,87.86,0.54,66.67,16.96,10.68,0.13,1.07,0.18,0,0.18,100,0.89,2.33,76.92,3.58,45,0.36,50,0.89,1.43,3.4,78.95,0,NA,0,NA,0,0,0,0,NA,NA,0,NA,NA,0,0,0,0.72,0,0,"Search results-5.xlsx","COLOMBIA_A",NA,NA,"COL","Colombia","MIL","COL_MIL","Wingers",NA
"J. Díaz","Cúcuta Deportivo","Cúcuta Deportivo","LAMF",25,NA,NA,13,502,0,0.17,0,0.17,13.27,45.95,"Colombia","Colombia","derecho",178,70,NA,4.84,4.66,50,42.11,0.36,0.73,0,2.15,4.39,1.08,1,0.18,0,0,1.08,0,0,0,0.03,0,0,6,1.08,33.33,0,0.54,33.33,0.54,33.33,0,0,0,0.54,100,3.76,47.62,0.18,0.9,0,30.84,0.36,0.54,44.82,85.2,12.91,68.06,8.25,93.48,15.24,91.76,41.59,88.36,2.69,46.67,15.68,24.86,0.03,0.54,0,0,0.18,0,0,6.1,70.59,1.61,22.22,0.72,0,0.18,0.18,6.63,67.57,0,NA,0,NA,0,0,0,0,NA,NA,0.9,NA,NA,0.18,0,0,0,0,0,"players_2025-09-27.xlsx","COLOMBIA_A",250000,"no","COL",NA,NA,NA,"Attacking Midfield",NA
"T. Molina","Santa Fe","Santa Fe","LDMF",21,0,NA,10,495,0,0.08,1,0.04,17.64,57.73,"Colombia","Colombia","unknown",0,0,"no",9.09,8.91,69.39,60,0.18,0.25,0.73,2.73,3.81,2,1,0.18,0,0,0.73,0,0,0,0.01,0,0,6,1.09,16.67,0,0,0,0,0,0,0,0,1.27,42.86,6.36,45.71,0.18,0.18,0,18.73,0,1.82,26.91,87.16,6.91,78.95,2.91,100,14.18,88.46,25.64,90.07,1.27,28.57,14.52,16.2,0.01,0.18,0,0,0,0,0.18,3.09,76.47,0.36,50,0.18,0,0,0,3.45,63.16,0,NA,0,NA,0,0,0,0,NA,NA,0.18,NA,NA,0.18,0,0,0,0,0,"Search results-5.xlsx","COLOMBIA_A",NA,NA,"COL","Colombia","STF","COL_STF","Defensive Midfield",NA
"A. Montaño","Once Caldas","Once Caldas","DMF",24,NA,NA,15,494,0,0,0,0.02,12.57,53.62,"Colombia","Colombia","derecho",183,79,NA,8.02,7.11,71.79,25,0.18,0.26,0,2.73,3.91,1.28,1,0.18,0,0,0.55,0,0,0,0,0,0,0,0,0,0,0.18,0,0,0,0.18,0,0,1.09,50,2.91,37.5,0.18,0.36,0.18,11.84,0,0.18,20.4,78.57,8.38,67.39,2.37,84.62,7.29,92.5,18.04,84.85,2.19,33.33,16,20.56,0,0.36,0,0,0.18,0,0,3.1,70.59,0,0,0,0,0,0,2.91,50,0,NA,0,NA,0,0,0,0,NA,NA,0.18,NA,NA,0,0,0,0,0,0,"players_2025-09-27.xlsx","COLOMBIA_A",3e+05,"no","COL","Colombia","ONC","COL_ONC","Defensive Midfield",NA
"J. Arango","Deportivo Cali U15","Deportivo Cali U15","RAMF",18,NA,"2025-12-30",16,485,0,0.52,0,0.21,27.65,34.23,"Colombia","Colombia","unknown",0,0,NA,6.68,8.16,54.55,21.43,0.37,0.59,0,1.86,2.97,2.04,0,0,0,0,2.41,0,0,0,0.1,0,0,9,1.67,44.44,0,0.56,66.67,0,0,0.56,66.67,0,3.71,35,13.36,26.39,1.67,2.23,0.37,12.8,1.11,1.48,16.33,82.95,5.2,75,4.08,90.91,3.53,84.21,15.59,84.52,0.19,0,12.48,2.43,0.04,0.56,0.19,0,0,0,0.19,1.67,77.78,0.74,75,0,0,0.19,0.37,1.67,77.78,0,NA,0,NA,0,0,0,0,NA,NA,0,NA,NA,0,0,0,0,0,0,"players_2025-09-27.xlsx","COLOMBIA_A",0,"no","COL",NA,NA,NA,"Attacking Midfield",NA
"I. Camargo","Los Chankas","Los Chankas","CF",25,NA,NA,13,485,1,1.05,0,0.25,19.48,24.76,"Colombia","Colombia","derecho",176,69,NA,3.15,3.9,42.86,15.79,0,0,0.19,1.48,2.18,0.93,0,0,0,0,1.11,0.19,0,0,0.19,0,0,7,1.3,14.29,14.286,0.37,0,0,0,0.37,0,0,2.23,33.33,9.28,18,2.04,0,0,10.95,1.86,0.37,14.47,79.49,3.15,52.94,5.2,92.86,3.9,80.95,13.55,82.19,0.56,66.67,12.83,8.34,0.05,0.74,0,0,0.19,100,0,0.93,60,0.56,33.33,0.19,100,0.19,0,1.11,33.33,0,NA,0,NA,0,0,0,0,NA,NA,0,NA,NA,0,0,0,0,1,100,"players_2025-09-27.xlsx","COLOMBIA_A",3e+05,"si","COL",NA,NA,NA,"Forwards",NA
"A. Torralvo","La Equidad","La Equidad","LB",31,NA,NA,13,482,0,0.08,1,0.17,5.98,62.5,"Colombia","Colombia","izquierdo",169,67,NA,3.92,1.49,100,50,0.37,0.59,0.19,2.05,3.24,0,1,0.19,0,0,1.31,0,0,0,0.02,0,0,3,0.56,0,0,2.05,45.45,2.05,45.45,0,0,0.19,0.56,66.67,1.87,50,0.19,0.93,0,20.35,1.87,0.75,27.26,81.51,7.47,67.5,5.23,96.43,8.59,82.61,22.41,90,2.8,40,14.23,15.96,0.03,0.75,0,0,0,0,0.37,5.23,64.29,2.24,41.67,0.75,0,0,0.93,4.85,76.92,0,NA,0,NA,0,0,0,0,NA,NA,0.37,NA,NA,0.37,0,0,0.93,0,0,"players_2025-09-27.xlsx","COLOMBIA_A",350000,"no","COL","Colombia","EQU","COL_EQU","Defenders Wingers","DEFENDERS_WINGERS_LA_EQUIDAD_A_TORRALVO.png"
"H. Dorrego","Once Caldas","Once Caldas","AMF",32,NA,NA,8,477,0,0.45,1,0.48,13.4,36.62,"Uruguay","Uruguay","derecho",177,73,NA,2.83,4.34,47.83,30,0.38,0.53,0,0.38,0.53,0.94,2,0.38,0,0,2.83,0,0,0,0.08,0,0,12,2.26,66.67,0,0.38,100,0.19,100,0.19,100,0,1.51,62.5,5.28,32.14,1.32,1.51,0,18.3,1.13,0.75,24.15,85.16,7.36,66.67,5.28,96.43,8.87,91.49,20.57,87.16,3.21,70.59,20.33,36.31,0.09,0.57,0,0,0,0,0.19,5.09,70.37,1.32,42.86,0.75,25,0.57,0.19,5.09,81.48,0,NA,0,NA,0,0,0,0,NA,NA,0,NA,NA,1.51,0.75,75,2.45,0,0,"players.xlsx","COLOMBIA_A",350000,"no","COL","Colombia","ONC","COL_ONC","Attacking Midfield",NA
"O. Aragón","Unión Magdalena","Unión Magdalena","CF",28,NA,NA,11,475,0,1.48,0,0,24.44,34.88,"Colombia","Colombia","derecho",180,72,NA,6.06,5.31,71.43,14.63,0.19,0.25,0.19,2.08,2.7,1.14,1,0.19,0,0,1.52,0,0,0,0.28,0,0,11,2.08,54.55,0,0.38,0,0,0,0.38,0,0,1.14,33.33,8.15,27.91,2.27,0.76,0.19,10.23,1.52,1.14,13.83,78.08,2.08,63.64,4.74,100,4.93,61.54,13.07,81.16,0.38,50,15.28,5.39,0,0,0,0,0,0,0.19,1.33,42.86,0.95,20,0,0,0,0,1.14,66.67,0,NA,0,NA,0,0,0,0,NA,NA,0,NA,NA,0,0,0,0,0,0,"players.xlsx","COLOMBIA_A",2e+05,"no","COL","Colombia","UMG","COL_UMG","Forwards",NA
"J. Valencia","Deportivo Pasto","Deportivo Pasto","LCMF",26,250000,NA,10,472,0,0.03,0,0.04,13.54,53.52,"Colombia","Colombia","derecho",185,79,"no",5.53,3.81,70,57.89,0.19,0.24,0.57,2.67,3.31,0.76,1,0.19,0,0,0.57,0,0,0,0.01,0,0,5,0.95,0,0,0.57,33.33,0.38,50,0.19,0,0.38,1.14,33.33,4,47.62,0.38,0.38,0,20.78,0.19,0.95,29.94,85.99,11.63,75.41,2.67,92.86,12.2,90.63,26.31,91.3,3.05,50,18.95,38.8,0.01,0.19,0,0,0.19,0,0,5.53,72.41,0.76,50,0.19,100,0.38,0,7.25,76.32,0,NA,0,NA,0,0,0,0,NA,NA,0,NA,NA,0,0,0,0,0,0,"Search results-5.xlsx","COLOMBIA_A",NA,NA,"COL","Colombia","PAS","COL_PAS","Midfield",NA
"I. Anderson","Marathón","Marathón","RB",27,375000,"2025-12-31",8,466,0,0.34,1,0.64,17.58,43.96,"Panama","Panama","derecho",175,68,"no",5.41,3.48,55.56,53.85,0.77,1.41,0,2.7,4.94,1.55,2,0.39,0,0,4.25,0,0,0,0.07,0,0,7,1.35,14.29,0,4.64,25,0.19,100,4.44,21.74,0.58,4.64,62.5,9.66,40,1.74,2.32,0,23.37,3.09,0.97,30.9,75.63,8.69,68.89,5.41,100,11.39,69.49,23.95,87.9,2.9,46.67,16.61,21.83,0.12,0.77,0,0,0,0,0.39,2.12,63.64,2.9,26.67,0.19,100,0.58,1.16,5.41,78.57,0,NA,0,NA,0,0,0,0,NA,NA,0,NA,NA,0,0,0,0.39,0,0,"Search results-5.xlsx","COLOMBIA_A",NA,NA,"COL",NA,NA,NA,"Defenders Wingers",NA
"M. Medina","Llaneros U18","Llaneros","DMF",28,NA,NA,11,463,0,0.07,0,0,8.55,50,"Colombia","Colombia","izquierdo",178,68,NA,7,3.5,55.56,42.86,0.39,0.52,0.58,4.67,6.26,0.39,0,0,0,0,0.19,0,0,0,0.01,0,0,3,0.58,33.33,0,0.19,0,0.19,0,0,0,0,0,0,0.97,0,0.58,0.19,0,21.77,0.19,0,32.46,90.42,10.5,83.33,2.14,100,16.52,96.47,29.94,93.51,2.33,58.33,22.79,25.17,0,0,0,0,0,0,0,3.11,68.75,0.19,0,0,0,0,0,4.28,72.73,0,NA,0,NA,0,0,0,0,NA,NA,0,NA,NA,0,0,0,0,0,0,"players.xlsx","COLOMBIA_A",3e+05,"no","COL",NA,NA,NA,"Defensive Midfield",NA
"J. Montaño","Lommel SK","Lommel SK","LWB",18,NA,NA,11,462,1,0.98,0,0.23,24.35,49.6,"Colombia","Colombia",NA,0,0,NA,6.23,4.68,62.5,18.18,0,0,0.19,3.31,5.73,0.39,0,0,0,0,6.43,0.19,1,0.19,0.19,0,0,9,1.75,44.44,11.111,1.17,33.33,0.97,20,0.19,100,0.19,9.16,57.45,15.78,48.15,3.9,7.21,0.39,28.44,3.12,1.17,33.9,81.61,6.82,62.86,10.52,94.44,9.16,87.23,31.56,83.95,1.17,66.67,14.29,9.75,0.04,0.97,0,0.19,0.19,0,0.19,2.73,64.29,2.14,72.73,0.19,0,1.75,0.39,3.31,58.82,0,NA,0,NA,0,0,0,0,NA,NA,0,NA,NA,0,0,0,0.19,0,0,"players_2025-09-27.xlsx","COLOMBIA_A",0,"no","COL",NA,NA,NA,"Defenders Wingers",NA
"D. Borrero","América de Cali","América de Cali","LAMF",23,3e+06,NA,9,459,1,1.13,0,0.92,12.94,45.45,"Colombia","Colombia","derecho",179,72,"no",4.12,3.14,81.25,0,0,0,0,1.57,2.38,0.39,0,0,0,0,3.73,0.2,1,0.2,0.22,0,0,12,2.35,16.67,8.333,2.94,46.67,2.55,53.85,0.39,0,0.39,3.33,58.82,7.25,35.14,2.94,1.96,0.78,31.57,2.94,1.37,41.37,79.62,11.57,59.32,9.41,93.75,11.57,79.66,34.12,85.63,4.31,54.55,18.97,29.33,0.18,1.57,0,0.2,0.2,0,0.78,7.06,58.33,4.31,45.45,0.98,0,1.37,1.18,7.25,78.38,0,NA,0,NA,0,0,0,0,NA,NA,0,NA,NA,0.39,0.2,0,1.37,0,0,"Search results-5.xlsx","COLOMBIA_A",NA,NA,"COL","Colombia","AME","COL_AME","Attacking Midfield",NA
"B. Churi","Llaneros","Llaneros","RAMF",20,NA,NA,11,455,0,0.73,0,0.47,18.4,30.11,"Colombia","Colombia",NA,0,0,NA,3.56,3.76,57.89,22.22,0,0,0,1.38,2.23,1.19,0,0,0,0,3.16,0,0,0,0.14,0,0,4,0.79,0,0,3.16,37.5,0,0,3.16,37.5,0.4,4.95,40,11.47,24.14,2.77,2.77,0.4,12.86,2.57,0.79,18.4,80.65,3.16,68.75,4.55,100,6.73,76.47,14.64,93.24,0.59,0,17.07,8.3,0.09,0.79,0,0,0,0,0.59,0.4,50,2.77,50,0,0,1.38,1.19,3.36,76.47,0,NA,0,NA,0,0,0,0,NA,NA,0,NA,NA,0,0,0,0,0,0,"players.xlsx","COLOMBIA_A",0,"no","COL","Colombia","LNR","COL_LNR","Attacking Midfield",NA
"M. Mónaco","La Equidad","La Equidad","RW",23,0,NA,11,454,2,0.33,1,0.32,15.66,39.24,"Argentina","Argentina","izquierdo",179,67,"no",5.55,5.55,67.86,28.57,0.59,0.73,0,1.19,1.45,0.99,1,0.2,0,0,1.59,0.4,2,0.4,0.07,0,0,7,1.39,42.86,28.571,0.79,0,0.2,0,0.59,0,0,1.59,37.5,6.74,23.53,0.99,0.4,0.2,14.87,0.2,0.99,16.65,73.81,5.35,62.96,3.37,82.35,4.76,66.67,14.67,79.73,1.19,50,16.46,7.61,0.06,0.59,0,0,0.59,66.67,0.4,2.58,76.92,0.99,20,0.79,50,0.4,0,2.97,86.67,0,NA,0,NA,0,0,0,0,NA,NA,0,NA,NA,0,0,0,0,0,0,"Search results-5.xlsx","COLOMBIA_A",NA,NA,"COL","Colombia","EQU","COL_EQU","Wingers","WINGERS_LA_EQUIDAD_M_MÓNACO.png"
"E. Serje","Everton","Everton","RCB",29,3e+05,NA,6,453,0,0.02,0,0.01,14.9,46.67,"Colombia","Colombia, Spain","derecho",180,72,"no",6.75,6.36,43.75,37.5,0.6,0.97,0.6,3.38,5.48,1.19,2,0.4,0,0,0.4,0,0,0,0,0,0,2,0.4,0,0,0.2,0,0.2,0,0,0,0,0.6,66.67,3.97,55,0.6,0.2,0,23.05,0.6,1.39,29.8,88.67,11.52,82.76,2.38,91.67,11.32,92.98,28.01,91.49,1.59,50,17.46,22.87,0,0.2,0,0,0,0,0,2.98,66.67,0.4,0,0,0,0,0,2.19,81.82,0,NA,0,NA,0,0,0,0,NA,NA,0.2,NA,NA,0,0,0,0,0,0,"Search results-5.xlsx","COLOMBIA_A",NA,NA,"COL",NA,NA,NA,"Defenders",NA
"D. Valencia","Envigado","Envigado","RAMF",26,3e+05,NA,7,451,0,0.11,0,0.51,16.16,49.38,"Colombia","Colombia","izquierdo",0,0,"no",6.59,4.59,69.57,30.77,0.2,0.27,0,3.19,4.36,1.2,1,0.2,0,0,2.39,0,0,0,0.02,0,0,2,0.4,0,0,3.39,29.41,0.2,100,3.19,25,0.2,1.8,77.78,5.99,43.33,1.6,3.19,0.2,19.96,2.99,1.4,25.94,76.92,4.39,59.09,7.58,92.11,7.38,67.57,20.95,85.71,1.6,62.5,15.49,14.23,0.1,1.2,0,0,0,0,0.2,1,60,2.39,58.33,0,0,0.8,1,2.59,69.23,0,NA,0,NA,0,0,0,0,NA,NA,0,NA,NA,0,0,0,0,0,0,"Search results-5.xlsx","COLOMBIA_A",NA,NA,"COL","Colombia","ENV","COL_ENV","Attacking Midfield",NA
"G. Ritacco","Deportivo Pasto","Deportivo Pasto","AMF",32,3e+05,NA,12,448,0,0.31,2,0.29,19.08,32.63,"Argentina","Argentina","derecho",175,0,"no",6.23,5.63,57.14,0,0.8,1.14,0,2.21,3.14,1.81,1,0.2,0,0,1.41,0,0,0,0.06,0,0,6,1.21,0,0,0.6,33.33,0.4,50,0.2,0,0.4,2.21,36.36,9.64,25,1,2.61,0.6,27.12,1,2.01,31.54,76.43,9.04,55.56,6.63,96.97,9.84,83.67,28.33,80.14,2.61,46.15,15.27,20.2,0.06,0.8,0.2,0,0.8,50,0.2,5.83,62.07,1.61,25,0.6,33.33,0.4,0.2,3.62,66.67,0,NA,0,NA,0,0,0,0,NA,NA,0.2,NA,NA,1,0,0,3.21,0,0,"Search results-5.xlsx","COLOMBIA_A",NA,NA,"COL","Colombia","PAS","COL_PAS","Attacking Midfield",NA
"E. Mastrolía","Temperley","Temperley","GK",33,2e+05,NA,5,445,0,0,0,0,0.4,100,"Argentina","Argentina, Italy","derecho",190,77,"no",2.22,0.2,100,100,0,0,0,2.02,2.63,0,0,0,0,0,0,0,0,0,0,0,0,0,0,0,0,0,0,0,0,0,0,0,0,0,0,0,0,0,0,9.91,0,0,18.2,80,12.74,71.43,0,0,5.06,100,9.3,97.83,8.9,61.36,38.26,52.86,0,0,0,0,0,0,0,4.25,47.62,0.4,0,0.2,0,0,0,5.66,75,5,1.01,17,3.44,0,70.59,4.72,0.96,-0.28,-0.057,0,2.02,0.2,NA,NA,NA,0,0,0,"Search results-5.xlsx","COLOMBIA_A",NA,NA,"COL",NA,NA,NA,"Goalkeepers",NA
"J. Araujo","Envigado","Envigado","LAMF",23,NA,"2025-12-31",14,443,0,0.19,1,0.34,21.33,40.95,"Colombia","Colombia","derecho",172,64,NA,5.49,6.09,56.67,30,0.41,0.67,0,1.63,2.7,1.42,2,0.41,0,0,2.64,0,0,0,0.04,0,0,3,0.61,66.67,0,1.02,40,0.2,0,0.81,50,0,4.88,37.5,10.97,27.78,1.63,2.44,0.61,9.55,1.22,1.63,12.6,75.81,2.84,71.43,2.64,100,4.06,70,11.38,80.36,0.2,0,15.76,3.1,0.07,0.41,0,0,0,0,0.41,0.61,100,1.22,50,0,0,0.2,0.41,2.03,70,0,NA,0,NA,0,0,0,0,NA,NA,0,NA,NA,0,0,0,0,0,0,"players_2025-09-27.xlsx","COLOMBIA_A",0,"si","COL","Colombia","ENV","COL_ENV","Attacking Midfield",NA
"R. Castillo","Deportivo Pereira","Deportivo Pereira","CF",33,NA,"2025-12-31",9,438,1,1.38,1,0.07,17.47,41.18,"Honduras","Honduras","derecho",183,76,NA,2.47,1.85,55.56,46.15,0,0,0,1.44,2.02,1.23,1,0.21,0,0,0.41,0.21,1,0.21,0.28,0,0,9,1.85,11.11,11.111,0,0,0,0,0,0,0,0.62,33.33,6.78,45.45,1.64,0.21,0,6.78,1.64,2.05,10.89,77.36,1.23,66.67,3.29,81.25,3.7,77.78,10.07,81.63,0.82,25,14.9,11.12,0.01,0.21,0,0,0,0,0.41,0.62,66.67,0.62,66.67,0,0,0.21,0,0.62,66.67,0,NA,0,NA,0,0,0,0,NA,NA,0,NA,NA,0,0,0,0,0,0,"players.xlsx","COLOMBIA_A",3e+05,"no","COL","Colombia","PER","COL_PER","Forwards",NA
"C. Haydar","Atlético Nacional","Atlético Nacional","LCB",24,8e+05,NA,5,432,0,0.09,0,0.01,8.54,56.1,"Colombia","Colombia","izquierdo",183,76,"si",6.46,2.92,57.14,60,0,0,0.83,4.79,7.04,0.42,1,0.21,0,0,0.63,0,0,0,0.02,0,0,1,0.21,0,0,0.63,0,0.63,0,0,0,0.42,0.83,50,3.13,53.33,0.21,1.25,0,32.5,0.42,0.83,45.21,85.71,19.38,78.49,3.33,93.75,17.29,92.77,38.75,93.01,5.83,46.43,20.99,44.22,0,0.21,0,0,0.21,100,0,6.67,68.75,2.29,36.36,0.83,50,1.04,0,9.79,74.47,0,NA,0,NA,0,0,0,0,NA,NA,1.46,NA,NA,0.42,0,0,0,0,0,"Search results-5.xlsx","COLOMBIA_A",NA,NA,"COL","Colombia","NAC","COL_NAC","Defenders",NA
"R. Valencia","Boyacá Chicó","Boyacá Chicó","RW",24,NA,NA,9,431,1,0.41,1,0.36,15.66,41.33,"Colombia","Colombia","derecho",180,0,NA,3.97,3.34,62.5,50,0,0,0,1.88,2.76,0.21,1,0.21,0,0,3.55,0.21,1,0.21,0.09,0,0,9,1.88,33.33,11.111,1.88,55.56,0.42,0,1.46,71.43,0,4.39,42.86,9.4,35.56,1.04,1.46,0.42,10.44,0.84,1.67,14.41,68.12,1.88,77.78,4.59,81.82,5.01,45.83,11.28,72.22,1.25,50,20.57,17.23,0.08,0.63,0,0,0,0,0,1.25,33.33,1.88,66.67,0.21,0,0,1.04,2.51,75,0,NA,0,NA,0,0,0,0,NA,NA,0,NA,NA,0.63,0.21,0,0.84,0,0,"players.xlsx","COLOMBIA_A",0,"no","COL","Colombia","BYC","COL_BYC","Wingers",NA
"J. Murillo","América de Cali","América de Cali","LWF",29,0,NA,9,431,0,0.44,0,0.46,18.38,56.82,"Venezuela","Venezuela","derecho",170,70,"no",5.01,4.18,70,50,0,0,0,2.09,3.19,1.25,1,0.21,0,0,3.55,0,0,0,0.09,0,0,5,1.04,20,0,1.67,50,0.63,66.67,1.04,40,0.21,3.76,55.56,9.81,57.45,3.34,2.92,0.21,16.91,2.3,2.09,21.93,80.95,4.8,69.57,4.59,95.45,6.47,80.65,19.63,84.04,0.63,66.67,15.7,7.45,0.1,1.67,0,0,0.63,66.67,0.84,1.46,71.43,2.09,80,0.63,66.67,2.3,0.84,2.92,92.86,0,NA,0,NA,0,0,0,0,NA,NA,0,NA,NA,0,0,0,0,0,0,"Search results-5.xlsx","COLOMBIA_A",NA,NA,"COL","Colombia","AME","COL_AME","Wingers",NA
"J. Castillo","Nizhny Novgorod","Nizhny Novgorod","LB",22,3e+05,NA,10,428,1,0.19,0,0.17,15.98,46.05,"Colombia","Colombia","izquierdo",182,0,"no",6.94,5.26,68,58.33,0.21,0.41,0.42,3.15,6.16,0.42,3,0.63,0,0,2.52,0.21,1,0.21,0.04,0,0,4,0.84,50,25,2.52,33.33,2.52,33.33,0,0,0,3.57,35.29,6.94,27.27,0.42,2.52,0.63,22.71,2.73,0.42,31.12,79.05,9.67,67.39,5.05,83.33,10.51,86,24.39,87.07,4.63,59.09,21.42,35.56,0.04,0.63,0,0,0,0,0.21,4.42,85.71,2.52,58.33,0.42,0,1.05,0.42,7.57,80.56,0,NA,0,NA,0,0,0,0,NA,NA,0.42,NA,NA,0.21,0,0,0,0,0,"Search results-5.xlsx","COLOMBIA_A",NA,NA,"COL",NA,NA,NA,"Defenders Wingers",NA
"G. de Amores","Millonarios","Millonarios","GK",30,5e+05,"2025-12-31",5,421,0,0,0,0,0.64,66.67,"Uruguay","Uruguay, Italy","derecho",190,76,"no",0.86,0.43,50,100,0,0,0,0.64,0.89,0,2,0.43,0,0,0,0,0,0,0,0,0,0,0,0,0,0,0,0,0,0,0,0,0,0,0,0,0,0,0,7.05,0,0.21,11.97,85.71,6.84,75,0,0,4.7,100,8.12,97.37,3.85,61.11,30.82,50.71,0,0,0,0,0,0,0,0.64,33.33,0,0,0,0,0,0,3.42,75,9,1.92,16,3.42,1,43.75,5.02,1.07,-3.98,-0.851,0,1.28,0.21,NA,NA,NA,0,0,0,"Search results-5.xlsx","COLOMBIA_A",NA,NA,"COL","Colombia","MIL","COL_MIL","Goalkeepers",NA
"A. Peñaranda","Sarajevo","Atlético Bucaramanga","CF",28,NA,"2026-05-31",10,419,1,1.77,1,0.76,24.92,33.62,"Venezuela","Venezuela, Spain","derecho",186,83,NA,3.22,3.87,33.33,26.67,0.21,0.35,0,1.72,2.82,1.5,1,0.21,0,0,3.01,0.21,0,0,0.38,0,0,9,1.93,22.22,11.111,1.93,11.11,0.86,0,1.07,20,0.43,5.37,44,15.04,32.86,4.3,3.44,1.29,16.75,1.93,1.93,25.78,77.5,6.66,77.42,7.09,87.88,6.23,75.86,23.63,82.73,0.21,100,15.6,3.58,0.16,0.86,0,0,0,0,0.43,2.58,83.33,1.07,40,0,0,1.07,0.21,4.3,70,0,NA,0,NA,0,0,0,0,NA,NA,0,NA,NA,0,0,0,0.21,1,100,"players.xlsx","COLOMBIA_A",2e+05,"no","COL",NA,NA,NA,"Forwards",NA
"D. Quiñones","La Equidad","La Equidad","DMF",24,3e+05,"2027-06-30",8,417,0,0.03,0,0,11.44,52.83,"Colombia","Colombia","derecho",176,69,"no",9.71,5.4,60,54.55,1.08,1.43,0.43,5.4,7.14,1.94,1,0.22,0,0,0.22,0,0,0,0.01,0,0,2,0.43,0,0,0,0,0,0,0,0,0,0.43,50,3.02,35.71,0.22,0.22,0,20.94,0,0.65,34.96,80.86,9.71,55.56,4.53,90.48,17.48,92.59,30.65,87.32,4.32,35,22.23,43.77,0,0,0,0,0.22,0,0,6.91,53.13,1.08,0,0.43,0,0,0,6.26,51.72,0,NA,0,NA,0,0,0,0,NA,NA,1.08,NA,NA,0.22,0,0,0,0,0,"Search results-5.xlsx","COLOMBIA_A",NA,NA,"COL","Colombia","EQU","COL_EQU","Defensive Midfield","DEFENSIVE_MIDFIELD_LA_EQUIDAD_D_QUIÑONES.png"
"I. Arboleda","Millonarios","Millonarios","GK",29,8e+05,NA,5,411,0,0,0,0,0.22,0,"Colombia","Colombia","derecho",185,80,"no",0.88,0,0,0,0,0,0,0.88,1.48,0,0,0,0,0,0,0,0,0,0,0,0,0,0,0,0,0,0,0,0,0,0,0,0,0,0,0,0,0,0,3.5,0.22,0,9.64,86.36,5.47,76,0,0,4.16,100,7.01,100,2.63,50,22.95,27.56,0,0,0,0,0,0,0,0.22,0,0.22,0,0.22,0,0,0,2.19,50,8,1.75,24,5.26,0,66.67,6.41,1.4,-1.59,-0.348,0,1.31,0.22,NA,NA,NA,0,0,0,"Search results-5.xlsx","COLOMBIA_A",NA,NA,"COL","Colombia","MIL","COL_MIL","Goalkeepers",NA
"A. Ponce","Atlético Bucaramanga","Atlético Bucaramanga","CF",28,NA,"2025-06-30",8,408,0,1.14,0,0.13,28.39,23.58,"Venezuela","Venezuela, Colombia","derecho",182,80,NA,3.21,3.75,50,28.57,0.54,0.71,0,0.8,1.07,1.61,1,0.22,0,0,1.07,0,0,0,0.3,0,0,8,2.14,37.5,0,0.27,0,0,0,0.27,0,0,0.54,0,10.98,14.63,3.75,0.54,0.27,9.38,1.34,0.8,12.32,78.26,2.95,54.55,2.95,90.91,2.68,90,12.05,80,0,0,12.18,0,0.03,0.27,0,0,0.27,100,0.27,1.07,75,0.27,100,0,0,1.34,0,1.07,75,0,NA,0,NA,0,0,0,0,NA,NA,0,NA,NA,0,0,0,0,0,0,"players.xlsx","COLOMBIA_A",7e+05,"no","COL","Colombia","BUC","COL_BUC","Forwards",NA
"J. Mera","Tolima","Tolima","RCB",23,0,"2027-06-30",7,407,0,0.02,0,0,9.07,60.98,"Colombia","Colombia","derecho",185,82,"no",9.07,4.64,57.14,62.5,0.22,0.29,1.11,6.19,8.08,0.88,1,0.22,0,0,0.44,0,0,0,0,0,0,1,0.22,0,0,0,0,0,0,0,0,0,0.44,100,0.66,100,0.22,0.44,0,20.34,0,0.22,33.17,92,13.05,84.75,4.2,100,11.5,94.23,29.19,95.45,3.98,66.67,16.78,23.88,0,0,0,0,0,0,0,2.87,84.62,0.22,0,0,0,0,0,3.76,70.59,0,NA,0,NA,0,0,0,0,NA,NA,3.76,NA,NA,0,0,0,0,0,0,"Search results-5.xlsx","COLOMBIA_A",NA,NA,"COL","Colombia","TOL","COL_TOL","Defenders",NA
"Jeferson Rivas","Deportivo Pasto","Deportivo Pasto","CF",28,150000,NA,9,401,1,0.71,0,0.05,14.14,25.4,"Colombia","Colombia","derecho",181,77,"no",2.24,3.59,37.5,16.67,0,0,0,0.9,1.12,0.67,0,0,0,0,0.9,0.22,1,0.22,0.16,0,0,6,1.35,33.33,16.667,0,0,0,0,0,0,0,1.12,40,4.94,27.27,0.67,0.45,0,9.88,1.57,0.67,13.02,77.59,1.8,50,5.61,88,4.26,73.68,13.02,77.59,0,0,16.97,0,0.01,0.45,0,0,0,0,0.22,1.57,71.43,0.67,66.67,0,0,0.22,0,1.35,50,0,NA,0,NA,0,0,0,0,NA,NA,0,NA,NA,0,0,0,0,0,0,"Search results-5.xlsx","COLOMBIA_A",NA,NA,"COL","Colombia","PAS","COL_PAS","Forwards",NA
"D. Palomeque","Unión Magdalena","Unión Magdalena","RCB",31,NA,NA,4,400,0,0,0,0,15.75,62.86,"Colombia","Colombia","unknown",183,0,NA,10.35,6.75,80,44.44,0.23,0.28,0.9,4.73,5.89,1.58,3,0.68,0,0,0.23,0,0,0,0,0,0,0,0,0,0,0,0,0,0,0,0,0,0.23,100,1.8,50,0.23,0.23,0,18.68,0.23,1.13,32.4,83.33,13.27,67.8,1.58,85.71,14.63,96.92,27.9,87.9,4.5,55,19.11,35.62,0,0,0,0,0,0,0,2.03,66.67,0,0,0,0,0,0,4.73,33.33,0,NA,0,NA,0,0,0,0,NA,NA,0.45,NA,NA,0,0,0,0,0,0,"players.xlsx","COLOMBIA_A",0,"no","COL","Colombia","UMG","COL_UMG","Defenders",NA
"E. Orejuela","Boyacá Chicó","Boyacá Chicó","GK",24,50000,NA,4,400,0,0,0,0,0.23,100,"Colombia","Colombia","izquierdo",186,78,"no",1.58,0,0,100,0,0,0,1.58,2.28,0,1,0.23,0,0,0,0,0,0,0,0,0,0,0,0,0,0,0,0,0,0,0,0,0,0,0,0,0,0,0,4.73,0.23,0.23,9.68,79.07,6.75,70,0,0,2.7,100,5.4,100,4.28,52.63,36.44,53.86,0,0,0,0,0,0,0,2.48,36.36,0.9,0,0.68,0,0,0,2.7,75,7,1.58,13,2.93,1,46.15,5.41,1.22,-1.59,-0.358,0,0.45,0.23,NA,NA,NA,0,0,0,"Search results-5.xlsx","COLOMBIA_A",NA,NA,"COL","Colombia","BYC","COL_BYC","Goalkeepers",NA
"A. Pérez","La Equidad","La Equidad","GK",25,NA,NA,4,398,0,0,0,0,1.22,100,"Colombia","Colombia","derecho",180,70,NA,1.22,0,0,100,0,0,0,1.22,1.82,0,0,0,0,0,0,0,0,0,0,0,0,0,0,0,0,0,0,0,0,0,0,0,0,0,0.61,100,0,0,0,6.69,0,0.3,13.07,86.05,10.64,82.86,0,0,2.13,100,6.99,100,6.08,70,30.33,44.97,0,0,0,0,0,0,0,0.61,50,0,0,0,0,0,0,4.56,80,5,1.52,11,3.34,0,54.55,3.15,0.96,-1.85,-0.563,0,1.52,0.61,NA,NA,NA,0,0,0,"players.xlsx","COLOMBIA_A",50000,"no","COL","Colombia","EQU","COL_EQU","Goalkeepers","GOALKEEPERS_LA_EQUIDAD_A_PÉREZ.png"
"S. Támara","La Equidad","La Equidad","CF",28,NA,NA,10,395,0,0.26,1,0.91,14.13,53.23,"Colombia","Colombia","derecho",173,69,NA,5.24,5.7,72,42.86,0.23,0.35,0,0.91,1.41,0.91,0,0,0,0,1.82,0,0,0,0.06,0,0,5,1.14,40,0,1.82,37.5,0.68,66.67,1.14,20,0,0.46,50,5.24,43.48,1.14,0.23,0,30.76,1.37,0.68,42.84,79.26,12.08,60.38,10.03,93.18,14.81,86.15,35.32,83.23,5.7,68,18.4,32.34,0.21,1.82,0.23,0,0.91,50,0.91,7.75,67.65,3.19,50,1.37,33.33,0.91,0.68,5.92,80.77,0,NA,0,NA,0,0,0,0,NA,NA,0.68,NA,NA,0.91,0.23,0,2.05,0,0,"players.xlsx","COLOMBIA_A",450000,"no","COL","Colombia","EQU","COL_EQU","Forwards","FORWARDS_LA_EQUIDAD_S_TÁMARA.png"
"A. Vásquez","San Antonio Bulo Bulo","San Antonio Bulo Bulo","CF",23,0,NA,11,395,0,0.69,0,0.69,NA,NA,"Colombia","Colombia","derecho",0,0,"no",NA,NA,NA,NA,NA,0,NA,NA,0,NA,0,NA,0,NA,NA,NA,0,NA,NA,0,NA,6,NA,NA,0,NA,NA,NA,NA,NA,NA,NA,NA,NA,NA,NA,NA,NA,NA,NA,NA,NA,NA,NA,NA,NA,NA,NA,NA,NA,NA,NA,NA,NA,14.75,10.88,NA,NA,NA,NA,NA,NA,NA,NA,NA,NA,NA,NA,NA,NA,NA,NA,NA,0,NA,0,NA,0,0,0,NA,NA,NA,NA,NA,NA,NA,NA,NA,NA,0,0,"Search results-5.xlsx","COLOMBIA_A",NA,NA,"COL",NA,NA,NA,"Forwards",NA
"Y. Gómez","La Equidad","La Equidad","GK",26,350000,NA,4,395,0,0,0,0,NA,NA,"Colombia","Colombia","derecho",189,97,"si",NA,NA,NA,NA,NA,0,NA,NA,1.05,NA,0,NA,0,NA,NA,NA,0,NA,NA,0,NA,0,NA,NA,0,NA,NA,NA,NA,NA,NA,NA,NA,NA,NA,NA,NA,NA,NA,NA,NA,NA,NA,NA,NA,NA,NA,NA,NA,NA,NA,NA,NA,NA,31.45,62.29,NA,NA,NA,NA,NA,NA,NA,NA,NA,NA,NA,NA,NA,NA,NA,NA,NA,6,NA,14,NA,0,57.14,4.54,NA,-1.46,NA,NA,NA,NA,NA,NA,NA,NA,0,0,"Search results-5.xlsx","COLOMBIA_A",NA,NA,"COL","Colombia","EQU","COL_EQU","Goalkeepers","GOALKEEPERS_LA_EQUIDAD_Y_GÓMEZ.png"
"M. Torres","Alianza","Alianza","LW",22,2e+05,NA,9,379,0,0.13,0,0.11,NA,NA,"Colombia","Colombia","derecho",176,69,"no",NA,NA,NA,NA,NA,0.42,NA,NA,0.85,NA,0,NA,0,NA,NA,NA,0,NA,NA,0,NA,2,NA,NA,0,NA,NA,NA,NA,NA,NA,NA,NA,NA,NA,NA,NA,NA,NA,NA,NA,NA,NA,NA,NA,NA,NA,NA,NA,NA,NA,NA,NA,NA,12.44,6.03,NA,NA,NA,NA,NA,NA,NA,NA,NA,NA,NA,NA,NA,NA,NA,NA,NA,0,NA,0,NA,0,0,0,NA,NA,NA,NA,NA,NA,NA,NA,NA,NA,0,0,"Search results-5.xlsx","COLOMBIA_A",NA,NA,"COL","Colombia","ALV","COL_ALV","Wingers",NA
"C. Iguaran","Unión Magdalena","Unión Magdalena","CF",20,0,NA,6,376,1,0.9,1,0.3,NA,NA,"Colombia","Colombia",NA,0,0,"no",NA,NA,NA,NA,NA,0.31,NA,NA,3.71,NA,0,NA,0,NA,NA,NA,1,NA,NA,0,NA,5,NA,NA,20,NA,NA,NA,NA,NA,NA,NA,NA,NA,NA,NA,NA,NA,NA,NA,NA,NA,NA,NA,NA,NA,NA,NA,NA,NA,NA,NA,NA,NA,16.51,23.19,NA,NA,NA,NA,NA,NA,NA,NA,NA,NA,NA,NA,NA,NA,NA,NA,NA,0,NA,0,NA,0,0,0,NA,NA,NA,NA,NA,NA,NA,NA,NA,NA,0,0,"Search results-5.xlsx","COLOMBIA_A",NA,NA,"COL","Colombia","UMG","COL_UMG","Forwards",NA
"T. Soto","Envigado","Envigado","AMF",20,0,NA,11,373,0,0.27,0,0.16,NA,NA,"Colombia","Colombia","unknown",178,68,"no",NA,NA,NA,NA,NA,0.82,NA,NA,2.05,NA,0,NA,0,NA,NA,NA,0,NA,NA,0,NA,10,NA,NA,0,NA,NA,NA,NA,NA,NA,NA,NA,NA,NA,NA,NA,NA,NA,NA,NA,NA,NA,NA,NA,NA,NA,NA,NA,NA,NA,NA,NA,NA,13.91,12.78,NA,NA,NA,NA,NA,NA,NA,NA,NA,NA,NA,NA,NA,NA,NA,NA,NA,0,NA,0,NA,0,0,0,NA,NA,NA,NA,NA,NA,NA,NA,NA,NA,0,0,"Search results-5.xlsx","COLOMBIA_A",NA,NA,"COL","Colombia","ENV","COL_ENV","Attacking Midfield",NA
"S. Cárdenas","Atlético Bucaramanga","Atlético Bucaramanga","AMF",35,NA,NA,9,368,0,0.21,1,0.42,13.21,44.44,"Colombia","Colombia","izquierdo",168,68,NA,3.18,4.16,58.82,25,0,0,0,0.73,1.15,0.49,0,0,0,0,1.22,0,0,0,0.05,0,0,5,1.22,20,0,0.73,66.67,0,0,0.73,66.67,0.24,1.71,28.57,7.09,44.83,0.73,2.69,0,44.02,1.47,1.96,53.07,88.48,15.65,79.69,12.72,96.15,14.18,89.66,50.14,89.76,2.2,66.67,15.4,22.26,0.1,1.96,0,0,0.49,0,0.24,9.54,79.49,3.18,61.54,0.73,0,1.71,0.49,6.6,77.78,0,NA,0,NA,0,0,0,0,NA,NA,0,NA,NA,1.47,0,0,2.2,0,0,"players.xlsx","COLOMBIA_A",2e+05,"no","COL","Colombia","BUC","COL_BUC","Attacking Midfield",NA
"J. Vélez","Junior","Junior","LCMF",21,NA,NA,6,366,0,0.04,0,0,8.61,51.43,"Colombia","Colombia","derecho",178,73,NA,6.64,4.92,60,40,0.25,0.37,0.25,3.44,5.12,0.49,1,0.25,0,0,0.49,0,0,0,0.01,0,0,1,0.25,100,0,0,0,0,0,0,0,0,0.25,100,1.72,14.29,0,0.25,0,24.84,0,0,34.92,86.62,11.07,84.44,5.41,95.45,12.3,90,32.21,89.31,2.7,54.55,17.31,21.14,0,0,0,0,0,0,0,4.92,90,0.25,0,0,0,0,0,5.16,66.67,0,NA,0,NA,0,0,0,0,NA,NA,0.25,NA,NA,0,0,0,0,0,0,"players.xlsx","COLOMBIA_A",5e+05,"no","COL","Colombia","JNR","COL_JNR","Midfield",NA
"N. Orozco","Envigado","Envigado","AMF",20,0,NA,16,361,0,0.06,0,0.23,NA,NA,"Colombia","Colombia",NA,0,0,"no",NA,NA,NA,NA,NA,1.55,NA,NA,1.03,NA,3,NA,0,NA,NA,NA,0,NA,NA,0,NA,3,NA,NA,0,NA,NA,NA,NA,NA,NA,NA,NA,NA,NA,NA,NA,NA,NA,NA,NA,NA,NA,NA,NA,NA,NA,NA,NA,NA,NA,NA,NA,NA,15.8,9.53,NA,NA,NA,NA,NA,NA,NA,NA,NA,NA,NA,NA,NA,NA,NA,NA,NA,0,NA,0,NA,0,0,0,NA,NA,NA,NA,NA,NA,NA,NA,NA,NA,0,0,"Search results-5.xlsx","COLOMBIA_A",NA,NA,"COL","Colombia","ENV","COL_ENV","Attacking Midfield",NA
"W. Ordóñez","Deportivo Pasto","Deportivo Pasto","LW",21,0,NA,10,355,1,0.31,0,0.21,NA,NA,"Colombia","Colombia","izquierdo",168,0,"no",NA,NA,NA,NA,NA,0.73,NA,NA,5.49,NA,1,NA,0,NA,NA,NA,1,NA,NA,0,NA,9,NA,NA,11.111,NA,NA,NA,NA,NA,NA,NA,NA,NA,NA,NA,NA,NA,NA,NA,NA,NA,NA,NA,NA,NA,NA,NA,NA,NA,NA,NA,NA,NA,20.45,23,NA,NA,NA,NA,NA,NA,NA,NA,NA,NA,NA,NA,NA,NA,NA,NA,NA,0,NA,0,NA,0,0,0,NA,NA,NA,NA,NA,NA,NA,NA,NA,NA,0,0,"Search results-5.xlsx","COLOMBIA_A",NA,NA,"COL","Colombia","PAS","COL_PAS","Wingers",NA
"Y. Martínez","Boyacá Chicó","Boyacá Chicó","LB",24,NA,NA,4,349,0,0.03,0,0.27,17.79,59.42,"Colombia","Colombia","derecho",173,66,NA,12.38,7.48,72.41,64.29,1.03,1.4,0,5.93,8.02,0.77,0,0,0,0,2.32,0,0,0,0.01,0,0,1,0.26,0,0,6.19,25,6.19,25,0,0,0.52,0.77,100,4.64,38.89,0,2.06,0,24.24,2.06,1.29,34.04,65.91,13.41,59.62,3.61,100,11.35,59.09,22.44,83.91,5.93,34.78,22.34,35.74,0.07,0.77,0,0,0,0,0.26,5.93,43.48,4.13,31.25,0.52,0,0,1.55,7.22,71.43,0,NA,0,NA,0,0,0,0,NA,NA,0.77,NA,NA,0.52,0,0,0,0,0,"players.xlsx","COLOMBIA_A",50000,"no","COL","Colombia","BYC","COL_BYC","Defenders Wingers",NA
"J. Moreno","Deportivo Cali","Deportivo Cali","CF",21,0,NA,8,349,0,0.17,0,0.09,NA,NA,"Colombia","Colombia","unknown",0,0,"no",NA,NA,NA,NA,NA,0.8,NA,NA,2.4,NA,3,NA,0,NA,NA,NA,0,NA,NA,0,NA,7,NA,NA,0,NA,NA,NA,NA,NA,NA,NA,NA,NA,NA,NA,NA,NA,NA,NA,NA,NA,NA,NA,NA,NA,NA,NA,NA,NA,NA,NA,NA,NA,15.38,0,NA,NA,NA,NA,NA,NA,NA,NA,NA,NA,NA,NA,NA,NA,NA,NA,NA,0,NA,0,NA,0,0,0,NA,NA,NA,NA,NA,NA,NA,NA,NA,NA,0,0,"Search results-5.xlsx","COLOMBIA_A",NA,NA,"COL","Colombia","CAL","COL_CAL","Forwards",NA
"J. Blanco","Técnico Universitario","Atlético Bucaramanga","CF",33,NA,NA,7,348,0,2.1,0,0,16.03,30.65,"Colombia","Colombia","derecho",181,69,NA,2.59,2.59,50,40.74,0.52,1.15,0.26,0.78,1.73,1.03,1,0.26,0,0,1.03,0,0,0,0.54,0,0,9,2.33,33.33,0,0.78,33.33,0.78,33.33,0,0,0,0.26,0,5.69,9.09,3.36,0.26,0.26,11.12,1.29,0.26,14.48,83.93,2.84,72.73,5.17,100,2.84,63.64,13.19,88.24,0.52,50,15.76,3.02,0,0,0,0,0,0,0,0.52,100,0.52,50,0,0,0,0.26,0.78,66.67,0,NA,0,NA,0,0,0,0,NA,NA,0.26,NA,NA,0,0,0,0,0,0,"players.xlsx","COLOMBIA_A",6e+05,"no","COL",NA,NA,NA,"Forwards",NA
"J. Blanco","Atlético Bucaramanga","Atlético Bucaramanga","CF",33,6e+05,NA,7,348,0,2.1,0,0,NA,NA,"Colombia","Colombia","derecho",181,69,"no",NA,NA,NA,NA,NA,1.15,NA,NA,1.73,NA,1,NA,0,NA,NA,NA,0,NA,NA,0,NA,9,NA,NA,0,NA,NA,NA,NA,NA,NA,NA,NA,NA,NA,NA,NA,NA,NA,NA,NA,NA,NA,NA,NA,NA,NA,NA,NA,NA,NA,NA,NA,NA,15.76,3.02,NA,NA,NA,NA,NA,NA,NA,NA,NA,NA,NA,NA,NA,NA,NA,NA,NA,0,NA,0,NA,0,0,0,NA,NA,NA,NA,NA,NA,NA,NA,NA,NA,0,0,"Search results-5.xlsx","COLOMBIA_A",NA,NA,"COL","Colombia","BUC","COL_BUC","Forwards",NA
"L. Correa","Cerro Largo","Cerro Largo","RCB",29,350000,NA,5,346,0,0,1,0.07,NA,NA,"Uruguay","Uruguay, Italy","derecho",180,76,"no",NA,NA,NA,NA,NA,0.99,NA,NA,3.96,NA,1,NA,0,NA,NA,NA,0,NA,NA,0,NA,0,NA,NA,0,NA,NA,NA,NA,NA,NA,NA,NA,NA,NA,NA,NA,NA,NA,NA,NA,NA,NA,NA,NA,NA,NA,NA,NA,NA,NA,NA,NA,NA,18.24,29.03,NA,NA,NA,NA,NA,NA,NA,NA,NA,NA,NA,NA,NA,NA,NA,NA,NA,0,NA,0,NA,0,0,0,NA,NA,NA,NA,NA,NA,NA,NA,NA,NA,0,0,"Search results-5.xlsx","COLOMBIA_A",NA,NA,"COL",NA,NA,NA,"Defenders",NA
"F. Mimbacas","Deportivo Cali","Deportivo Cali","CF",23,0,"2028-06-30",9,345,2,1.1,0,0,NA,NA,"Uruguay","Uruguay","izquierdo",195,0,"si",NA,NA,NA,NA,NA,0,NA,NA,3.44,NA,2,NA,0,NA,NA,NA,1,NA,NA,0,NA,3,NA,NA,66.667,NA,NA,NA,NA,NA,NA,NA,NA,NA,NA,NA,NA,NA,NA,NA,NA,NA,NA,NA,NA,NA,NA,NA,NA,NA,NA,NA,NA,NA,13.46,7.79,NA,NA,NA,NA,NA,NA,NA,NA,NA,NA,NA,NA,NA,NA,NA,NA,NA,0,NA,0,NA,0,0,0,NA,NA,NA,NA,NA,NA,NA,NA,NA,NA,1,100,"Search results-5.xlsx","COLOMBIA_A",NA,NA,"COL","Colombia","CAL","COL_CAL","Forwards",NA
"F. Batista","Atlético Nacional","Atlético Nacional","CF",26,0,NA,9,344,3,1.95,0,0.22,NA,NA,"Uruguay","Uruguay","derecho",182,75,"no",NA,NA,NA,NA,NA,0,NA,NA,2.59,NA,0,NA,0,NA,NA,NA,2,NA,NA,0,NA,7,NA,NA,42.857,NA,NA,NA,NA,NA,NA,NA,NA,NA,NA,NA,NA,NA,NA,NA,NA,NA,NA,NA,NA,NA,NA,NA,NA,NA,NA,NA,NA,NA,14.91,2.98,NA,NA,NA,NA,NA,NA,NA,NA,NA,NA,NA,NA,NA,NA,NA,NA,NA,0,NA,0,NA,0,0,0,NA,NA,NA,NA,NA,NA,NA,NA,NA,NA,1,100,"Search results-5.xlsx","COLOMBIA_A",NA,NA,"COL","Colombia","NAC","COL_NAC","Forwards",NA
"Y. Congo","Unión Magdalena","Unión Magdalena","RDMF",27,3e+05,NA,10,344,0,0.36,0,0,NA,NA,"Colombia","Colombia","derecho",176,74,"no",NA,NA,NA,NA,NA,0,NA,NA,2.76,NA,1,NA,0,NA,NA,NA,0,NA,NA,0,NA,6,NA,NA,0,NA,NA,NA,NA,NA,NA,NA,NA,NA,NA,NA,NA,NA,NA,NA,NA,NA,NA,NA,NA,NA,NA,NA,NA,NA,NA,NA,NA,NA,16.25,17.23,NA,NA,NA,NA,NA,NA,NA,NA,NA,NA,NA,NA,NA,NA,NA,NA,NA,0,NA,0,NA,0,0,0,NA,NA,NA,NA,NA,NA,NA,NA,NA,NA,0,0,"Search results-5.xlsx","COLOMBIA_A",NA,NA,"COL","Colombia","UMG","COL_UMG","Defensive Midfield",NA
"M. Arteaga","Once Caldas","Once Caldas","AMF",26,2e+05,NA,9,338,0,0.15,0,0.57,NA,NA,"Colombia","Colombia","derecho",167,0,"no",NA,NA,NA,NA,NA,1.23,NA,NA,4.11,NA,2,NA,0,NA,NA,NA,0,NA,NA,0,NA,2,NA,NA,0,NA,NA,NA,NA,NA,NA,NA,NA,NA,NA,NA,NA,NA,NA,NA,NA,NA,NA,NA,NA,NA,NA,NA,NA,NA,NA,NA,NA,NA,18.76,18.43,NA,NA,NA,NA,NA,NA,NA,NA,NA,NA,NA,NA,NA,NA,NA,NA,NA,0,NA,0,NA,0,0,0,NA,NA,NA,NA,NA,NA,NA,NA,NA,NA,0,0,"Search results-5.xlsx","COLOMBIA_A",NA,NA,"COL","Colombia","ONC","COL_ONC","Attacking Midfield",NA
"P. Preciado","Deportivo Pasto","Deportivo Pasto","CF",20,0,NA,9,338,1,0.62,0,0.07,NA,NA,"Colombia","Colombia",NA,0,0,"no",NA,NA,NA,NA,NA,0.43,NA,NA,1.74,NA,2,NA,0,NA,NA,NA,1,NA,NA,0,NA,6,NA,NA,16.667,NA,NA,NA,NA,NA,NA,NA,NA,NA,NA,NA,NA,NA,NA,NA,NA,NA,NA,NA,NA,NA,NA,NA,NA,NA,NA,NA,NA,NA,15.93,4.47,NA,NA,NA,NA,NA,NA,NA,NA,NA,NA,NA,NA,NA,NA,NA,NA,NA,0,NA,0,NA,0,0,0,NA,NA,NA,NA,NA,NA,NA,NA,NA,NA,0,0,"Search results-5.xlsx","COLOMBIA_A",NA,NA,"COL","Colombia","PAS","COL_PAS","Forwards",NA
"E. Arízalas","Deportivo Pereira","Deportivo Pereira","RAMF",23,NA,"2026-06-30",6,335,0,0.19,0,0,21.76,45.68,"Colombia","Colombia",NA,0,0,NA,6.99,4.3,75,33.33,0.27,0.39,0,3.49,5.06,0.27,1,0.27,0,0,3.22,0,0,0,0.05,0,0,4,1.07,25,0,4.3,12.5,1.61,16.67,2.69,10,0.27,4.3,56.25,13.7,39.22,2.69,3.76,0.27,19.07,1.88,1.88,25.25,67.02,4.3,50,5.1,94.74,8.33,61.29,19.88,81.08,1.34,20,18.44,15.53,0,0,0,0,0.27,0,0,1.34,60,2.15,12.5,0,0,0.27,0.27,2.69,60,0,NA,0,NA,0,0,0,0,NA,NA,0,NA,NA,0,0,0,0,0,0,"players.xlsx","COLOMBIA_A",0,"no","COL","Colombia","PER","COL_PER","Attacking Midfield",NA
"S. Viveros del Castillo","Millonarios","Millonarios","RDMF",20,0,NA,6,335,1,0.5,1,0.14,NA,NA,"Colombia","Colombia","unknown",0,0,"no",NA,NA,NA,NA,NA,0.67,NA,NA,5.33,NA,0,NA,0,NA,NA,NA,1,NA,NA,0,NA,8,NA,NA,12.5,NA,NA,NA,NA,NA,NA,NA,NA,NA,NA,NA,NA,NA,NA,NA,NA,NA,NA,NA,NA,NA,NA,NA,NA,NA,NA,NA,NA,NA,17.66,30.22,NA,NA,NA,NA,NA,NA,NA,NA,NA,NA,NA,NA,NA,NA,NA,NA,NA,0,NA,0,NA,0,0,0,NA,NA,NA,NA,NA,NA,NA,NA,NA,NA,0,0,"Search results-5.xlsx","COLOMBIA_A",NA,NA,"COL","Colombia","MIL","COL_MIL","Defensive Midfield",NA
"J. Pérez","Victoria","Victoria","LW",34,250000,NA,5,332,1,0.94,0,0,NA,NA,"Colombia","Colombia","derecho",178,75,"no",NA,NA,NA,NA,NA,0,NA,NA,2.27,NA,1,NA,0,NA,NA,NA,0,NA,NA,0,NA,4,NA,NA,25,NA,NA,NA,NA,NA,NA,NA,NA,NA,NA,NA,NA,NA,NA,NA,NA,NA,NA,NA,NA,NA,NA,NA,NA,NA,NA,NA,NA,NA,14.82,5.46,NA,NA,NA,NA,NA,NA,NA,NA,NA,NA,NA,NA,NA,NA,NA,NA,NA,0,NA,0,NA,0,0,0,NA,NA,NA,NA,NA,NA,NA,NA,NA,NA,1,100,"Search results-5.xlsx","COLOMBIA_A",NA,NA,"COL",NA,NA,NA,"Wingers",NA
"R. Caicedo","Atlético Nacional","Atlético Nacional","LCB",19,NA,NA,4,331,0,0,0,0,12.24,55.56,"Colombia","Colombia","unknown",0,0,NA,8.16,4.89,77.78,36.36,0,0,0.82,4.35,7.27,1.09,1,0.27,0,0,0.27,0,0,0,0,0,0,1,0.27,0,0,0.27,0,0.27,0,0,0,0,0.54,50,2.72,20,0.27,0.82,0,28.55,0.82,0.27,41.6,83.66,18.76,76.81,2.45,100,19.03,87.14,34.53,91.34,6.8,48,23.61,42.62,0,0,0,0,0,0,0,4.89,61.11,0.54,0,0.54,50,0,0,8.16,70,0,NA,0,NA,0,0,0,0,NA,NA,2.45,NA,NA,0,0,0,0,0,0,"players.xlsx","COLOMBIA_A",0,"no","COL","Colombia","NAC","COL_NAC","Defenders",NA
"S. Guzmán","Estudiantes de Mérida","Estudiantes de Mérida","RB",25,2e+05,NA,5,330,0,0,0,0.01,NA,NA,"Colombia","Colombia","derecho",179,69,"no",NA,NA,NA,NA,NA,0,NA,NA,4.8,NA,1,NA,0,NA,NA,NA,0,NA,NA,0,NA,0,NA,NA,0,NA,NA,NA,NA,NA,NA,NA,NA,NA,NA,NA,NA,NA,NA,NA,NA,NA,NA,NA,NA,NA,NA,NA,NA,NA,NA,NA,NA,NA,19.2,27.7,NA,NA,NA,NA,NA,NA,NA,NA,NA,NA,NA,NA,NA,NA,NA,NA,NA,0,NA,0,NA,0,0,0,NA,NA,NA,NA,NA,NA,NA,NA,NA,NA,0,0,"Search results-5.xlsx","COLOMBIA_A",NA,NA,"COL",NA,NA,NA,"Defenders Wingers",NA
"C. Cantillo","Junior","Junior","LB",22,150000,NA,8,324,0,0.39,1,0.03,NA,NA,"Colombia","Colombia","izquierdo",176,73,"no",NA,NA,NA,NA,NA,0.97,NA,NA,5.81,NA,0,NA,0,NA,NA,NA,0,NA,NA,0,NA,5,NA,NA,0,NA,NA,NA,NA,NA,NA,NA,NA,NA,NA,NA,NA,NA,NA,NA,NA,NA,NA,NA,NA,NA,NA,NA,NA,NA,NA,NA,NA,NA,15.22,15.58,NA,NA,NA,NA,NA,NA,NA,NA,NA,NA,NA,NA,NA,NA,NA,NA,NA,0,NA,0,NA,0,0,0,NA,NA,NA,NA,NA,NA,NA,NA,NA,NA,0,0,"Search results-5.xlsx","COLOMBIA_A",NA,NA,"COL","Colombia","JNR","COL_JNR","Defenders Wingers",NA
"C. Gaitán","Boyacá Chicó","Boyacá Chicó","RCMF",35,25000,NA,6,322,0,0.06,0,0.01,NA,NA,"Argentina","Argentina, Italy","derecho",173,69,"no",NA,NA,NA,NA,NA,0.33,NA,NA,3.3,NA,3,NA,0,NA,NA,NA,0,NA,NA,0,NA,1,NA,NA,0,NA,NA,NA,NA,NA,NA,NA,NA,NA,NA,NA,NA,NA,NA,NA,NA,NA,NA,NA,NA,NA,NA,NA,NA,NA,NA,NA,NA,NA,17.88,24.29,NA,NA,NA,NA,NA,NA,NA,NA,NA,NA,NA,NA,NA,NA,NA,NA,NA,0,NA,0,NA,0,0,0,NA,NA,NA,NA,NA,NA,NA,NA,NA,NA,0,0,"Search results-5.xlsx","COLOMBIA_A",NA,NA,"COL","Colombia","BYC","COL_BYC","Midfield",NA
"C. Meli","Santa Fe","Santa Fe","CF",33,5e+05,"2026-12-31",7,318,0,0,0,0.16,NA,NA,"Argentina","Argentina","derecho",174,79,"no",NA,NA,NA,NA,NA,1.18,NA,NA,3.16,NA,1,NA,1,NA,NA,NA,0,NA,NA,0,NA,2,NA,NA,0,NA,NA,NA,NA,NA,NA,NA,NA,NA,NA,NA,NA,NA,NA,NA,NA,NA,NA,NA,NA,NA,NA,NA,NA,NA,NA,NA,NA,NA,18.48,30.81,NA,NA,NA,NA,NA,NA,NA,NA,NA,NA,NA,NA,NA,NA,NA,NA,NA,0,NA,0,NA,0,0,0,NA,NA,NA,NA,NA,NA,NA,NA,NA,NA,0,0,"Search results-5.xlsx","COLOMBIA_A",NA,NA,"COL","Colombia","STF","COL_STF","Forwards",NA
"A. Palacios","Envigado","Envigado","LW",21,0,NA,10,315,0,0.03,0,0.24,NA,NA,"Colombia","Colombia",NA,0,0,"no",NA,NA,NA,NA,NA,0,NA,NA,3.39,NA,0,NA,0,NA,NA,NA,0,NA,NA,0,NA,2,NA,NA,0,NA,NA,NA,NA,NA,NA,NA,NA,NA,NA,NA,NA,NA,NA,NA,NA,NA,NA,NA,NA,NA,NA,NA,NA,NA,NA,NA,NA,NA,17.27,15.89,NA,NA,NA,NA,NA,NA,NA,NA,NA,NA,NA,NA,NA,NA,NA,NA,NA,0,NA,0,NA,0,0,0,NA,NA,NA,NA,NA,NA,NA,NA,NA,NA,0,0,"Search results-5.xlsx","COLOMBIA_A",NA,NA,"COL","Colombia","ENV","COL_ENV","Wingers",NA
"G. Álvarez","Oriente Petrolero","Once Caldas","CF",33,NA,NA,13,314,1,1.88,0,0,12.04,47.62,"Bolivia","Bolivia","derecho",185,80,NA,2.29,2.01,71.43,36.36,0,0,0,0.86,1.38,0.29,1,0.29,0,0,1.15,0.29,1,0.29,0.54,0,0,8,2.29,50,12.5,0.86,0,0,0,0.86,0,0,0.29,0,1.43,60,2.01,0.57,0,5.16,0.57,0.29,10.89,71.05,2.01,57.14,2.58,100,3.15,63.64,9.75,79.41,0.29,0,9.89,3.54,0,0,0,0,0,0,0,0.57,50,0.86,66.67,0,0,0.57,0,0.29,0,0,NA,0,NA,0,0,0,0,NA,NA,0.29,NA,NA,0,0,0,0,1,0,"players.xlsx","COLOMBIA_A",350000,"no","COL",NA,NA,NA,"Forwards",NA
"F. López","Tolima","Tolima","CF",32,4e+05,"2025-06-30",8,304,1,1.54,0,0.09,NA,NA,"Uruguay","Uruguay","derecho",172,71,"no",NA,NA,NA,NA,NA,0,NA,NA,3.5,NA,0,NA,0,NA,NA,NA,1,NA,NA,0,NA,10,NA,NA,10,NA,NA,NA,NA,NA,NA,NA,NA,NA,NA,NA,NA,NA,NA,NA,NA,NA,NA,NA,NA,NA,NA,NA,NA,NA,NA,NA,NA,NA,15.96,12.32,NA,NA,NA,NA,NA,NA,NA,NA,NA,NA,NA,NA,NA,NA,NA,NA,NA,0,NA,0,NA,0,0,0,NA,NA,NA,NA,NA,NA,NA,NA,NA,NA,0,0,"Search results-5.xlsx","COLOMBIA_A",NA,NA,"COL","Colombia","TOL","COL_TOL","Forwards",NA
"M. Balanta Viveros","Santa Fe","Santa Fe","LAMF",17,0,NA,10,302,0,0.33,0,0.42,NA,NA,"Colombia","Colombia",NA,0,0,"no",NA,NA,NA,NA,NA,0.48,NA,NA,4.35,NA,2,NA,0,NA,NA,NA,0,NA,NA,0,NA,9,NA,NA,0,NA,NA,NA,NA,NA,NA,NA,NA,NA,NA,NA,NA,NA,NA,NA,NA,NA,NA,NA,NA,NA,NA,NA,NA,NA,NA,NA,NA,NA,16.92,10.46,NA,NA,NA,NA,NA,NA,NA,NA,NA,NA,NA,NA,NA,NA,NA,NA,NA,0,NA,0,NA,0,0,0,NA,NA,NA,NA,NA,NA,NA,NA,NA,NA,0,0,"Search results-5.xlsx","COLOMBIA_A",NA,NA,"COL","Colombia","STF","COL_STF","Attacking Midfield",NA
"A. Muñoz","Boyacá Chicó","Boyacá Chicó","RB",21,0,NA,3,297,0,0.02,0,0,NA,NA,"Venezuela","Venezuela","derecho",0,0,"no",NA,NA,NA,NA,NA,0.37,NA,NA,5.93,NA,1,NA,0,NA,NA,NA,0,NA,NA,0,NA,1,NA,NA,0,NA,NA,NA,NA,NA,NA,NA,NA,NA,NA,NA,NA,NA,NA,NA,NA,NA,NA,NA,NA,NA,NA,NA,NA,NA,NA,NA,NA,NA,21.33,29.74,NA,NA,NA,NA,NA,NA,NA,NA,NA,NA,NA,NA,NA,NA,NA,NA,NA,0,NA,0,NA,0,0,0,NA,NA,NA,NA,NA,NA,NA,NA,NA,NA,0,0,"Search results-5.xlsx","COLOMBIA_A",NA,NA,"COL","Colombia","BYC","COL_BYC","Defenders Wingers",NA
"E. Arrechea Carabalí","Fortaleza U20","Fortaleza","LB",19,NA,NA,5,294,0,0.05,0,0,18.06,50.85,"Colombia","Colombia","izquierdo",0,0,NA,12.24,7.96,65.38,60,1.22,1.82,0,5.82,8.64,1.53,1,0.31,0,0,1.53,0,0,0,0.02,0,0,1,0.31,0,0,1.53,20,1.53,20,0,0,0,1.84,66.67,7.35,37.5,0.31,0.61,0,16.84,0.61,0.92,28.16,78.26,10.71,65.71,6.43,95.24,6.43,76.19,25.1,82.93,1.53,60,12.81,23.09,0,0,0,0,0,0,0,2.14,85.71,1.22,25,0,0,0,0.61,5.2,58.82,0,NA,0,NA,0,0,0,0,NA,NA,0.61,NA,NA,0,0,0,0,0,0,"players.xlsx","COLOMBIA_A",0,"no","COL",NA,NA,NA,"Defenders Wingers",NA
"C. Uribe","Atlético Nacional U18","Atlético Nacional","RB",17,NA,NA,6,293,0,0.03,0,0,18.43,68.33,"Colombia","Colombia","unknown",0,0,NA,10.44,7.99,73.08,71.43,0.31,0.48,0.61,4.3,6.77,0.31,0,0,0,0,0.61,0,0,0,0.01,0,0,1,0.31,0,0,1.54,0,0,0,1.54,0,0,1.54,40,4.3,50,0.31,1.23,0,20.58,3.99,0.31,30.41,72.73,11.37,64.86,3.99,100,8.29,70.37,27.34,77.53,1.84,50,19.6,27.32,0,0,0,0,0,0,0,3.38,72.73,1.54,20,0,0,0.31,0,3.99,61.54,0,NA,0,NA,0,0,0,0,NA,NA,0.92,NA,NA,0,0,0,0,0,0,"players.xlsx","COLOMBIA_A",0,"no","COL",NA,NA,NA,"Defenders Wingers",NA
"C. Uribe","Atlético Nacional","Atlético Nacional","RB",17,0,NA,6,293,0,0.03,0,0,NA,NA,"Colombia","Colombia","unknown",0,0,"no",NA,NA,NA,NA,NA,0.48,NA,NA,6.77,NA,0,NA,0,NA,NA,NA,0,NA,NA,0,NA,1,NA,NA,0,NA,NA,NA,NA,NA,NA,NA,NA,NA,NA,NA,NA,NA,NA,NA,NA,NA,NA,NA,NA,NA,NA,NA,NA,NA,NA,NA,NA,NA,19.6,27.32,NA,NA,NA,NA,NA,NA,NA,NA,NA,NA,NA,NA,NA,NA,NA,NA,NA,0,NA,0,NA,0,0,0,NA,NA,NA,NA,NA,NA,NA,NA,NA,NA,0,0,"Search results-5.xlsx","COLOMBIA_A",NA,NA,"COL","Colombia","NAC","COL_NAC","Defenders Wingers",NA
"R. Romaña","Llaneros","Llaneros","GK",28,50000,NA,3,293,0,0,0,0,NA,NA,"Colombia","Colombia","derecho",180,74,"no",NA,NA,NA,NA,NA,0,NA,NA,2.84,NA,0,NA,0,NA,NA,NA,0,NA,NA,0,NA,0,NA,NA,0,NA,NA,NA,NA,NA,NA,NA,NA,NA,NA,NA,NA,NA,NA,NA,NA,NA,NA,NA,NA,NA,NA,NA,NA,NA,NA,NA,NA,NA,30.71,50.34,NA,NA,NA,NA,NA,NA,NA,NA,NA,NA,NA,NA,NA,NA,NA,NA,NA,5,NA,21,NA,0,76.19,9.1,NA,4.1,NA,NA,NA,NA,NA,NA,NA,NA,0,0,"Search results-5.xlsx","COLOMBIA_A",NA,NA,"COL","Colombia","LNR","COL_LNR","Goalkeepers",NA
"R. Torres","Binacional","Binacional","AMF",33,3e+05,NA,10,273,0,0.76,1,1.38,NA,NA,"Colombia","Colombia, United States","derecho",169,67,"no",NA,NA,NA,NA,NA,0.61,NA,NA,2.45,NA,0,NA,0,NA,NA,NA,0,NA,NA,0,NA,2,NA,NA,0,NA,NA,NA,NA,NA,NA,NA,NA,NA,NA,NA,NA,NA,NA,NA,NA,NA,NA,NA,NA,NA,NA,NA,NA,NA,NA,NA,NA,NA,18.91,29.95,NA,NA,NA,NA,NA,NA,NA,NA,NA,NA,NA,NA,NA,NA,NA,NA,NA,0,NA,0,NA,0,0,0,NA,NA,NA,NA,NA,NA,NA,NA,NA,NA,1,0,"Search results-5.xlsx","COLOMBIA_A",NA,NA,"COL",NA,NA,NA,"Attacking Midfield",NA
"Eric Larrama Camblong","Unión Magdalena","Unión Magdalena","LAMF",26,NA,NA,5,272,1,0.1,0,0.18,18.53,32.14,"Uruguay","Uruguay","izquierdo",184,74,NA,6.62,7.28,50,16.67,1.32,2.07,0,1.65,2.59,1.99,0,0,0,0,3.64,0.33,1,0.33,0.03,0,0,4,1.32,25,25,3.31,40,3.31,40,0,0,0.33,3.97,50,6.62,30,0.99,1.32,0.33,14.23,1.65,0.33,20.51,69.35,4.3,61.54,4.3,92.31,7.28,63.64,16.21,77.55,0.99,33.33,16.84,7.62,0.06,0.33,0,0,0,0,0,1.99,66.67,4.63,42.86,0,0,0.66,1.32,3.97,91.67,0,NA,0,NA,0,0,0,0,NA,NA,0,NA,NA,0,0,0,0,0,0,"players.xlsx","COLOMBIA_A",0,"no","COL","Colombia","UMG","COL_UMG","Attacking Midfield",NA
"P. Lima","Wanderers","Wanderers","DMF",34,NA,NA,4,271,0,0.13,0,0.26,NA,NA,"Uruguay","Uruguay, Italy","derecho",181,80,NA,NA,NA,NA,NA,NA,0.8,NA,NA,3.2,NA,0,NA,0,NA,NA,NA,0,NA,NA,0,NA,4,NA,NA,0,NA,NA,NA,NA,NA,NA,NA,NA,NA,NA,NA,NA,NA,NA,NA,NA,NA,NA,NA,NA,NA,NA,NA,NA,NA,NA,NA,NA,NA,17.41,38.78,NA,NA,NA,NA,NA,NA,NA,NA,NA,NA,NA,NA,NA,NA,NA,NA,NA,0,NA,0,NA,0,0,0,NA,NA,NA,NA,NA,NA,NA,NA,NA,NA,0,0,"players_2025-09-27.xlsx","COLOMBIA_A",4e+05,"no","COL",NA,NA,NA,"Defensive Midfield",NA
"J. Obregón","Águilas Doradas","Águilas Doradas","CF",28,5e+05,NA,6,262,1,0.95,0,0.1,NA,NA,"Colombia","Colombia","derecho",182,80,"no",NA,NA,NA,NA,NA,0.98,NA,NA,1.48,NA,0,NA,0,NA,NA,NA,1,NA,NA,0,NA,3,NA,NA,33.333,NA,NA,NA,NA,NA,NA,NA,NA,NA,NA,NA,NA,NA,NA,NA,NA,NA,NA,NA,NA,NA,NA,NA,NA,NA,NA,NA,NA,NA,13.57,16.83,NA,NA,NA,NA,NA,NA,NA,NA,NA,NA,NA,NA,NA,NA,NA,NA,NA,0,NA,0,NA,0,0,0,NA,NA,NA,NA,NA,NA,NA,NA,NA,NA,0,0,"Search results-5.xlsx","COLOMBIA_A",NA,NA,"COL","Colombia","AGD","COL_AGD","Forwards",NA
"N. Moreno","Atlético Bucaramanga","Atlético Bucaramanga","CF",28,450000,NA,5,257,1,1.1,1,0.54,NA,NA,"Colombia","Colombia","derecho",175,70,"no",NA,NA,NA,NA,NA,1.43,NA,NA,4.29,NA,0,NA,0,NA,NA,NA,1,NA,NA,0,NA,6,NA,NA,16.667,NA,NA,NA,NA,NA,NA,NA,NA,NA,NA,NA,NA,NA,NA,NA,NA,NA,NA,NA,NA,NA,NA,NA,NA,NA,NA,NA,NA,NA,15.48,6.91,NA,NA,NA,NA,NA,NA,NA,NA,NA,NA,NA,NA,NA,NA,NA,NA,NA,0,NA,0,NA,0,0,0,NA,NA,NA,NA,NA,NA,NA,NA,NA,NA,0,0,"Search results-5.xlsx","COLOMBIA_A",NA,NA,"COL","Colombia","BUC","COL_BUC","Forwards",NA
"M. Rea","Liverpool","Liverpool","RCB",27,NA,NA,4,254,0,0,0,0.01,NA,NA,"Uruguay","Uruguay","derecho",184,79,NA,NA,NA,NA,NA,NA,0.49,NA,NA,5.41,NA,1,NA,0,NA,NA,NA,0,NA,NA,0,NA,0,NA,NA,0,NA,NA,NA,NA,NA,NA,NA,NA,NA,NA,NA,NA,NA,NA,NA,NA,NA,NA,NA,NA,NA,NA,NA,NA,NA,NA,NA,NA,NA,16.2,24.68,NA,NA,NA,NA,NA,NA,NA,NA,NA,NA,NA,NA,NA,NA,NA,NA,NA,0,NA,0,NA,0,0,0,NA,NA,NA,NA,NA,NA,NA,NA,NA,NA,0,0,"players_2025-09-27.xlsx","COLOMBIA_A",7e+05,"no","COL",NA,NA,NA,"Defenders",NA
"F. Londoño","Carabobo","Carabobo","CF",25,0,NA,3,253,2,1.02,0,0.18,NA,NA,"Colombia","Colombia","derecho",180,82,"no",NA,NA,NA,NA,NA,0,NA,NA,3.69,NA,0,NA,0,NA,NA,NA,2,NA,NA,0,NA,5,NA,NA,40,NA,NA,NA,NA,NA,NA,NA,NA,NA,NA,NA,NA,NA,NA,NA,NA,NA,NA,NA,NA,NA,NA,NA,NA,NA,NA,NA,NA,NA,13.58,12.18,NA,NA,NA,NA,NA,NA,NA,NA,NA,NA,NA,NA,NA,NA,NA,NA,NA,0,NA,0,NA,0,0,0,NA,NA,NA,NA,NA,NA,NA,NA,NA,NA,0,0,"Search results-5.xlsx","COLOMBIA_A",NA,NA,"COL",NA,NA,NA,"Forwards",NA
"K. Angulo","América de Cali U20","América de Cali U20","CF",17,0,NA,9,249,0,0.44,0,0.01,NA,NA,"Colombia","Colombia","unknown",0,0,"no",NA,NA,NA,NA,NA,0.7,NA,NA,1.4,NA,0,NA,0,NA,NA,NA,0,NA,NA,0,NA,5,NA,NA,0,NA,NA,NA,NA,NA,NA,NA,NA,NA,NA,NA,NA,NA,NA,NA,NA,NA,NA,NA,NA,NA,NA,NA,NA,NA,NA,NA,NA,NA,20.12,0,NA,NA,NA,NA,NA,NA,NA,NA,NA,NA,NA,NA,NA,NA,NA,NA,NA,0,NA,0,NA,0,0,0,NA,NA,NA,NA,NA,NA,NA,NA,NA,NA,0,0,"Search results-5.xlsx","COLOMBIA_A",NA,NA,"COL",NA,NA,NA,"Forwards",NA
"J. Villa","Borneo FC","Borneo FC","RW",25,4e+05,NA,6,246,1,0.21,0,0.18,NA,NA,"Colombia","Colombia","derecho",177,74,"no",NA,NA,NA,NA,NA,1.25,NA,NA,2.5,NA,0,NA,0,NA,NA,NA,1,NA,NA,0,NA,5,NA,NA,20,NA,NA,NA,NA,NA,NA,NA,NA,NA,NA,NA,NA,NA,NA,NA,NA,NA,NA,NA,NA,NA,NA,NA,NA,NA,NA,NA,NA,NA,18.14,37.82,NA,NA,NA,NA,NA,NA,NA,NA,NA,NA,NA,NA,NA,NA,NA,NA,NA,0,NA,0,NA,0,0,0,NA,NA,NA,NA,NA,NA,NA,NA,NA,NA,0,0,"Search results-5.xlsx","COLOMBIA_A",NA,NA,"COL",NA,NA,NA,"Wingers",NA
"G. Medina","Atlético Bucaramanga","Atlético Bucaramanga","CF",NA,0,NA,8,244,3,0.97,0,0.3,NA,NA,"Colombia","Colombia",NA,0,0,"no",NA,NA,NA,NA,NA,0,NA,NA,2.5,NA,1,NA,0,NA,NA,NA,3,NA,NA,0,NA,5,NA,NA,60,NA,NA,NA,NA,NA,NA,NA,NA,NA,NA,NA,NA,NA,NA,NA,NA,NA,NA,NA,NA,NA,NA,NA,NA,NA,NA,NA,NA,NA,12.25,2.76,NA,NA,NA,NA,NA,NA,NA,NA,NA,NA,NA,NA,NA,NA,NA,NA,NA,0,NA,0,NA,0,0,0,NA,NA,NA,NA,NA,NA,NA,NA,NA,NA,0,0,"Search results-5.xlsx","COLOMBIA_A",NA,NA,"COL","Colombia","BUC","COL_BUC","Forwards",NA
"D. Pabón","Envigado","Envigado","CF",37,NA,"2026-06-30",4,240,0,0.61,0,0.22,8.63,47.83,"Colombia","Colombia","derecho",168,72,NA,3.75,2.25,83.33,14.29,0.75,0.98,0,1.13,1.48,0.75,0,0,0,0,3,0,0,0,0.23,0,0,10,3.75,40,0,2.25,33.33,0,0,2.25,33.33,0.75,1.5,50,3,62.5,1.88,0.38,0,22.5,1.13,0.75,24.75,72.73,8.25,54.55,3,87.5,10.13,77.78,17.25,86.96,5.25,42.86,22.85,37.46,0.08,2.25,0,0,0,0,0,6.38,52.94,3.75,50,1.88,40,1.5,0.75,6.75,66.67,0,NA,0,NA,0,0,0,0,NA,NA,0,NA,NA,1.13,0.38,100,1.5,0,0,"players.xlsx","COLOMBIA_A",3e+05,"no","COL","Colombia","ENV","COL_ENV","Forwards",NA
"L. Ríos","Santa Fe","Santa Fe","AMF",27,NA,"2025-06-30",8,234,0,0.06,0,0.31,21.54,48.21,"Argentina","Argentina","derecho",176,75,NA,6.92,6.15,68.75,37.5,0.77,1.15,0.38,1.92,2.88,1.54,1,0.38,0,0,1.92,0,0,0,0.02,0,0,2,0.77,50,0,1.54,25,0.38,0,1.15,33.33,0,2.69,42.86,8.85,43.48,2.69,3.08,0,21.15,0.38,2.31,29.62,63.64,11.92,58.06,3.46,88.89,7.31,57.89,26.54,66.67,1.92,40,16.89,23.71,0.12,1.15,0,0,0.77,0,0,3.85,50,2.31,16.67,0.77,0,0.38,0.38,5.38,50,0,NA,0,NA,0,0,0,0,NA,NA,0,NA,NA,0.38,0,0,0.77,0,0,"players.xlsx","COLOMBIA_A",450000,"si","COL","Colombia","STF","COL_STF","Attacking Midfield",NA
"E. Ricardo","La Equidad","La Equidad","LCMF",20,NA,"2029-06-30",3,231,1,0.21,0,0.09,16.75,44.19,"Colombia","Colombia","unknown",0,0,NA,7.79,4.68,58.33,50,0.39,0.55,0,4.68,6.55,1.17,1,0.39,0,0,0.78,0.39,1,0.39,0.08,1,0.39,4,1.56,25,25,0,0,0,0,0,0,0,1.56,25,9.35,41.67,0.39,1.95,0.39,15.19,0.78,2.34,26.1,89.55,6.62,94.12,4.29,90.91,11.69,86.67,22.21,91.23,3.9,80,22.18,44.31,0.04,0.39,0,0,0,0,0.39,5.45,78.57,0,0,0.78,50,0,0,4.29,100,0,NA,0,NA,0,0,0,0,NA,NA,1.95,NA,NA,0.39,0.39,0,0,0,0,"players.xlsx","COLOMBIA_A",0,"no","COL","Colombia","EQU","COL_EQU","Midfield",NA
"A. Valencia","Boyacá Chicó","Boyacá Chicó","LW",22,NA,NA,7,231,0,0.11,0,0.01,NA,NA,"Colombia","Colombia",NA,0,0,NA,NA,NA,NA,NA,NA,0,NA,NA,2.18,NA,0,NA,0,NA,NA,NA,0,NA,NA,0,NA,2,NA,NA,0,NA,NA,NA,NA,NA,NA,NA,NA,NA,NA,NA,NA,NA,NA,NA,NA,NA,NA,NA,NA,NA,NA,NA,NA,NA,NA,NA,NA,NA,12.41,2.16,NA,NA,NA,NA,NA,NA,NA,NA,NA,NA,NA,NA,NA,NA,NA,NA,NA,0,NA,0,NA,0,0,0,NA,NA,NA,NA,NA,NA,NA,NA,NA,NA,0,0,"players_2025-09-27.xlsx","COLOMBIA_A",0,"no","COL","Colombia","BYC","COL_BYC","Wingers",NA
"D. Castro Schmalbach","La Equidad","La Equidad","RCMF",19,NA,NA,5,227,0,0,0,0,16.26,41.46,"Colombia","Colombia",NA,0,0,NA,9.52,7.53,52.63,33.33,1.59,1.82,0,3.96,4.55,1.98,1,0.4,0,0,1.19,0,0,0,0,0,0,0,0,0,0,0,0,0,0,0,0,0,1.59,75,5.15,38.46,0,0,0,26.17,0.4,0.79,36.48,73.91,9.52,50,3.57,88.89,17.84,82.22,28.94,78.08,7.53,57.89,20.82,41.08,0,0,0,0,0,0,0,6.34,62.5,1.19,33.33,0.79,0,0,0,6.74,47.06,0,NA,0,NA,0,0,0,0,NA,NA,1.19,NA,NA,0,0,0,0,0,0,"players.xlsx","COLOMBIA_A",0,"no","COL","Colombia","EQU","COL_EQU","Midfield",NA
"E. Cabezas Rico","Fortaleza U20","Fortaleza U20","RB",20,0,NA,5,222,0,0,0,0.04,NA,NA,"Colombia","Colombia","unknown",0,0,"no",NA,NA,NA,NA,NA,1.88,NA,NA,5.63,NA,0,NA,0,NA,NA,NA,0,NA,NA,0,NA,0,NA,NA,0,NA,NA,NA,NA,NA,NA,NA,NA,NA,NA,NA,NA,NA,NA,NA,NA,NA,NA,NA,NA,NA,NA,NA,NA,NA,NA,NA,NA,NA,17.94,16.83,NA,NA,NA,NA,NA,NA,NA,NA,NA,NA,NA,NA,NA,NA,NA,NA,NA,0,NA,0,NA,0,0,0,NA,NA,NA,NA,NA,NA,NA,NA,NA,NA,0,0,"Search results-5.xlsx","COLOMBIA_A",NA,NA,"COL",NA,NA,NA,"Defenders Wingers",NA
"A. Mehring","Santa Fe","Santa Fe","GK",31,NA,"2026-06-30",3,220,0,0,0,0,0.41,100,"Argentina","Argentina","derecho",191,82,NA,2.05,0,0,100,0,0,0,2.05,2.73,0,0,0,0,0,0,0,0,0,0,0,0,0,0,0,0,0,0,0,0,0,0,0,0,0,0,0,0,0,0,3.68,0,0,9,86.36,6.95,82.35,0,0,1.64,100,4.09,100,4.5,81.82,25.73,30.78,0,0,0,0,0,0,0,0.82,50,0.41,0,0.41,0,0,0,4.09,90,2,0.82,7,2.86,1,71.43,2.79,1.14,0.79,0.323,0,2.86,0.41,NA,NA,NA,0,0,0,"players.xlsx","COLOMBIA_A",3e+05,"no","COL","Colombia","STF","COL_STF","Goalkeepers",NA
"A. Mehring","Academia Puerto Cabello","Academia Puerto Cabello","GK",31,3e+05,"2026-06-30",3,220,0,0,0,0,NA,NA,"Argentina","Argentina","derecho",191,82,"no",NA,NA,NA,NA,NA,0,NA,NA,2.73,NA,0,NA,0,NA,NA,NA,0,NA,NA,0,NA,0,NA,NA,0,NA,NA,NA,NA,NA,NA,NA,NA,NA,NA,NA,NA,NA,NA,NA,NA,NA,NA,NA,NA,NA,NA,NA,NA,NA,NA,NA,NA,NA,25.73,30.78,NA,NA,NA,NA,NA,NA,NA,NA,NA,NA,NA,NA,NA,NA,NA,NA,NA,2,NA,7,NA,1,71.43,2.79,NA,0.79,NA,NA,NA,NA,NA,NA,NA,NA,0,0,"Search results-5.xlsx","COLOMBIA_A",NA,NA,"COL",NA,NA,NA,"Goalkeepers",NA
"A. Andrade","Atlético Bucaramanga","Atlético Bucaramanga","LAMF",36,NA,NA,5,219,0,0.35,0,1.58,19.32,46.81,"Colombia","Colombia, Mexico","derecho",183,73,NA,6.99,6.58,68.75,33.33,1.23,2,0,1.23,2,1.23,0,0,0,0,5.34,0,0,0,0.14,0,0,4,1.64,50,0,2.05,60,0.82,50,1.23,66.67,1.23,4.52,63.64,10.27,36,2.47,2.47,1.64,20.55,1.23,0.41,27.95,77.94,6.58,68.75,6.58,87.5,9.04,68.18,22.6,85.45,3.29,37.5,17.34,30.66,0.65,2.88,0,0,0.41,100,2.05,4.52,81.82,4.11,60,0.82,50,1.64,1.23,6.58,75,0,NA,0,NA,0,0,0,0,NA,NA,0.41,NA,NA,0.82,0,0,2.47,0,0,"players.xlsx","COLOMBIA_A",3e+05,"no","COL","Colombia","BUC","COL_BUC","Attacking Midfield",NA
"A. Artunduaga","Atlético Bucaramanga","Atlético Bucaramanga","LB",28,250000,NA,4,218,0,0,0,0,NA,NA,"Colombia","Colombia","izquierdo",175,72,"no",NA,NA,NA,NA,NA,2.54,NA,NA,7.12,NA,0,NA,0,NA,NA,NA,0,NA,NA,0,NA,0,NA,NA,0,NA,NA,NA,NA,NA,NA,NA,NA,NA,NA,NA,NA,NA,NA,NA,NA,NA,NA,NA,NA,NA,NA,NA,NA,NA,NA,NA,NA,NA,17.84,8.43,NA,NA,NA,NA,NA,NA,NA,NA,NA,NA,NA,NA,NA,NA,NA,NA,NA,0,NA,0,NA,0,0,0,NA,NA,NA,NA,NA,NA,NA,NA,NA,NA,0,0,"Search results-5.xlsx","COLOMBIA_A",NA,NA,"COL","Colombia","BUC","COL_BUC","Defenders Wingers",NA
"L. Angulo","Envigado","Envigado","LCMF",23,NA,NA,5,214,0,0.05,0,0,NA,NA,"Colombia","Colombia",NA,181,0,NA,NA,NA,NA,NA,NA,0.59,NA,NA,8.82,NA,1,NA,0,NA,NA,NA,0,NA,NA,0,NA,1,NA,NA,0,NA,NA,NA,NA,NA,NA,NA,NA,NA,NA,NA,NA,NA,NA,NA,NA,NA,NA,NA,NA,NA,NA,NA,NA,NA,NA,NA,NA,NA,18.15,31.59,NA,NA,NA,NA,NA,NA,NA,NA,NA,NA,NA,NA,NA,NA,NA,NA,NA,0,NA,0,NA,0,0,0,NA,NA,NA,NA,NA,NA,NA,NA,NA,NA,0,0,"players_2025-09-27.xlsx","COLOMBIA_A",250000,"no","COL","Colombia","ENV","COL_ENV","Midfield",NA
"A. Moralez","Atlético Bucaramanga","Atlético Bucaramanga","RCB",24,NA,NA,2,209,0,0.13,0,0.34,15.07,62.86,"Colombia","Colombia","derecho",190,77,NA,9.47,7.75,72.22,50,0.43,0.7,0,3.44,5.58,1.29,0,0,0,0,0.43,0,0,0,0.06,0,0,4,1.72,25,0,0,0,0,0,0,0,0,0.43,0,2.15,40,1.72,1.29,0,31.44,0,0.86,46.51,87.96,24.11,78.57,0.43,100,17.22,97.5,40.91,93.68,5.6,46.15,22.12,48.82,0.15,0.43,0,0,0,0,0.43,6.89,62.5,0.86,0,0,0,0.43,0,9.04,85.71,0,NA,0,NA,0,0,0,0,NA,NA,0,NA,NA,0,0,0,0,0,0,"players.xlsx","COLOMBIA_A",3e+05,"no","COL","Colombia","BUC","COL_BUC","Defenders",NA
"H. Vergara","Boyacá Chicó","Boyacá Chicó","CF",26,NA,NA,3,204,0,0.46,0,0,20.74,44.68,"Colombia","Colombia","izquierdo",184,0,NA,3.09,3.53,37.5,57.14,0,0,0,1.76,2.55,1.76,1,0.44,0,0,1.76,0,0,0,0.2,0,0,4,1.76,75,0,0.44,100,0,0,0.44,100,0,0,0,4.85,27.27,2.21,0,0,5.74,1.76,1.76,7.5,94.12,0.44,100,3.53,100,2.21,80,7.06,93.75,0,0,17.06,0,0,0,0,0,0,0,0.44,0.88,50,0,0,0,0,0,0.44,0.44,100,0,NA,0,NA,0,0,0,0,NA,NA,0,NA,NA,0,0,0,0,0,0,"players.xlsx","COLOMBIA_A",125000,"no","COL","Colombia","BYC","COL_BYC","Forwards",NA
"G. Gómez","Unión Magdalena","Unión Magdalena","GK",28,NA,NA,2,201,0,0,0,0,0.9,100,"Colombia","Colombia",NA,184,74,NA,1.34,0,0,100,0,0,0,1.34,2,0,0,0,0,0,0,0,0,0,0,0,0,0,0,0,0,0,0,0,0,0,0,0,0,0,0.45,100,0,0,0,8.96,0,0.45,13.88,70.97,5.82,46.15,0,0,6.72,93.33,9.85,90.91,4.03,22.22,30.02,51.79,0,0,0,0,0,0,0,0.45,0,0,0,0,0,0,0,3.13,28.57,5,2.24,9,4.03,0,44.44,1.78,0.8,-3.22,-1.442,0,0.9,0.45,NA,NA,NA,0,0,0,"players.xlsx","COLOMBIA_A",50000,"no","COL","Colombia","UMG","COL_UMG","Goalkeepers",NA
"J. Mayorga","Llaneros","Llaneros","RW",19,NA,NA,7,201,1,0.5,0,0.25,23.28,42.31,"Colombia","Colombia",NA,0,0,NA,8.06,9.4,71.43,0,0.45,0.75,0,0.9,1.5,2.24,0,0,0,0,1.34,0.45,1,0.45,0.22,0,0,3,1.34,66.67,33.333,0.9,0,0.45,0,0.45,0,0,1.79,25,9.4,28.57,2.69,0.9,0,17.91,2.24,0.9,29.1,84.62,4.93,72.73,9.85,86.36,7.16,87.5,28.21,87.3,0,0,13.83,0,0.11,0.9,0,0,0,0,0,2.69,66.67,1.79,25,0,0,0.9,0,2.24,100,0,NA,0,NA,0,0,0,0,NA,NA,0,NA,NA,0,0,0,0.45,0,0,"players.xlsx","COLOMBIA_A",0,"no","COL","Colombia","LNR","COL_LNR","Wingers",NA
"Luis Vásquez","Atlético Bucaramanga","Atlético Bucaramanga","GK",29,NA,NA,2,201,0,0,0,0,NA,NA,"Colombia","Colombia","derecho",187,80,NA,NA,NA,NA,NA,NA,0,NA,NA,2.31,NA,0,NA,0,NA,NA,NA,0,NA,NA,0,NA,0,NA,NA,0,NA,NA,NA,NA,NA,NA,NA,NA,NA,NA,NA,NA,NA,NA,NA,NA,NA,NA,NA,NA,NA,NA,NA,NA,NA,NA,NA,NA,NA,28.63,55.93,NA,NA,NA,NA,NA,NA,NA,NA,NA,NA,NA,NA,NA,NA,NA,NA,NA,1,NA,7,NA,1,85.71,1.36,NA,0.36,NA,NA,NA,NA,NA,NA,NA,NA,0,0,"players_2025-09-27.xlsx","COLOMBIA_A",250000,"si","COL","Colombia","BUC","COL_BUC","Goalkeepers",NA
"M. García","Fortaleza","Fortaleza","GK",21,NA,NA,2,200,0,0,0,0,1.35,100,"Colombia","Colombia","unknown",0,0,NA,1.35,0,0,100,0,0,0,1.35,1.8,0,1,0.45,0,0,0,0,0,0,0,0,0,0,0,0,0,0,0,0,0,0,0,0,0,0,0,0,0,0,0,8.1,0.9,0,12.15,88.89,6.75,80,0,0,5.4,100,8.1,100,4.05,66.67,32,58.49,0,0,0,0,0,0,0,0.9,50,0,0,0.45,100,0,0,2.7,83.33,3,1.35,8,3.6,0,62.5,2.03,0.91,-0.97,-0.437,0,2.25,1.35,NA,NA,NA,0,0,0,"players.xlsx","COLOMBIA_A",0,"no","COL","Colombia","FOZ","COL_FOZ","Goalkeepers",NA
"A. Fontana","Águilas Doradas","Águilas Doradas","CF",28,NA,NA,6,200,0,0.54,0,0.36,NA,NA,"Argentina","Argentina","derecho",176,72,NA,NA,NA,NA,NA,NA,0,NA,NA,0,NA,2,NA,0,NA,NA,NA,0,NA,NA,0,NA,6,NA,NA,0,NA,NA,NA,NA,NA,NA,NA,NA,NA,NA,NA,NA,NA,NA,NA,NA,NA,NA,NA,NA,NA,NA,NA,NA,NA,NA,NA,NA,NA,11.46,3.68,NA,NA,NA,NA,NA,NA,NA,NA,NA,NA,NA,NA,NA,NA,NA,NA,NA,0,NA,0,NA,0,0,0,NA,NA,NA,NA,NA,NA,NA,NA,NA,NA,0,0,"players_2025-09-27.xlsx","COLOMBIA_A",250000,"no","COL","Colombia","AGD","COL_AGD","Forwards",NA
"R. España","Envigado","Envigado","RAMF",21,0,NA,6,200,0,0.14,0,0,NA,NA,"Colombia","Colombia","derecho",178,68,"no",NA,NA,NA,NA,NA,0,NA,NA,4.62,NA,0,NA,0,NA,NA,NA,0,NA,NA,0,NA,1,NA,NA,0,NA,NA,NA,NA,NA,NA,NA,NA,NA,NA,NA,NA,NA,NA,NA,NA,NA,NA,NA,NA,NA,NA,NA,NA,NA,NA,NA,NA,NA,14.72,12.82,NA,NA,NA,NA,NA,NA,NA,NA,NA,NA,NA,NA,NA,NA,NA,NA,NA,0,NA,0,NA,0,0,0,NA,NA,NA,NA,NA,NA,NA,NA,NA,NA,0,0,"Search results-5.xlsx","COLOMBIA_A",NA,NA,"COL","Colombia","ENV","COL_ENV","Attacking Midfield",NA
"A. Simarra","UCV","UCV","LCB",25,3e+05,NA,3,200,0,0,0,0,NA,NA,"Colombia","Colombia","izquierdo",190,86,"no",NA,NA,NA,NA,NA,0,NA,NA,7.32,NA,0,NA,0,NA,NA,NA,0,NA,NA,0,NA,0,NA,NA,0,NA,NA,NA,NA,NA,NA,NA,NA,NA,NA,NA,NA,NA,NA,NA,NA,NA,NA,NA,NA,NA,NA,NA,NA,NA,NA,NA,NA,NA,13.03,29.51,NA,NA,NA,NA,NA,NA,NA,NA,NA,NA,NA,NA,NA,NA,NA,NA,NA,0,NA,0,NA,0,0,0,NA,NA,NA,NA,NA,NA,NA,NA,NA,NA,0,0,"Search results-5.xlsx","COLOMBIA_A",NA,NA,"COL",NA,NA,NA,"Defenders",NA
"H. Acevedo","Victoria","Llaneros","GK",28,NA,NA,2,199,0,0,0,0,0.9,100,"Colombia","Colombia","derecho",185,81,NA,1.81,0,0,100,0,0,0,1.81,3.24,0,0,0,0,0,0,0,0,0,0,0,0,0,0,0,0,0,0,0,0,0,0,0,0,0,0,0,0,0,0,14.47,0,0.45,18.54,97.56,9.05,95,0,0,8.59,100,15.38,100,3.17,85.71,23.48,38.5,0,0,0,0,0,0,0,0,0,0,0,0,0,0,0,2.26,80,3,1.36,5,2.26,0,40,3.13,1.41,0.13,0.059,0,0.9,0.9,NA,NA,NA,0,0,0,"players.xlsx","COLOMBIA_A",150000,"no","COL",NA,NA,NA,"Goalkeepers",NA
"H. Acevedo","Llaneros","Llaneros","GK",27,NA,NA,2,199,0,0,0,0,NA,NA,"Colombia","Colombia","derecho",185,81,NA,NA,NA,NA,NA,NA,0,NA,NA,3.24,NA,0,NA,0,NA,NA,NA,0,NA,NA,0,NA,0,NA,NA,0,NA,NA,NA,NA,NA,NA,NA,NA,NA,NA,NA,NA,NA,NA,NA,NA,NA,NA,NA,NA,NA,NA,NA,NA,NA,NA,NA,NA,NA,23.48,38.5,NA,NA,NA,NA,NA,NA,NA,NA,NA,NA,NA,NA,NA,NA,NA,NA,NA,3,NA,5,NA,0,40,3.13,NA,0.13,NA,NA,NA,NA,NA,NA,NA,NA,0,0,"players_2025-09-27.xlsx","COLOMBIA_A",150000,"no","COL","Colombia","LNR","COL_LNR","Goalkeepers",NA
"S. Noreña","Envigado","Envigado","RCB",27,3e+05,NA,2,199,0,0,0,0.08,NA,NA,"Colombia","Colombia","derecho",182,74,"no",NA,NA,NA,NA,NA,0,NA,NA,7.02,NA,0,NA,0,NA,NA,NA,0,NA,NA,0,NA,0,NA,NA,0,NA,NA,NA,NA,NA,NA,NA,NA,NA,NA,NA,NA,NA,NA,NA,NA,NA,NA,NA,NA,NA,NA,NA,NA,NA,NA,NA,NA,NA,22.56,34.34,NA,NA,NA,NA,NA,NA,NA,NA,NA,NA,NA,NA,NA,NA,NA,NA,NA,0,NA,0,NA,0,0,0,NA,NA,NA,NA,NA,NA,NA,NA,NA,NA,0,0,"Search results-5.xlsx","COLOMBIA_A",NA,NA,"COL","Colombia","ENV","COL_ENV","Defenders",NA
"Y. Murillo","Sport Huancayo","Sport Huancayo","RCB",33,NA,NA,2,198,0,0,0,0,NA,NA,"Colombia","Colombia","izquierdo",183,70,NA,NA,NA,NA,NA,NA,0,NA,NA,5.4,NA,0,NA,0,NA,NA,NA,0,NA,NA,0,NA,0,NA,NA,0,NA,NA,NA,NA,NA,NA,NA,NA,NA,NA,NA,NA,NA,NA,NA,NA,NA,NA,NA,NA,NA,NA,NA,NA,NA,NA,NA,NA,NA,25.27,43.23,NA,NA,NA,NA,NA,NA,NA,NA,NA,NA,NA,NA,NA,NA,NA,NA,NA,0,NA,0,NA,0,0,0,NA,NA,NA,NA,NA,NA,NA,NA,NA,NA,0,0,"players_2025-09-27.xlsx","COLOMBIA_A",350000,"no","COL",NA,NA,NA,"Defenders",NA
"K. Díaz Reguerto","Unión Magdalena","Unión Magdalena","CF",21,0,NA,9,198,0,0.55,1,0.05,NA,NA,"Colombia","Colombia",NA,0,0,"no",NA,NA,NA,NA,NA,0.81,NA,NA,0.81,NA,1,NA,0,NA,NA,NA,0,NA,NA,0,NA,4,NA,NA,0,NA,NA,NA,NA,NA,NA,NA,NA,NA,NA,NA,NA,NA,NA,NA,NA,NA,NA,NA,NA,NA,NA,NA,NA,NA,NA,NA,NA,NA,15.09,6.85,NA,NA,NA,NA,NA,NA,NA,NA,NA,NA,NA,NA,NA,NA,NA,NA,NA,0,NA,0,NA,0,0,0,NA,NA,NA,NA,NA,NA,NA,NA,NA,NA,0,0,"Search results-5.xlsx","COLOMBIA_A",NA,NA,"COL","Colombia","UMG","COL_UMG","Forwards",NA
"B. Larregui","Tolima","Tolima","CF",24,0,NA,6,190,0,0,0,0.16,NA,NA,"Uruguay","Uruguay","unknown",182,0,"si",NA,NA,NA,NA,NA,0.79,NA,NA,3.16,NA,1,NA,0,NA,NA,NA,0,NA,NA,0,NA,0,NA,NA,0,NA,NA,NA,NA,NA,NA,NA,NA,NA,NA,NA,NA,NA,NA,NA,NA,NA,NA,NA,NA,NA,NA,NA,NA,NA,NA,NA,NA,NA,14.07,4.11,NA,NA,NA,NA,NA,NA,NA,NA,NA,NA,NA,NA,NA,NA,NA,NA,NA,0,NA,0,NA,0,0,0,NA,NA,NA,NA,NA,NA,NA,NA,NA,NA,0,0,"Search results-5.xlsx","COLOMBIA_A",NA,NA,"COL","Colombia","TOL","COL_TOL","Forwards",NA
"A. Álvarez","Deportivo Pereira","Deportivo Pereira","CF",21,NA,NA,7,187,0,0.13,0,0.02,NA,NA,"Colombia","Colombia",NA,0,0,NA,NA,NA,NA,NA,NA,0,NA,NA,1.46,NA,0,NA,0,NA,NA,NA,0,NA,NA,0,NA,1,NA,NA,0,NA,NA,NA,NA,NA,NA,NA,NA,NA,NA,NA,NA,NA,NA,NA,NA,NA,NA,NA,NA,NA,NA,NA,NA,NA,NA,NA,NA,NA,21.29,8.79,NA,NA,NA,NA,NA,NA,NA,NA,NA,NA,NA,NA,NA,NA,NA,NA,NA,0,NA,0,NA,0,0,0,NA,NA,NA,NA,NA,NA,NA,NA,NA,NA,0,0,"players_2025-09-27.xlsx","COLOMBIA_A",0,"no","COL","Colombia","PER","COL_PER","Forwards",NA
"J. Galindo","Deportivo Cali U20","Deportivo Cali U20","CF",19,NA,NA,5,185,0,0.17,0,0,NA,NA,"Colombia","Colombia",NA,0,0,NA,NA,NA,NA,NA,NA,0.7,NA,NA,2.79,NA,1,NA,0,NA,NA,NA,0,NA,NA,0,NA,1,NA,NA,0,NA,NA,NA,NA,NA,NA,NA,NA,NA,NA,NA,NA,NA,NA,NA,NA,NA,NA,NA,NA,NA,NA,NA,NA,NA,NA,NA,NA,NA,16.29,5.3,NA,NA,NA,NA,NA,NA,NA,NA,NA,NA,NA,NA,NA,NA,NA,NA,NA,0,NA,0,NA,0,0,0,NA,NA,NA,NA,NA,NA,NA,NA,NA,NA,0,0,"players_2025-09-27.xlsx","COLOMBIA_A",0,"no","COL",NA,NA,NA,"Forwards",NA
"J. Osorio Cabrales","Alianza","Alianza","CF",18,NA,NA,5,185,0,0.5,0,0,NA,NA,"Colombia","Colombia",NA,0,0,NA,NA,NA,NA,NA,NA,1.43,NA,NA,2.14,NA,0,NA,0,NA,NA,NA,0,NA,NA,0,NA,3,NA,NA,0,NA,NA,NA,NA,NA,NA,NA,NA,NA,NA,NA,NA,NA,NA,NA,NA,NA,NA,NA,NA,NA,NA,NA,NA,NA,NA,NA,NA,NA,18.15,9.82,NA,NA,NA,NA,NA,NA,NA,NA,NA,NA,NA,NA,NA,NA,NA,NA,NA,0,NA,0,NA,0,0,0,NA,NA,NA,NA,NA,NA,NA,NA,NA,NA,0,0,"players_2025-09-27.xlsx","COLOMBIA_A",0,"no","COL","Colombia","ALV","COL_ALV","Forwards",NA
"J. Trujillo","Unión Magdalena U20","Unión Magdalena","LB",22,NA,NA,3,183,0,0,0,0,11.31,56.52,"Colombia","Colombia",NA,0,0,NA,6.39,3.93,75,16.67,1.48,2.37,0,1.97,3.16,0.49,0,0,0,0,2.46,0,0,0,0,0,0,0,0,0,0,2.95,50,2.95,50,0,0,0,0.98,100,1.97,100,0,0,0,20.16,0.98,0.49,35.41,70.83,15.25,54.84,2.46,80,13.28,85.19,29.02,77.97,3.44,28.57,19.31,26.2,0,0,0,0,0,0,0,2.95,33.33,3.44,42.86,0,0,0,1.97,8.85,50,0,NA,0,NA,0,0,0,0,NA,NA,0,NA,NA,0,0,0,0,0,0,"players.xlsx","COLOMBIA_A",0,"no","COL",NA,NA,NA,"Defenders Wingers",NA
"J. Avalo","Águilas Doradas","Águilas Doradas","LW",23,NA,NA,7,183,0,0.09,0,0.04,NA,NA,"Colombia","Colombia","derecho",175,70,NA,NA,NA,NA,NA,NA,0,NA,NA,2.9,NA,1,NA,0,NA,NA,NA,0,NA,NA,0,NA,3,NA,NA,0,NA,NA,NA,NA,NA,NA,NA,NA,NA,NA,NA,NA,NA,NA,NA,NA,NA,NA,NA,NA,NA,NA,NA,NA,NA,NA,NA,NA,NA,14.53,9.14,NA,NA,NA,NA,NA,NA,NA,NA,NA,NA,NA,NA,NA,NA,NA,NA,NA,0,NA,0,NA,0,0,0,NA,NA,NA,NA,NA,NA,NA,NA,NA,NA,0,0,"players_2025-09-27.xlsx","COLOMBIA_A",0,"no","COL","Colombia","AGD","COL_AGD","Wingers",NA
"J. Canchimbo","Junior","Junior","RAMF",20,NA,NA,9,183,1,0.07,0,0.25,NA,NA,"Colombia","Colombia",NA,177,0,NA,NA,NA,NA,NA,NA,0,NA,NA,3.53,NA,0,NA,0,NA,NA,NA,1,NA,NA,0,NA,2,NA,NA,50,NA,NA,NA,NA,NA,NA,NA,NA,NA,NA,NA,NA,NA,NA,NA,NA,NA,NA,NA,NA,NA,NA,NA,NA,NA,NA,NA,NA,NA,9.91,0,NA,NA,NA,NA,NA,NA,NA,NA,NA,NA,NA,NA,NA,NA,NA,NA,NA,0,NA,0,NA,0,0,0,NA,NA,NA,NA,NA,NA,NA,NA,NA,NA,0,0,"players_2025-09-27.xlsx","COLOMBIA_A",0,"no","COL","Colombia","JNR","COL_JNR","Attacking Midfield",NA
"J. Trujillo","Atlético Pantoja","Atlético Pantoja","LB",22,0,NA,3,183,0,0,0,0,NA,NA,"Colombia","Colombia",NA,0,0,"no",NA,NA,NA,NA,NA,2.37,NA,NA,3.16,NA,0,NA,0,NA,NA,NA,0,NA,NA,0,NA,0,NA,NA,0,NA,NA,NA,NA,NA,NA,NA,NA,NA,NA,NA,NA,NA,NA,NA,NA,NA,NA,NA,NA,NA,NA,NA,NA,NA,NA,NA,NA,NA,19.31,26.2,NA,NA,NA,NA,NA,NA,NA,NA,NA,NA,NA,NA,NA,NA,NA,NA,NA,0,NA,0,NA,0,0,0,NA,NA,NA,NA,NA,NA,NA,NA,NA,NA,0,0,"Search results-5.xlsx","COLOMBIA_A",NA,NA,"COL",NA,NA,NA,"Defenders Wingers",NA
"J. Fuentes","Tolima","Tolima","CF",20,0,NA,7,182,1,0.39,0,0,NA,NA,"Colombia","Colombia","unknown",0,0,"no",NA,NA,NA,NA,NA,0,NA,NA,5,NA,0,NA,0,NA,NA,NA,1,NA,NA,0,NA,5,NA,NA,20,NA,NA,NA,NA,NA,NA,NA,NA,NA,NA,NA,NA,NA,NA,NA,NA,NA,NA,NA,NA,NA,NA,NA,NA,NA,NA,NA,NA,NA,16.72,0,NA,NA,NA,NA,NA,NA,NA,NA,NA,NA,NA,NA,NA,NA,NA,NA,NA,0,NA,0,NA,0,0,0,NA,NA,NA,NA,NA,NA,NA,NA,NA,NA,0,0,"Search results-5.xlsx","COLOMBIA_A",NA,NA,"COL","Colombia","TOL","COL_TOL","Forwards",NA
"J. Parra","Alianza","Alianza","LAMF",20,NA,NA,8,179,1,0.4,0,0,NA,NA,"Colombia","Colombia","derecho",0,0,NA,NA,NA,NA,NA,NA,1.07,NA,NA,2.14,NA,3,NA,0,NA,NA,NA,1,NA,NA,0,NA,2,NA,NA,50,NA,NA,NA,NA,NA,NA,NA,NA,NA,NA,NA,NA,NA,NA,NA,NA,NA,NA,NA,NA,NA,NA,NA,NA,NA,NA,NA,NA,NA,18.06,12.38,NA,NA,NA,NA,NA,NA,NA,NA,NA,NA,NA,NA,NA,NA,NA,NA,NA,0,NA,0,NA,0,0,0,NA,NA,NA,NA,NA,NA,NA,NA,NA,NA,0,0,"players_2025-09-27.xlsx","COLOMBIA_A",0,"no","COL","Colombia","ALV","COL_ALV","Attacking Midfield",NA
"Yéiler Mosquera","9 de Octubre","9 de Octubre","LCB",23,NA,NA,2,178,0,0,0,0,NA,NA,"Colombia","Colombia",NA,0,0,NA,NA,NA,NA,NA,NA,0.49,NA,NA,8.36,NA,0,NA,0,NA,NA,NA,0,NA,NA,0,NA,0,NA,NA,0,NA,NA,NA,NA,NA,NA,NA,NA,NA,NA,NA,NA,NA,NA,NA,NA,NA,NA,NA,NA,NA,NA,NA,NA,NA,NA,NA,NA,NA,26.68,35.7,NA,NA,NA,NA,NA,NA,NA,NA,NA,NA,NA,NA,NA,NA,NA,NA,NA,0,NA,0,NA,0,0,0,NA,NA,NA,NA,NA,NA,NA,NA,NA,NA,0,0,"players_2025-09-27.xlsx","COLOMBIA_A",0,"no","COL",NA,NA,NA,"Defenders",NA
"L. Landazuri Cuenu","Atlético Nacional","Atlético Nacional","RCMF",19,0,NA,4,177,0,0.3,0,0.14,NA,NA,"Colombia","Colombia","unknown",0,0,"no",NA,NA,NA,NA,NA,0,NA,NA,4,NA,1,NA,0,NA,NA,NA,0,NA,NA,0,NA,4,NA,NA,0,NA,NA,NA,NA,NA,NA,NA,NA,NA,NA,NA,NA,NA,NA,NA,NA,NA,NA,NA,NA,NA,NA,NA,NA,NA,NA,NA,NA,NA,17.09,26.27,NA,NA,NA,NA,NA,NA,NA,NA,NA,NA,NA,NA,NA,NA,NA,NA,NA,0,NA,0,NA,0,0,0,NA,NA,NA,NA,NA,NA,NA,NA,NA,NA,0,0,"Search results-5.xlsx","COLOMBIA_A",NA,NA,"COL","Colombia","NAC","COL_NAC","Midfield",NA
"J. Carvajal","Millonarios U20","Millonarios U20","CF",22,NA,NA,4,175,0,0.6,0,0,NA,NA,"Colombia","Colombia","derecho",180,71,NA,NA,NA,NA,NA,NA,0.75,NA,NA,3,NA,1,NA,0,NA,NA,NA,0,NA,NA,0,NA,3,NA,NA,0,NA,NA,NA,NA,NA,NA,NA,NA,NA,NA,NA,NA,NA,NA,NA,NA,NA,NA,NA,NA,NA,NA,NA,NA,NA,NA,NA,NA,NA,12.19,0,NA,NA,NA,NA,NA,NA,NA,NA,NA,NA,NA,NA,NA,NA,NA,NA,NA,0,NA,0,NA,0,0,0,NA,NA,NA,NA,NA,NA,NA,NA,NA,NA,0,0,"players_2025-09-27.xlsx","COLOMBIA_A",0,"no","COL",NA,NA,NA,"Forwards",NA
"G. Balanta","UTC Cajamarca","UTC Cajamarca","RW",32,NA,NA,3,174,0,0.01,0,0,NA,NA,"Colombia","Colombia","derecho",174,72,NA,NA,NA,NA,NA,NA,0,NA,NA,4.05,NA,0,NA,0,NA,NA,NA,0,NA,NA,0,NA,1,NA,NA,0,NA,NA,NA,NA,NA,NA,NA,NA,NA,NA,NA,NA,NA,NA,NA,NA,NA,NA,NA,NA,NA,NA,NA,NA,NA,NA,NA,NA,NA,16.89,12.29,NA,NA,NA,NA,NA,NA,NA,NA,NA,NA,NA,NA,NA,NA,NA,NA,NA,0,NA,0,NA,0,0,0,NA,NA,NA,NA,NA,NA,NA,NA,NA,NA,0,0,"players_2025-09-27.xlsx","COLOMBIA_A",350000,"no","COL",NA,NA,NA,"Wingers",NA
"J. Quejada Mena","Envigado","Envigado","LB",18,0,NA,4,174,0,0.03,0,0,NA,NA,"Colombia","Colombia",NA,0,0,"no",NA,NA,NA,NA,NA,0.65,NA,NA,11.09,NA,1,NA,0,NA,NA,NA,0,NA,NA,0,NA,1,NA,NA,0,NA,NA,NA,NA,NA,NA,NA,NA,NA,NA,NA,NA,NA,NA,NA,NA,NA,NA,NA,NA,NA,NA,NA,NA,NA,NA,NA,NA,NA,17.02,35.32,NA,NA,NA,NA,NA,NA,NA,NA,NA,NA,NA,NA,NA,NA,NA,NA,NA,0,NA,0,NA,0,0,0,NA,NA,NA,NA,NA,NA,NA,NA,NA,NA,0,0,"Search results-5.xlsx","COLOMBIA_A",NA,NA,"COL","Colombia","ENV","COL_ENV","Defenders Wingers",NA
"J. Sosa","Santa Fe","Santa Fe","LB",23,1500000,"2026-06-30",2,173,0,0,0,0,NA,NA,"Uruguay","Uruguay, Italy","izquierdo",189,76,"si",NA,NA,NA,NA,NA,0,NA,NA,3.85,NA,0,NA,0,NA,NA,NA,0,NA,NA,0,NA,0,NA,NA,0,NA,NA,NA,NA,NA,NA,NA,NA,NA,NA,NA,NA,NA,NA,NA,NA,NA,NA,NA,NA,NA,NA,NA,NA,NA,NA,NA,NA,NA,20.17,32.02,NA,NA,NA,NA,NA,NA,NA,NA,NA,NA,NA,NA,NA,NA,NA,NA,NA,0,NA,0,NA,0,0,0,NA,NA,NA,NA,NA,NA,NA,NA,NA,NA,0,0,"Search results-5.xlsx","COLOMBIA_A",NA,NA,"COL","Colombia","STF","COL_STF","Defenders Wingers",NA
"N. Rengifo","Deportivo Pereira","Deportivo Pereira","RCMF",20,NA,NA,5,172,0,0,0,0,NA,NA,"Colombia","Colombia",NA,0,0,NA,NA,NA,NA,NA,NA,1.5,NA,NA,3.75,NA,0,NA,0,NA,NA,NA,0,NA,NA,0,NA,1,NA,NA,0,NA,NA,NA,NA,NA,NA,NA,NA,NA,NA,NA,NA,NA,NA,NA,NA,NA,NA,NA,NA,NA,NA,NA,NA,NA,NA,NA,NA,NA,40.68,31.44,NA,NA,NA,NA,NA,NA,NA,NA,NA,NA,NA,NA,NA,NA,NA,NA,NA,0,NA,0,NA,0,0,0,NA,NA,NA,NA,NA,NA,NA,NA,NA,NA,0,0,"players_2025-09-27.xlsx","COLOMBIA_A",0,"no","COL","Colombia","PER","COL_PER","Midfield",NA
"J. Cardona","Santa Fe","Santa Fe","AMF",30,NA,NA,7,172,0,0.48,0,0.08,NA,NA,"Colombia","Colombia","derecho",170,64,NA,NA,NA,NA,NA,NA,0,NA,NA,7.27,NA,1,NA,0,NA,NA,NA,0,NA,NA,0,NA,2,NA,NA,0,NA,NA,NA,NA,NA,NA,NA,NA,NA,NA,NA,NA,NA,NA,NA,NA,NA,NA,NA,NA,NA,NA,NA,NA,NA,NA,NA,NA,NA,14.24,24.61,NA,NA,NA,NA,NA,NA,NA,NA,NA,NA,NA,NA,NA,NA,NA,NA,NA,0,NA,0,NA,0,0,0,NA,NA,NA,NA,NA,NA,NA,NA,NA,NA,0,0,"players_2025-09-27.xlsx","COLOMBIA_A",2e+05,"no","COL","Colombia","STF","COL_STF","Attacking Midfield",NA
"E. Lastre","Unión Magdalena","Unión Magdalena","RAMF",26,3e+05,NA,7,172,0,0.51,0,0.31,NA,NA,"Ecuador","Ecuador","derecho",177,73,"no",NA,NA,NA,NA,NA,0.91,NA,NA,3.64,NA,1,NA,0,NA,NA,NA,0,NA,NA,0,NA,3,NA,NA,0,NA,NA,NA,NA,NA,NA,NA,NA,NA,NA,NA,NA,NA,NA,NA,NA,NA,NA,NA,NA,NA,NA,NA,NA,NA,NA,NA,NA,NA,13.92,5.11,NA,NA,NA,NA,NA,NA,NA,NA,NA,NA,NA,NA,NA,NA,NA,NA,NA,0,NA,0,NA,0,0,0,NA,NA,NA,NA,NA,NA,NA,NA,NA,NA,0,0,"Search results-5.xlsx","COLOMBIA_A",NA,NA,"COL","Colombia","UMG","COL_UMG","Attacking Midfield",NA
"J. Hernández","Estudiantes de Mérida","Estudiantes de Mérida","CF",32,NA,NA,7,160,1,1.21,0,0.25,NA,NA,"Venezuela","Venezuela","derecho",182,80,NA,NA,NA,NA,NA,NA,1.25,NA,NA,0,NA,1,NA,0,NA,NA,NA,0,NA,NA,0,NA,3,NA,NA,33.333,NA,NA,NA,NA,NA,NA,NA,NA,NA,NA,NA,NA,NA,NA,NA,NA,NA,NA,NA,NA,NA,NA,NA,NA,NA,NA,NA,NA,NA,8.42,0,NA,NA,NA,NA,NA,NA,NA,NA,NA,NA,NA,NA,NA,NA,NA,NA,NA,0,NA,0,NA,0,0,0,NA,NA,NA,NA,NA,NA,NA,NA,NA,NA,1,100,"players_2025-09-27.xlsx","COLOMBIA_A",275000,"no","COL",NA,NA,NA,"Forwards",NA
"J. Cuesta","UCV","UCV","LW",23,0,NA,4,160,0,0.1,0,0.07,NA,NA,"Colombia","Colombia","derecho",172,71,"no",NA,NA,NA,NA,NA,0,NA,NA,1.67,NA,0,NA,0,NA,NA,NA,0,NA,NA,0,NA,2,NA,NA,0,NA,NA,NA,NA,NA,NA,NA,NA,NA,NA,NA,NA,NA,NA,NA,NA,NA,NA,NA,NA,NA,NA,NA,NA,NA,NA,NA,NA,NA,15.24,5.25,NA,NA,NA,NA,NA,NA,NA,NA,NA,NA,NA,NA,NA,NA,NA,NA,NA,0,NA,0,NA,0,0,0,NA,NA,NA,NA,NA,NA,NA,NA,NA,NA,0,0,"Search results-5.xlsx","COLOMBIA_A",NA,NA,"COL",NA,NA,NA,"Wingers",NA
"K. Salazar","Boyacá Chicó","Boyacá Chicó","DMF",26,NA,NA,4,154,0,0,0,0,NA,NA,"Colombia","Colombia",NA,0,0,NA,NA,NA,NA,NA,NA,0,NA,NA,1.67,NA,2,NA,0,NA,NA,NA,0,NA,NA,0,NA,1,NA,NA,0,NA,NA,NA,NA,NA,NA,NA,NA,NA,NA,NA,NA,NA,NA,NA,NA,NA,NA,NA,NA,NA,NA,NA,NA,NA,NA,NA,NA,NA,17.3,18.67,NA,NA,NA,NA,NA,NA,NA,NA,NA,NA,NA,NA,NA,NA,NA,NA,NA,0,NA,0,NA,0,0,0,NA,NA,NA,NA,NA,NA,NA,NA,NA,NA,0,0,"players_2025-09-27.xlsx","COLOMBIA_A",0,"no","COL","Colombia","BYC","COL_BYC","Defensive Midfield",NA
"M. Marulanda","Envigado U20","Envigado U20","CF",NA,0,NA,8,154,0,0,0,0,NA,NA,"Colombia","Colombia","unknown",0,0,"no",NA,NA,NA,NA,NA,0,NA,NA,2.4,NA,0,NA,0,NA,NA,NA,0,NA,NA,0,NA,0,NA,NA,0,NA,NA,NA,NA,NA,NA,NA,NA,NA,NA,NA,NA,NA,NA,NA,NA,NA,NA,NA,NA,NA,NA,NA,NA,NA,NA,NA,NA,NA,13.23,4.54,NA,NA,NA,NA,NA,NA,NA,NA,NA,NA,NA,NA,NA,NA,NA,NA,NA,0,NA,0,NA,0,0,0,NA,NA,NA,NA,NA,NA,NA,NA,NA,NA,0,0,"Search results-5.xlsx","COLOMBIA_A",NA,NA,"COL",NA,NA,NA,"Forwards",NA
"J. Hernández","Millonarios","Millonarios","LB",19,0,"2026-12-31",2,153,0,0.02,0,0.04,NA,NA,"Colombia","Colombia","izquierdo",0,0,"no",NA,NA,NA,NA,NA,1.88,NA,NA,3.75,NA,0,NA,0,NA,NA,NA,0,NA,NA,0,NA,1,NA,NA,0,NA,NA,NA,NA,NA,NA,NA,NA,NA,NA,NA,NA,NA,NA,NA,NA,NA,NA,NA,NA,NA,NA,NA,NA,NA,NA,NA,NA,NA,18.73,48.09,NA,NA,NA,NA,NA,NA,NA,NA,NA,NA,NA,NA,NA,NA,NA,NA,NA,0,NA,0,NA,0,0,0,NA,NA,NA,NA,NA,NA,NA,NA,NA,NA,0,0,"Search results-5.xlsx","COLOMBIA_A",NA,NA,"COL","Colombia","MIL","COL_MIL","Defenders Wingers",NA
"J. Velásquez","Fortaleza","Fortaleza","RAMF",30,3e+05,NA,4,152,1,0.23,0,0.11,NA,NA,"Colombia","Colombia","derecho",174,72,"no",NA,NA,NA,NA,NA,0.83,NA,NA,0.83,NA,1,NA,0,NA,NA,NA,1,NA,NA,0,NA,2,NA,NA,50,NA,NA,NA,NA,NA,NA,NA,NA,NA,NA,NA,NA,NA,NA,NA,NA,NA,NA,NA,NA,NA,NA,NA,NA,NA,NA,NA,NA,NA,14.65,5.99,NA,NA,NA,NA,NA,NA,NA,NA,NA,NA,NA,NA,NA,NA,NA,NA,NA,0,NA,0,NA,0,0,0,NA,NA,NA,NA,NA,NA,NA,NA,NA,NA,0,0,"Search results-5.xlsx","COLOMBIA_A",NA,NA,"COL","Colombia","FOZ","COL_FOZ","Attacking Midfield",NA
"C. Baquero Solís","Boyacá Chicó","Boyacá Chicó","CF",25,NA,NA,4,149,0,0.18,0,0.11,NA,NA,"Colombia","Colombia","unknown",0,0,NA,NA,NA,NA,NA,NA,0,NA,NA,3,NA,1,NA,0,NA,NA,NA,0,NA,NA,0,NA,3,NA,NA,0,NA,NA,NA,NA,NA,NA,NA,NA,NA,NA,NA,NA,NA,NA,NA,NA,NA,NA,NA,NA,NA,NA,NA,NA,NA,NA,NA,NA,NA,10.97,0,NA,NA,NA,NA,NA,NA,NA,NA,NA,NA,NA,NA,NA,NA,NA,NA,NA,0,NA,0,NA,0,0,0,NA,NA,NA,NA,NA,NA,NA,NA,NA,NA,0,0,"players_2025-09-27.xlsx","COLOMBIA_A",0,"no","COL","Colombia","BYC","COL_BYC","Forwards",NA
"J. Romaña","Santa Fe","Santa Fe","GK",21,NA,NA,2,147,0,0,0,0,0,0,"Colombia","Colombia",NA,0,0,NA,1.84,0,0,0,0,0,0,1.84,2.25,0,0,0,0,0,0,0,0,0,0,0,0,0,0,0,0,0,0,0,0,0,0,0,0,0,0,0,0,0,0,4.9,0.61,0,9.8,81.25,5.51,66.67,0,0,3.67,100,5.51,100,4.29,57.14,46.26,58.79,0,0,0,0,0,0,0,1.84,0,0.61,0,0.61,0,0,0,2.45,100,8,4.9,14,8.57,0,42.86,3.2,1.96,-4.8,-2.939,0,0.61,0,NA,NA,NA,0,0,0,"players.xlsx","COLOMBIA_A",0,"no","COL","Colombia","STF","COL_STF","Goalkeepers",NA
"K. Salazar","Fortaleza","Fortaleza","AMF",29,NA,NA,5,147,0,0.43,0,0.01,NA,NA,"Colombia","Colombia","derecho",170,68,NA,NA,NA,NA,NA,NA,0,NA,NA,1.07,NA,0,NA,0,NA,NA,NA,0,NA,NA,0,NA,5,NA,NA,0,NA,NA,NA,NA,NA,NA,NA,NA,NA,NA,NA,NA,NA,NA,NA,NA,NA,NA,NA,NA,NA,NA,NA,NA,NA,NA,NA,NA,NA,16.86,10.83,NA,NA,NA,NA,NA,NA,NA,NA,NA,NA,NA,NA,NA,NA,NA,NA,NA,0,NA,0,NA,0,0,0,NA,NA,NA,NA,NA,NA,NA,NA,NA,NA,0,0,"players_2025-09-27.xlsx","COLOMBIA_A",250000,"no","COL","Colombia","FOZ","COL_FOZ","Attacking Midfield",NA
"F. Cifuentes","Once Caldas","Once Caldas","LW",22,NA,"2024-12-31",6,144,0,0.11,0,0,NA,NA,"Colombia","Colombia","derecho",187,0,NA,NA,NA,NA,NA,NA,2.31,NA,NA,3.46,NA,0,NA,0,NA,NA,NA,0,NA,NA,0,NA,1,NA,NA,0,NA,NA,NA,NA,NA,NA,NA,NA,NA,NA,NA,NA,NA,NA,NA,NA,NA,NA,NA,NA,NA,NA,NA,NA,NA,NA,NA,NA,NA,21.59,20.72,NA,NA,NA,NA,NA,NA,NA,NA,NA,NA,NA,NA,NA,NA,NA,NA,NA,0,NA,0,NA,0,0,0,NA,NA,NA,NA,NA,NA,NA,NA,NA,NA,0,0,"players_2025-09-27.xlsx","COLOMBIA_A",0,"no","COL","Colombia","ONC","COL_ONC","Wingers",NA
"R. Murillo","Primorje","Primorje","CF",23,NA,NA,8,139,0,0.47,0,0,NA,NA,"Colombia","Colombia","derecho",183,76,NA,NA,NA,NA,NA,NA,0,NA,NA,0,NA,0,NA,0,NA,NA,NA,0,NA,NA,0,NA,7,NA,NA,0,NA,NA,NA,NA,NA,NA,NA,NA,NA,NA,NA,NA,NA,NA,NA,NA,NA,NA,NA,NA,NA,NA,NA,NA,NA,NA,NA,NA,NA,13.83,0,NA,NA,NA,NA,NA,NA,NA,NA,NA,NA,NA,NA,NA,NA,NA,NA,NA,0,NA,0,NA,0,0,0,NA,NA,NA,NA,NA,NA,NA,NA,NA,NA,0,0,"players_2025-09-27.xlsx","COLOMBIA_A",4e+05,"no","COL",NA,NA,NA,"Forwards",NA
"Bruno Sávio","Millonarios","Millonarios","RCMF",31,650000,NA,4,138,0,0.12,0,0.3,NA,NA,"Brazil","Brazil","derecho",184,70,"no",NA,NA,NA,NA,NA,0,NA,NA,2.4,NA,2,NA,0,NA,NA,NA,0,NA,NA,0,NA,3,NA,NA,0,NA,NA,NA,NA,NA,NA,NA,NA,NA,NA,NA,NA,NA,NA,NA,NA,NA,NA,NA,NA,NA,NA,NA,NA,NA,NA,NA,NA,NA,17.22,12.68,NA,NA,NA,NA,NA,NA,NA,NA,NA,NA,NA,NA,NA,NA,NA,NA,NA,0,NA,0,NA,0,0,0,NA,NA,NA,NA,NA,NA,NA,NA,NA,NA,0,0,"Search results-5.xlsx","COLOMBIA_A",NA,NA,"COL","Colombia","MIL","COL_MIL","Midfield",NA
"Y. García","La Equidad","La Equidad","RW",NA,NA,NA,2,137,0,0.01,0,0,15.77,45.83,"Colombia","Colombia",NA,0,0,NA,3.94,5.91,66.67,0,0,0,0,0,0,1.31,1,0.66,0,0,1.97,0,0,0,0.01,0,0,1,0.66,0,0,0.66,0,0,0,0.66,0,0,3.94,50,5.91,55.56,1.31,0,0,18.39,3.28,1.97,17.08,84.62,1.31,100,4.6,71.43,3.94,66.67,15.77,91.67,0.66,0,10.78,4.2,0,0.66,0,0,0,0,0,0,0,0.66,100,0,0,0,0,1.31,50,0,NA,0,NA,0,0,0,0,NA,NA,0,NA,NA,0,0,0,0,0,0,"players.xlsx","COLOMBIA_A",0,"no","COL","Colombia","EQU","COL_EQU","Wingers",NA
"G. Cabezas Minota","Deportivo Pasto","Deportivo Pasto","LCMF",NA,0,NA,2,137,0,0,0,0,NA,NA,"Colombia","Colombia",NA,0,0,"no",NA,NA,NA,NA,NA,0.77,NA,NA,5.38,NA,2,NA,0,NA,NA,NA,0,NA,NA,0,NA,0,NA,NA,0,NA,NA,NA,NA,NA,NA,NA,NA,NA,NA,NA,NA,NA,NA,NA,NA,NA,NA,NA,NA,NA,NA,NA,NA,NA,NA,NA,NA,NA,19.94,41.38,NA,NA,NA,NA,NA,NA,NA,NA,NA,NA,NA,NA,NA,NA,NA,NA,NA,0,NA,0,NA,0,0,0,NA,NA,NA,NA,NA,NA,NA,NA,NA,NA,0,0,"Search results-5.xlsx","COLOMBIA_A",NA,NA,"COL","Colombia","PAS","COL_PAS","Midfield",NA
"J. Negrete","Boyacá Chicó","Boyacá Chicó","RDMF",NA,NA,NA,5,132,0,0,0,0.02,16.36,50,"Colombia","Colombia",NA,0,0,NA,10.23,4.77,71.43,50,0,0,0,6.82,9.68,0,0,0,0,0,1.36,0,0,0,0,0,0,1,0.68,0,0,0,0,0,0,0,0,0,2.73,50,8.18,33.33,0.68,3.41,0,28.64,1.36,2.05,38.18,80.36,10.91,43.75,6.14,100,12.95,94.74,34.77,82.35,3.41,60,19.8,19.77,0.01,0.68,0,0,0,0,0,3.41,60,0.68,100,0,0,0,0,6.14,33.33,0,NA,0,NA,0,0,0,0,NA,NA,0,NA,NA,0,0,0,0,0,0,"players.xlsx","COLOMBIA_A",0,"no","COL","Colombia","BYC","COL_BYC","Defensive Midfield",NA
"L. Robledo","Envigado","Envigado","LAMF",22,NA,"2025-06-30",4,132,0,0.06,0,0,NA,NA,"Colombia","Colombia",NA,168,0,NA,NA,NA,NA,NA,NA,0,NA,NA,4.09,NA,0,NA,0,NA,NA,NA,0,NA,NA,0,NA,2,NA,NA,0,NA,NA,NA,NA,NA,NA,NA,NA,NA,NA,NA,NA,NA,NA,NA,NA,NA,NA,NA,NA,NA,NA,NA,NA,NA,NA,NA,NA,NA,15.36,6.01,NA,NA,NA,NA,NA,NA,NA,NA,NA,NA,NA,NA,NA,NA,NA,NA,NA,0,NA,0,NA,0,0,0,NA,NA,NA,NA,NA,NA,NA,NA,NA,NA,0,0,"players_2025-09-27.xlsx","COLOMBIA_A",250000,"si","COL","Colombia","ENV","COL_ENV","Attacking Midfield",NA
"J. Díaz","Fortaleza","Fortaleza","LAMF",25,NA,NA,4,131,0,0.01,0,0.16,13.74,55,"Colombia","Colombia","derecho",178,70,NA,5.5,4.81,57.14,40,0,0,0,2.75,5.45,0.69,0,0,0,0,0.69,0,0,0,0.01,0,0,3,2.06,0,0,1.37,50,1.37,50,0,0,0,0,0,3.44,60,0.69,0.69,0,21.3,0.69,0.69,33.66,81.63,9.62,57.14,8.93,84.62,7.56,100,30.92,84.44,1.37,50,16.82,19.58,0.11,1.37,0,0,0,0,0,6.87,70,2.75,50,0,0,0.69,0.69,5.5,62.5,0,NA,0,NA,0,0,0,0,NA,NA,0,NA,NA,0.69,0,0,0,0,0,"players.xlsx","COLOMBIA_A",250000,"no","COL","Colombia","FOZ","COL_FOZ","Attacking Midfield",NA
"A. Vargas","Envigado U20","Envigado U20","LCMF",20,NA,NA,8,125,0,0.03,0,0,NA,NA,"Colombia","Colombia",NA,0,0,NA,NA,NA,NA,NA,NA,1.11,NA,NA,5.56,NA,0,NA,0,NA,NA,NA,0,NA,NA,0,NA,2,NA,NA,0,NA,NA,NA,NA,NA,NA,NA,NA,NA,NA,NA,NA,NA,NA,NA,NA,NA,NA,NA,NA,NA,NA,NA,NA,NA,NA,NA,NA,NA,15.5,14.4,NA,NA,NA,NA,NA,NA,NA,NA,NA,NA,NA,NA,NA,NA,NA,NA,NA,0,NA,0,NA,0,0,0,NA,NA,NA,NA,NA,NA,NA,NA,NA,NA,0,0,"players_2025-09-27.xlsx","COLOMBIA_A",0,"no","COL",NA,NA,NA,"Midfield",NA
"G. Jiménez","Alianza","Alianza","CF",24,NA,NA,5,125,0,0.57,1,0.33,NA,NA,"Colombia","Colombia",NA,0,0,NA,NA,NA,NA,NA,NA,1.58,NA,NA,3.16,NA,1,NA,0,NA,NA,NA,0,NA,NA,0,NA,2,NA,NA,0,NA,NA,NA,NA,NA,NA,NA,NA,NA,NA,NA,NA,NA,NA,NA,NA,NA,NA,NA,NA,NA,NA,NA,NA,NA,NA,NA,NA,NA,15.96,14.1,NA,NA,NA,NA,NA,NA,NA,NA,NA,NA,NA,NA,NA,NA,NA,NA,NA,0,NA,0,NA,0,0,0,NA,NA,NA,NA,NA,NA,NA,NA,NA,NA,0,0,"players_2025-09-27.xlsx","COLOMBIA_A",0,"no","COL","Colombia","ALV","COL_ALV","Forwards",NA
"P. Rojas","Anzoátegui FC","Anzoátegui FC","LW",34,350000,NA,2,123,0,0.36,0,0.07,NA,NA,"Colombia","Colombia","derecho",168,72,"no",NA,NA,NA,NA,NA,0,NA,NA,7.2,NA,0,NA,0,NA,NA,NA,0,NA,NA,0,NA,2,NA,NA,0,NA,NA,NA,NA,NA,NA,NA,NA,NA,NA,NA,NA,NA,NA,NA,NA,NA,NA,NA,NA,NA,NA,NA,NA,NA,NA,NA,NA,NA,17.84,35.32,NA,NA,NA,NA,NA,NA,NA,NA,NA,NA,NA,NA,NA,NA,NA,NA,NA,0,NA,0,NA,0,0,0,NA,NA,NA,NA,NA,NA,NA,NA,NA,NA,0,0,"Search results-5.xlsx","COLOMBIA_A",NA,NA,"COL",NA,NA,NA,"Wingers",NA
"H. Reina","Llaneros","Llaneros","AMF",34,NA,NA,5,117,2,0.42,0,0,15.38,25,"Colombia","Colombia","derecho",177,70,NA,2.31,3.08,25,33.33,0,0,0,1.54,3.33,1.54,1,0.77,0,0,3.08,1.54,2,1.54,0.32,1,0.77,3,2.31,100,66.667,0,0,0,0,0,0,0,1.54,50,7.69,30,2.31,0,0,16.92,1.54,1.54,18.46,75,3.08,25,4.62,100,3.08,100,18.46,75,0,0,11.77,0,0,0,0,0,0,0,0,1.54,100,1.54,0,0,0,1.54,0,0,0,0,NA,0,NA,0,0,0,0,NA,NA,0,NA,NA,0,0,0,0,0,0,"players.xlsx","COLOMBIA_A",1e+05,"no","COL","Colombia","LNR","COL_LNR","Attacking Midfield",NA
"F. González","La Equidad","La Equidad","RW",21,NA,"2025-12-31",3,117,0,0,1,0.18,16.15,38.1,"Uruguay","Uruguay","derecho",165,60,NA,9.23,7.69,50,0,0,0,0,5.38,5.38,2.31,0,0,0,0,1.54,0,0,0,0,0,0,0,0,0,0,0.77,100,0.77,100,0,0,0,3.08,25,6.92,33.33,0,2.31,0.77,26.92,3.08,0.77,28.46,86.49,10,92.31,8.46,81.82,8.46,90.91,26.92,85.71,0.77,100,16.72,15.4,0.14,0.77,0,0,0.77,0,0.77,3.08,75,2.31,100,0.77,0,1.54,0.77,6.15,75,0,NA,0,NA,0,0,0,0,NA,NA,0,NA,NA,0.77,0,0,0,0,0,"players.xlsx","COLOMBIA_A",0,"si","COL","Colombia","EQU","COL_EQU","Wingers",NA
"Y. Valencia","Once Caldas","Once Caldas","LW",21,NA,NA,3,117,0,0.12,0,0,NA,NA,"Colombia","Colombia","derecho",0,0,NA,NA,NA,NA,NA,NA,1.07,NA,NA,1.07,NA,1,NA,0,NA,NA,NA,0,NA,NA,0,NA,2,NA,NA,0,NA,NA,NA,NA,NA,NA,NA,NA,NA,NA,NA,NA,NA,NA,NA,NA,NA,NA,NA,NA,NA,NA,NA,NA,NA,NA,NA,NA,NA,18.03,38.72,NA,NA,NA,NA,NA,NA,NA,NA,NA,NA,NA,NA,NA,NA,NA,NA,NA,0,NA,0,NA,0,0,0,NA,NA,NA,NA,NA,NA,NA,NA,NA,NA,0,0,"players_2025-09-27.xlsx","COLOMBIA_A",0,"no","COL","Colombia","ONC","COL_ONC","Wingers",NA
"B. Caicedo","La Equidad U20","La Equidad","RB",20,NA,NA,4,112,0,0.04,0,0,15.27,31.58,"Colombia","Colombia",NA,0,0,NA,4.02,5.63,42.86,0,0.8,1.43,0,0.8,1.43,0,0,0,0,0,1.61,0,0,0,0.03,0,0,1,0.8,0,0,0.8,0,0,0,0.8,0,0.8,4.02,40,7.23,33.33,0,3.21,0,19.29,1.61,1.61,18.48,65.22,2.41,33.33,3.21,100,8.04,60,16.07,75,1.61,0,12.17,17.19,0,0.8,0,0,0,0,0,1.61,0,0.8,0,0,0,0,0,4.02,40,0,NA,0,NA,0,0,0,0,NA,NA,0,NA,NA,0,0,0,0,0,0,"players.xlsx","COLOMBIA_A",0,"no","COL",NA,NA,NA,"Defenders Wingers",NA
"S. Mosquera Espinosa","Millonarios","Millonarios","LW",18,NA,NA,5,109,0,0.03,0,0,NA,NA,"Colombia","Colombia",NA,0,0,NA,NA,NA,NA,NA,NA,0,NA,NA,0,NA,0,NA,0,NA,NA,NA,0,NA,NA,0,NA,3,NA,NA,0,NA,NA,NA,NA,NA,NA,NA,NA,NA,NA,NA,NA,NA,NA,NA,NA,NA,NA,NA,NA,NA,NA,NA,NA,NA,NA,NA,NA,NA,15.06,0,NA,NA,NA,NA,NA,NA,NA,NA,NA,NA,NA,NA,NA,NA,NA,NA,NA,0,NA,0,NA,0,0,0,NA,NA,NA,NA,NA,NA,NA,NA,NA,NA,0,0,"players_2025-09-27.xlsx","COLOMBIA_A",0,"no","COL","Colombia","MIL","COL_MIL","Wingers",NA
"Omar de la Cruz","Cibao","Cibao","RDMF",23,NA,NA,5,107,0,0,0,0,NA,NA,"Spain","Spain, Dominican Republic","derecho",0,0,NA,NA,NA,NA,NA,NA,0,NA,NA,0,NA,1,NA,0,NA,NA,NA,0,NA,NA,0,NA,0,NA,NA,0,NA,NA,NA,NA,NA,NA,NA,NA,NA,NA,NA,NA,NA,NA,NA,NA,NA,NA,NA,NA,NA,NA,NA,NA,NA,NA,NA,NA,NA,16.97,12.94,NA,NA,NA,NA,NA,NA,NA,NA,NA,NA,NA,NA,NA,NA,NA,NA,NA,0,NA,0,NA,0,0,0,NA,NA,NA,NA,NA,NA,NA,NA,NA,NA,0,0,"players_2025-09-27.xlsx","COLOMBIA_A",50000,"no","COL",NA,NA,NA,"Defensive Midfield",NA
"K. Mantilla","Medellín","Medellín","CB",21,NA,"2027-12-31",2,105,0,0,0,0,11.14,69.23,"Colombia","Colombia","derecho",191,81,NA,5.14,3.43,50,100,0.86,1.5,0.86,2.57,4.5,0,0,0,0,0,0,0,0,0,0,0,0,0,0,0,0,0,0,0,0,0,0,0,0,0,0.86,0,0,0,0,12,0,0,17.14,95,8.57,90,0,0,7.71,100,15.43,94.44,1.71,100,19.83,44.73,0,0,0,0,0,0,0,1.71,100,0,0,0,0,0,0,2.57,100,0,NA,0,NA,0,0,0,0,NA,NA,0,NA,NA,0,0,0,0,0,0,"players.xlsx","COLOMBIA_A",0,"si","COL","Colombia","MDL","COL_MDL","Defenders",NA
"L. Segura","Boyacá Chicó","Boyacá Chicó","RW",21,0,NA,3,105,0,0,0,0.06,NA,NA,"Colombia","Colombia",NA,0,0,"no",NA,NA,NA,NA,NA,0,NA,NA,1,NA,0,NA,0,NA,NA,NA,0,NA,NA,0,NA,0,NA,NA,0,NA,NA,NA,NA,NA,NA,NA,NA,NA,NA,NA,NA,NA,NA,NA,NA,NA,NA,NA,NA,NA,NA,NA,NA,NA,NA,NA,NA,NA,17.32,18.84,NA,NA,NA,NA,NA,NA,NA,NA,NA,NA,NA,NA,NA,NA,NA,NA,NA,0,NA,0,NA,0,0,0,NA,NA,NA,NA,NA,NA,NA,NA,NA,NA,0,0,"Search results-5.xlsx","COLOMBIA_A",NA,NA,"COL","Colombia","BYC","COL_BYC","Wingers",NA
"L. Garcia","Once Caldas U18","Once Caldas","RCMF",16,NA,NA,1,103,0,0,0,0,13.11,40,"Colombia","Colombia","unknown",0,0,NA,3.5,5.24,16.67,100,0,0,0,2.62,4.5,4.37,0,0,0,0,0.87,0,0,0,0,0,0,0,0,0,0,0.87,0,0.87,0,0,0,0,0.87,100,4.37,60,0,1.75,0,32.33,0,1.75,40.19,84.78,7.86,55.56,7.86,88.89,14.85,88.24,35.83,87.8,3.5,75,17.03,40.59,0,0,0,0,0,0,0,5.24,66.67,1.75,0,0,0,0,0,2.62,33.33,0,NA,0,NA,0,0,0,0,NA,NA,0.87,NA,NA,1.75,0,0,0,0,0,"players.xlsx","COLOMBIA_A",0,"no","COL",NA,NA,NA,"Midfield",NA
"K. Rendón","Deportivo Pasto","Deportivo Pasto","RCMF",32,NA,NA,6,103,1,0.11,1,0.52,6.99,0,"Colombia","Colombia","derecho",180,74,NA,2.62,4.37,0,0,0,0,0,2.62,3.75,0,0,0,0,0,2.62,0.87,1,0.87,0.1,0,0,4,3.5,25,25,1.75,100,0.87,100,0.87,100,0,0,0,0.87,0,2.62,0,0,23.59,0.87,0,28.83,93.94,7.86,88.89,5.24,83.33,7.86,100,26.21,93.33,0.87,100,10.72,8.4,0.46,2.62,0,0,0,0,0.87,4.37,80,1.75,100,0.87,100,0.87,1.75,3.5,75,0,NA,0,NA,0,0,0,0,NA,NA,0,NA,NA,3.5,0.87,0,0.87,0,0,"players.xlsx","COLOMBIA_A",1e+05,"no","COL","Colombia","PAS","COL_PAS","Midfield",NA
"G. Balanta","Tolima U20","Tolima","GK",23,NA,NA,1,103,0,0,0,0,0,0,"Colombia","Colombia",NA,193,80,NA,0,0,0,0,0,0,0,0,0,0,0,0,0,0,0,0,0,0,0,0,0,0,0,0,0,0,0,0,0,0,0,0,0,0,0,0,0,0,0,8.74,0,0,20.97,87.5,14.85,82.35,0,0,6.12,100,19.22,95.45,1.75,0,20.77,43.78,0,0,0,0,0,0,0,0,0,0,0,0,0,0,0,1.75,0,3,2.62,4,3.5,0,25,2.28,1.99,-0.72,-0.629,0,0.87,0,NA,NA,NA,0,0,0,"players.xlsx","COLOMBIA_A",0,"no","COL",NA,NA,NA,"Goalkeepers",NA
"A. Dieppa","Boyacá Chicó","Boyacá Chicó","LB",24,0,NA,5,103,0,0.45,0,0.17,NA,NA,"Colombia","Colombia",NA,0,0,"no",NA,NA,NA,NA,NA,0,NA,NA,1.58,NA,0,NA,0,NA,NA,NA,0,NA,NA,0,NA,1,NA,NA,0,NA,NA,NA,NA,NA,NA,NA,NA,NA,NA,NA,NA,NA,NA,NA,NA,NA,NA,NA,NA,NA,NA,NA,NA,NA,NA,NA,NA,NA,12.57,13.36,NA,NA,NA,NA,NA,NA,NA,NA,NA,NA,NA,NA,NA,NA,NA,NA,NA,0,NA,0,NA,0,0,0,NA,NA,NA,NA,NA,NA,NA,NA,NA,NA,0,0,"Search results-5.xlsx","COLOMBIA_A",NA,NA,"COL","Colombia","BYC","COL_BYC","Defenders Wingers",NA
"C. Cañozales","Millonarios","Millonarios","AMF",26,6e+05,NA,4,103,0,0.1,0,0,NA,NA,"Colombia","Colombia","derecho",186,75,"no",NA,NA,NA,NA,NA,0,NA,NA,4.5,NA,0,NA,0,NA,NA,NA,0,NA,NA,0,NA,3,NA,NA,0,NA,NA,NA,NA,NA,NA,NA,NA,NA,NA,NA,NA,NA,NA,NA,NA,NA,NA,NA,NA,NA,NA,NA,NA,NA,NA,NA,NA,NA,14.65,7.47,NA,NA,NA,NA,NA,NA,NA,NA,NA,NA,NA,NA,NA,NA,NA,NA,NA,0,NA,0,NA,0,0,0,NA,NA,NA,NA,NA,NA,NA,NA,NA,NA,0,0,"Search results-5.xlsx","COLOMBIA_A",NA,NA,"COL","Colombia","MIL","COL_MIL","Attacking Midfield",NA
"M. Espíndola","Deportivo Cali","Deportivo Cali","GK",27,NA,NA,1,102,0,0,0,0,NA,NA,"Colombia","Colombia",NA,182,73,NA,NA,NA,NA,NA,NA,0,NA,NA,2.73,NA,0,NA,0,NA,NA,NA,0,NA,NA,0,NA,0,NA,NA,0,NA,NA,NA,NA,NA,NA,NA,NA,NA,NA,NA,NA,NA,NA,NA,NA,NA,NA,NA,NA,NA,NA,NA,NA,NA,NA,NA,NA,NA,29.9,53.93,NA,NA,NA,NA,NA,NA,NA,NA,NA,NA,NA,NA,NA,NA,NA,NA,NA,0,NA,7,NA,1,100,1.66,NA,1.66,NA,NA,NA,NA,NA,NA,NA,NA,0,0,"players_2025-09-27.xlsx","COLOMBIA_A",50000,"no","COL","Colombia","CAL","COL_CAL","Goalkeepers",NA
"K. López","Deportivo Pasto","Deportivo Pasto","GK",22,NA,NA,1,101,0,0,0,0,0,0,"Colombia","Colombia","unknown",0,0,NA,4.46,0,0,0,0,0,0,4.46,5.36,0,0,0,0,0,0,0,0,0,0,0,0,0,0,0,0,0,0,0,0,0,0,0,0,0,0,0,0,0,0,1.78,0,0,10.69,100,6.24,100,0,0,4.46,100,7.13,100,3.56,100,32.57,56.11,0,0,0,0,0,0,0,1.78,100,0,0,0,0,0,0,3.56,100,1,0.89,5,4.46,0,80,0.55,0.49,-0.45,-0.401,0,0,0,NA,NA,NA,0,0,0,"players.xlsx","COLOMBIA_A",0,"no","COL","Colombia","PAS","COL_PAS","Goalkeepers",NA
"D. Castillo","Millonarios","Millonarios","RDMF",NA,NA,NA,1,100,0,0.08,0,0.1,12.6,64.29,NA,NA,NA,0,0,NA,6.3,6.3,71.43,33.33,0,0,0,1.8,4,2.7,0,0,0,0,1.8,0,0,0,0.07,0,0,3,2.7,66.67,0,0,0,0,0,0,0,0,0,0,1.8,50,0,0.9,0,27,0,1.8,38.7,86.05,8.1,66.67,6.3,100,14.4,93.75,36.9,87.8,1.8,50,17.31,44.05,0.09,0.9,0,0,0,0,0.9,5.4,66.67,1.8,100,0.9,100,1.8,0,3.6,100,0,NA,0,NA,0,0,0,0,NA,NA,0.9,NA,NA,0,0,0,0,0,0,"players.xlsx","COLOMBIA_A",0,"no","COL","Colombia","MIL","COL_MIL","Defensive Midfield",NA
"E. Cabeza","Fortaleza","Fortaleza","RCB",22,NA,NA,1,99,0,0,0,0,10.91,50,"Ecuador","Ecuador",NA,0,0,NA,5.45,4.55,60,66.67,0,0,0.91,2.73,4.29,1.82,0,0,0,0,0,0,0,0,0,0,0,0,0,0,0,0.91,0,0,0,0.91,0,0,0,0,1.82,50,0.91,0.91,0.91,33.64,1.82,0.91,46.36,82.35,19.09,71.43,3.64,100,14.55,87.5,40.91,88.89,4.55,40,19.16,39.91,0,0,0,0,0,0,0,5.45,50,0.91,100,0,0,1.82,0,8.18,66.67,0,NA,0,NA,0,0,0,0,NA,NA,0.91,NA,NA,0,0,0,0,0,0,"players.xlsx","COLOMBIA_A",2e+05,"no","COL","Colombia","FOZ","COL_FOZ","Defenders",NA
"L. Quintero","América de Cali","América de Cali","GK",27,NA,NA,1,99,0,0,0,0,NA,NA,"Colombia","Colombia",NA,186,65,NA,NA,NA,NA,NA,NA,0,NA,NA,0,NA,0,NA,0,NA,NA,NA,0,NA,NA,0,NA,0,NA,NA,0,NA,NA,NA,NA,NA,NA,NA,NA,NA,NA,NA,NA,NA,NA,NA,NA,NA,NA,NA,NA,NA,NA,NA,NA,NA,NA,NA,NA,NA,38.03,43.46,NA,NA,NA,NA,NA,NA,NA,NA,NA,NA,NA,NA,NA,NA,NA,NA,NA,3,NA,7,NA,0,57.14,3.14,NA,0.14,NA,NA,NA,NA,NA,NA,NA,NA,0,0,"players_2025-09-27.xlsx","COLOMBIA_A",50000,"no","COL","Colombia","AME","COL_AME","Goalkeepers",NA
"L. Mina","Alianza","Alianza","RB",20,NA,NA,1,99,0,0.2,0,0.15,NA,NA,"Colombia","Colombia",NA,0,0,NA,NA,NA,NA,NA,NA,0,NA,NA,1.36,NA,0,NA,0,NA,NA,NA,0,NA,NA,0,NA,2,NA,NA,0,NA,NA,NA,NA,NA,NA,NA,NA,NA,NA,NA,NA,NA,NA,NA,NA,NA,NA,NA,NA,NA,NA,NA,NA,NA,NA,NA,NA,NA,25.7,46.32,NA,NA,NA,NA,NA,NA,NA,NA,NA,NA,NA,NA,NA,NA,NA,NA,NA,0,NA,0,NA,0,0,0,NA,NA,NA,NA,NA,NA,NA,NA,NA,NA,0,0,"players_2025-09-27.xlsx","COLOMBIA_A",0,"no","COL","Colombia","ALV","COL_ALV","Defenders Wingers",NA
"A. Alfonso","Medellín","Medellín","RB",19,NA,NA,3,98,0,0.03,0,0,NA,NA,"Colombia","Colombia","derecho",173,68,NA,NA,NA,NA,NA,NA,0,NA,NA,3.75,NA,0,NA,0,NA,NA,NA,0,NA,NA,0,NA,1,NA,NA,0,NA,NA,NA,NA,NA,NA,NA,NA,NA,NA,NA,NA,NA,NA,NA,NA,NA,NA,NA,NA,NA,NA,NA,NA,NA,NA,NA,NA,NA,19.57,17.17,NA,NA,NA,NA,NA,NA,NA,NA,NA,NA,NA,NA,NA,NA,NA,NA,NA,0,NA,0,NA,0,0,0,NA,NA,NA,NA,NA,NA,NA,NA,NA,NA,0,0,"players_2025-09-27.xlsx","COLOMBIA_A",0,"no","COL","Colombia","MDL","COL_MDL","Defenders Wingers",NA
"J. Rosa","Atlético Nacional U18","Atlético Nacional","LAMF",18,NA,NA,4,96,0,0.01,0,0,17.81,63.16,"Colombia","Colombia","unknown",0,0,NA,8.44,6.56,57.14,100,0.94,1.2,0,3.75,4.8,1.88,0,0,0,0,4.69,0,0,0,0.01,0,0,2,1.88,0,0,1.88,50,1.88,50,0,0,0,6.56,57.14,10.31,63.64,0.94,4.69,0.94,23.44,2.81,0,32.81,74.29,2.81,33.33,12.19,92.31,9.38,70,29.06,80.65,1.88,0,13.96,11.31,0,0.94,0,0,0,0,0,2.81,66.67,0.94,0,0.94,0,0,0,3.75,25,0,NA,0,NA,0,0,0,0,NA,NA,0,NA,NA,0,0,0,0,0,0,"players.xlsx","COLOMBIA_A",0,"no","COL",NA,NA,NA,"Attacking Midfield",NA
"M. Palacios","Santa Fe","Santa Fe","LW",18,NA,NA,3,94,0,0.16,0,0.07,NA,NA,"Colombia","Colombia",NA,0,0,NA,NA,NA,NA,NA,NA,0,NA,NA,5.22,NA,0,NA,0,NA,NA,NA,0,NA,NA,0,NA,1,NA,NA,0,NA,NA,NA,NA,NA,NA,NA,NA,NA,NA,NA,NA,NA,NA,NA,NA,NA,NA,NA,NA,NA,NA,NA,NA,NA,NA,NA,NA,NA,20.06,32.1,NA,NA,NA,NA,NA,NA,NA,NA,NA,NA,NA,NA,NA,NA,NA,NA,NA,0,NA,0,NA,0,0,0,NA,NA,NA,NA,NA,NA,NA,NA,NA,NA,0,0,"players_2025-09-27.xlsx","COLOMBIA_A",0,"no","COL","Colombia","STF","COL_STF","Wingers",NA
"F. Mosquera","Deportivo Pereira","Deportivo Pereira","GK",26,NA,NA,1,93,0,0,0,0,NA,NA,"Colombia","Colombia",NA,0,0,NA,NA,NA,NA,NA,NA,0,NA,NA,2,NA,0,NA,0,NA,NA,NA,0,NA,NA,0,NA,0,NA,NA,0,NA,NA,NA,NA,NA,NA,NA,NA,NA,NA,NA,NA,NA,NA,NA,NA,NA,NA,NA,NA,NA,NA,NA,NA,NA,NA,NA,NA,NA,18.89,39.99,NA,NA,NA,NA,NA,NA,NA,NA,NA,NA,NA,NA,NA,NA,NA,NA,NA,3,NA,9,NA,0,66.67,4.25,NA,1.25,NA,NA,NA,NA,NA,NA,NA,NA,0,0,"players_2025-09-27.xlsx","COLOMBIA_A",0,"no","COL","Colombia","PER","COL_PER","Goalkeepers",NA
"T. Garcia Rojas","Once Caldas U20","Once Caldas","LDMF",19,NA,NA,2,91,0,0,0,0,5.93,50,"Colombia","Colombia","unknown",0,0,NA,4.95,4.95,40,100,0,0,0.99,2.97,5.29,1.98,1,0.99,0,0,0,0,0,0,0,0,0,1,0.99,0,0,0,0,0,0,0,0,0,0,0,0,0,0,1.98,0,50.44,1.98,0,68.24,91.3,14.84,66.67,10.88,100,33.63,97.06,61.32,95.16,6.92,57.14,15.91,16.45,0,0,0,0,0,0,0,17.8,83.33,0,0,0,0,0,0,7.91,50,0,NA,0,NA,0,0,0,0,NA,NA,0,NA,NA,0,0,0,0,0,0,"players.xlsx","COLOMBIA_A",0,"no","COL",NA,NA,NA,"Defensive Midfield",NA
"I. Venecia","Deportivo Cali","Deportivo Cali","LCB",18,NA,NA,3,90,0,0,0,0,18,44.44,"Colombia","Colombia",NA,194,82,NA,7,7,42.86,66.67,0,0,0,4,5.22,2,0,0,0,0,0,0,0,0,0,0,0,0,0,0,0,0,0,0,0,0,0,0,0,0,0,0,0,0,0,15,0,0,24,87.5,7,85.71,3,100,8,87.5,23,86.96,1,100,14.69,7,0,0,0,0,0,0,0,0,0,0,0,0,0,0,0,4,75,0,NA,0,NA,0,0,0,0,NA,NA,1,NA,NA,0,0,0,0,0,0,"players.xlsx","COLOMBIA_A",0,"no","COL","Colombia","CAL","COL_CAL","Defenders",NA
"J. Hurtado","Deportivo Cali U17","Deportivo Cali","CF",20,NA,NA,1,89,0,0.01,0,0,21.24,33.33,"Colombia","Colombia","unknown",0,0,NA,6.07,4.04,100,16.67,0,0,0,2.02,3.16,1.01,0,0,0,0,0,0,0,0,0.01,0,0,1,1.01,0,0,0,0,0,0,0,0,0,1.01,0,6.07,16.67,0,1.01,0,14.16,2.02,1.01,20.22,75,3.03,100,4.04,75,8.09,75,18.2,77.78,2.02,50,16.3,42.93,0,0,0,0,0,0,0,2.02,100,2.02,50,0,0,1.01,0,1.01,100,0,NA,0,NA,0,0,0,0,NA,NA,0,NA,NA,0,0,0,0,0,0,"players.xlsx","COLOMBIA_A",0,"no","COL",NA,NA,NA,"Forwards",NA
"A. Ariza","Fortaleza","Fortaleza","LCB",27,NA,NA,1,86,0,0,0,0,NA,NA,"Colombia","Colombia",NA,0,0,NA,NA,NA,NA,NA,NA,0,NA,NA,6.92,NA,0,NA,0,NA,NA,NA,0,NA,NA,0,NA,0,NA,NA,0,NA,NA,NA,NA,NA,NA,NA,NA,NA,NA,NA,NA,NA,NA,NA,NA,NA,NA,NA,NA,NA,NA,NA,NA,NA,NA,NA,NA,NA,21.11,41.23,NA,NA,NA,NA,NA,NA,NA,NA,NA,NA,NA,NA,NA,NA,NA,NA,NA,0,NA,0,NA,0,0,0,NA,NA,NA,NA,NA,NA,NA,NA,NA,NA,0,0,"players_2025-09-27.xlsx","COLOMBIA_A",350000,"no","COL","Colombia","FOZ","COL_FOZ","Defenders",NA
"J. Angulo Rodríguez","Deportivo Cali U17","Deportivo Cali U17","RCB",20,NA,NA,2,86,0,0,0,0,NA,NA,"Colombia","Colombia","unknown",0,0,NA,NA,NA,NA,NA,NA,0,NA,NA,4.62,NA,1,NA,0,NA,NA,NA,0,NA,NA,0,NA,0,NA,NA,0,NA,NA,NA,NA,NA,NA,NA,NA,NA,NA,NA,NA,NA,NA,NA,NA,NA,NA,NA,NA,NA,NA,NA,NA,NA,NA,NA,NA,NA,23,22.3,NA,NA,NA,NA,NA,NA,NA,NA,NA,NA,NA,NA,NA,NA,NA,NA,NA,0,NA,0,NA,0,0,0,NA,NA,NA,NA,NA,NA,NA,NA,NA,NA,0,0,"players_2025-09-27.xlsx","COLOMBIA_A",0,"no","COL",NA,NA,NA,"Defenders",NA
"J. Rivas","Águilas Doradas Under 20","Águilas Doradas","LCMF",19,NA,NA,1,84,0,0.03,0,0,26.79,56,"Colombia","Colombia","unknown",0,0,NA,8.57,6.43,83.33,0,0,0,0,3.21,5.29,0,0,0,0,0,3.21,0,0,0,0.03,0,0,3,3.21,0,0,1.07,0,0,0,1.07,0,0,4.29,75,18.21,47.06,0,7.5,0,39.64,0,2.14,55.71,88.46,21.43,75,7.5,100,21.43,95,46.07,95.35,8.57,62.5,21.18,35.09,0,0,0,0,0,0,0,15,71.43,3.21,66.67,0,0,1.07,0,8.57,87.5,0,NA,0,NA,0,0,0,0,NA,NA,0,NA,NA,0,0,0,0,0,0,"players.xlsx","COLOMBIA_A",0,"no","COL",NA,NA,NA,"Midfield",NA
"F. Navarro","Unión Magdalena","Unión Magdalena","LW",25,NA,NA,3,82,0,0.04,0,0.4,28.54,34.62,"Colombia","Colombia","derecho",172,72,NA,7.68,7.68,42.86,33.33,2.2,3.75,0,2.2,3.75,2.2,1,1.1,0,0,3.29,0,0,0,0.05,0,0,2,2.2,0,0,2.2,50,2.2,50,0,0,0,3.29,66.67,15.37,28.57,5.49,4.39,0,37.32,2.2,1.1,50.49,73.91,16.46,53.33,12.07,90.91,12.07,81.82,42.8,76.92,5.49,60,17.61,34.92,0.44,3.29,0,0,1.1,0,0,5.49,60,6.59,33.33,1.1,0,5.49,1.1,6.59,83.33,0,NA,0,NA,0,0,0,0,NA,NA,0,NA,NA,0,0,0,0,0,0,"players.xlsx","COLOMBIA_A",0,"no","COL","Colombia","UMG","COL_UMG","Wingers",NA
"V. Reyes Clavijo","Tolima","Tolima","RCMF",18,NA,NA,3,82,0,0,0,0,NA,NA,"Colombia","Colombia",NA,174,69,NA,NA,NA,NA,NA,NA,7.14,NA,NA,0,NA,1,NA,0,NA,NA,NA,0,NA,NA,0,NA,0,NA,NA,0,NA,NA,NA,NA,NA,NA,NA,NA,NA,NA,NA,NA,NA,NA,NA,NA,NA,NA,NA,NA,NA,NA,NA,NA,NA,NA,NA,NA,NA,15.32,19.68,NA,NA,NA,NA,NA,NA,NA,NA,NA,NA,NA,NA,NA,NA,NA,NA,NA,0,NA,0,NA,0,0,0,NA,NA,NA,NA,NA,NA,NA,NA,NA,NA,0,0,"players_2025-09-27.xlsx","COLOMBIA_A",0,"no","COL","Colombia","TOL","COL_TOL","Midfield",NA
"S. Acosta","Deportivo Pereira","Deportivo Pereira","LWF",30,3e+05,"2026-06-30",3,81,0,0,0,0,NA,NA,"Colombia","Colombia","izquierdo",180,78,"no",NA,NA,NA,NA,NA,0,NA,NA,1.76,NA,0,NA,0,NA,NA,NA,0,NA,NA,0,NA,0,NA,NA,0,NA,NA,NA,NA,NA,NA,NA,NA,NA,NA,NA,NA,NA,NA,NA,NA,NA,NA,NA,NA,NA,NA,NA,NA,NA,NA,NA,NA,NA,17.49,17.93,NA,NA,NA,NA,NA,NA,NA,NA,NA,NA,NA,NA,NA,NA,NA,NA,NA,0,NA,0,NA,0,0,0,NA,NA,NA,NA,NA,NA,NA,NA,NA,NA,0,0,"Search results-5.xlsx","COLOMBIA_A",NA,NA,"COL","Colombia","PER","COL_PER","Wingers",NA
"D. Valencia","Deportivo Cali","Deportivo Cali","RAMF",25,NA,NA,2,80,0,0,0,0,21.38,68.42,"Colombia","Colombia","izquierdo",0,0,NA,10.13,7.87,85.71,50,0,0,0,3.38,5.63,1.13,0,0,0,0,4.5,0,0,0,0,0,0,0,0,0,0,4.5,25,0,0,4.5,25,0,3.38,100,7.87,57.14,1.13,0,0,25.87,7.87,2.25,33.75,70,6.75,33.33,9,100,10.13,66.67,24.75,81.82,4.5,50,20.81,25.95,0,0,0,0,0,0,0,2.25,0,3.38,66.67,0,0,1.13,1.13,3.38,100,0,NA,0,NA,0,0,0,0,NA,NA,0,NA,NA,0,0,0,0,0,0,"players.xlsx","COLOMBIA_A",3e+05,"no","COL","Colombia","CAL","COL_CAL","Attacking Midfield",NA
"S. Urrea","Deportivo Pereira","Deportivo Pereira","CB",23,NA,NA,4,79,0,0,0,0,NA,NA,"Colombia","Colombia","unknown",0,0,NA,NA,NA,NA,NA,NA,0,NA,NA,12,NA,0,NA,0,NA,NA,NA,0,NA,NA,0,NA,0,NA,NA,0,NA,NA,NA,NA,NA,NA,NA,NA,NA,NA,NA,NA,NA,NA,NA,NA,NA,NA,NA,NA,NA,NA,NA,NA,NA,NA,NA,NA,NA,17.77,13.97,NA,NA,NA,NA,NA,NA,NA,NA,NA,NA,NA,NA,NA,NA,NA,NA,NA,0,NA,0,NA,0,0,0,NA,NA,NA,NA,NA,NA,NA,NA,NA,NA,0,0,"players_2025-09-27.xlsx","COLOMBIA_A",0,"si","COL","Colombia","PER","COL_PER","Defenders",NA
"J. Cataño Vahos","Envigado","Envigado","RDMF",17,0,NA,2,77,0,0,0,0.03,NA,NA,"Colombia","Colombia",NA,173,65,"no",NA,NA,NA,NA,NA,3.75,NA,NA,3.75,NA,0,NA,0,NA,NA,NA,0,NA,NA,0,NA,0,NA,NA,0,NA,NA,NA,NA,NA,NA,NA,NA,NA,NA,NA,NA,NA,NA,NA,NA,NA,NA,NA,NA,NA,NA,NA,NA,NA,NA,NA,NA,NA,9.25,20.4,NA,NA,NA,NA,NA,NA,NA,NA,NA,NA,NA,NA,NA,NA,NA,NA,NA,0,NA,0,NA,0,0,0,NA,NA,NA,NA,NA,NA,NA,NA,NA,NA,0,0,"Search results-5.xlsx","COLOMBIA_A",NA,NA,"COL","Colombia","ENV","COL_ENV","Defensive Midfield",NA
"N. Segura","Medellín U20","Medellín U20","CF",18,0,NA,5,76,0,0.14,0,0,NA,NA,"Colombia","Colombia",NA,0,0,"no",NA,NA,NA,NA,NA,0,NA,NA,0,NA,0,NA,0,NA,NA,NA,0,NA,NA,0,NA,2,NA,NA,0,NA,NA,NA,NA,NA,NA,NA,NA,NA,NA,NA,NA,NA,NA,NA,NA,NA,NA,NA,NA,NA,NA,NA,NA,NA,NA,NA,NA,NA,15.56,9.25,NA,NA,NA,NA,NA,NA,NA,NA,NA,NA,NA,NA,NA,NA,NA,NA,NA,0,NA,0,NA,0,0,0,NA,NA,NA,NA,NA,NA,NA,NA,NA,NA,0,0,"Search results-5.xlsx","COLOMBIA_A",NA,NA,"COL",NA,NA,NA,"Forwards",NA
"M. Lopez","Deportivo Cali U20","Deportivo Cali U20","DMF",17,0,NA,3,76,0,0,0,0,NA,NA,"Colombia","Colombia","unknown",0,0,"no",NA,NA,NA,NA,NA,0,NA,NA,7.5,NA,0,NA,0,NA,NA,NA,0,NA,NA,0,NA,0,NA,NA,0,NA,NA,NA,NA,NA,NA,NA,NA,NA,NA,NA,NA,NA,NA,NA,NA,NA,NA,NA,NA,NA,NA,NA,NA,NA,NA,NA,NA,NA,20.99,23.39,NA,NA,NA,NA,NA,NA,NA,NA,NA,NA,NA,NA,NA,NA,NA,NA,NA,0,NA,0,NA,0,0,0,NA,NA,NA,NA,NA,NA,NA,NA,NA,NA,0,0,"Search results-5.xlsx","COLOMBIA_A",NA,NA,"COL",NA,NA,NA,"Defensive Midfield",NA
"F. Charales","Águilas Doradas","Águilas Doradas","AMF",21,0,NA,3,76,0,0.15,0,0,NA,NA,"Colombia","Colombia","derecho",175,69,"no",NA,NA,NA,NA,NA,0,NA,NA,3.75,NA,0,NA,0,NA,NA,NA,0,NA,NA,0,NA,2,NA,NA,0,NA,NA,NA,NA,NA,NA,NA,NA,NA,NA,NA,NA,NA,NA,NA,NA,NA,NA,NA,NA,NA,NA,NA,NA,NA,NA,NA,NA,NA,19.65,16.95,NA,NA,NA,NA,NA,NA,NA,NA,NA,NA,NA,NA,NA,NA,NA,NA,NA,0,NA,0,NA,0,0,0,NA,NA,NA,NA,NA,NA,NA,NA,NA,NA,0,0,"Search results-5.xlsx","COLOMBIA_A",NA,NA,"COL","Colombia","AGD","COL_AGD","Attacking Midfield",NA
"Larry Vásquez","Atlético Bucaramanga","Atlético Bucaramanga","DMF",33,NA,"2025-12-31",1,75,0,0.01,0,0.02,8.4,57.14,"Colombia","Colombia, Venezuela","derecho",186,80,NA,6,3.6,66.67,50,1.2,2.5,0,2.4,5,0,0,0,0,0,0,0,0,0,0.01,0,0,1,1.2,0,0,0,0,0,0,0,0,0,0,0,0,0,1.2,1.2,0,45.6,0,0,62.4,92.31,19.2,93.75,4.8,100,34.8,93.1,58.8,93.88,3.6,66.67,18.86,29.94,0.02,1.2,0,0,0,0,1.2,15.6,92.31,1.2,100,0,0,1.2,0,19.2,87.5,0,NA,0,NA,0,0,0,0,NA,NA,0,NA,NA,0,0,0,0,0,0,"players.xlsx","COLOMBIA_A",650000,"no","COL","Colombia","BUC","COL_BUC","Defensive Midfield",NA
"S. Chacón","Envigado","Envigado","CF",16,NA,NA,3,74,0,0,0,0,21.89,38.89,"Colombia","Colombia",NA,186,82,NA,4.86,4.86,50,33.33,0,0,0,2.43,5.45,2.43,1,1.22,0,0,0,0,0,0,0,0,0,0,0,0,0,0,0,0,0,0,0,0,1.22,0,12.16,30,1.22,0,0,2.43,2.43,3.65,8.51,57.14,1.22,0,7.3,66.67,0,0,8.51,57.14,0,0,15.21,0,0,1.22,0,0,0,0,0,0,0,1.22,0,0,0,0,0,0,0,0,NA,0,NA,0,0,0,0,NA,NA,0,NA,NA,0,0,0,0,0,0,"players.xlsx","COLOMBIA_A",0,"no","COL","Colombia","ENV","COL_ENV","Forwards",NA
"J. Palacio","Águilas Doradas","Águilas Doradas","RAMF",21,0,NA,1,73,0,0.11,0,0.6,NA,NA,"Colombia","Colombia",NA,174,77,"no",NA,NA,NA,NA,NA,0,NA,NA,0,NA,0,NA,0,NA,NA,NA,0,NA,NA,0,NA,2,NA,NA,0,NA,NA,NA,NA,NA,NA,NA,NA,NA,NA,NA,NA,NA,NA,NA,NA,NA,NA,NA,NA,NA,NA,NA,NA,NA,NA,NA,NA,NA,34.62,53.05,NA,NA,NA,NA,NA,NA,NA,NA,NA,NA,NA,NA,NA,NA,NA,NA,NA,0,NA,0,NA,0,0,0,NA,NA,NA,NA,NA,NA,NA,NA,NA,NA,0,0,"Search results-5.xlsx","COLOMBIA_A",NA,NA,"COL","Colombia","AGD","COL_AGD","Attacking Midfield",NA
"M. García","Llaneros","Llaneros","LB",22,NA,NA,1,72,0,0,0,0,NA,NA,"Colombia","Colombia",NA,0,0,NA,NA,NA,NA,NA,NA,0,NA,NA,4.74,NA,1,NA,0,NA,NA,NA,0,NA,NA,0,NA,0,NA,NA,0,NA,NA,NA,NA,NA,NA,NA,NA,NA,NA,NA,NA,NA,NA,NA,NA,NA,NA,NA,NA,NA,NA,NA,NA,NA,NA,NA,NA,NA,15.73,9.7,NA,NA,NA,NA,NA,NA,NA,NA,NA,NA,NA,NA,NA,NA,NA,NA,NA,0,NA,0,NA,0,0,0,NA,NA,NA,NA,NA,NA,NA,NA,NA,NA,0,0,"players_2025-09-27.xlsx","COLOMBIA_A",0,"no","COL","Colombia","LNR","COL_LNR","Defenders Wingers",NA
"Y. Arboleda","Deportivo Pasto","Deportivo Pasto","LW",28,NA,NA,3,71,0,0.02,0,0,25.35,30,"Colombia","Colombia","derecho",178,65,NA,7.61,3.8,33.33,0,2.54,4.62,0,3.8,6.92,2.54,0,0,0,0,3.8,0,0,0,0.03,0,0,1,1.27,0,0,0,0,0,0,0,0,0,3.8,100,11.41,55.56,0,1.27,0,10.14,1.27,3.8,17.75,85.71,2.54,100,6.34,100,3.8,100,17.75,85.71,0,0,11.71,0,0,0,0,0,0,0,0,0,0,2.54,50,0,0,1.27,0,1.27,100,0,NA,0,NA,0,0,0,0,NA,NA,0,NA,NA,0,0,0,1.27,0,0,"players.xlsx","COLOMBIA_A",175000,"no","COL","Colombia","PAS","COL_PAS","Wingers",NA
"G. Mancilla","Medellín U20","Medellín","RWB",16,NA,NA,2,70,0,0.08,0,0.04,24.43,47.37,"Colombia","Colombia","unknown",0,0,NA,3.86,3.86,33.33,50,0,0,0,2.57,5.45,1.29,0,0,0,0,9,0,0,0,0.1,0,0,2,2.57,50,0,3.86,66.67,0,0,3.86,66.67,0,9,57.14,16.71,53.85,5.14,7.71,0,25.71,1.29,1.29,30.86,87.5,6.43,80,3.86,100,12.86,100,25.71,90,2.57,100,21.9,25.07,0.05,2.57,0,0,0,0,1.29,1.29,100,3.86,66.67,1.29,100,2.57,1.29,3.86,100,0,NA,0,NA,0,0,0,0,NA,NA,0,NA,NA,0,0,0,0,0,0,"players.xlsx","COLOMBIA_A",0,"no","COL",NA,NA,NA,"Defenders Wingers",NA
"J. Obando","Atlético Nacional","Atlético Nacional","CF",18,NA,NA,5,70,0,0.16,0,0,NA,NA,"Colombia","Colombia","derecho",0,0,NA,NA,NA,NA,NA,NA,0,NA,NA,3,NA,1,NA,0,NA,NA,NA,0,NA,NA,0,NA,2,NA,NA,0,NA,NA,NA,NA,NA,NA,NA,NA,NA,NA,NA,NA,NA,NA,NA,NA,NA,NA,NA,NA,NA,NA,NA,NA,NA,NA,NA,NA,NA,16.4,11.72,NA,NA,NA,NA,NA,NA,NA,NA,NA,NA,NA,NA,NA,NA,NA,NA,NA,0,NA,0,NA,0,0,0,NA,NA,NA,NA,NA,NA,NA,NA,NA,NA,0,0,"players_2025-09-27.xlsx","COLOMBIA_A",0,"no","COL","Colombia","NAC","COL_NAC","Forwards",NA
"J. Peñaloza","Unión Magdalena","Unión Magdalena","RCB",17,0,NA,4,70,0,0,0,0,NA,NA,"Colombia","Colombia",NA,0,0,"no",NA,NA,NA,NA,NA,0,NA,NA,11.43,NA,1,NA,0,NA,NA,NA,0,NA,NA,0,NA,0,NA,NA,0,NA,NA,NA,NA,NA,NA,NA,NA,NA,NA,NA,NA,NA,NA,NA,NA,NA,NA,NA,NA,NA,NA,NA,NA,NA,NA,NA,NA,NA,21.97,24.22,NA,NA,NA,NA,NA,NA,NA,NA,NA,NA,NA,NA,NA,NA,NA,NA,NA,0,NA,0,NA,0,0,0,NA,NA,NA,NA,NA,NA,NA,NA,NA,NA,0,0,"Search results-5.xlsx","COLOMBIA_A",NA,NA,"COL","Colombia","UMG","COL_UMG","Defenders",NA
"A. Roa","América de Cali","América de Cali","AMF",32,3e+05,NA,2,69,0,0.21,0,0,NA,NA,"Colombia","Colombia","derecho",175,67,"no",NA,NA,NA,NA,NA,0,NA,NA,0,NA,0,NA,0,NA,NA,NA,0,NA,NA,0,NA,3,NA,NA,0,NA,NA,NA,NA,NA,NA,NA,NA,NA,NA,NA,NA,NA,NA,NA,NA,NA,NA,NA,NA,NA,NA,NA,NA,NA,NA,NA,NA,NA,13.72,0,NA,NA,NA,NA,NA,NA,NA,NA,NA,NA,NA,NA,NA,NA,NA,NA,NA,0,NA,0,NA,0,0,0,NA,NA,NA,NA,NA,NA,NA,NA,NA,NA,0,0,"Search results-5.xlsx","COLOMBIA_A",NA,NA,"COL","Colombia","AME","COL_AME","Attacking Midfield",NA
"D. Lemos","Águilas Doradas","Águilas Doradas","LAMF",29,NA,"2025-06-30",3,68,0,0.89,0,0,18.53,28.57,"Colombia","Colombia","izquierdo",178,72,NA,1.32,3.97,0,0,0,0,0,1.32,2,0,0,0,0,0,3.97,0,0,0,1.17,0,0,3,3.97,66.67,0,0,0,0,0,0,0,0,5.29,25,13.24,40,3.97,2.65,0,17.21,0,1.32,27.79,71.43,9.26,42.86,6.62,80,6.62,100,25.15,68.42,2.65,100,14.21,6.41,0,0,0,0,1.32,0,0,0,0,2.65,0,1.32,0,0,0,3.97,0,0,NA,0,NA,0,0,0,0,NA,NA,0,NA,NA,0,0,0,0,0,0,"players.xlsx","COLOMBIA_A",3e+05,"no","COL","Colombia","AGD","COL_AGD","Attacking Midfield",NA
"S. Santacruz","Medellín","Medellín","LCMF",20,NA,NA,2,68,0,0.13,0,0,NA,NA,"Colombia","Colombia","derecho",173,66,NA,NA,NA,NA,NA,NA,0,NA,NA,6.67,NA,1,NA,0,NA,NA,NA,0,NA,NA,0,NA,3,NA,NA,0,NA,NA,NA,NA,NA,NA,NA,NA,NA,NA,NA,NA,NA,NA,NA,NA,NA,NA,NA,NA,NA,NA,NA,NA,NA,NA,NA,NA,NA,10.31,27.86,NA,NA,NA,NA,NA,NA,NA,NA,NA,NA,NA,NA,NA,NA,NA,NA,NA,0,NA,0,NA,0,0,0,NA,NA,NA,NA,NA,NA,NA,NA,NA,NA,0,0,"players_2025-09-27.xlsx","COLOMBIA_A",0,"no","COL","Colombia","MDL","COL_MDL","Midfield",NA
"B. Quiñonez","La Equidad U20","La Equidad U20","LCMF",19,NA,NA,2,68,0,0.02,0,0,NA,NA,"Colombia","Colombia",NA,0,0,NA,NA,NA,NA,NA,NA,0,NA,NA,2.5,NA,0,NA,0,NA,NA,NA,0,NA,NA,0,NA,1,NA,NA,0,NA,NA,NA,NA,NA,NA,NA,NA,NA,NA,NA,NA,NA,NA,NA,NA,NA,NA,NA,NA,NA,NA,NA,NA,NA,NA,NA,NA,NA,15.79,0,NA,NA,NA,NA,NA,NA,NA,NA,NA,NA,NA,NA,NA,NA,NA,NA,NA,0,NA,0,NA,0,0,0,NA,NA,NA,NA,NA,NA,NA,NA,NA,NA,0,0,"players_2025-09-27.xlsx","COLOMBIA_A",0,"no","COL",NA,NA,NA,"Midfield",NA
"C. Guzmán Caicedo","Tolima","Tolima","RB",19,0,NA,1,68,0,0.05,0,0,NA,NA,"Colombia","Colombia",NA,165,0,"no",NA,NA,NA,NA,NA,0,NA,NA,1.2,NA,1,NA,0,NA,NA,NA,0,NA,NA,0,NA,1,NA,NA,0,NA,NA,NA,NA,NA,NA,NA,NA,NA,NA,NA,NA,NA,NA,NA,NA,NA,NA,NA,NA,NA,NA,NA,NA,NA,NA,NA,NA,NA,17.66,0,NA,NA,NA,NA,NA,NA,NA,NA,NA,NA,NA,NA,NA,NA,NA,NA,NA,0,NA,0,NA,0,0,0,NA,NA,NA,NA,NA,NA,NA,NA,NA,NA,0,0,"Search results-5.xlsx","COLOMBIA_A",NA,NA,"COL","Colombia","TOL","COL_TOL","Defenders Wingers",NA
"J. Hurtado","Deportivo Pasto","Deportivo Pasto","RW",21,0,NA,2,67,0,0,0,0.01,NA,NA,"Colombia","Colombia",NA,0,0,"no",NA,NA,NA,NA,NA,0,NA,NA,15,NA,0,NA,0,NA,NA,NA,0,NA,NA,0,NA,0,NA,NA,0,NA,NA,NA,NA,NA,NA,NA,NA,NA,NA,NA,NA,NA,NA,NA,NA,NA,NA,NA,NA,NA,NA,NA,NA,NA,NA,NA,NA,NA,14.47,0,NA,NA,NA,NA,NA,NA,NA,NA,NA,NA,NA,NA,NA,NA,NA,NA,NA,0,NA,0,NA,0,0,0,NA,NA,NA,NA,NA,NA,NA,NA,NA,NA,0,0,"Search results-5.xlsx","COLOMBIA_A",NA,NA,"COL","Colombia","PAS","COL_PAS","Wingers",NA
"D. Zapata","Envigado","Envigado","RCMF",21,NA,NA,1,66,0,0.07,0,0,NA,NA,"Colombia","Colombia",NA,181,77,NA,NA,NA,NA,NA,NA,0,NA,NA,1.58,NA,0,NA,0,NA,NA,NA,0,NA,NA,0,NA,1,NA,NA,0,NA,NA,NA,NA,NA,NA,NA,NA,NA,NA,NA,NA,NA,NA,NA,NA,NA,NA,NA,NA,NA,NA,NA,NA,NA,NA,NA,NA,NA,18.41,41.73,NA,NA,NA,NA,NA,NA,NA,NA,NA,NA,NA,NA,NA,NA,NA,NA,NA,0,NA,0,NA,0,0,0,NA,NA,NA,NA,NA,NA,NA,NA,NA,NA,0,0,"players_2025-09-27.xlsx","COLOMBIA_A",0,"no","COL","Colombia","ENV","COL_ENV","Midfield",NA
"J. Valencia","São Bernardo FC","Deportivo Pasto","LCMF",26,NA,NA,1,65,0,0,0,0,16.62,75,"Colombia","Colombia","derecho",185,79,NA,6.92,5.54,75,75,1.38,1.5,0,1.38,1.5,1.38,0,0,0,0,1.38,0,0,0,0,0,0,0,0,0,0,0,0,0,0,0,0,0,2.77,50,4.15,66.67,0,1.38,0,27.69,0,1.38,42.92,90.32,16.62,91.67,2.77,100,19.38,85.71,38.77,96.43,4.15,33.33,21.54,44.29,0,0,0,0,1.38,0,0,8.31,83.33,1.38,100,0,0,1.38,0,12.46,100,0,NA,0,NA,0,0,0,0,NA,NA,0,NA,NA,0,0,0,0,0,0,"players.xlsx","COLOMBIA_A",250000,"no","COL",NA,NA,NA,"Midfield",NA
"J. Montoya","Deportivo Cali","Deportivo Cali","RW",20,0,NA,3,63,0,0,0,0.21,NA,NA,"Colombia","Colombia","derecho",163,65,"no",NA,NA,NA,NA,NA,0,NA,NA,10,NA,1,NA,0,NA,NA,NA,0,NA,NA,0,NA,0,NA,NA,0,NA,NA,NA,NA,NA,NA,NA,NA,NA,NA,NA,NA,NA,NA,NA,NA,NA,NA,NA,NA,NA,NA,NA,NA,NA,NA,NA,NA,NA,23.99,13.04,NA,NA,NA,NA,NA,NA,NA,NA,NA,NA,NA,NA,NA,NA,NA,NA,NA,0,NA,0,NA,0,0,0,NA,NA,NA,NA,NA,NA,NA,NA,NA,NA,0,0,"Search results-5.xlsx","COLOMBIA_A",NA,NA,"COL","Colombia","CAL","COL_CAL","Wingers",NA
"J. Welch","Millonarios","Millonarios","RDMF",25,NA,"2025-07-05",3,62,0,0,0,0,NA,NA,"Panama","Panama","derecho",186,76,NA,NA,NA,NA,NA,NA,2.31,NA,NA,11.54,NA,0,NA,0,NA,NA,NA,0,NA,NA,0,NA,0,NA,NA,0,NA,NA,NA,NA,NA,NA,NA,NA,NA,NA,NA,NA,NA,NA,NA,NA,NA,NA,NA,NA,NA,NA,NA,NA,NA,NA,NA,NA,NA,17.37,0,NA,NA,NA,NA,NA,NA,NA,NA,NA,NA,NA,NA,NA,NA,NA,NA,NA,0,NA,0,NA,0,0,0,NA,NA,NA,NA,NA,NA,NA,NA,NA,NA,0,0,"players_2025-09-27.xlsx","COLOMBIA_A",175000,"si","COL","Colombia","MIL","COL_MIL","Defensive Midfield",NA
"J. Rengifo","Atlético Nacional U20","Atlético Nacional U20","AMF",20,0,NA,2,59,0,0.1,1,0.19,NA,NA,"Colombia","Colombia","unknown",0,0,"no",NA,NA,NA,NA,NA,2.31,NA,NA,4.62,NA,1,NA,0,NA,NA,NA,0,NA,NA,0,NA,2,NA,NA,0,NA,NA,NA,NA,NA,NA,NA,NA,NA,NA,NA,NA,NA,NA,NA,NA,NA,NA,NA,NA,NA,NA,NA,NA,NA,NA,NA,NA,NA,19.87,0,NA,NA,NA,NA,NA,NA,NA,NA,NA,NA,NA,NA,NA,NA,NA,NA,NA,0,NA,0,NA,0,0,0,NA,NA,NA,NA,NA,NA,NA,NA,NA,NA,0,0,"Search results-5.xlsx","COLOMBIA_A",NA,NA,"COL",NA,NA,NA,"Attacking Midfield",NA
"J. Solís","Fortaleza","Fortaleza","AMF",26,NA,"2025-12-31",2,58,0,0,0,0,20.17,38.46,"Colombia","Colombia","derecho",171,67,NA,6.21,3.1,100,0,0,0,0,3.1,5.45,0,0,0,0,0,1.55,0,0,0,0,0,0,0,0,0,0,0,0,0,0,0,0,0,1.55,100,13.97,33.33,0,1.55,0,18.62,0,3.1,20.17,69.23,6.21,25,4.66,100,7.76,80,18.62,75,1.55,0,17.25,11.59,0,0,0,0,0,0,0,1.55,100,4.66,0,1.55,0,0,0,7.76,60,0,NA,0,NA,0,0,0,0,NA,NA,0,NA,NA,1.55,0,0,0,0,0,"players.xlsx","COLOMBIA_A",0,"no","COL","Colombia","FOZ","COL_FOZ","Attacking Midfield",NA
"J. Campaña","Deportivo Pasto","Deportivo Pasto","RCMF",22,NA,NA,4,58,0,0.16,0,0.04,NA,NA,"Colombia","Colombia","derecho",170,66,NA,NA,NA,NA,NA,NA,2.73,NA,NA,2.73,NA,0,NA,0,NA,NA,NA,0,NA,NA,0,NA,2,NA,NA,0,NA,NA,NA,NA,NA,NA,NA,NA,NA,NA,NA,NA,NA,NA,NA,NA,NA,NA,NA,NA,NA,NA,NA,NA,NA,NA,NA,NA,NA,13.26,0,NA,NA,NA,NA,NA,NA,NA,NA,NA,NA,NA,NA,NA,NA,NA,NA,NA,0,NA,0,NA,0,0,0,NA,NA,NA,NA,NA,NA,NA,NA,NA,NA,0,0,"players_2025-09-27.xlsx","COLOMBIA_A",350000,"no","COL","Colombia","PAS","COL_PAS","Midfield",NA
"S. Buelvas","Deportivo Pasto","Deportivo Pasto","RB",NA,0,NA,2,58,0,0,0,0.07,NA,NA,NA,NA,NA,0,0,"no",NA,NA,NA,NA,NA,0,NA,NA,7.5,NA,0,NA,0,NA,NA,NA,0,NA,NA,0,NA,0,NA,NA,0,NA,NA,NA,NA,NA,NA,NA,NA,NA,NA,NA,NA,NA,NA,NA,NA,NA,NA,NA,NA,NA,NA,NA,NA,NA,NA,NA,NA,NA,20.66,16.09,NA,NA,NA,NA,NA,NA,NA,NA,NA,NA,NA,NA,NA,NA,NA,NA,NA,0,NA,0,NA,0,0,0,NA,NA,NA,NA,NA,NA,NA,NA,NA,NA,0,0,"Search results-5.xlsx","COLOMBIA_A",NA,NA,"COL","Colombia","PAS","COL_PAS","Defenders Wingers",NA
"E. Garcia","Boyacá Chicó","Boyacá Chicó","RB",NA,NA,NA,3,57,0,0,0,0.01,3.16,50,"Colombia","Colombia",NA,0,0,NA,4.74,1.58,100,0,0,0,0,3.16,7.5,0,0,0,0,0,3.16,0,0,0,0,0,0,0,0,0,0,3.16,100,0,0,3.16,100,0,1.58,0,1.58,0,0,3.16,0,23.68,1.58,0,31.58,95,11.05,85.71,6.32,100,7.89,100,23.68,100,4.74,66.67,18.49,35.08,0.01,1.58,0,0,0,0,0,1.58,0,3.16,100,0,0,0,3.16,6.32,100,0,NA,0,NA,0,0,0,0,NA,NA,0,NA,NA,0,0,0,0,0,0,"players.xlsx","COLOMBIA_A",0,"no","COL","Colombia","BYC","COL_BYC","Defenders Wingers",NA
"E. Garcia","San Jose State Spartans","San Jose State Spartans","RB",NA,NA,NA,3,57,0,0,0,0.01,NA,NA,"United States","United States",NA,187,80,NA,NA,NA,NA,NA,NA,0,NA,NA,7.5,NA,0,NA,0,NA,NA,NA,0,NA,NA,0,NA,0,NA,NA,0,NA,NA,NA,NA,NA,NA,NA,NA,NA,NA,NA,NA,NA,NA,NA,NA,NA,NA,NA,NA,NA,NA,NA,NA,NA,NA,NA,NA,NA,18.49,35.08,NA,NA,NA,NA,NA,NA,NA,NA,NA,NA,NA,NA,NA,NA,NA,NA,NA,0,NA,0,NA,0,0,0,NA,NA,NA,NA,NA,NA,NA,NA,NA,NA,0,0,"players_2025-09-27.xlsx","COLOMBIA_A",0,"no","COL",NA,NA,NA,"Defenders Wingers",NA
"L. Berdugo","Junior","Junior","AMF",23,NA,NA,2,55,0,0,0,0,21.27,46.15,"Colombia","Colombia","izquierdo",176,69,NA,3.27,3.27,50,100,0,0,1.64,1.64,3.33,3.27,0,0,0,0,3.27,0,0,0,0,0,0,0,0,0,0,1.64,0,1.64,0,0,0,1.64,3.27,100,11.45,42.86,0,0,0,39.27,0,4.91,54,81.82,11.45,85.71,6.55,75,36,81.82,45.82,85.71,6.55,75,21.18,32.03,0,0,0,0,0,0,0,8.18,100,3.27,0,1.64,0,0,0,8.18,80,0,NA,0,NA,0,0,0,0,NA,NA,0,NA,NA,0,0,0,0,0,0,"players.xlsx","COLOMBIA_A",450000,"no","COL","Colombia","JNR","COL_JNR","Attacking Midfield",NA
"J. LOPEZ CARVAJAL","América de Cali U20","América de Cali U20","AMF",19,NA,NA,1,55,0,0,0,0,NA,NA,"Colombia","Colombia","unknown",177,71,NA,NA,NA,NA,NA,NA,0,NA,NA,2.14,NA,0,NA,0,NA,NA,NA,0,NA,NA,0,NA,0,NA,NA,0,NA,NA,NA,NA,NA,NA,NA,NA,NA,NA,NA,NA,NA,NA,NA,NA,NA,NA,NA,NA,NA,NA,NA,NA,NA,NA,NA,NA,NA,17.8,40.13,NA,NA,NA,NA,NA,NA,NA,NA,NA,NA,NA,NA,NA,NA,NA,NA,NA,0,NA,0,NA,0,0,0,NA,NA,NA,NA,NA,NA,NA,NA,NA,NA,0,0,"players_2025-09-27.xlsx","COLOMBIA_A",0,"no","COL",NA,NA,NA,"Attacking Midfield",NA
"B. Palacio","Águilas Doradas","Águilas Doradas","RW",24,0,NA,2,55,0,0.01,0,0,NA,NA,"Colombia","Colombia","izquierdo",188,76,"no",NA,NA,NA,NA,NA,0,NA,NA,1.88,NA,0,NA,0,NA,NA,NA,0,NA,NA,0,NA,1,NA,NA,0,NA,NA,NA,NA,NA,NA,NA,NA,NA,NA,NA,NA,NA,NA,NA,NA,NA,NA,NA,NA,NA,NA,NA,NA,NA,NA,NA,NA,NA,12.27,26.33,NA,NA,NA,NA,NA,NA,NA,NA,NA,NA,NA,NA,NA,NA,NA,NA,NA,0,NA,0,NA,0,0,0,NA,NA,NA,NA,NA,NA,NA,NA,NA,NA,0,0,"Search results-5.xlsx","COLOMBIA_A",NA,NA,"COL","Colombia","AGD","COL_AGD","Wingers",NA
"J. Hernández","La Equidad","La Equidad","LB",NA,NA,NA,1,51,0,0,0,0,10.59,50,"Colombia","Colombia",NA,0,0,NA,7.06,7.06,50,0,1.76,2.31,0,1.76,2.31,0,0,0,0,0,1.76,0,0,0,0,0,0,0,0,0,0,1.76,0,1.76,0,0,0,0,1.76,100,3.53,50,0,1.76,0,24.71,0,0,28.24,81.25,7.06,75,12.35,100,3.53,50,24.71,85.71,1.76,100,16.13,38.95,0,0,0,0,0,0,0,0,0,1.76,0,0,0,0,0,5.29,66.67,0,NA,0,NA,0,0,0,0,NA,NA,1.76,NA,NA,0,0,0,0,0,0,"players.xlsx","COLOMBIA_A",0,"no","COL","Colombia","EQU","COL_EQU","Defenders Wingers",NA
"C. Villegas Gonzalez","Alianza","Alianza","RCMF",NA,NA,NA,2,51,0,0.08,0,0.01,15.88,33.33,NA,NA,NA,0,0,NA,1.76,5.29,33.33,50,0,0,0,0,0,0,0,0,0,0,0,0,0,0,0.13,0,0,1,1.76,0,0,0,0,0,0,0,0,0,1.76,0,7.06,25,1.76,0,0,21.18,0,0,22.94,92.31,10.59,83.33,3.53,100,7.06,100,22.94,92.31,0,0,18,0,0.01,1.76,0,0,0,0,0,5.29,66.67,3.53,100,0,0,3.53,0,5.29,100,0,NA,0,NA,0,0,0,0,NA,NA,1.76,NA,NA,1.76,0,0,1.76,0,0,"players.xlsx","COLOMBIA_A",0,"no","COL","Colombia","ALV","COL_ALV","Midfield",NA
"R. Julio","La Equidad","La Equidad","RB",20,0,NA,3,50,0,0.06,0,0,NA,NA,"Colombia","Colombia","unknown",0,0,"no",NA,NA,NA,NA,NA,6,NA,NA,15,NA,0,NA,0,NA,NA,NA,0,NA,NA,0,NA,2,NA,NA,0,NA,NA,NA,NA,NA,NA,NA,NA,NA,NA,NA,NA,NA,NA,NA,NA,NA,NA,NA,NA,NA,NA,NA,NA,NA,NA,NA,NA,NA,9.83,0,NA,NA,NA,NA,NA,NA,NA,NA,NA,NA,NA,NA,NA,NA,NA,NA,NA,0,NA,0,NA,0,0,0,NA,NA,NA,NA,NA,NA,NA,NA,NA,NA,0,0,"Search results-5.xlsx","COLOMBIA_A",NA,NA,"COL","Colombia","EQU","COL_EQU","Defenders Wingers",NA
"J. Asprilla","La Equidad U20","La Equidad","CF",22,NA,NA,1,49,0,0,0,0,20.2,36.36,"Colombia","Colombia",NA,0,0,NA,11.02,9.18,60,0,1.84,1.88,0,3.67,3.75,1.84,1,1.84,0,0,0,0,0,0,0,0,0,0,0,0,0,0,0,0,0,0,0,0,3.67,0,9.18,0,1.84,1.84,0,11.02,0,1.84,16.53,66.67,5.51,33.33,1.84,100,1.84,100,16.53,66.67,0,0,17.68,0,0,0,0,0,0,0,0,3.67,50,0,0,0,0,0,0,0,0,0,NA,0,NA,0,0,0,0,NA,NA,0,NA,NA,0,0,0,0,0,0,"players.xlsx","COLOMBIA_A",0,"no","COL",NA,NA,NA,"Forwards",NA
"J. Díaz","Deportivo Pereira","Deportivo Pereira","RWF",25,0,NA,3,49,0,0,0,0,NA,NA,"Colombia","Colombia","derecho",172,65,"no",NA,NA,NA,NA,NA,4.62,NA,NA,4.62,NA,1,NA,0,NA,NA,NA,0,NA,NA,0,NA,0,NA,NA,0,NA,NA,NA,NA,NA,NA,NA,NA,NA,NA,NA,NA,NA,NA,NA,NA,NA,NA,NA,NA,NA,NA,NA,NA,NA,NA,NA,NA,NA,15.13,0,NA,NA,NA,NA,NA,NA,NA,NA,NA,NA,NA,NA,NA,NA,NA,NA,NA,0,NA,0,NA,0,0,0,NA,NA,NA,NA,NA,NA,NA,NA,NA,NA,0,0,"Search results-5.xlsx","COLOMBIA_A",NA,NA,"COL","Colombia","PER","COL_PER","Wingers",NA
"K. Cuellar","Deportivo Cali","Deportivo Cali","RW",21,0,NA,2,48,0,0.21,0,0.02,NA,NA,"Colombia","Colombia",NA,184,67,"no",NA,NA,NA,NA,NA,0,NA,NA,22.5,NA,0,NA,0,NA,NA,NA,0,NA,NA,0,NA,1,NA,NA,0,NA,NA,NA,NA,NA,NA,NA,NA,NA,NA,NA,NA,NA,NA,NA,NA,NA,NA,NA,NA,NA,NA,NA,NA,NA,NA,NA,NA,NA,16.94,0,NA,NA,NA,NA,NA,NA,NA,NA,NA,NA,NA,NA,NA,NA,NA,NA,NA,0,NA,0,NA,0,0,0,NA,NA,NA,NA,NA,NA,NA,NA,NA,NA,0,0,"Search results-5.xlsx","COLOMBIA_A",NA,NA,"COL","Colombia","CAL","COL_CAL","Wingers",NA
"N. Aragón","Deportivo Pereira","Deportivo Pereira","GK",26,NA,NA,1,47,0,0,0,0,NA,NA,"Colombia","Colombia","unknown",0,0,NA,NA,NA,NA,NA,NA,0,NA,NA,2.31,NA,0,NA,0,NA,NA,NA,0,NA,NA,0,NA,0,NA,NA,0,NA,NA,NA,NA,NA,NA,NA,NA,NA,NA,NA,NA,NA,NA,NA,NA,NA,NA,NA,NA,NA,NA,NA,NA,NA,NA,NA,NA,NA,44.18,55.15,NA,NA,NA,NA,NA,NA,NA,NA,NA,NA,NA,NA,NA,NA,NA,NA,NA,0,NA,2,NA,0,100,0.57,NA,0.57,NA,NA,NA,NA,NA,NA,NA,NA,0,0,"players_2025-09-27.xlsx","COLOMBIA_A",0,"no","COL","Colombia","PER","COL_PER","Goalkeepers",NA
"D. Cortés Goyes","Millonarios","Millonarios","CB",17,NA,NA,1,47,0,0.19,0,0,NA,NA,"Colombia","Colombia",NA,0,0,NA,NA,NA,NA,NA,NA,2.31,NA,NA,2.31,NA,0,NA,0,NA,NA,NA,0,NA,NA,0,NA,1,NA,NA,0,NA,NA,NA,NA,NA,NA,NA,NA,NA,NA,NA,NA,NA,NA,NA,NA,NA,NA,NA,NA,NA,NA,NA,NA,NA,NA,NA,NA,NA,20.33,43.22,NA,NA,NA,NA,NA,NA,NA,NA,NA,NA,NA,NA,NA,NA,NA,NA,NA,0,NA,0,NA,0,0,0,NA,NA,NA,NA,NA,NA,NA,NA,NA,NA,0,0,"players_2025-09-27.xlsx","COLOMBIA_A",0,"no","COL","Colombia","MIL","COL_MIL","Defenders",NA
"Neto Volpi","Tolima","Tolima","GK",33,6e+05,NA,1,47,0,0,0,0,NA,NA,"Brazil","Brazil","derecho",189,93,"no",NA,NA,NA,NA,NA,0,NA,NA,0,NA,0,NA,0,NA,NA,NA,0,NA,NA,0,NA,0,NA,NA,0,NA,NA,NA,NA,NA,NA,NA,NA,NA,NA,NA,NA,NA,NA,NA,NA,NA,NA,NA,NA,NA,NA,NA,NA,NA,NA,NA,NA,NA,33.51,48.25,NA,NA,NA,NA,NA,NA,NA,NA,NA,NA,NA,NA,NA,NA,NA,NA,NA,0,NA,1,NA,0,100,0,NA,0,NA,NA,NA,NA,NA,NA,NA,NA,0,0,"Search results-5.xlsx","COLOMBIA_A",NA,NA,"COL","Colombia","TOL","COL_TOL","Goalkeepers",NA
"J. Marcelin","Boyacá Chicó","Boyacá Chicó","LW",24,NA,NA,1,40,0,0,0,0,NA,NA,"Colombia","Colombia","izquierdo",164,70,NA,NA,NA,NA,NA,NA,0,NA,NA,3.33,NA,0,NA,0,NA,NA,NA,0,NA,NA,0,NA,0,NA,NA,0,NA,NA,NA,NA,NA,NA,NA,NA,NA,NA,NA,NA,NA,NA,NA,NA,NA,NA,NA,NA,NA,NA,NA,NA,NA,NA,NA,NA,NA,18.45,22.27,NA,NA,NA,NA,NA,NA,NA,NA,NA,NA,NA,NA,NA,NA,NA,NA,NA,0,NA,0,NA,0,0,0,NA,NA,NA,NA,NA,NA,NA,NA,NA,NA,0,0,"players.xlsx","COLOMBIA_A",3e+05,"no","COL","Colombia","BYC","COL_BYC","Wingers",NA
"N. Valencia","Boyacá Chicó","Boyacá Chicó","DMF",24,0,NA,2,36,0,0,0,0,NA,NA,"Colombia","Colombia","derecho",180,0,"no",NA,NA,NA,NA,NA,3.33,NA,NA,0,NA,0,NA,0,NA,NA,NA,0,NA,NA,0,NA,0,NA,NA,0,NA,NA,NA,NA,NA,NA,NA,NA,NA,NA,NA,NA,NA,NA,NA,NA,NA,NA,NA,NA,NA,NA,NA,NA,NA,NA,NA,NA,NA,16.13,0,NA,NA,NA,NA,NA,NA,NA,NA,NA,NA,NA,NA,NA,NA,NA,NA,NA,0,NA,0,NA,0,0,0,NA,NA,NA,NA,NA,NA,NA,NA,NA,NA,0,0,"Search results-5.xlsx","COLOMBIA_A",NA,NA,"COL","Colombia","BYC","COL_BYC","Defensive Midfield",NA
"D. Pena Zabaleta","La Equidad","La Equidad","LW",21,NA,NA,3,35,0,0.06,0,0,NA,NA,"Colombia","Colombia",NA,0,0,NA,NA,NA,NA,NA,NA,0,NA,NA,10,NA,0,NA,0,NA,NA,NA,0,NA,NA,0,NA,1,NA,NA,0,NA,NA,NA,NA,NA,NA,NA,NA,NA,NA,NA,NA,NA,NA,NA,NA,NA,NA,NA,NA,NA,NA,NA,NA,NA,NA,NA,NA,NA,18.89,29.01,NA,NA,NA,NA,NA,NA,NA,NA,NA,NA,NA,NA,NA,NA,NA,NA,NA,0,NA,0,NA,0,0,0,NA,NA,NA,NA,NA,NA,NA,NA,NA,NA,0,0,"players.xlsx","COLOMBIA_A",0,"no","COL","Colombia","EQU","COL_EQU","Wingers",NA
"B. Correa","Orsomarso","América de Cali","RB",21,NA,NA,1,35,0,0,0,0.06,NA,NA,"Colombia","Colombia",NA,0,0,NA,NA,NA,NA,NA,NA,0,NA,NA,0,NA,0,NA,0,NA,NA,NA,0,NA,NA,0,NA,0,NA,NA,0,NA,NA,NA,NA,NA,NA,NA,NA,NA,NA,NA,NA,NA,NA,NA,NA,NA,NA,NA,NA,NA,NA,NA,NA,NA,NA,NA,NA,NA,16.98,38.54,NA,NA,NA,NA,NA,NA,NA,NA,NA,NA,NA,NA,NA,NA,NA,NA,NA,0,NA,0,NA,0,0,0,NA,NA,NA,NA,NA,NA,NA,NA,NA,NA,0,0,"players.xlsx","COLOMBIA_A",0,"no","COL",NA,NA,NA,"Defenders Wingers",NA
"M. Agámez","Junior","Junior","RDMF",16,0,NA,2,35,0,0,0,0,NA,NA,"Colombia","Colombia","unknown",0,0,"no",NA,NA,NA,NA,NA,5,NA,NA,10,NA,2,NA,0,NA,NA,NA,0,NA,NA,0,NA,0,NA,NA,0,NA,NA,NA,NA,NA,NA,NA,NA,NA,NA,NA,NA,NA,NA,NA,NA,NA,NA,NA,NA,NA,NA,NA,NA,NA,NA,NA,NA,NA,15.1,7.8,NA,NA,NA,NA,NA,NA,NA,NA,NA,NA,NA,NA,NA,NA,NA,NA,NA,0,NA,0,NA,0,0,0,NA,NA,NA,NA,NA,NA,NA,NA,NA,NA,0,0,"Search results-5.xlsx","COLOMBIA_A",NA,NA,"COL","Colombia","JNR","COL_JNR","Defensive Midfield",NA
"J. Santamaria Gaona","La Equidad","La Equidad","RCMF",20,0,NA,2,34,0,0.04,0,0,NA,NA,"Colombia","Colombia",NA,0,0,"no",NA,NA,NA,NA,NA,0,NA,NA,2.5,NA,0,NA,0,NA,NA,NA,0,NA,NA,0,NA,2,NA,NA,0,NA,NA,NA,NA,NA,NA,NA,NA,NA,NA,NA,NA,NA,NA,NA,NA,NA,NA,NA,NA,NA,NA,NA,NA,NA,NA,NA,NA,NA,5.36,9.98,NA,NA,NA,NA,NA,NA,NA,NA,NA,NA,NA,NA,NA,NA,NA,NA,NA,0,NA,0,NA,0,0,0,NA,NA,NA,NA,NA,NA,NA,NA,NA,NA,0,0,"Search results-5.xlsx","COLOMBIA_A",NA,NA,"COL","Colombia","EQU","COL_EQU","Midfield",NA
"C. Meli","Emelec","Santa Fe","CF",33,NA,"2026-12-31",1,32,0,0,0,0,NA,NA,"Argentina","Argentina","derecho",174,79,NA,NA,NA,NA,NA,NA,0,NA,NA,9,NA,0,NA,0,NA,NA,NA,0,NA,NA,0,NA,0,NA,NA,0,NA,NA,NA,NA,NA,NA,NA,NA,NA,NA,NA,NA,NA,NA,NA,NA,NA,NA,NA,NA,NA,NA,NA,NA,NA,NA,NA,NA,NA,16.36,37.63,NA,NA,NA,NA,NA,NA,NA,NA,NA,NA,NA,NA,NA,NA,NA,NA,NA,0,NA,0,NA,0,0,0,NA,NA,NA,NA,NA,NA,NA,NA,NA,NA,0,0,"players.xlsx","COLOMBIA_A",5e+05,"no","COL",NA,NA,NA,"Forwards",NA
"Juan Potes","Envigado","Envigado","LCMF",17,NA,NA,2,32,0,0,0,0,NA,NA,"Colombia","Colombia",NA,0,0,NA,NA,NA,NA,NA,NA,10,NA,NA,5,NA,1,NA,0,NA,NA,NA,0,NA,NA,0,NA,0,NA,NA,0,NA,NA,NA,NA,NA,NA,NA,NA,NA,NA,NA,NA,NA,NA,NA,NA,NA,NA,NA,NA,NA,NA,NA,NA,NA,NA,NA,NA,NA,10.6,0,NA,NA,NA,NA,NA,NA,NA,NA,NA,NA,NA,NA,NA,NA,NA,NA,NA,0,NA,0,NA,0,0,0,NA,NA,NA,NA,NA,NA,NA,NA,NA,NA,0,0,"players_2025-09-27.xlsx","COLOMBIA_A",0,"no","COL","Colombia","ENV","COL_ENV","Midfield",NA
"K. Reyes","Tolima","Tolima","LB",NA,NA,NA,1,31,0,0,0,0,NA,NA,NA,NA,NA,0,0,NA,NA,NA,NA,NA,NA,0,NA,NA,3.75,NA,0,NA,0,NA,NA,NA,0,NA,NA,0,NA,0,NA,NA,0,NA,NA,NA,NA,NA,NA,NA,NA,NA,NA,NA,NA,NA,NA,NA,NA,NA,NA,NA,NA,NA,NA,NA,NA,NA,NA,NA,NA,NA,19.93,36.85,NA,NA,NA,NA,NA,NA,NA,NA,NA,NA,NA,NA,NA,NA,NA,NA,NA,0,NA,0,NA,0,0,0,NA,NA,NA,NA,NA,NA,NA,NA,NA,NA,0,0,"players.xlsx","COLOMBIA_A",0,"no","COL","Colombia","TOL","COL_TOL","Defenders Wingers",NA
"H. Goyes Cortés","Deportivo Pasto","Deportivo Pasto","LWB",19,NA,NA,1,31,0,0,0,0,NA,NA,"Colombia","Colombia",NA,0,0,NA,NA,NA,NA,NA,NA,0,NA,NA,0,NA,0,NA,0,NA,NA,NA,0,NA,NA,0,NA,0,NA,NA,0,NA,NA,NA,NA,NA,NA,NA,NA,NA,NA,NA,NA,NA,NA,NA,NA,NA,NA,NA,NA,NA,NA,NA,NA,NA,NA,NA,NA,NA,12.36,0,NA,NA,NA,NA,NA,NA,NA,NA,NA,NA,NA,NA,NA,NA,NA,NA,NA,0,NA,0,NA,0,0,0,NA,NA,NA,NA,NA,NA,NA,NA,NA,NA,0,0,"players.xlsx","COLOMBIA_A",0,"no","COL","Colombia","PAS","COL_PAS","Defenders Wingers",NA
"D. Sinisterra","Deportivo Pereira","Deportivo Pereira","RW",21,NA,NA,2,29,0,0,0,0,NA,NA,"Colombia","Colombia","izquierdo",177,75,NA,NA,NA,NA,NA,NA,0,NA,NA,5,NA,1,NA,0,NA,NA,NA,0,NA,NA,0,NA,0,NA,NA,0,NA,NA,NA,NA,NA,NA,NA,NA,NA,NA,NA,NA,NA,NA,NA,NA,NA,NA,NA,NA,NA,NA,NA,NA,NA,NA,NA,NA,NA,11.31,0,NA,NA,NA,NA,NA,NA,NA,NA,NA,NA,NA,NA,NA,NA,NA,NA,NA,0,NA,0,NA,0,0,0,NA,NA,NA,NA,NA,NA,NA,NA,NA,NA,0,0,"players_2025-09-27.xlsx","COLOMBIA_A",0,"no","COL","Colombia","PER","COL_PER","Wingers",NA
"K. Villada","Once Caldas","Once Caldas","RCMF",17,NA,NA,2,29,0,0.02,0,0,NA,NA,"Colombia","Colombia",NA,0,0,NA,NA,NA,NA,NA,NA,6,NA,NA,0,NA,0,NA,1,NA,NA,NA,0,NA,NA,0,NA,1,NA,NA,0,NA,NA,NA,NA,NA,NA,NA,NA,NA,NA,NA,NA,NA,NA,NA,NA,NA,NA,NA,NA,NA,NA,NA,NA,NA,NA,NA,NA,NA,17.95,0,NA,NA,NA,NA,NA,NA,NA,NA,NA,NA,NA,NA,NA,NA,NA,NA,NA,0,NA,0,NA,0,0,0,NA,NA,NA,NA,NA,NA,NA,NA,NA,NA,0,0,"players_2025-09-27.xlsx","COLOMBIA_A",0,"no","COL","Colombia","ONC","COL_ONC","Midfield",NA
"J. Ramírez","Deportivo Pereira","Deportivo Pereira","LWF",19,NA,NA,1,28,0,0.03,0,0,NA,NA,"Colombia","Colombia",NA,0,0,NA,NA,NA,NA,NA,NA,0,NA,NA,6,NA,0,NA,0,NA,NA,NA,0,NA,NA,0,NA,1,NA,NA,0,NA,NA,NA,NA,NA,NA,NA,NA,NA,NA,NA,NA,NA,NA,NA,NA,NA,NA,NA,NA,NA,NA,NA,NA,NA,NA,NA,NA,NA,13.7,0,NA,NA,NA,NA,NA,NA,NA,NA,NA,NA,NA,NA,NA,NA,NA,NA,NA,0,NA,0,NA,0,0,0,NA,NA,NA,NA,NA,NA,NA,NA,NA,NA,0,0,"players.xlsx","COLOMBIA_A",0,"no","COL","Colombia","PER","COL_PER","Wingers",NA
"L. Villa","Alianza","Alianza","CF",NA,0,NA,1,28,0,0,0,0,NA,NA,NA,NA,NA,0,0,"no",NA,NA,NA,NA,NA,5,NA,NA,0,NA,1,NA,0,NA,NA,NA,0,NA,NA,0,NA,0,NA,NA,0,NA,NA,NA,NA,NA,NA,NA,NA,NA,NA,NA,NA,NA,NA,NA,NA,NA,NA,NA,NA,NA,NA,NA,NA,NA,NA,NA,NA,NA,34.96,25.53,NA,NA,NA,NA,NA,NA,NA,NA,NA,NA,NA,NA,NA,NA,NA,NA,NA,0,NA,0,NA,0,0,0,NA,NA,NA,NA,NA,NA,NA,NA,NA,NA,0,0,"Search results-5.xlsx","COLOMBIA_A",NA,NA,"COL","Colombia","ALV","COL_ALV","Forwards",NA
"V. Lasso Castillo","Fortaleza U20","Fortaleza","LCB",19,NA,NA,1,27,0,0,0,0,NA,NA,"Colombia","Colombia","unknown",0,0,NA,NA,NA,NA,NA,NA,0,NA,NA,0,NA,0,NA,0,NA,NA,NA,0,NA,NA,0,NA,0,NA,NA,0,NA,NA,NA,NA,NA,NA,NA,NA,NA,NA,NA,NA,NA,NA,NA,NA,NA,NA,NA,NA,NA,NA,NA,NA,NA,NA,NA,NA,NA,15.97,0,NA,NA,NA,NA,NA,NA,NA,NA,NA,NA,NA,NA,NA,NA,NA,NA,NA,0,NA,0,NA,0,0,0,NA,NA,NA,NA,NA,NA,NA,NA,NA,NA,0,0,"players.xlsx","COLOMBIA_A",0,"no","COL",NA,NA,NA,"Defenders",NA
"K. González","América de Cali","América de Cali","AMF",23,NA,NA,1,27,0,0.09,0,0,NA,NA,"Colombia","Colombia",NA,0,0,NA,NA,NA,NA,NA,NA,0,NA,NA,0,NA,0,NA,0,NA,NA,NA,0,NA,NA,0,NA,1,NA,NA,0,NA,NA,NA,NA,NA,NA,NA,NA,NA,NA,NA,NA,NA,NA,NA,NA,NA,NA,NA,NA,NA,NA,NA,NA,NA,NA,NA,NA,NA,11.04,0,NA,NA,NA,NA,NA,NA,NA,NA,NA,NA,NA,NA,NA,NA,NA,NA,NA,0,NA,0,NA,0,0,0,NA,NA,NA,NA,NA,NA,NA,NA,NA,NA,0,0,"players.xlsx","COLOMBIA_A",0,"no","COL","Colombia","AME","COL_AME","Attacking Midfield",NA
"J. Medranda","San Antonio","San Antonio","LAMF",31,NA,NA,1,27,0,0,0,0.07,NA,NA,"Colombia","Colombia, United States","izquierdo",165,68,NA,NA,NA,NA,NA,NA,0,NA,NA,11.25,NA,0,NA,0,NA,NA,NA,0,NA,NA,0,NA,0,NA,NA,0,NA,NA,NA,NA,NA,NA,NA,NA,NA,NA,NA,NA,NA,NA,NA,NA,NA,NA,NA,NA,NA,NA,NA,NA,NA,NA,NA,NA,NA,22.06,0,NA,NA,NA,NA,NA,NA,NA,NA,NA,NA,NA,NA,NA,NA,NA,NA,NA,0,NA,0,NA,0,0,0,NA,NA,NA,NA,NA,NA,NA,NA,NA,NA,0,0,"players_2025-09-27.xlsx","COLOMBIA_A",0,"no","COL",NA,NA,NA,"Attacking Midfield",NA
"J. D. Campos","Santa Fe","Santa Fe","LCMF",NA,NA,NA,1,26,0,0,0,0,NA,NA,"Colombia","Colombia",NA,0,0,NA,NA,NA,NA,NA,NA,0,NA,NA,0,NA,0,NA,0,NA,NA,NA,0,NA,NA,0,NA,0,NA,NA,0,NA,NA,NA,NA,NA,NA,NA,NA,NA,NA,NA,NA,NA,NA,NA,NA,NA,NA,NA,NA,NA,NA,NA,NA,NA,NA,NA,NA,NA,13.89,0,NA,NA,NA,NA,NA,NA,NA,NA,NA,NA,NA,NA,NA,NA,NA,NA,NA,0,NA,0,NA,0,0,0,NA,NA,NA,NA,NA,NA,NA,NA,NA,NA,0,0,"players.xlsx","COLOMBIA_A",0,"no","COL","Colombia","STF","COL_STF","Midfield",NA
"W. Segrera Cuisman","Unión Magdalena U20","Unión Magdalena U20","LB",19,0,NA,1,26,0,0,0,0,NA,NA,"Colombia","Colombia","unknown",0,0,"no",NA,NA,NA,NA,NA,4.29,NA,NA,4.29,NA,0,NA,0,NA,NA,NA,0,NA,NA,0,NA,0,NA,NA,0,NA,NA,NA,NA,NA,NA,NA,NA,NA,NA,NA,NA,NA,NA,NA,NA,NA,NA,NA,NA,NA,NA,NA,NA,NA,NA,NA,NA,NA,16.29,19.19,NA,NA,NA,NA,NA,NA,NA,NA,NA,NA,NA,NA,NA,NA,NA,NA,NA,0,NA,0,NA,0,0,0,NA,NA,NA,NA,NA,NA,NA,NA,NA,NA,0,0,"Search results-5.xlsx","COLOMBIA_A",NA,NA,"COL",NA,NA,NA,"Defenders Wingers",NA
"A. Rentería","Alianza","Alianza","AMF",31,NA,NA,1,25,0,0,0,0,NA,NA,"Colombia","Colombia, Mexico","derecho",179,82,NA,NA,NA,NA,NA,NA,0,NA,NA,0,NA,1,NA,0,NA,NA,NA,0,NA,NA,0,NA,0,NA,NA,0,NA,NA,NA,NA,NA,NA,NA,NA,NA,NA,NA,NA,NA,NA,NA,NA,NA,NA,NA,NA,NA,NA,NA,NA,NA,NA,NA,NA,NA,6.21,0,NA,NA,NA,NA,NA,NA,NA,NA,NA,NA,NA,NA,NA,NA,NA,NA,NA,0,NA,0,NA,0,0,0,NA,NA,NA,NA,NA,NA,NA,NA,NA,NA,0,0,"players.xlsx","COLOMBIA_A",4e+05,"no","COL","Colombia","ALV","COL_ALV","Attacking Midfield",NA
"H. Rincon","Once Caldas U18","Once Caldas","RB",17,NA,NA,1,20,0,0,0,0,NA,NA,"Colombia","Colombia","unknown",0,0,NA,NA,NA,NA,NA,NA,0,NA,NA,0,NA,0,NA,0,NA,NA,NA,0,NA,NA,0,NA,0,NA,NA,0,NA,NA,NA,NA,NA,NA,NA,NA,NA,NA,NA,NA,NA,NA,NA,NA,NA,NA,NA,NA,NA,NA,NA,NA,NA,NA,NA,NA,NA,26.64,0,NA,NA,NA,NA,NA,NA,NA,NA,NA,NA,NA,NA,NA,NA,NA,NA,NA,0,NA,0,NA,0,0,0,NA,NA,NA,NA,NA,NA,NA,NA,NA,NA,0,0,"players.xlsx","COLOMBIA_A",0,"no","COL",NA,NA,NA,"Defenders Wingers",NA
"N. Ospina","Llaneros","Llaneros","LCMF",22,0,"2025-12-31",1,20,0,0.03,0,0,NA,NA,"Colombia","Colombia","izquierdo",0,0,"no",NA,NA,NA,NA,NA,0,NA,NA,0,NA,0,NA,0,NA,NA,NA,0,NA,NA,0,NA,2,NA,NA,0,NA,NA,NA,NA,NA,NA,NA,NA,NA,NA,NA,NA,NA,NA,NA,NA,NA,NA,NA,NA,NA,NA,NA,NA,NA,NA,NA,NA,NA,14.91,0,NA,NA,NA,NA,NA,NA,NA,NA,NA,NA,NA,NA,NA,NA,NA,NA,NA,0,NA,0,NA,0,0,0,NA,NA,NA,NA,NA,NA,NA,NA,NA,NA,0,0,"Search results-5.xlsx","COLOMBIA_A",NA,NA,"COL","Colombia","LNR","COL_LNR","Midfield",NA
"C. Alfonso Cabarcas Torreglosa","Boyacá Chicó","Boyacá Chicó","AMF",19,NA,NA,1,19,0,0.06,0,0,NA,NA,"Colombia","Colombia",NA,0,0,NA,NA,NA,NA,NA,NA,0,NA,NA,0,NA,0,NA,0,NA,NA,NA,0,NA,NA,0,NA,1,NA,NA,0,NA,NA,NA,NA,NA,NA,NA,NA,NA,NA,NA,NA,NA,NA,NA,NA,NA,NA,NA,NA,NA,NA,NA,NA,NA,NA,NA,NA,NA,20.71,32.11,NA,NA,NA,NA,NA,NA,NA,NA,NA,NA,NA,NA,NA,NA,NA,NA,NA,0,NA,0,NA,0,0,0,NA,NA,NA,NA,NA,NA,NA,NA,NA,NA,0,0,"players.xlsx","COLOMBIA_A",0,"no","COL","Colombia","BYC","COL_BYC","Attacking Midfield",NA
"D. Guerrero","Deportivo Pasto","Deportivo Pasto","LCMF",28,NA,NA,1,19,0,0,0,0,NA,NA,"Colombia","Colombia",NA,0,0,NA,NA,NA,NA,NA,NA,0,NA,NA,7.5,NA,1,NA,0,NA,NA,NA,0,NA,NA,0,NA,0,NA,NA,0,NA,NA,NA,NA,NA,NA,NA,NA,NA,NA,NA,NA,NA,NA,NA,NA,NA,NA,NA,NA,NA,NA,NA,NA,NA,NA,NA,NA,NA,23.58,22.2,NA,NA,NA,NA,NA,NA,NA,NA,NA,NA,NA,NA,NA,NA,NA,NA,NA,0,NA,0,NA,0,0,0,NA,NA,NA,NA,NA,NA,NA,NA,NA,NA,0,0,"players_2025-09-27.xlsx","COLOMBIA_A",0,"no","COL","Colombia","PAS","COL_PAS","Midfield",NA
"D. Estupinan","Medellín","Medellín","LWB",19,NA,NA,1,17,0,0,0,0,NA,NA,"Colombia","Colombia",NA,0,0,NA,NA,NA,NA,NA,NA,0,NA,NA,0,NA,0,NA,0,NA,NA,NA,0,NA,NA,0,NA,0,NA,NA,0,NA,NA,NA,NA,NA,NA,NA,NA,NA,NA,NA,NA,NA,NA,NA,NA,NA,NA,NA,NA,NA,NA,NA,NA,NA,NA,NA,NA,NA,18.09,0,NA,NA,NA,NA,NA,NA,NA,NA,NA,NA,NA,NA,NA,NA,NA,NA,NA,0,NA,0,NA,0,0,0,NA,NA,NA,NA,NA,NA,NA,NA,NA,NA,0,0,"players.xlsx","COLOMBIA_A",0,"no","COL","Colombia","MDL","COL_MDL","Defenders Wingers",NA
"Y. Parra","Tolima","Tolima","RW",NA,0,NA,1,17,0,0,0,0,NA,NA,NA,NA,NA,0,0,"no",NA,NA,NA,NA,NA,0,NA,NA,0,NA,0,NA,0,NA,NA,NA,0,NA,NA,0,NA,0,NA,NA,0,NA,NA,NA,NA,NA,NA,NA,NA,NA,NA,NA,NA,NA,NA,NA,NA,NA,NA,NA,NA,NA,NA,NA,NA,NA,NA,NA,NA,NA,36.42,0,NA,NA,NA,NA,NA,NA,NA,NA,NA,NA,NA,NA,NA,NA,NA,NA,NA,0,NA,0,NA,0,0,0,NA,NA,NA,NA,NA,NA,NA,NA,NA,NA,0,0,"Search results-5.xlsx","COLOMBIA_A",NA,NA,"COL","Colombia","TOL","COL_TOL","Wingers",NA
"Y. Moreno","Tolima","Tolima","RAMF",NA,0,NA,1,17,0,0.1,0,0,NA,NA,NA,NA,NA,0,0,"no",NA,NA,NA,NA,NA,0,NA,NA,0,NA,0,NA,0,NA,NA,NA,0,NA,NA,0,NA,1,NA,NA,0,NA,NA,NA,NA,NA,NA,NA,NA,NA,NA,NA,NA,NA,NA,NA,NA,NA,NA,NA,NA,NA,NA,NA,NA,NA,NA,NA,NA,NA,9.75,0,NA,NA,NA,NA,NA,NA,NA,NA,NA,NA,NA,NA,NA,NA,NA,NA,NA,0,NA,0,NA,0,0,0,NA,NA,NA,NA,NA,NA,NA,NA,NA,NA,0,0,"Search results-5.xlsx","COLOMBIA_A",NA,NA,"COL","Colombia","TOL","COL_TOL","Attacking Midfield",NA
"O. Surmay Vasquez","Unión Magdalena","Unión Magdalena","RCMF",NA,NA,NA,1,16,0,0.02,0,0,NA,NA,NA,NA,NA,0,0,NA,NA,NA,NA,NA,NA,0,NA,NA,0,NA,0,NA,0,NA,NA,NA,0,NA,NA,0,NA,1,NA,NA,0,NA,NA,NA,NA,NA,NA,NA,NA,NA,NA,NA,NA,NA,NA,NA,NA,NA,NA,NA,NA,NA,NA,NA,NA,NA,NA,NA,NA,NA,0,0,NA,NA,NA,NA,NA,NA,NA,NA,NA,NA,NA,NA,NA,NA,NA,NA,NA,0,NA,0,NA,0,0,0,NA,NA,NA,NA,NA,NA,NA,NA,NA,NA,0,0,"players.xlsx","COLOMBIA_A",0,"no","COL","Colombia","UMG","COL_UMG","Midfield",NA
"L. Monzón","Junior","Junior","AMF",23,NA,"2025-12-31",1,16,0,0,0,0,NA,NA,"Brazil","Brazil, Uruguay","izquierdo",185,78,NA,NA,NA,NA,NA,NA,0,NA,NA,7.5,NA,0,NA,0,NA,NA,NA,0,NA,NA,0,NA,0,NA,NA,0,NA,NA,NA,NA,NA,NA,NA,NA,NA,NA,NA,NA,NA,NA,NA,NA,NA,NA,NA,NA,NA,NA,NA,NA,NA,NA,NA,NA,NA,8.49,0,NA,NA,NA,NA,NA,NA,NA,NA,NA,NA,NA,NA,NA,NA,NA,NA,NA,0,NA,0,NA,0,0,0,NA,NA,NA,NA,NA,NA,NA,NA,NA,NA,0,0,"players.xlsx","COLOMBIA_A",8e+05,"si","COL","Colombia","JNR","COL_JNR","Attacking Midfield",NA
"J. Muñoz","Once Caldas","Once Caldas","GK",20,NA,NA,1,16,0,0,0,0,NA,NA,"Colombia","Colombia","unknown",0,0,NA,NA,NA,NA,NA,NA,0,NA,NA,0,NA,0,NA,0,NA,NA,NA,0,NA,NA,0,NA,0,NA,NA,0,NA,NA,NA,NA,NA,NA,NA,NA,NA,NA,NA,NA,NA,NA,NA,NA,NA,NA,NA,NA,NA,NA,NA,NA,NA,NA,NA,NA,NA,51.77,51.77,NA,NA,NA,NA,NA,NA,NA,NA,NA,NA,NA,NA,NA,NA,NA,NA,NA,2,NA,3,NA,0,33.33,1.48,NA,-0.52,NA,NA,NA,NA,NA,NA,NA,NA,0,0,"players_2025-09-27.xlsx","COLOMBIA_A",0,"no","COL","Colombia","ONC","COL_ONC","Goalkeepers",NA
"C. Charris","Patriotas Boyacá","Patriotas Boyacá","RAMF",24,NA,NA,2,16,0,0,0,0,NA,NA,"Colombia","Colombia","derecho",0,0,NA,NA,NA,NA,NA,NA,0,NA,NA,7.5,NA,0,NA,0,NA,NA,NA,0,NA,NA,0,NA,0,NA,NA,0,NA,NA,NA,NA,NA,NA,NA,NA,NA,NA,NA,NA,NA,NA,NA,NA,NA,NA,NA,NA,NA,NA,NA,NA,NA,NA,NA,NA,NA,18.43,13.15,NA,NA,NA,NA,NA,NA,NA,NA,NA,NA,NA,NA,NA,NA,NA,NA,NA,0,NA,0,NA,0,0,0,NA,NA,NA,NA,NA,NA,NA,NA,NA,NA,0,0,"players_2025-09-27.xlsx","COLOMBIA_A",2e+05,"no","COL","Colombia","PAT","COL_PAT","Attacking Midfield",NA
"J. Arce","Patriotas Boyacá","Patriotas Boyacá","RCB",28,NA,NA,1,16,0,0,0,0,NA,NA,"Colombia","Colombia","derecho",190,0,NA,NA,NA,NA,NA,NA,0,NA,NA,30,NA,0,NA,0,NA,NA,NA,0,NA,NA,0,NA,0,NA,NA,0,NA,NA,NA,NA,NA,NA,NA,NA,NA,NA,NA,NA,NA,NA,NA,NA,NA,NA,NA,NA,NA,NA,NA,NA,NA,NA,NA,NA,NA,15.31,4.25,NA,NA,NA,NA,NA,NA,NA,NA,NA,NA,NA,NA,NA,NA,NA,NA,NA,0,NA,0,NA,0,0,0,NA,NA,NA,NA,NA,NA,NA,NA,NA,NA,0,0,"players_2025-09-27.xlsx","COLOMBIA_A",0,"no","COL","Colombia","PAT","COL_PAT","Defenders",NA
"J. Zea Lucumí","Santa Fe","Santa Fe","LWF",19,NA,NA,1,14,0,0,0,0,NA,NA,"Colombia","Colombia",NA,0,0,NA,NA,NA,NA,NA,NA,0,NA,NA,0,NA,0,NA,0,NA,NA,NA,0,NA,NA,0,NA,0,NA,NA,0,NA,NA,NA,NA,NA,NA,NA,NA,NA,NA,NA,NA,NA,NA,NA,NA,NA,NA,NA,NA,NA,NA,NA,NA,NA,NA,NA,NA,NA,0,0,NA,NA,NA,NA,NA,NA,NA,NA,NA,NA,NA,NA,NA,NA,NA,NA,NA,0,NA,0,NA,0,0,0,NA,NA,NA,NA,NA,NA,NA,NA,NA,NA,0,0,"players.xlsx","COLOMBIA_A",0,"no","COL","Colombia","STF","COL_STF","Wingers",NA
"J. Arango","Deportivo Cali U20","Deportivo Cali","LW",18,NA,NA,1,14,0,0,0,0.01,NA,NA,"Colombia","Colombia","unknown",0,0,NA,NA,NA,NA,NA,NA,4.29,NA,NA,4.29,NA,0,NA,0,NA,NA,NA,0,NA,NA,0,NA,0,NA,NA,0,NA,NA,NA,NA,NA,NA,NA,NA,NA,NA,NA,NA,NA,NA,NA,NA,NA,NA,NA,NA,NA,NA,NA,NA,NA,NA,NA,NA,NA,9.11,0,NA,NA,NA,NA,NA,NA,NA,NA,NA,NA,NA,NA,NA,NA,NA,NA,NA,0,NA,0,NA,0,0,0,NA,NA,NA,NA,NA,NA,NA,NA,NA,NA,0,0,"players.xlsx","COLOMBIA_A",0,"no","COL",NA,NA,NA,"Wingers",NA
"S. Quiñones Betancourt","América de Cali","América de Cali","RWB",NA,NA,NA,1,13,0,0,0,0,NA,NA,NA,NA,NA,0,0,NA,NA,NA,NA,NA,NA,0,NA,NA,30,NA,0,NA,0,NA,NA,NA,0,NA,NA,0,NA,0,NA,NA,0,NA,NA,NA,NA,NA,NA,NA,NA,NA,NA,NA,NA,NA,NA,NA,NA,NA,NA,NA,NA,NA,NA,NA,NA,NA,NA,NA,NA,NA,17.71,0,NA,NA,NA,NA,NA,NA,NA,NA,NA,NA,NA,NA,NA,NA,NA,NA,NA,0,NA,0,NA,0,0,0,NA,NA,NA,NA,NA,NA,NA,NA,NA,NA,0,0,"players.xlsx","COLOMBIA_A",0,"no","COL","Colombia","AME","COL_AME","Defenders Wingers",NA
"J. Sanchez","América de Cali","América de Cali","RAMF",21,NA,NA,1,13,0,0,0,0,NA,NA,"Colombia","Colombia","unknown",0,0,NA,NA,NA,NA,NA,NA,30,NA,NA,0,NA,1,NA,0,NA,NA,NA,0,NA,NA,0,NA,0,NA,NA,0,NA,NA,NA,NA,NA,NA,NA,NA,NA,NA,NA,NA,NA,NA,NA,NA,NA,NA,NA,NA,NA,NA,NA,NA,NA,NA,NA,NA,NA,21.83,0,NA,NA,NA,NA,NA,NA,NA,NA,NA,NA,NA,NA,NA,NA,NA,NA,NA,0,NA,0,NA,0,0,0,NA,NA,NA,NA,NA,NA,NA,NA,NA,NA,0,0,"players_2025-09-27.xlsx","COLOMBIA_A",0,"no","COL","Colombia","AME","COL_AME","Attacking Midfield",NA
"S. Ditta","Fortaleza U20","Fortaleza","RAMF",19,NA,NA,1,12,0,0,0,0,NA,NA,"Colombia","Colombia","unknown",160,59,NA,NA,NA,NA,NA,NA,0,NA,NA,0,NA,0,NA,0,NA,NA,NA,0,NA,NA,0,NA,0,NA,NA,0,NA,NA,NA,NA,NA,NA,NA,NA,NA,NA,NA,NA,NA,NA,NA,NA,NA,NA,NA,NA,NA,NA,NA,NA,NA,NA,NA,NA,NA,23,37.67,NA,NA,NA,NA,NA,NA,NA,NA,NA,NA,NA,NA,NA,NA,NA,NA,NA,0,NA,0,NA,0,0,0,NA,NA,NA,NA,NA,NA,NA,NA,NA,NA,0,0,"players.xlsx","COLOMBIA_A",0,"no","COL",NA,NA,NA,"Attacking Midfield",NA
"B. Correa","Patriotas Boyacá","Patriotas Boyacá","RCMF",32,NA,NA,2,10,0,0,0,0,NA,NA,"Colombia","Colombia","izquierdo",170,65,NA,NA,NA,NA,NA,NA,0,NA,NA,30,NA,0,NA,0,NA,NA,NA,0,NA,NA,0,NA,0,NA,NA,0,NA,NA,NA,NA,NA,NA,NA,NA,NA,NA,NA,NA,NA,NA,NA,NA,NA,NA,NA,NA,NA,NA,NA,NA,NA,NA,NA,NA,NA,0,0,NA,NA,NA,NA,NA,NA,NA,NA,NA,NA,NA,NA,NA,NA,NA,NA,NA,0,NA,0,NA,0,0,0,NA,NA,NA,NA,NA,NA,NA,NA,NA,NA,0,0,"players_2025-09-27.xlsx","COLOMBIA_A",2e+05,"no","COL","Colombia","PAT","COL_PAT","Midfield",NA
"D. Munoz","Envigado U18","Envigado","RDMF",17,NA,NA,1,9,0,0,0,0,NA,NA,"Colombia","Colombia","unknown",0,0,NA,NA,NA,NA,NA,NA,0,NA,NA,0,NA,0,NA,0,NA,NA,NA,0,NA,NA,0,NA,0,NA,NA,0,NA,NA,NA,NA,NA,NA,NA,NA,NA,NA,NA,NA,NA,NA,NA,NA,NA,NA,NA,NA,NA,NA,NA,NA,NA,NA,NA,NA,NA,14.29,0,NA,NA,NA,NA,NA,NA,NA,NA,NA,NA,NA,NA,NA,NA,NA,NA,NA,0,NA,0,NA,0,0,0,NA,NA,NA,NA,NA,NA,NA,NA,NA,NA,0,0,"players.xlsx","COLOMBIA_A",0,"no","COL",NA,NA,NA,"Defensive Midfield",NA
"J. Valencia","Alianza","Alianza","CF",22,NA,NA,1,9,0,0,0,0,NA,NA,"Colombia","Colombia","unknown",185,0,NA,NA,NA,NA,NA,NA,0,NA,NA,0,NA,0,NA,0,NA,NA,NA,0,NA,NA,0,NA,0,NA,NA,0,NA,NA,NA,NA,NA,NA,NA,NA,NA,NA,NA,NA,NA,NA,NA,NA,NA,NA,NA,NA,NA,NA,NA,NA,NA,NA,NA,NA,NA,19.31,0,NA,NA,NA,NA,NA,NA,NA,NA,NA,NA,NA,NA,NA,NA,NA,NA,NA,0,NA,0,NA,0,0,0,NA,NA,NA,NA,NA,NA,NA,NA,NA,NA,0,0,"players_2025-09-27.xlsx","COLOMBIA_A",0,"no","COL","Colombia","ALV","COL_ALV","Forwards",NA
"Jhojan Amaya","Tauro","Tauro","CF",19,NA,NA,1,9,0,0.02,0,0,NA,NA,"Colombia","Colombia","unknown",0,0,NA,NA,NA,NA,NA,NA,0,NA,NA,0,NA,0,NA,0,NA,NA,NA,0,NA,NA,0,NA,1,NA,NA,0,NA,NA,NA,NA,NA,NA,NA,NA,NA,NA,NA,NA,NA,NA,NA,NA,NA,NA,NA,NA,NA,NA,NA,NA,NA,NA,NA,NA,NA,16.43,0,NA,NA,NA,NA,NA,NA,NA,NA,NA,NA,NA,NA,NA,NA,NA,NA,NA,0,NA,0,NA,0,0,0,NA,NA,NA,NA,NA,NA,NA,NA,NA,NA,0,0,"players_2025-09-27.xlsx","COLOMBIA_A",0,"si","COL",NA,NA,NA,"Forwards",NA
"F. Ochoa","Envigado U18","Envigado","RCMF",17,NA,NA,1,8,0,0,0,0,NA,NA,"Colombia","Colombia","unknown",0,0,NA,NA,NA,NA,NA,NA,0,NA,NA,0,NA,0,NA,0,NA,NA,NA,0,NA,NA,0,NA,0,NA,NA,0,NA,NA,NA,NA,NA,NA,NA,NA,NA,NA,NA,NA,NA,NA,NA,NA,NA,NA,NA,NA,NA,NA,NA,NA,NA,NA,NA,NA,NA,0,0,NA,NA,NA,NA,NA,NA,NA,NA,NA,NA,NA,NA,NA,NA,NA,NA,NA,0,NA,0,NA,0,0,0,NA,NA,NA,NA,NA,NA,NA,NA,NA,NA,0,0,"players.xlsx","COLOMBIA_A",0,"no","COL",NA,NA,NA,"Midfield",NA
"J. Orozco","Deportivo Cali U17","Deportivo Cali U17","CF",20,0,NA,1,8,0,0,0,0,NA,NA,"Colombia","Colombia","unknown",0,0,"no",NA,NA,NA,NA,NA,0,NA,NA,0,NA,0,NA,0,NA,NA,NA,0,NA,NA,0,NA,0,NA,NA,0,NA,NA,NA,NA,NA,NA,NA,NA,NA,NA,NA,NA,NA,NA,NA,NA,NA,NA,NA,NA,NA,NA,NA,NA,NA,NA,NA,NA,NA,19.38,49.58,NA,NA,NA,NA,NA,NA,NA,NA,NA,NA,NA,NA,NA,NA,NA,NA,NA,0,NA,0,NA,0,0,0,NA,NA,NA,NA,NA,NA,NA,NA,NA,NA,0,0,"Search results-5.xlsx","COLOMBIA_A",NA,NA,"COL",NA,NA,NA,"Forwards",NA
"J. Valoyes","Alianza","Alianza","AMF",16,0,NA,2,6,1,0.38,0,0,NA,NA,"Colombia","Colombia","unknown",0,0,"no",NA,NA,NA,NA,NA,0,NA,NA,0,NA,0,NA,0,NA,NA,NA,1,NA,NA,0,NA,2,NA,NA,50,NA,NA,NA,NA,NA,NA,NA,NA,NA,NA,NA,NA,NA,NA,NA,NA,NA,NA,NA,NA,NA,NA,NA,NA,NA,NA,NA,NA,NA,9.83,15.37,NA,NA,NA,NA,NA,NA,NA,NA,NA,NA,NA,NA,NA,NA,NA,NA,NA,0,NA,0,NA,0,0,0,NA,NA,NA,NA,NA,NA,NA,NA,NA,NA,0,0,"Search results-5.xlsx","COLOMBIA_A",NA,NA,"COL","Colombia","ALV","COL_ALV","Attacking Midfield",NA
"D. Hernández Pereira","América de Cali","América de Cali","CF",16,NA,NA,1,4,0,0,0,0,NA,NA,"Colombia","Colombia",NA,0,0,NA,NA,NA,NA,NA,NA,0,NA,NA,0,NA,0,NA,0,NA,NA,NA,0,NA,NA,0,NA,0,NA,NA,0,NA,NA,NA,NA,NA,NA,NA,NA,NA,NA,NA,NA,NA,NA,NA,NA,NA,NA,NA,NA,NA,NA,NA,NA,NA,NA,NA,NA,NA,12.89,0,NA,NA,NA,NA,NA,NA,NA,NA,NA,NA,NA,NA,NA,NA,NA,NA,NA,0,NA,0,NA,0,0,0,NA,NA,NA,NA,NA,NA,NA,NA,NA,NA,0,0,"players.xlsx","COLOMBIA_A",0,"no","COL","Colombia","AME","COL_AME","Forwards",NA
"J. Arenas","Santa Fe","Santa Fe","RCMF",19,NA,NA,1,4,0,0,0,0,NA,NA,"Colombia","Colombia","unknown",0,0,NA,NA,NA,NA,NA,NA,0,NA,NA,0,NA,0,NA,0,NA,NA,NA,0,NA,NA,0,NA,0,NA,NA,0,NA,NA,NA,NA,NA,NA,NA,NA,NA,NA,NA,NA,NA,NA,NA,NA,NA,NA,NA,NA,NA,NA,NA,NA,NA,NA,NA,NA,NA,20.27,0,NA,NA,NA,NA,NA,NA,NA,NA,NA,NA,NA,NA,NA,NA,NA,NA,NA,0,NA,0,NA,0,0,0,NA,NA,NA,NA,NA,NA,NA,NA,NA,NA,0,0,"players.xlsx","COLOMBIA_A",0,"no","COL","Colombia","STF","COL_STF","Midfield",NA
